transaction_id,step,type,amount,nameOrig,oldbalanceOrg,newbalanceOrig,nameDest,oldbalanceDest,newbalanceDest,isFraud,timestamp,fraud_pattern
TXN-00000000,204,CASH_OUT,1899.01,C1000030,179558.48,177659.48,M3649064,0,0,0,2026-01-08T12:36:44.686216,
TXN-00000001,204,PAYMENT,26847.61,C1000056,123454.75,96607.14,M1019328,0,0,0,2026-01-08T12:36:44.686374,
TXN-00000002,204,PAYMENT,10.0,C1000078,172112.86,172102.86,M5844232,0,0,0,2026-01-08T12:36:44.686463,
TXN-00000003,204,PAYMENT,1550.98,C1000021,21815.17,20264.18,M5406765,0,0,0,2026-01-08T12:36:44.686544,
TXN-00000004,204,PAYMENT,4227.2,C1000082,365106.21,360879.01,M8487467,0,0,0,2026-01-08T12:36:44.686609,
TXN-00000005,204,CASH_OUT,3543.16,C1000043,192725.26,189182.11,M7010261,0,0,0,2026-01-08T12:36:44.686670,
TXN-00000006,204,PAYMENT,26100.22,C1000056,96607.14,70506.92,M3378213,0,0,0,2026-01-08T12:36:44.686728,
TXN-00000007,204,TRANSFER,318.67,C1000066,32701.75,32383.07,M2246102,0,0,0,2026-01-08T12:36:44.686786,
TXN-00000008,204,TRANSFER,878.0,C1000061,281565.13,280687.14,M3186862,0,0,0,2026-01-08T12:36:44.686843,
TXN-00000009,204,PAYMENT,227.0,C1000016,259158.45,258931.45,M7644107,0,0,0,2026-01-08T12:36:44.686900,
TXN-00000010,204,PAYMENT,8656.97,C1000039,255609.59,246952.62,M1470165,0,0,0,2026-01-08T12:36:44.686958,
TXN-00000011,204,TRANSFER,6725.66,C1000088,282498.96,275773.3,M6844430,0,0,0,2026-01-08T12:36:44.687016,
TXN-00000012,204,PAYMENT,1909.95,C1000086,279781.64,277871.69,M5306730,0,0,0,2026-01-08T12:36:44.687075,
TXN-00000013,204,CASH_OUT,4244.13,C1000065,21904.74,17660.61,M7430516,0,0,0,2026-01-08T12:36:44.687131,
TXN-00000014,204,CASH_OUT,3052.5,C1000044,175807.26,172754.76,M4319092,0,0,0,2026-01-08T12:36:44.687190,
TXN-00000015,204,PAYMENT,3615.65,C1000062,125767.63,122151.97,M9511868,0,0,0,2026-01-08T12:36:44.687244,
TXN-00000016,204,PAYMENT,4149.49,C1000065,17660.61,13511.11,M3051457,0,0,0,2026-01-08T12:36:44.687304,
TXN-00000017,204,CASH_OUT,11558.03,C1000015,453981.75,442423.73,M7341778,0,0,0,2026-01-08T12:36:44.687360,
TXN-00000018,204,CASH_OUT,2834.4,C1000044,172754.76,169920.36,M7134467,0,0,0,2026-01-08T12:36:44.687415,
TXN-00000019,204,CASH_OUT,10957.16,C1000013,320590.44,309633.27,M9852497,0,0,0,2026-01-08T12:36:44.687472,
TXN-00000020,204,TRANSFER,10.0,C1000066,32383.07,32373.07,M2312642,0,0,0,2026-01-08T12:36:44.687526,
TXN-00000021,204,PAYMENT,2327.43,C1000026,317974.52,315647.09,M4399974,0,0,0,2026-01-08T12:36:44.687582,
TXN-00000022,204,CASH_OUT,2040.43,C1000020,470783.38,468742.95,M5303155,0,0,0,2026-01-08T12:36:44.687642,
TXN-00000023,204,TRANSFER,2899.73,C1000089,284317.89,281418.16,M8192255,0,0,0,2026-01-08T12:36:44.687698,
TXN-00000024,204,PAYMENT,34333.79,C1000073,114792.73,80458.94,M9687910,0,0,0,2026-01-08T12:36:44.687753,
TXN-00000025,204,PAYMENT,10.0,C1000066,32373.07,32363.07,M8235730,0,0,0,2026-01-08T12:36:44.687809,
TXN-00000026,204,PAYMENT,10.0,C1000014,396387.62,396377.62,M8446437,0,0,0,2026-01-08T12:36:44.687868,
TXN-00000027,204,PAYMENT,732.78,C1000008,303986.5,303253.72,M7720184,0,0,0,2026-01-08T12:36:44.687925,
TXN-00000028,204,CASH_IN,1076.17,C1000083,272132.06,273208.23,M9848151,0,0,0,2026-01-08T12:36:44.687978,
TXN-00000029,204,CASH_OUT,10.0,C1000040,152939.22,152929.22,M4882971,0,0,0,2026-01-08T12:36:44.688034,
TXN-00000030,204,TRANSFER,15932.28,C1000095,429425.43,413493.16,M6115461,0,0,0,2026-01-08T12:36:44.688088,
TXN-00000031,204,CASH_OUT,103.71,C1000009,144237.94,144134.23,M2059658,0,0,0,2026-01-08T12:36:44.688141,
TXN-00000032,204,DEBIT,1996.85,C1000030,177659.48,175662.62,M1869118,0,0,0,2026-01-08T12:36:44.688200,
TXN-00000033,204,DEBIT,24340.21,C1000037,139416.63,115076.42,M7554302,0,0,0,2026-01-08T12:36:44.688256,
TXN-00000034,204,DEBIT,90.85,C1000009,144134.23,144043.38,M7957492,0,0,0,2026-01-08T12:36:44.688309,
TXN-00000035,204,PAYMENT,10.0,C1000078,172102.86,172092.86,M6020464,0,0,0,2026-01-08T12:36:44.688362,
TXN-00000036,204,PAYMENT,10137.15,C1000092,420634.47,410497.32,M9850603,0,0,0,2026-01-08T12:36:44.688417,
TXN-00000037,204,CASH_OUT,33531.22,C1000067,272949.73,239418.51,M5424329,0,0,0,2026-01-08T12:36:44.688475,
TXN-00000038,204,DEBIT,7531.69,C1000011,12975.44,5443.75,M2183795,0,0,0,2026-01-08T12:36:44.688531,
TXN-00000039,204,CASH_OUT,6817.84,C1000091,39671.12,32853.28,M9778082,0,0,0,2026-01-08T12:36:44.688588,
TXN-00000040,204,PAYMENT,10.0,C1000023,117714.21,117704.21,M6435995,0,0,0,2026-01-08T12:36:44.688648,
TXN-00000041,204,CASH_OUT,74894.91,C1000064,95703.19,20808.28,M3217282,0,0,0,2026-01-08T12:36:44.688704,
TXN-00000042,204,PAYMENT,53701.42,C1000053,37919.94,0.0,M9758375,0,0,0,2026-01-08T12:36:44.688762,
TXN-00000043,204,TRANSFER,10.0,C1000023,117704.21,117694.21,M7009876,0,0,0,2026-01-08T12:36:44.688815,
TXN-00000044,204,CASH_OUT,10.0,C1000064,20808.28,20798.28,M1578736,0,0,0,2026-01-08T12:36:44.688870,
TXN-00000045,204,TRANSFER,404.18,C1000068,197704.32,197300.14,M8955225,0,0,0,2026-01-08T12:36:44.688925,
TXN-00000046,204,TRANSFER,6712.45,C1000088,275773.3,269060.85,M8170720,0,0,0,2026-01-08T12:36:44.688981,
TXN-00000047,204,TRANSFER,2392.33,C1000089,281418.16,279025.83,M4176089,0,0,0,2026-01-08T12:36:44.689040,
TXN-00000048,204,TRANSFER,2691.29,C1000028,136354.36,133663.07,M9930644,0,0,0,2026-01-08T12:36:44.689100,
TXN-00000049,204,CASH_OUT,407.03,C1000055,247505.3,247098.26,M6008609,0,0,0,2026-01-08T12:36:44.689157,
TXN-00000050,204,PAYMENT,2471.66,C1000051,498484.54,496012.88,M5724400,0,0,0,2026-01-08T12:36:44.689210,
TXN-00000051,204,TRANSFER,1551.58,C1000081,140662.23,139110.65,M7432147,0,0,0,2026-01-08T12:36:44.689267,
TXN-00000052,204,CASH_OUT,5839.69,C1000057,50155.62,44315.93,M6106678,0,0,0,2026-01-08T12:36:44.689326,
TXN-00000053,204,CASH_OUT,10.0,C1000098,337984.08,337974.08,M2486603,0,0,0,2026-01-08T12:36:44.689381,
TXN-00000054,204,DEBIT,1977.36,C1000068,197300.14,195322.77,M3858411,0,0,0,2026-01-08T12:36:44.689437,
TXN-00000055,204,PAYMENT,3648.01,C1000087,468725.08,465077.07,M8566644,0,0,0,2026-01-08T12:36:44.689498,
TXN-00000056,204,PAYMENT,22571.51,C1000035,150289.15,127717.64,M9618954,0,0,0,2026-01-08T12:36:44.689553,
TXN-00000057,204,CASH_OUT,11471.84,C1000015,442423.73,430951.88,M5037976,0,0,0,2026-01-08T12:36:44.689611,
TXN-00000058,204,CASH_OUT,6548.77,C1000088,269060.85,262512.08,M1994535,0,0,0,2026-01-08T12:36:44.689665,
TXN-00000059,204,PAYMENT,1233.81,C1000085,57008.47,55774.66,M9425378,0,0,0,2026-01-08T12:36:44.689717,
TXN-00000060,204,TRANSFER,6081.43,C1000049,284215.79,278134.36,M2244896,0,0,0,2026-01-08T12:36:44.689771,
TXN-00000061,204,TRANSFER,15419.09,C1000074,430226.57,414807.48,M6149193,0,0,0,2026-01-08T12:36:44.689823,
TXN-00000062,204,CASH_OUT,6387.4,C1000059,448757.9,442370.5,M7574404,0,0,0,2026-01-08T12:36:44.689879,
TXN-00000063,204,DEBIT,5973.93,C1000040,152929.22,146955.29,M7517358,0,0,0,2026-01-08T12:36:44.689932,
TXN-00000064,204,PAYMENT,789.17,C1000021,20264.18,19475.01,M4127375,0,0,0,2026-01-08T12:36:44.689985,
TXN-00000065,204,PAYMENT,1835.69,C1000048,259081.67,257245.97,M4227499,0,0,0,2026-01-08T12:36:44.690043,
TXN-00000066,204,CASH_OUT,10.0,C1000081,139110.65,139100.65,M3776870,0,0,0,2026-01-08T12:36:44.690096,
TXN-00000067,204,PAYMENT,4487.67,C1000027,80184.83,75697.16,M9246396,0,0,0,2026-01-08T12:36:44.690152,
TXN-00000068,204,PAYMENT,4421.8,C1000027,75697.16,71275.36,M4318301,0,0,0,2026-01-08T12:36:44.690209,
TXN-00000069,204,TRANSFER,6963.83,C1000059,442370.5,435406.67,M2321457,0,0,0,2026-01-08T12:36:44.690264,
TXN-00000070,204,CASH_OUT,34945.1,C1000012,184597.21,149652.11,M5131995,0,0,0,2026-01-08T12:36:44.690317,
TXN-00000071,204,PAYMENT,45656.66,C1000053,0.0,0.0,M9401912,0,0,0,2026-01-08T12:36:44.690371,
TXN-00000072,204,PAYMENT,4645.86,C1000032,249047.9,244402.04,M6899550,0,0,0,2026-01-08T12:36:44.690428,
TXN-00000073,204,TRANSFER,5644.03,C1000025,292081.11,286437.08,M8506938,0,0,0,2026-01-08T12:36:44.690483,
TXN-00000074,204,CASH_OUT,1912.05,C1000070,12123.6,10211.55,M8108093,0,0,0,2026-01-08T12:36:44.690538,
TXN-00000075,204,TRANSFER,3735.53,C1000081,139100.65,135365.12,M5305679,0,0,0,2026-01-08T12:36:44.690592,
TXN-00000076,204,PAYMENT,30701.59,C1000042,384205.72,353504.13,M2126497,0,0,0,2026-01-08T12:36:44.690647,
TXN-00000077,204,TRANSFER,1382.77,C1000030,175662.62,174279.85,M6747327,0,0,0,2026-01-08T12:36:44.690705,
TXN-00000078,204,PAYMENT,10.0,C1000042,353504.13,353494.13,M8180562,0,0,0,2026-01-08T12:36:44.690760,
TXN-00000079,204,TRANSFER,8213.65,C1000013,309633.27,301419.62,M3920225,0,0,0,2026-01-08T12:36:44.690817,
TXN-00000080,204,CASH_IN,2254.91,C1000043,189182.11,191437.02,M4211042,0,0,0,2026-01-08T12:36:44.690873,
TXN-00000081,204,PAYMENT,49359.89,C1000053,0.0,0.0,M8818023,0,0,0,2026-01-08T12:36:44.690927,
TXN-00000082,204,CASH_OUT,10297.25,C1000092,410497.32,400200.07,M1854306,0,0,0,2026-01-08T12:36:44.690983,
TXN-00000083,204,PAYMENT,27032.97,C1000056,70506.92,43473.95,M4861127,0,0,0,2026-01-08T12:36:44.691040,
TXN-00000084,204,TRANSFER,55202.23,C1000000,31024.21,0.0,M4713356,0,0,0,2026-01-08T12:36:44.691096,
TXN-00000085,204,PAYMENT,3216.12,C1000087,465077.07,461860.95,M6007421,0,0,0,2026-01-08T12:36:44.691153,
TXN-00000086,204,PAYMENT,7528.89,C1000013,301419.62,293890.73,M3660988,0,0,0,2026-01-08T12:36:44.691210,
TXN-00000087,204,CASH_OUT,19538.25,C1000035,127717.64,108179.39,M7166880,0,0,0,2026-01-08T12:36:44.691264,
TXN-00000088,204,PAYMENT,4382.8,C1000049,278134.36,273751.56,M6388454,0,0,0,2026-01-08T12:36:44.691316,
TXN-00000089,204,TRANSFER,1482.62,C1000091,32853.28,31370.66,M3746934,0,0,0,2026-01-08T12:36:44.691368,
TXN-00000090,204,CASH_OUT,2712.48,C1000020,468742.95,466030.47,M7385158,0,0,0,2026-01-08T12:36:44.691420,
TXN-00000091,204,PAYMENT,1871.9,C1000018,257259.43,255387.53,M5783476,0,0,0,2026-01-08T12:36:44.691481,
TXN-00000092,204,TRANSFER,3726.76,C1000062,122151.97,118425.21,M1377161,0,0,0,2026-01-08T12:36:44.691541,
TXN-00000093,204,DEBIT,1685.5,C1000090,355079.39,353393.89,M7734107,0,0,0,2026-01-08T12:36:44.691597,
TXN-00000094,204,PAYMENT,4322.54,C1000082,360879.01,356556.47,M6851170,0,0,0,2026-01-08T12:36:44.691652,
TXN-00000095,204,PAYMENT,1166.27,C1000086,277871.69,276705.42,M7939018,0,0,0,2026-01-08T12:36:44.691707,
TXN-00000096,204,DEBIT,21303.67,C1000024,14534.24,0.0,M7667357,0,0,0,2026-01-08T12:36:44.691763,
TXN-00000097,204,DEBIT,7021.09,C1000013,293890.73,286869.65,M8117287,0,0,0,2026-01-08T12:36:44.691818,
TXN-00000098,204,PAYMENT,6791.52,C1000088,262512.08,255720.56,M3655856,0,0,0,2026-01-08T12:36:44.691872,
TXN-00000099,204,PAYMENT,3586.88,C1000087,461860.95,458274.06,M3492647,0,0,0,2026-01-08T12:36:44.692348,
TXN-00000100,204,PAYMENT,13550.53,C1000063,426194.87,412644.34,M2395698,0,0,0,2026-01-08T12:36:44.692544,
TXN-00000101,204,PAYMENT,1050.31,C1000070,10211.55,9161.24,M9417380,0,0,0,2026-01-08T12:36:44.692662,
TXN-00000102,204,CASH_IN,1619.06,C1000077,147099.11,148718.16,M4729405,0,0,0,2026-01-08T12:36:44.692811,
TXN-00000103,204,PAYMENT,24603.49,C1000037,115076.42,90472.93,M9119639,0,0,0,2026-01-08T12:36:44.692930,
TXN-00000104,204,CASH_OUT,7633.19,C1000011,5443.75,0.0,M4845776,0,0,0,2026-01-08T12:36:44.693025,
TXN-00000105,204,TRANSFER,10396.12,C1000092,400200.07,389803.95,M7854793,0,0,0,2026-01-08T12:36:44.693185,
TXN-00000106,204,PAYMENT,3890.0,C1000006,450544.18,446654.18,M2349269,0,0,0,2026-01-08T12:36:44.693303,
TXN-00000107,204,TRANSFER,13799.55,C1000063,412644.34,398844.79,M1027836,0,0,0,2026-01-08T12:36:44.693914,
TXN-00000108,204,TRANSFER,1760.51,C1000090,353393.89,351633.38,M1244047,0,0,0,2026-01-08T12:36:44.694093,
TXN-00000109,204,CASH_OUT,1118.6,C1000001,138878.38,137759.79,M8268905,0,0,0,2026-01-08T12:36:44.694192,
TXN-00000110,204,CASH_OUT,5084.55,C1000080,248917.94,243833.39,M5748481,0,0,0,2026-01-08T12:36:44.694276,
TXN-00000111,204,TRANSFER,7610.29,C1000099,444383.22,436772.93,M4606290,0,0,0,2026-01-08T12:36:44.694355,
TXN-00000112,204,PAYMENT,2398.35,C1000020,466030.47,463632.12,M3923932,0,0,0,2026-01-08T12:36:44.694439,
TXN-00000113,204,CASH_OUT,7890.11,C1000099,436772.93,428882.82,M4524066,0,0,0,2026-01-08T12:36:44.694530,
TXN-00000114,204,TRANSFER,1698.27,C1000069,234722.75,233024.48,M3292633,0,0,0,2026-01-08T12:36:44.694608,
TXN-00000115,204,CASH_IN,4805.55,C1000065,13511.11,18316.67,M1921369,0,0,0,2026-01-08T12:36:44.694681,
TXN-00000116,204,TRANSFER,1771.6,C1000086,276705.42,274933.81,M6595447,0,0,0,2026-01-08T12:36:44.694756,
TXN-00000117,204,PAYMENT,4188.12,C1000051,496012.88,491824.75,M5755346,0,0,0,2026-01-08T12:36:44.694827,
TXN-00000118,204,PAYMENT,5855.84,C1000091,31370.66,25514.82,M4200740,0,0,0,2026-01-08T12:36:44.694895,
TXN-00000119,204,CASH_OUT,7215.65,C1000011,0.0,0.0,M9772465,0,0,0,2026-01-08T12:36:44.694956,
TXN-00000120,204,PAYMENT,10.0,C1000038,11818.76,11808.76,M1911129,0,0,0,2026-01-08T12:36:44.695023,
TXN-00000121,204,CASH_IN,55133.67,C1000000,0.0,55133.67,M8258612,0,0,0,2026-01-08T12:36:44.695086,
TXN-00000122,204,DEBIT,847.76,C1000081,135365.12,134517.36,M5335251,0,0,0,2026-01-08T12:36:44.695155,
TXN-00000123,204,PAYMENT,983.56,C1000068,195322.77,194339.21,M1880734,0,0,0,2026-01-08T12:36:44.695217,
TXN-00000124,204,TRANSFER,55.36,C1000034,111860.57,111805.21,M4940081,0,0,0,2026-01-08T12:36:44.695281,
TXN-00000125,204,DEBIT,593.19,C1000077,148718.16,148124.98,M6489624,0,0,0,2026-01-08T12:36:44.695346,
TXN-00000126,204,TRANSFER,1043.0,C1000081,134517.36,133474.35,M8201541,0,0,0,2026-01-08T12:36:44.695406,
TXN-00000127,204,TRANSFER,3160.5,C1000043,191437.02,188276.52,M5185777,0,0,0,2026-01-08T12:36:44.695468,
TXN-00000128,204,DEBIT,1698.97,C1000007,114668.44,112969.48,M9941013,0,0,0,2026-01-08T12:36:44.695528,
TXN-00000129,204,CASH_OUT,1100.53,C1000041,356536.89,355436.36,M1313453,0,0,0,2026-01-08T12:36:44.695599,
TXN-00000130,204,PAYMENT,2907.84,C1000045,167058.79,164150.95,M6656067,0,0,0,2026-01-08T12:36:44.695662,
TXN-00000131,204,PAYMENT,3037.62,C1000029,31240.68,28203.06,M5825618,0,0,0,2026-01-08T12:36:44.695722,
TXN-00000132,204,TRANSFER,3725.12,C1000062,118425.21,114700.09,M5488424,0,0,0,2026-01-08T12:36:44.695785,
TXN-00000133,204,CASH_OUT,10.0,C1000064,20798.28,20788.28,M1079560,0,0,0,2026-01-08T12:36:44.695845,
TXN-00000134,204,PAYMENT,3815.23,C1000078,172092.86,168277.63,M7463460,0,0,0,2026-01-08T12:36:44.695907,
TXN-00000135,204,CASH_OUT,21105.79,C1000035,108179.39,87073.6,M9967845,0,0,0,2026-01-08T12:36:44.695968,
TXN-00000136,204,CASH_IN,10.0,C1000097,215220.53,215230.53,M7287325,0,0,0,2026-01-08T12:36:44.696029,
TXN-00000137,204,TRANSFER,31076.91,C1000067,239418.51,208341.59,M9312152,0,0,0,2026-01-08T12:36:44.696090,
TXN-00000138,204,CASH_OUT,3820.93,C1000027,71275.36,67454.44,M4522020,0,0,0,2026-01-08T12:36:44.696151,
TXN-00000139,204,CASH_OUT,10.0,C1000060,69113.4,69103.4,M5112658,0,0,0,2026-01-08T12:36:44.696210,
TXN-00000140,204,DEBIT,7678.84,C1000099,428882.82,421203.97,M8635621,0,0,0,2026-01-08T12:36:44.696269,
TXN-00000141,204,PAYMENT,3129.23,C1000028,133663.07,130533.84,M9301670,0,0,0,2026-01-08T12:36:44.696334,
TXN-00000142,204,CASH_OUT,24781.43,C1000037,90472.93,65691.5,M9587239,0,0,0,2026-01-08T12:36:44.696401,
TXN-00000143,204,PAYMENT,28644.57,C1000095,413493.16,384848.58,M5787478,0,0,0,2026-01-08T12:36:44.696462,
TXN-00000144,204,TRANSFER,5539.34,C1000003,258050.69,252511.35,M3587780,0,0,0,2026-01-08T12:36:44.696524,
TXN-00000145,204,TRANSFER,1732.61,C1000001,137759.79,136027.18,M3587065,0,0,0,2026-01-08T12:36:44.696586,
TXN-00000146,204,PAYMENT,211.8,C1000071,273913.31,273701.51,M7306605,0,0,0,2026-01-08T12:36:44.696653,
TXN-00000147,204,PAYMENT,13350.06,C1000063,398844.79,385494.73,M3826018,0,0,0,2026-01-08T12:36:44.696716,
TXN-00000148,204,TRANSFER,5552.95,C1000006,446654.18,441101.24,M5311493,0,0,0,2026-01-08T12:36:44.696781,
TXN-00000149,204,PAYMENT,5387.57,C1000052,318671.63,313284.06,M8256407,0,0,0,2026-01-08T12:36:44.696845,
TXN-00000150,204,PAYMENT,2316.78,C1000096,457189.31,454872.53,M6990915,0,0,0,2026-01-08T12:36:44.696907,
TXN-00000151,204,PAYMENT,22142.93,C1000024,0.0,0.0,M5828284,0,0,0,2026-01-08T12:36:44.696970,
TXN-00000152,204,CASH_IN,20130.87,C1000035,87073.6,107204.47,M4252813,0,0,0,2026-01-08T12:36:44.697034,
TXN-00000153,204,CASH_OUT,35103.52,C1000067,208341.59,173238.07,M3325625,0,0,0,2026-01-08T12:36:44.697096,
TXN-00000154,204,TRANSFER,5443.92,C1000025,286437.08,280993.16,M2325132,0,0,0,2026-01-08T12:36:44.697160,
TXN-00000155,204,PAYMENT,3511.75,C1000082,356556.47,353044.72,M9751832,0,0,0,2026-01-08T12:36:44.697223,
TXN-00000156,204,CASH_OUT,3663.48,C1000078,168277.63,164614.15,M1542048,0,0,0,2026-01-08T12:36:44.697288,
TXN-00000157,204,DEBIT,5920.82,C1000046,192815.42,186894.6,M3360095,0,0,0,2026-01-08T12:36:44.697351,
TXN-00000158,204,PAYMENT,3424.91,C1000045,164150.95,160726.03,M8390796,0,0,0,2026-01-08T12:36:44.697415,
TXN-00000159,204,PAYMENT,2885.02,C1000006,441101.24,438216.22,M1987342,0,0,0,2026-01-08T12:36:44.697478,
TXN-00000160,204,PAYMENT,15688.77,C1000074,414807.48,399118.7,M7274324,0,0,0,2026-01-08T12:36:44.697543,
TXN-00000161,204,PAYMENT,6598.01,C1000046,186894.6,180296.58,M3342774,0,0,0,2026-01-08T12:36:44.697607,
TXN-00000162,204,TRANSFER,10.0,C1000055,247098.26,247088.26,M2825475,0,0,0,2026-01-08T12:36:44.697676,
TXN-00000163,204,CASH_OUT,8712.32,C1000031,15056.22,6343.91,M8458013,0,0,0,2026-01-08T12:36:44.697740,
TXN-00000164,204,PAYMENT,943.61,C1000004,253182.01,252238.4,M8782110,0,0,0,2026-01-08T12:36:44.697805,
TXN-00000165,204,CASH_OUT,10116.54,C1000092,389803.95,379687.42,M8888802,0,0,0,2026-01-08T12:36:44.697868,
TXN-00000166,204,PAYMENT,11714.46,C1000031,6343.91,0.0,M7460305,0,0,0,2026-01-08T12:36:44.697932,
TXN-00000167,204,PAYMENT,25302.81,C1000037,65691.5,40388.69,M5513224,0,0,0,2026-01-08T12:36:44.697998,
TXN-00000168,204,CASH_IN,1931.29,C1000017,246391.19,248322.48,M3484574,0,0,0,2026-01-08T12:36:44.698061,
TXN-00000169,204,CASH_OUT,741.43,C1000041,355436.36,354694.93,M6683491,0,0,0,2026-01-08T12:36:44.698126,
TXN-00000170,204,DEBIT,1565.85,C1000018,255387.53,253821.69,M1653083,0,0,0,2026-01-08T12:36:44.698194,
TXN-00000171,204,PAYMENT,3417.95,C1000087,458274.06,454856.11,M9411693,0,0,0,2026-01-08T12:36:44.698257,
TXN-00000172,204,TRANSFER,948.32,C1000061,280687.14,279738.82,M6453862,0,0,0,2026-01-08T12:36:44.698322,
TXN-00000173,204,CASH_OUT,20225.51,C1000035,107204.47,86978.96,M3978156,0,0,0,2026-01-08T12:36:44.698389,
TXN-00000174,204,TRANSFER,5567.22,C1000091,25514.82,19947.6,M5151700,0,0,0,2026-01-08T12:36:44.698454,
TXN-00000175,204,TRANSFER,2088.31,C1000017,248322.48,246234.17,M5271041,0,0,0,2026-01-08T12:36:44.698518,
TXN-00000176,204,TRANSFER,10.0,C1000082,353044.72,353034.72,M5209792,0,0,0,2026-01-08T12:36:44.698581,
TXN-00000177,204,TRANSFER,19979.1,C1000019,222628.59,202649.48,M7600125,0,0,0,2026-01-08T12:36:44.698646,
TXN-00000178,204,CASH_OUT,23603.42,C1000037,40388.69,16785.26,M4749380,0,0,0,2026-01-08T12:36:44.698710,
TXN-00000179,204,DEBIT,2529.32,C1000044,169920.36,167391.03,M2098764,0,0,0,2026-01-08T12:36:44.698772,
TXN-00000180,204,DEBIT,4757.55,C1000047,118326.21,113568.66,M4359354,0,0,0,2026-01-08T12:36:44.698841,
TXN-00000181,204,PAYMENT,6682.42,C1000059,435406.67,428724.25,M4167833,0,0,0,2026-01-08T12:36:44.698902,
TXN-00000182,204,CASH_OUT,2899.45,C1000069,233024.48,230125.03,M4860484,0,0,0,2026-01-08T12:36:44.698966,
TXN-00000183,204,CASH_OUT,5965.34,C1000046,180296.58,174331.24,M8433057,0,0,0,2026-01-08T12:36:44.699029,
TXN-00000184,204,CASH_OUT,412.11,C1000004,252238.4,251826.29,M2510280,0,0,0,2026-01-08T12:36:44.699091,
TXN-00000185,204,CASH_OUT,55501.97,C1000000,55133.67,0.0,M1167748,0,0,0,2026-01-08T12:36:44.699150,
TXN-00000186,204,PAYMENT,10.0,C1000002,392773.17,392763.17,M4531816,0,0,0,2026-01-08T12:36:44.699209,
TXN-00000187,204,CASH_IN,6984.46,C1000036,158237.75,165222.21,M5553260,0,0,0,2026-01-08T12:36:44.699273,
TXN-00000188,204,DEBIT,11743.87,C1000013,286869.65,275125.78,M6140826,0,0,0,2026-01-08T12:36:44.699338,
TXN-00000189,204,CASH_OUT,4329.08,C1000032,244402.04,240072.97,M7978543,0,0,0,2026-01-08T12:36:44.699404,
TXN-00000190,204,CASH_OUT,4204.92,C1000065,18316.67,14111.75,M6370788,0,0,0,2026-01-08T12:36:44.699532,
TXN-00000191,204,PAYMENT,1086.22,C1000020,463632.12,462545.9,M3491178,0,0,0,2026-01-08T12:36:44.699624,
TXN-00000192,204,TRANSFER,3132.18,C1000045,160726.03,157593.86,M3373574,0,0,0,2026-01-08T12:36:44.699698,
TXN-00000193,204,PAYMENT,10.0,C1000097,215230.53,215220.53,M6930831,0,0,0,2026-01-08T12:36:44.699764,
TXN-00000194,204,CASH_OUT,39494.38,C1000012,149652.11,110157.74,M3061557,0,0,0,2026-01-08T12:36:44.699827,
TXN-00000195,204,PAYMENT,1598.02,C1000084,299573.37,297975.35,M5622926,0,0,0,2026-01-08T12:36:44.699887,
TXN-00000196,204,PAYMENT,10928.57,C1000013,275125.78,264197.21,M3525516,0,0,0,2026-01-08T12:36:44.699946,
TXN-00000197,204,PAYMENT,23953.52,C1000037,16785.26,0.0,M3806955,0,0,0,2026-01-08T12:36:44.700002,
TXN-00000198,204,PAYMENT,5900.74,C1000010,53991.28,48090.53,M9141532,0,0,0,2026-01-08T12:36:44.700062,
TXN-00000199,204,CASH_OUT,844.29,C1000083,273208.23,272363.94,M1006895,0,0,0,2026-01-08T12:36:44.700121,
TXN-00000200,204,PAYMENT,18251.29,C1000079,469742.76,451491.47,M8641984,0,0,0,2026-01-08T12:36:44.700178,
TXN-00000201,204,DEBIT,2442.21,C1000097,215220.53,212778.32,M1108390,0,0,0,2026-01-08T12:36:44.700240,
TXN-00000202,204,PAYMENT,19661.14,C1000079,451491.47,431830.32,M7958374,0,0,0,2026-01-08T12:36:44.700301,
TXN-00000203,204,DEBIT,3181.51,C1000033,330051.23,326869.72,M9057478,0,0,0,2026-01-08T12:36:44.700359,
TXN-00000204,204,TRANSFER,10.0,C1000081,133474.35,133464.35,M3238969,0,0,0,2026-01-08T12:36:44.700417,
TXN-00000205,204,PAYMENT,9861.54,C1000074,399118.7,389257.17,M4471946,0,0,0,2026-01-08T12:36:44.700490,
TXN-00000206,204,TRANSFER,26727.71,C1000056,43473.95,16746.24,M7847687,0,0,0,2026-01-08T12:36:44.700548,
TXN-00000207,204,TRANSFER,4682.75,C1000065,14111.75,9429.0,M4480380,0,0,0,2026-01-08T12:36:44.700604,
TXN-00000208,204,TRANSFER,172436.88,C1000050,153663.26,0.0,M7740300,0,0,0,2026-01-08T12:36:44.700658,
TXN-00000209,204,DEBIT,240.45,C1000078,164614.15,164373.7,M9614944,0,0,0,2026-01-08T12:36:44.700710,
TXN-00000210,204,TRANSFER,26600.89,C1000095,384848.58,358247.69,M7264168,0,0,0,2026-01-08T12:36:44.700764,
TXN-00000211,204,TRANSFER,1627.84,C1000055,247088.26,245460.42,M6430385,0,0,0,2026-01-08T12:36:44.700817,
TXN-00000212,204,CASH_OUT,10.0,C1000021,19475.01,19465.01,M6817765,0,0,0,2026-01-08T12:36:44.700877,
TXN-00000213,204,PAYMENT,2408.57,C1000026,315647.09,313238.52,M8361687,0,0,0,2026-01-08T12:36:44.700931,
TXN-00000214,204,PAYMENT,1757.06,C1000030,174279.85,172522.79,M3198666,0,0,0,2026-01-08T12:36:44.701022,
TXN-00000215,204,CASH_IN,384.86,C1000047,113568.66,113953.52,M1491216,0,0,0,2026-01-08T12:36:44.701079,
TXN-00000216,204,CASH_OUT,377.79,C1000075,480810.15,480432.36,M7999354,0,0,0,2026-01-08T12:36:44.701136,
TXN-00000217,204,PAYMENT,35525.77,C1000067,173238.07,137712.3,M3058967,0,0,0,2026-01-08T12:36:44.701191,
TXN-00000218,204,PAYMENT,4074.31,C1000065,9429.0,5354.68,M8650593,0,0,0,2026-01-08T12:36:44.701250,
TXN-00000219,204,DEBIT,10.0,C1000082,353034.72,353024.72,M4182309,0,0,0,2026-01-08T12:36:44.701306,
TXN-00000220,204,TRANSFER,13407.49,C1000054,295176.12,281768.63,M6587365,0,0,0,2026-01-08T12:36:44.701364,
TXN-00000221,204,CASH_IN,4768.69,C1000049,273751.56,278520.24,M3903560,0,0,0,2026-01-08T12:36:44.701421,
TXN-00000222,204,CASH_OUT,166.11,C1000004,251826.29,251660.18,M9647655,0,0,0,2026-01-08T12:36:44.701477,
TXN-00000223,204,TRANSFER,17834.02,C1000093,109919.14,92085.11,M5243838,0,0,0,2026-01-08T12:36:44.701544,
TXN-00000224,204,CASH_OUT,1411.17,C1000016,258931.45,257520.29,M3418719,0,0,0,2026-01-08T12:36:44.701602,
TXN-00000225,204,DEBIT,1366.48,C1000097,212778.32,211411.84,M7124473,0,0,0,2026-01-08T12:36:44.701709,
TXN-00000226,204,CASH_IN,3535.45,C1000051,491824.75,495360.21,M2961731,0,0,0,2026-01-08T12:36:44.701791,
TXN-00000227,204,PAYMENT,817.34,C1000034,111805.21,110987.87,M9361362,0,0,0,2026-01-08T12:36:44.701881,
TXN-00000228,204,CASH_OUT,13944.24,C1000074,389257.17,375312.93,M9365169,0,0,0,2026-01-08T12:36:44.702017,
TXN-00000229,204,TRANSFER,11257.7,C1000031,0.0,0.0,M7725972,0,0,0,2026-01-08T12:36:44.702113,
TXN-00000230,204,PAYMENT,1930.85,C1000081,133464.35,131533.51,M3731405,0,0,0,2026-01-08T12:36:44.702185,
TXN-00000231,204,PAYMENT,1620.66,C1000022,84414.67,82794.01,M2319261,0,0,0,2026-01-08T12:36:44.702256,
TXN-00000232,204,PAYMENT,26806.73,C1000056,16746.24,0.0,M3049513,0,0,0,2026-01-08T12:36:44.702330,
TXN-00000233,204,CASH_OUT,1269.53,C1000083,272363.94,271094.4,M8060306,0,0,0,2026-01-08T12:36:44.702400,
TXN-00000234,204,PAYMENT,10056.7,C1000092,379687.42,369630.72,M3919641,0,0,0,2026-01-08T12:36:44.702465,
TXN-00000235,204,PAYMENT,2810.14,C1000058,68983.99,66173.85,M9595464,0,0,0,2026-01-08T12:36:44.702527,
TXN-00000236,204,PAYMENT,5005.07,C1000003,252511.35,247506.28,M2648847,0,0,0,2026-01-08T12:36:44.702588,
TXN-00000237,204,PAYMENT,9550.18,C1000054,281768.63,272218.45,M2339208,0,0,0,2026-01-08T12:36:44.702648,
TXN-00000238,204,CASH_OUT,6628.23,C1000088,255720.56,249092.34,M4135782,0,0,0,2026-01-08T12:36:44.702712,
TXN-00000239,204,PAYMENT,820.1,C1000077,148124.98,147304.87,M1918352,0,0,0,2026-01-08T12:36:44.702773,
TXN-00000240,204,PAYMENT,11732.69,C1000054,272218.45,260485.77,M8029484,0,0,0,2026-01-08T12:36:44.702835,
TXN-00000241,204,TRANSFER,8786.12,C1000039,246952.62,238166.51,M7198738,0,0,0,2026-01-08T12:36:44.702895,
TXN-00000242,204,PAYMENT,10.0,C1000008,303253.72,303243.72,M8147792,0,0,0,2026-01-08T12:36:44.702958,
TXN-00000243,204,TRANSFER,5057.39,C1000096,454872.53,449815.14,M7308225,0,0,0,2026-01-08T12:36:44.703083,
TXN-00000244,204,PAYMENT,8480.28,C1000039,238166.51,229686.23,M1439205,0,0,0,2026-01-08T12:36:44.703154,
TXN-00000245,204,PAYMENT,3606.3,C1000062,114700.09,111093.79,M4293580,0,0,0,2026-01-08T12:36:44.703217,
TXN-00000246,204,PAYMENT,9412.83,C1000036,165222.21,155809.38,M9494785,0,0,0,2026-01-08T12:36:44.703278,
TXN-00000247,204,PAYMENT,2514.37,C1000028,130533.84,128019.47,M6960964,0,0,0,2026-01-08T12:36:44.703373,
TXN-00000248,204,PAYMENT,10.0,C1000014,396377.62,396367.62,M7118884,0,0,0,2026-01-08T12:36:44.703489,
TXN-00000249,204,CASH_OUT,4961.13,C1000032,240072.97,235111.84,M9952206,0,0,0,2026-01-08T12:36:44.703562,
TXN-00000250,204,CASH_OUT,10.0,C1000041,354694.93,354684.93,M5237673,0,0,0,2026-01-08T12:36:44.703622,
TXN-00000251,204,TRANSFER,212.91,C1000060,69103.4,68890.49,M8339474,0,0,0,2026-01-08T12:36:44.703680,
TXN-00000252,204,CASH_OUT,6284.43,C1000058,66173.85,59889.41,M5230051,0,0,0,2026-01-08T12:36:44.703744,
TXN-00000253,204,TRANSFER,10096.43,C1000092,369630.72,359534.28,M5656153,0,0,0,2026-01-08T12:36:44.703801,
TXN-00000254,204,TRANSFER,4323.87,C1000084,297975.35,293651.48,M2715643,0,0,0,2026-01-08T12:36:44.703860,
TXN-00000255,204,TRANSFER,17099.69,C1000093,92085.11,74985.42,M1092358,0,0,0,2026-01-08T12:36:44.703920,
TXN-00000256,204,PAYMENT,17494.55,C1000078,164373.7,146879.15,M7389323,0,0,0,2026-01-08T12:36:44.703975,
TXN-00000257,204,CASH_OUT,10.0,C1000068,194339.21,194329.21,M5728748,0,0,0,2026-01-08T12:36:44.704028,
TXN-00000258,204,TRANSFER,19543.0,C1000079,431830.32,412287.32,M3246755,0,0,0,2026-01-08T12:36:44.704082,
TXN-00000259,204,PAYMENT,1760.94,C1000016,257520.29,255759.35,M6317670,0,0,0,2026-01-08T12:36:44.704136,
TXN-00000260,204,TRANSFER,38241.83,C1000012,110157.74,71915.9,M6902171,0,0,0,2026-01-08T12:36:44.704188,
TXN-00000261,204,CASH_OUT,533.6,C1000055,245460.42,244926.83,M9940519,0,0,0,2026-01-08T12:36:44.704252,
TXN-00000262,204,TRANSFER,3526.48,C1000087,454856.11,451329.64,M9793409,0,0,0,2026-01-08T12:36:44.704311,
TXN-00000263,204,PAYMENT,5791.77,C1000003,247506.28,241714.5,M2461346,0,0,0,2026-01-08T12:36:44.704369,
TXN-00000264,204,CASH_OUT,1912.44,C1000040,146955.29,145042.85,M1950433,0,0,0,2026-01-08T12:36:44.704412,
TXN-00000265,204,TRANSFER,18498.36,C1000079,412287.32,393788.96,M4556363,0,0,0,2026-01-08T12:36:44.704449,
TXN-00000266,204,TRANSFER,22328.67,C1000078,146879.15,124550.48,M3323093,0,0,0,2026-01-08T12:36:44.704487,
TXN-00000267,204,CASH_IN,3191.26,C1000045,157593.86,160785.12,M8758469,0,0,0,2026-01-08T12:36:44.704524,
TXN-00000268,204,TRANSFER,4439.19,C1000062,111093.79,106654.6,M1480488,0,0,0,2026-01-08T12:36:44.704561,
TXN-00000269,204,TRANSFER,4193.6,C1000065,5354.68,1161.09,M1200465,0,0,0,2026-01-08T12:36:44.704603,
TXN-00000270,204,PAYMENT,14862.18,C1000054,260485.77,245623.59,M8111742,0,0,0,2026-01-08T12:36:44.704640,
TXN-00000271,204,CASH_IN,814.41,C1000041,354684.93,355499.35,M3341831,0,0,0,2026-01-08T12:36:44.704677,
TXN-00000272,204,DEBIT,2015.2,C1000002,392763.17,390747.97,M5300159,0,0,0,2026-01-08T12:36:44.704716,
TXN-00000273,204,PAYMENT,6952.07,C1000091,19947.6,12995.53,M8662863,0,0,0,2026-01-08T12:36:44.704753,
TXN-00000274,204,PAYMENT,8270.87,C1000039,229686.23,221415.35,M4564286,0,0,0,2026-01-08T12:36:44.704790,
TXN-00000275,204,CASH_OUT,9520.07,C1000013,264197.21,254677.14,M4291778,0,0,0,2026-01-08T12:36:44.704827,
TXN-00000276,204,CASH_OUT,2758.19,C1000071,273701.51,270943.32,M1327344,0,0,0,2026-01-08T12:36:44.704866,
TXN-00000277,204,PAYMENT,1562.58,C1000084,293651.48,292088.91,M5596944,0,0,0,2026-01-08T12:36:44.704903,
TXN-00000278,204,CASH_OUT,12585.62,C1000015,430951.88,418366.26,M6529808,0,0,0,2026-01-08T12:36:44.704939,
TXN-00000279,204,PAYMENT,17233.31,C1000035,86978.96,69745.65,M2160069,0,0,0,2026-01-08T12:36:44.704977,
TXN-00000280,204,DEBIT,10.0,C1000081,131533.51,131523.51,M9516364,0,0,0,2026-01-08T12:36:44.705013,
TXN-00000281,204,PAYMENT,1934.31,C1000090,351633.38,349699.07,M8205327,0,0,0,2026-01-08T12:36:44.705052,
TXN-00000282,204,PAYMENT,47556.24,C1000053,0.0,0.0,M5419584,0,0,0,2026-01-08T12:36:44.705092,
TXN-00000283,204,PAYMENT,6162.33,C1000059,428724.25,422561.92,M4375053,0,0,0,2026-01-08T12:36:44.705130,
TXN-00000284,204,PAYMENT,3175.44,C1000018,253821.69,250646.25,M3273566,0,0,0,2026-01-08T12:36:44.705167,
TXN-00000285,204,CASH_OUT,18644.06,C1000093,74985.42,56341.37,M4449348,0,0,0,2026-01-08T12:36:44.705204,
TXN-00000286,204,PAYMENT,1158.18,C1000022,82794.01,81635.83,M7868003,0,0,0,2026-01-08T12:36:44.705241,
TXN-00000287,204,PAYMENT,3380.58,C1000085,55774.66,52394.08,M9536025,0,0,0,2026-01-08T12:36:44.705278,
TXN-00000288,204,PAYMENT,1800.84,C1000017,246234.17,244433.33,M3633138,0,0,0,2026-01-08T12:36:44.705317,
TXN-00000289,204,CASH_OUT,3216.16,C1000045,160785.12,157568.96,M9106570,0,0,0,2026-01-08T12:36:44.705363,
TXN-00000290,204,TRANSFER,2823.21,C1000085,52394.08,49570.87,M7242973,0,0,0,2026-01-08T12:36:44.705418,
TXN-00000291,204,PAYMENT,1903.93,C1000007,112969.48,111065.55,M7922494,0,0,0,2026-01-08T12:36:44.705458,
TXN-00000292,204,TRANSFER,1740.02,C1000055,244926.83,243186.8,M7152426,0,0,0,2026-01-08T12:36:44.705498,
TXN-00000293,204,PAYMENT,21777.16,C1000035,69745.65,47968.49,M2068063,0,0,0,2026-01-08T12:36:44.705535,
TXN-00000294,204,PAYMENT,7734.02,C1000011,0.0,0.0,M3655118,0,0,0,2026-01-08T12:36:44.705573,
TXN-00000295,204,TRANSFER,5331.15,C1000059,422561.92,417230.78,M8213144,0,0,0,2026-01-08T12:36:44.705612,
TXN-00000296,204,TRANSFER,5238.48,C1000003,241714.5,236476.02,M9358087,0,0,0,2026-01-08T12:36:44.705650,
TXN-00000297,204,PAYMENT,353.37,C1000002,390747.97,390394.6,M3604363,0,0,0,2026-01-08T12:36:44.705689,
TXN-00000298,204,PAYMENT,14062.74,C1000005,383137.99,369075.25,M3692679,0,0,0,2026-01-08T12:36:44.705726,
TXN-00000299,204,TRANSFER,258.19,C1000081,131523.51,131265.32,M2212842,0,0,0,2026-01-08T12:36:44.705763,
TXN-00000300,204,PAYMENT,26993.09,C1000056,0.0,0.0,M9601014,0,0,0,2026-01-08T12:36:44.705800,
TXN-00000301,204,TRANSFER,34262.6,C1000073,80458.94,46196.34,M6183263,0,0,0,2026-01-08T12:36:44.705838,
TXN-00000302,204,PAYMENT,46329.6,C1000053,0.0,0.0,M1081954,0,0,0,2026-01-08T12:36:44.705889,
TXN-00000303,204,TRANSFER,4573.04,C1000049,278520.24,273947.2,M3964221,0,0,0,2026-01-08T12:36:44.705926,
TXN-00000304,204,PAYMENT,178.51,C1000009,144043.38,143864.88,M1547915,0,0,0,2026-01-08T12:36:44.705963,
TXN-00000305,204,TRANSFER,3724.42,C1000030,172522.79,168798.37,M4087944,0,0,0,2026-01-08T12:36:44.706000,
TXN-00000306,204,PAYMENT,6481.04,C1000088,249092.34,242611.3,M3410864,0,0,0,2026-01-08T12:36:44.706037,
TXN-00000307,204,PAYMENT,3356.98,C1000084,292088.91,288731.93,M7781034,0,0,0,2026-01-08T12:36:44.706074,
TXN-00000308,204,PAYMENT,39.65,C1000034,110987.87,110948.22,M8609513,0,0,0,2026-01-08T12:36:44.706111,
TXN-00000309,204,CASH_IN,17642.51,C1000076,413663.3,431305.82,M8628698,0,0,0,2026-01-08T12:36:44.706150,
TXN-00000310,204,TRANSFER,19641.23,C1000019,202649.48,183008.26,M6644929,0,0,0,2026-01-08T12:36:44.706188,
TXN-00000311,204,TRANSFER,360.95,C1000008,303243.72,302882.76,M3055202,0,0,0,2026-01-08T12:36:44.706225,
TXN-00000312,204,CASH_OUT,17612.36,C1000079,393788.96,376176.6,M1176714,0,0,0,2026-01-08T12:36:44.706263,
TXN-00000313,204,TRANSFER,730.19,C1000002,390394.6,389664.41,M6515341,0,0,0,2026-01-08T12:36:44.706300,
TXN-00000314,204,CASH_IN,353.0,C1000034,110948.22,111301.22,M4353569,0,0,0,2026-01-08T12:36:44.706338,
TXN-00000315,204,TRANSFER,1629.51,C1000061,279738.82,278109.31,M2486029,0,0,0,2026-01-08T12:36:44.706375,
TXN-00000316,204,TRANSFER,5344.86,C1000032,235111.84,229766.98,M6307244,0,0,0,2026-01-08T12:36:44.706413,
TXN-00000317,204,DEBIT,30117.71,C1000067,137712.3,107594.59,M3991304,0,0,0,2026-01-08T12:36:44.706450,
TXN-00000318,204,PAYMENT,126.25,C1000075,480432.36,480306.11,M3939355,0,0,0,2026-01-08T12:36:44.706489,
TXN-00000319,204,PAYMENT,20752.1,C1000019,183008.26,162256.15,M6254779,0,0,0,2026-01-08T12:36:44.706526,
TXN-00000320,204,CASH_IN,9348.18,C1000013,254677.14,264025.32,M5616370,0,0,0,2026-01-08T12:36:44.706566,
TXN-00000321,204,PAYMENT,939.83,C1000083,271094.4,270154.57,M4797554,0,0,0,2026-01-08T12:36:44.706603,
TXN-00000322,204,CASH_OUT,768.86,C1000016,255759.35,254990.49,M3761980,0,0,0,2026-01-08T12:36:44.706641,
TXN-00000323,204,CASH_OUT,18099.68,C1000024,0.0,0.0,M7078464,0,0,0,2026-01-08T12:36:44.706678,
TXN-00000324,204,PAYMENT,13644.77,C1000063,385494.73,371849.96,M6402784,0,0,0,2026-01-08T12:36:44.706715,
TXN-00000325,204,PAYMENT,262.55,C1000094,266991.42,266728.87,M4131602,0,0,0,2026-01-08T12:36:44.706753,
TXN-00000326,204,PAYMENT,1193.35,C1000068,194329.21,193135.86,M3227094,0,0,0,2026-01-08T12:36:44.706789,
TXN-00000327,204,PAYMENT,743.1,C1000008,302882.76,302139.66,M1117581,0,0,0,2026-01-08T12:36:44.706828,
TXN-00000328,204,PAYMENT,2080.33,C1000006,438216.22,436135.89,M2686060,0,0,0,2026-01-08T12:36:44.706865,
TXN-00000329,204,PAYMENT,7752.65,C1000011,0.0,0.0,M6741448,0,0,0,2026-01-08T12:36:44.706902,
TXN-00000330,204,CASH_IN,26721.94,C1000056,0.0,26721.94,M7011760,0,0,0,2026-01-08T12:36:44.706954,
TXN-00000331,204,PAYMENT,3158.89,C1000030,168798.37,165639.48,M8864852,0,0,0,2026-01-08T12:36:44.706995,
TXN-00000332,204,PAYMENT,24.65,C1000089,279025.83,279001.17,M3814075,0,0,0,2026-01-08T12:36:44.707035,
TXN-00000333,204,DEBIT,7077.1,C1000088,242611.3,235534.19,M1828025,0,0,0,2026-01-08T12:36:44.707072,
TXN-00000334,204,CASH_IN,10.0,C1000034,111301.22,111311.22,M9617582,0,0,0,2026-01-08T12:36:44.707108,
TXN-00000335,204,PAYMENT,7328.31,C1000047,113953.52,106625.2,M3745778,0,0,0,2026-01-08T12:36:44.707145,
TXN-00000336,204,DEBIT,3230.42,C1000026,313238.52,310008.1,M5464427,0,0,0,2026-01-08T12:36:44.707182,
TXN-00000337,204,CASH_OUT,7452.68,C1000099,421203.97,413751.29,M7502400,0,0,0,2026-01-08T12:36:44.707219,
TXN-00000338,204,PAYMENT,2173.46,C1000017,244433.33,242259.87,M1704511,0,0,0,2026-01-08T12:36:44.707256,
TXN-00000339,204,PAYMENT,278.79,C1000069,230125.03,229846.24,M2868518,0,0,0,2026-01-08T12:36:44.707293,
TXN-00000340,204,CASH_OUT,48315.7,C1000053,0.0,0.0,M4237481,0,0,0,2026-01-08T12:36:44.707332,
TXN-00000341,204,PAYMENT,4300.8,C1000057,44315.93,40015.14,M3325665,0,0,0,2026-01-08T12:36:44.707368,
TXN-00000342,204,CASH_IN,327.22,C1000029,28203.06,28530.28,M5726841,0,0,0,2026-01-08T12:36:44.707408,
TXN-00000343,204,CASH_IN,4267.43,C1000027,67454.44,71721.87,M9280482,0,0,0,2026-01-08T12:36:44.707444,
TXN-00000344,204,CASH_OUT,18199.0,C1000064,20788.28,2589.28,M9469060,0,0,0,2026-01-08T12:36:44.707482,
TXN-00000345,204,CASH_OUT,1856.23,C1000086,274933.81,273077.58,M8158225,0,0,0,2026-01-08T12:36:44.707521,
TXN-00000346,204,DEBIT,2751.1,C1000006,436135.89,433384.79,M8616932,0,0,0,2026-01-08T12:36:44.707558,
TXN-00000347,204,PAYMENT,7694.3,C1000049,273947.2,266252.9,M9858086,0,0,0,2026-01-08T12:36:44.707595,
TXN-00000348,204,CASH_OUT,4916.48,C1000091,12995.53,8079.06,M9206994,0,0,0,2026-01-08T12:36:44.707632,
TXN-00000349,204,CASH_OUT,1615.63,C1000048,257245.97,255630.34,M3553764,0,0,0,2026-01-08T12:36:44.707669,
TXN-00000350,204,TRANSFER,136.78,C1000075,480306.11,480169.33,M3394587,0,0,0,2026-01-08T12:36:44.707706,
TXN-00000351,204,PAYMENT,21561.35,C1000024,0.0,0.0,M1902686,0,0,0,2026-01-08T12:36:44.707743,
TXN-00000352,204,PAYMENT,2287.88,C1000070,9161.24,6873.36,M9528672,0,0,0,2026-01-08T12:36:44.707783,
TXN-00000353,204,PAYMENT,2228.83,C1000049,266252.9,264024.07,M1544202,0,0,0,2026-01-08T12:36:44.707822,
TXN-00000354,204,PAYMENT,10.0,C1000060,68890.49,68880.49,M6697545,0,0,0,2026-01-08T12:36:44.707859,
TXN-00000355,204,CASH_OUT,10.0,C1000033,326869.72,326859.72,M1598453,0,0,0,2026-01-08T12:36:44.707896,
TXN-00000356,204,DEBIT,4419.1,C1000003,236476.02,232056.92,M2608879,0,0,0,2026-01-08T12:36:44.707932,
TXN-00000357,204,PAYMENT,2158.37,C1000043,188276.52,186118.16,M6270252,0,0,0,2026-01-08T12:36:44.708061,
TXN-00000358,204,PAYMENT,1639.16,C1000026,310008.1,308368.94,M7151453,0,0,0,2026-01-08T12:36:44.708161,
TXN-00000359,204,TRANSFER,8189.37,C1000054,245623.59,237434.22,M1506923,0,0,0,2026-01-08T12:36:44.708232,
TXN-00000360,204,TRANSFER,46422.66,C1000053,0.0,0.0,M1130108,0,0,0,2026-01-08T12:36:44.708330,
TXN-00000361,204,PAYMENT,4315.76,C1000041,355499.35,351183.59,M6908382,0,0,0,2026-01-08T12:36:44.708439,
TXN-00000362,204,PAYMENT,6474.48,C1000049,264024.07,257549.59,M2859204,0,0,0,2026-01-08T12:36:44.708519,
TXN-00000363,204,CASH_OUT,3540.82,C1000096,449815.14,446274.31,M4593946,0,0,0,2026-01-08T12:36:44.708593,
TXN-00000364,204,TRANSFER,2727.3,C1000026,308368.94,305641.65,M2563611,0,0,0,2026-01-08T12:36:44.709621,
TXN-00000365,204,TRANSFER,4827.64,C1000084,288731.93,283904.28,M8850602,0,0,0,2026-01-08T12:36:44.709962,
TXN-00000366,204,PAYMENT,1764.74,C1000029,28530.28,26765.54,M4950430,0,0,0,2026-01-08T12:36:44.710133,
TXN-00000367,204,CASH_OUT,9532.54,C1000013,264025.32,254492.78,M8255729,0,0,0,2026-01-08T12:36:44.710228,
TXN-00000368,204,CASH_OUT,16929.56,C1000019,162256.15,145326.6,M3492860,0,0,0,2026-01-08T12:36:44.710305,
TXN-00000369,204,PAYMENT,7845.92,C1000074,375312.93,367467.01,M1106129,0,0,0,2026-01-08T12:36:44.710384,
TXN-00000370,204,PAYMENT,49.26,C1000034,111311.22,111261.96,M4276668,0,0,0,2026-01-08T12:36:44.710461,
TXN-00000371,204,TRANSFER,18270.99,C1000019,145326.6,127055.6,M5056994,0,0,0,2026-01-08T12:36:44.710544,
TXN-00000372,204,PAYMENT,17257.08,C1000076,431305.82,414048.74,M8715274,0,0,0,2026-01-08T12:36:44.710621,
TXN-00000373,204,TRANSFER,109.12,C1000022,81635.83,81526.71,M5936922,0,0,0,2026-01-08T12:36:44.710698,
TXN-00000374,204,PAYMENT,23928.78,C1000037,0.0,0.0,M9200664,0,0,0,2026-01-08T12:36:44.710772,
TXN-00000375,204,PAYMENT,10.0,C1000085,49570.87,49560.87,M1065647,0,0,0,2026-01-08T12:36:44.710845,
TXN-00000376,204,DEBIT,79.98,C1000097,211411.84,211331.86,M2479061,0,0,0,2026-01-08T12:36:44.710917,
TXN-00000377,204,TRANSFER,10.0,C1000051,495360.21,495350.21,M3118871,0,0,0,2026-01-08T12:36:44.710989,
TXN-00000378,204,TRANSFER,10.0,C1000060,68880.49,68870.49,M2336975,0,0,0,2026-01-08T12:36:44.711061,
TXN-00000379,204,DEBIT,5001.03,C1000010,48090.53,43089.5,M6273683,0,0,0,2026-01-08T12:36:44.711136,
TXN-00000380,204,CASH_IN,6444.78,C1000010,43089.5,49534.28,M1060409,0,0,0,2026-01-08T12:36:44.711210,
TXN-00000381,204,PAYMENT,19121.42,C1000019,127055.6,107934.19,M8222197,0,0,0,2026-01-08T12:36:44.711280,
TXN-00000382,204,CASH_OUT,37330.12,C1000012,71915.9,34585.79,M8880103,0,0,0,2026-01-08T12:36:44.711358,
TXN-00000383,204,PAYMENT,7797.6,C1000011,0.0,0.0,M4797751,0,0,0,2026-01-08T12:36:44.711428,
TXN-00000384,204,DEBIT,10.0,C1000075,480169.33,480159.33,M1640176,0,0,0,2026-01-08T12:36:44.711498,
TXN-00000385,204,CASH_IN,26700.27,C1000042,353494.13,380194.4,M4656022,0,0,0,2026-01-08T12:36:44.711569,
TXN-00000386,204,DEBIT,6495.87,C1000059,417230.78,410734.9,M9477414,0,0,0,2026-01-08T12:36:44.711640,
TXN-00000387,204,PAYMENT,5636.84,C1000010,49534.28,43897.45,M4790953,0,0,0,2026-01-08T12:36:44.711710,
TXN-00000388,204,PAYMENT,3981.26,C1000006,433384.79,429403.52,M1088004,0,0,0,2026-01-08T12:36:44.711781,
TXN-00000389,204,PAYMENT,20742.49,C1000035,47968.49,27226.0,M1740456,0,0,0,2026-01-08T12:36:44.711852,
TXN-00000390,204,CASH_OUT,17016.13,C1000093,56341.37,39325.24,M4580302,0,0,0,2026-01-08T12:36:44.711923,
TXN-00000391,207,TRANSFER,86992.2,C1000090,349699.07,262617.13,M4729258,0,0,1,2026-01-08T12:36:44.711969,balance_mismatch
TXN-00000392,204,PAYMENT,13722.18,C1000063,371849.96,358127.78,M7908289,0,0,0,2026-01-08T12:36:44.712057,
TXN-00000393,204,PAYMENT,1207.48,C1000080,243833.39,242625.9,M4033287,0,0,0,2026-01-08T12:36:44.712481,
TXN-00000394,204,CASH_IN,10.0,C1000047,106625.2,106635.2,M4561752,0,0,0,2026-01-08T12:36:44.712629,
TXN-00000395,204,CASH_IN,10.0,C1000072,44086.03,44096.03,M7805311,0,0,0,2026-01-08T12:36:44.712716,
TXN-00000396,204,TRANSFER,10.0,C1000048,255630.34,255620.34,M6771653,0,0,0,2026-01-08T12:36:44.712785,
TXN-00000397,204,TRANSFER,1809.31,C1000014,396367.62,394558.31,M7252521,0,0,0,2026-01-08T12:36:44.712862,
TXN-00000398,200,CASH_OUT,44019.56,C1000014,394558.31,350538.75,M1254645,0,0,1,2026-01-08T12:36:44.712908,unusual_type
TXN-00000399,204,DEBIT,10.0,C1000048,255620.34,255610.34,M5015850,0,0,0,2026-01-08T12:36:44.712974,
TXN-00000400,204,TRANSFER,47417.66,C1000042,380194.4,332776.74,M8058092,0,0,0,2026-01-08T12:36:44.713036,
TXN-00000401,204,TRANSFER,10276.78,C1000092,359534.28,349257.5,M9685351,0,0,0,2026-01-08T12:36:44.713102,
TXN-00000402,204,PAYMENT,17972.93,C1000093,39325.24,21352.31,M4474859,0,0,0,2026-01-08T12:36:44.713169,
TXN-00000403,204,TRANSFER,12751.59,C1000095,358247.69,345496.1,M7792835,0,0,0,2026-01-08T12:36:44.713236,
TXN-00000404,204,CASH_OUT,2195.49,C1000026,305641.65,303446.15,M9838759,0,0,0,2026-01-08T12:36:44.713299,
TXN-00000405,204,PAYMENT,48425.44,C1000053,0.0,0.0,M8922972,0,0,0,2026-01-08T12:36:44.713365,
TXN-00000406,204,CASH_OUT,54661.78,C1000000,0.0,0.0,M6822833,0,0,0,2026-01-08T12:36:44.713426,
TXN-00000407,204,PAYMENT,6474.72,C1000091,8079.06,1604.34,M7934407,0,0,0,2026-01-08T12:36:44.713493,
TXN-00000408,204,TRANSFER,1033.46,C1000040,145042.85,144009.39,M5349738,0,0,0,2026-01-08T12:36:44.713633,
TXN-00000409,204,CASH_OUT,7782.51,C1000099,413751.29,405968.78,M1211250,0,0,0,2026-01-08T12:36:44.713717,
TXN-00000410,204,CASH_OUT,278.91,C1000022,81526.71,81247.8,M9229394,0,0,0,2026-01-08T12:36:44.713936,
TXN-00000411,204,CASH_OUT,7620.54,C1000036,155809.38,148188.84,M5946420,0,0,0,2026-01-08T12:36:44.714042,
TXN-00000412,204,PAYMENT,17320.86,C1000076,414048.74,396727.87,M8907999,0,0,0,2026-01-08T12:36:44.714132,
TXN-00000413,204,CASH_IN,39348.45,C1000042,332776.74,372125.19,M4400748,0,0,0,2026-01-08T12:36:44.714202,
TXN-00000414,204,CASH_OUT,10.0,C1000061,278109.31,278099.31,M4541584,0,0,0,2026-01-08T12:36:44.714267,
TXN-00000415,204,TRANSFER,10113.43,C1000092,349257.5,339144.08,M8708440,0,0,0,2026-01-08T12:36:44.714326,
TXN-00000416,204,CASH_OUT,9759.61,C1000015,418366.26,408606.65,M2757770,0,0,0,2026-01-08T12:36:44.714387,
TXN-00000417,204,TRANSFER,1019.57,C1000001,136027.18,135007.61,M6285320,0,0,0,2026-01-08T12:36:44.714456,
TXN-00000418,203,CASH_OUT,96910.84,C1000065,1161.09,0.0,M5719838,0,0,1,2026-01-08T12:36:44.714496,unusual_type
TXN-00000419,204,CASH_IN,1117.57,C1000001,135007.61,136125.18,M6824229,0,0,0,2026-01-08T12:36:44.714554,
TXN-00000420,204,CASH_OUT,4745.56,C1000065,1161.09,0.0,M8583855,0,0,0,2026-01-08T12:36:44.714612,
TXN-00000421,204,PAYMENT,48678.2,C1000053,0.0,0.0,M5012686,0,0,0,2026-01-08T12:36:44.714676,
TXN-00000422,204,DEBIT,5792.44,C1000059,410734.9,404942.46,M9689980,0,0,0,2026-01-08T12:36:44.714738,
TXN-00000423,204,PAYMENT,6343.64,C1000088,235534.19,229190.55,M8202610,0,0,0,2026-01-08T12:36:44.714804,
TXN-00000424,204,PAYMENT,17377.57,C1000076,396727.87,379350.3,M9376079,0,0,0,2026-01-08T12:36:44.714866,
TXN-00000425,204,CASH_IN,12585.4,C1000015,408606.65,421192.05,M3121043,0,0,0,2026-01-08T12:36:44.714927,
TXN-00000426,204,TRANSFER,1397.93,C1000094,266728.87,265330.94,M7645432,0,0,0,2026-01-08T12:36:44.714984,
TXN-00000427,204,CASH_OUT,1329.63,C1000068,193135.86,191806.23,M9349957,0,0,0,2026-01-08T12:36:44.715042,
TXN-00000428,204,DEBIT,172504.17,C1000050,0.0,0.0,M1639281,0,0,0,2026-01-08T12:36:44.715102,
TXN-00000429,204,PAYMENT,6139.71,C1000003,232056.92,225917.22,M6627772,0,0,0,2026-01-08T12:36:44.715159,
TXN-00000430,204,TRANSFER,21063.18,C1000074,367467.01,346403.82,M1707716,0,0,0,2026-01-08T12:36:44.715217,
TXN-00000431,204,TRANSFER,10.0,C1000023,117694.21,117684.21,M8545912,0,0,0,2026-01-08T12:36:44.715277,
TXN-00000432,204,CASH_OUT,1787.85,C1000086,273077.58,271289.73,M4438160,0,0,0,2026-01-08T12:36:44.715337,
TXN-00000433,204,PAYMENT,1321.13,C1000028,128019.47,126698.35,M9054612,0,0,0,2026-01-08T12:36:44.715396,
TXN-00000434,204,PAYMENT,10.0,C1000085,49560.87,49550.87,M2404079,0,0,0,2026-01-08T12:36:44.715462,
TXN-00000435,204,TRANSFER,10.0,C1000082,353024.72,353014.72,M1240721,0,0,0,2026-01-08T12:36:44.715531,
TXN-00000436,204,PAYMENT,10.0,C1000033,326859.72,326849.72,M3081858,0,0,0,2026-01-08T12:36:44.715592,
TXN-00000437,204,PAYMENT,2771.87,C1000021,19465.01,16693.14,M4790957,0,0,0,2026-01-08T12:36:44.715653,
TXN-00000438,204,PAYMENT,7736.47,C1000099,405968.78,398232.31,M4197670,0,0,0,2026-01-08T12:36:44.715714,
TXN-00000439,204,TRANSFER,5314.74,C1000010,43897.45,38582.71,M9659599,0,0,0,2026-01-08T12:36:44.715776,
TXN-00000440,204,PAYMENT,9983.29,C1000031,0.0,0.0,M2889095,0,0,0,2026-01-08T12:36:44.715837,
TXN-00000441,204,PAYMENT,1879.0,C1000097,211331.86,209452.86,M3019589,0,0,0,2026-01-08T12:36:44.715903,
TXN-00000442,204,PAYMENT,6159.16,C1000046,174331.24,168172.08,M4113026,0,0,0,2026-01-08T12:36:44.715968,
TXN-00000443,204,PAYMENT,10.0,C1000080,242625.9,242615.9,M2716447,0,0,0,2026-01-08T12:36:44.716031,
TXN-00000444,204,TRANSFER,1289.9,C1000038,11808.76,10518.86,M3665656,0,0,0,2026-01-08T12:36:44.716094,
TXN-00000445,204,PAYMENT,50004.59,C1000053,0.0,0.0,M9885568,0,0,0,2026-01-08T12:36:44.716156,
TXN-00000446,204,CASH_OUT,10.0,C1000034,111261.96,111251.96,M4068370,0,0,0,2026-01-08T12:36:44.716217,
TXN-00000447,204,PAYMENT,8696.55,C1000013,254492.78,245796.23,M9779976,0,0,0,2026-01-08T12:36:44.716284,
TXN-00000448,204,PAYMENT,1566.27,C1000069,229846.24,228279.96,M1005910,0,0,0,2026-01-08T12:36:44.716348,
TXN-00000449,204,TRANSFER,10.0,C1000072,44096.03,44086.03,M6653374,0,0,0,2026-01-08T12:36:44.716419,
TXN-00000450,204,TRANSFER,32464.55,C1000073,46196.34,13731.79,M3739333,0,0,0,2026-01-08T12:36:44.716487,
TXN-00000451,204,TRANSFER,1545.48,C1000070,6873.36,5327.87,M7543663,0,0,0,2026-01-08T12:36:44.716555,
TXN-00000452,204,TRANSFER,2114.15,C1000069,228279.96,226165.82,M4954031,0,0,0,2026-01-08T12:36:44.716635,
TXN-00000453,204,PAYMENT,5584.49,C1000052,313284.06,307699.56,M2733132,0,0,0,2026-01-08T12:36:44.716693,
TXN-00000454,204,PAYMENT,8182.99,C1000039,221415.35,213232.37,M6622615,0,0,0,2026-01-08T12:36:44.716751,
TXN-00000455,204,PAYMENT,10.0,C1000038,10518.86,10508.86,M8882657,0,0,0,2026-01-08T12:36:44.716812,
TXN-00000456,204,CASH_OUT,32632.63,C1000095,345496.1,312863.47,M5583700,0,0,0,2026-01-08T12:36:44.716877,
TXN-00000457,204,CASH_IN,17041.25,C1000076,379350.3,396391.56,M9845898,0,0,0,2026-01-08T12:36:44.716945,
TXN-00000458,204,TRANSFER,16627.8,C1000078,124550.48,107922.67,M9011969,0,0,0,2026-01-08T12:36:44.717007,
TXN-00000459,204,DEBIT,30.78,C1000085,49550.87,49520.09,M8748432,0,0,0,2026-01-08T12:36:44.717070,
TXN-00000460,204,DEBIT,10.0,C1000008,302139.66,302129.66,M5720446,0,0,0,2026-01-08T12:36:44.717138,
TXN-00000461,204,DEBIT,3010.85,C1000040,144009.39,140998.54,M6513828,0,0,0,2026-01-08T12:36:44.717201,
TXN-00000462,204,DEBIT,1935.19,C1000086,271289.73,269354.55,M6171366,0,0,0,2026-01-08T12:36:44.717284,
TXN-00000463,204,CASH_OUT,2237.62,C1000026,303446.15,301208.53,M8705953,0,0,0,2026-01-08T12:36:44.717353,
TXN-00000464,204,PAYMENT,7339.39,C1000031,0.0,0.0,M9646413,0,0,0,2026-01-08T12:36:44.717412,
TXN-00000465,204,PAYMENT,1287.81,C1000096,446274.31,444986.5,M9314873,0,0,0,2026-01-08T12:36:44.717468,
TXN-00000466,204,DEBIT,34865.77,C1000073,13731.79,0.0,M5866831,0,0,0,2026-01-08T12:36:44.717524,
TXN-00000467,204,TRANSFER,4624.36,C1000025,280993.16,276368.8,M2475812,0,0,0,2026-01-08T12:36:44.717588,
TXN-00000468,204,PAYMENT,1871.49,C1000017,242259.87,240388.38,M6696810,0,0,0,2026-01-08T12:36:44.717651,
TXN-00000469,204,TRANSFER,20889.27,C1000095,312863.47,291974.2,M5780401,0,0,0,2026-01-08T12:36:44.717715,
TXN-00000470,204,PAYMENT,92.33,C1000002,389664.41,389572.08,M7877261,0,0,0,2026-01-08T12:36:44.717777,
TXN-00000471,204,TRANSFER,4179.14,C1000021,16693.14,12514.0,M1633626,0,0,0,2026-01-08T12:36:44.717838,
TXN-00000472,204,PAYMENT,596.01,C1000034,111251.96,110655.96,M3939849,0,0,0,2026-01-08T12:36:44.717909,
TXN-00000473,204,CASH_OUT,4395.26,C1000027,71721.87,67326.61,M1664663,0,0,0,2026-01-08T12:36:44.717971,
TXN-00000474,204,PAYMENT,10.0,C1000066,32363.07,32353.07,M4831912,0,0,0,2026-01-08T12:36:44.718036,
TXN-00000475,204,CASH_IN,10.0,C1000038,10508.86,10518.86,M1140312,0,0,0,2026-01-08T12:36:44.718098,
TXN-00000476,204,TRANSFER,6172.44,C1000059,404942.46,398770.01,M4605649,0,0,0,2026-01-08T12:36:44.718161,
TXN-00000477,204,CASH_OUT,5784.48,C1000046,168172.08,162387.6,M1609145,0,0,0,2026-01-08T12:36:44.718223,
TXN-00000478,204,PAYMENT,5554.2,C1000052,307699.56,302145.37,M2156568,0,0,0,2026-01-08T12:36:44.718285,
TXN-00000479,204,PAYMENT,24993.32,C1000037,0.0,0.0,M2554953,0,0,0,2026-01-08T12:36:44.718347,
TXN-00000480,204,PAYMENT,51.14,C1000009,143864.88,143813.73,M7001040,0,0,0,2026-01-08T12:36:44.718412,
TXN-00000481,204,CASH_OUT,6670.7,C1000059,398770.01,392099.31,M2929826,0,0,0,2026-01-08T12:36:44.718475,
TXN-00000482,204,TRANSFER,10.0,C1000002,389572.08,389562.08,M8458842,0,0,0,2026-01-08T12:36:44.718541,
TXN-00000483,204,PAYMENT,10.0,C1000009,143813.73,143803.73,M5950735,0,0,0,2026-01-08T12:36:44.718605,
TXN-00000484,204,DEBIT,176.83,C1000008,302129.66,301952.83,M8212915,0,0,0,2026-01-08T12:36:44.718668,
TXN-00000485,204,PAYMENT,1887.34,C1000070,5327.87,3440.54,M9226911,0,0,0,2026-01-08T12:36:44.718732,
TXN-00000486,204,CASH_OUT,10.0,C1000033,326849.72,326839.72,M8831979,0,0,0,2026-01-08T12:36:44.718795,
TXN-00000487,204,DEBIT,859.85,C1000018,250646.25,249786.39,M3471992,0,0,0,2026-01-08T12:36:44.718861,
TXN-00000488,204,TRANSFER,4312.98,C1000027,67326.61,63013.62,M8854052,0,0,0,2026-01-08T12:36:44.718928,
TXN-00000489,204,PAYMENT,18202.95,C1000079,376176.6,357973.65,M8719024,0,0,0,2026-01-08T12:36:44.718993,
TXN-00000490,204,TRANSFER,428.09,C1000094,265330.94,264902.84,M9573995,0,0,0,2026-01-08T12:36:44.719057,
TXN-00000491,204,TRANSFER,10.0,C1000042,372125.19,372115.19,M3617172,0,0,0,2026-01-08T12:36:44.719121,
TXN-00000492,204,CASH_OUT,2487.32,C1000084,283904.28,281416.97,M4130011,0,0,0,2026-01-08T12:36:44.719187,
TXN-00000493,204,TRANSFER,8165.84,C1000039,213232.37,205066.53,M9510893,0,0,0,2026-01-08T12:36:44.719251,
TXN-00000494,204,TRANSFER,9766.63,C1000092,339144.08,329377.45,M2509022,0,0,0,2026-01-08T12:36:44.719314,
TXN-00000495,204,DEBIT,2757.6,C1000097,209452.86,206695.26,M8049338,0,0,0,2026-01-08T12:36:44.719376,
TXN-00000496,204,PAYMENT,10.0,C1000080,242615.9,242605.9,M7943237,0,0,0,2026-01-08T12:36:44.719442,
TXN-00000497,204,TRANSFER,3151.92,C1000028,126698.35,123546.42,M9964420,0,0,0,2026-01-08T12:36:44.719507,
TXN-00000498,204,CASH_OUT,8369.3,C1000031,0.0,0.0,M2928405,0,0,0,2026-01-08T12:36:44.719571,
TXN-00000499,204,TRANSFER,17940.66,C1000076,396391.56,378450.9,M6949883,0,0,0,2026-01-08T12:36:44.719634,
TXN-00000500,204,PAYMENT,10.0,C1000047,106635.2,106625.2,M3923122,0,0,0,2026-01-08T12:36:44.719700,
TXN-00000501,204,TRANSFER,26506.98,C1000056,26721.94,214.96,M5695453,0,0,0,2026-01-08T12:36:44.719765,
TXN-00000502,204,TRANSFER,1090.79,C1000085,49520.09,48429.3,M8518702,0,0,0,2026-01-08T12:36:44.719834,
TXN-00000503,204,CASH_IN,10.0,C1000023,117684.21,117694.21,M8723264,0,0,0,2026-01-08T12:36:44.719905,
TXN-00000504,204,TRANSFER,10.0,C1000094,264902.84,264892.84,M9035632,0,0,0,2026-01-08T12:36:44.719969,
TXN-00000505,204,CASH_OUT,101691.19,C1000074,346403.82,244712.63,M1074237,0,0,1,2026-01-08T12:36:44.720005,large_amount
TXN-00000506,204,PAYMENT,4131.64,C1000096,444986.5,440854.86,M5959367,0,0,0,2026-01-08T12:36:44.720073,
TXN-00000507,204,CASH_OUT,5554.39,C1000003,225917.22,220362.83,M7589601,0,0,0,2026-01-08T12:36:44.720138,
TXN-00000508,204,PAYMENT,1479.54,C1000069,226165.82,224686.27,M8257251,0,0,0,2026-01-08T12:36:44.720201,
TXN-00000509,204,PAYMENT,10.0,C1000048,255610.34,255600.34,M9282331,0,0,0,2026-01-08T12:36:44.720263,
TXN-00000510,204,CASH_OUT,5742.98,C1000059,392099.31,386356.33,M9670690,0,0,0,2026-01-08T12:36:44.720329,
TXN-00000511,204,PAYMENT,4978.58,C1000025,276368.8,271390.22,M9437689,0,0,0,2026-01-08T12:36:44.720391,
TXN-00000512,204,CASH_OUT,2332.11,C1000098,337974.08,335641.97,M8054925,0,0,0,2026-01-08T12:36:44.720460,
TXN-00000513,204,PAYMENT,2293.51,C1000081,131265.32,128971.81,M7767911,0,0,0,2026-01-08T12:36:44.720523,
TXN-00000514,204,TRANSFER,4323.47,C1000074,346403.82,342080.35,M9944863,0,0,0,2026-01-08T12:36:44.720592,
TXN-00000515,204,PAYMENT,10.0,C1000078,107922.67,107912.67,M1173983,0,0,0,2026-01-08T12:36:44.720651,
TXN-00000516,204,PAYMENT,11403.54,C1000005,369075.25,357671.71,M9766837,0,0,0,2026-01-08T12:36:44.720709,
TXN-00000517,204,TRANSFER,22635.29,C1000095,291974.2,269338.91,M5700823,0,0,0,2026-01-08T12:36:44.720772,
TXN-00000518,204,CASH_OUT,10.0,C1000082,353014.72,353004.72,M5008354,0,0,0,2026-01-08T12:36:44.720835,
TXN-00000519,204,PAYMENT,2865.31,C1000006,429403.52,426538.21,M7966691,0,0,0,2026-01-08T12:36:44.721255,
TXN-00000520,204,CASH_OUT,1054.66,C1000007,111065.55,110010.89,M7590340,0,0,0,2026-01-08T12:36:44.722104,
TXN-00000521,204,DEBIT,4295.62,C1000082,353004.72,348709.1,M6887483,0,0,0,2026-01-08T12:36:44.722607,
TXN-00000522,204,TRANSFER,6071.43,C1000059,386356.33,380284.9,M7670335,0,0,0,2026-01-08T12:36:44.722772,
TXN-00000523,204,CASH_OUT,8894.26,C1000031,0.0,0.0,M1587660,0,0,0,2026-01-08T12:36:44.722852,
TXN-00000524,204,TRANSFER,1997.55,C1000017,240388.38,238390.84,M5530981,0,0,0,2026-01-08T12:36:44.722913,
TXN-00000525,196,CASH_OUT,65523.15,C1000095,269338.91,203815.76,M7445065,0,0,1,2026-01-08T12:36:44.722953,night_transaction
TXN-00000526,204,PAYMENT,3466.88,C1000049,257549.59,254082.71,M6600348,0,0,0,2026-01-08T12:36:44.723018,
TXN-00000527,204,TRANSFER,1162.48,C1000001,136125.18,134962.7,M2908296,0,0,0,2026-01-08T12:36:44.723088,
TXN-00000528,204,PAYMENT,1325.65,C1000089,279001.17,277675.52,M1858383,0,0,0,2026-01-08T12:36:44.723149,
TXN-00000529,204,CASH_OUT,1571.41,C1000016,254990.49,253419.08,M4743408,0,0,0,2026-01-08T12:36:44.723231,
TXN-00000530,204,TRANSFER,6572.36,C1000059,380284.9,373712.55,M1790690,0,0,0,2026-01-08T12:36:44.723351,
TXN-00000531,204,CASH_OUT,2976.67,C1000040,140998.54,138021.87,M3299705,0,0,0,2026-01-08T12:36:44.723423,
TXN-00000532,204,DEBIT,1735.9,C1000096,440854.86,439118.96,M9577820,0,0,0,2026-01-08T12:36:44.723586,
TXN-00000533,204,PAYMENT,10.0,C1000066,32353.07,32343.07,M8144113,0,0,0,2026-01-08T12:36:44.723665,
TXN-00000534,204,PAYMENT,10.0,C1000033,326839.72,326829.72,M2245146,0,0,0,2026-01-08T12:36:44.723733,
TXN-00000535,204,PAYMENT,10.0,C1000081,128971.81,128961.81,M1095608,0,0,0,2026-01-08T12:36:44.723794,
TXN-00000536,204,PAYMENT,16959.71,C1000093,21352.31,4392.6,M9392055,0,0,0,2026-01-08T12:36:44.723853,
TXN-00000537,204,PAYMENT,5525.87,C1000025,271390.22,265864.35,M3204251,0,0,0,2026-01-08T12:36:44.723913,
TXN-00000538,204,PAYMENT,9887.02,C1000057,40015.14,30128.11,M3403928,0,0,0,2026-01-08T12:36:44.724015,
TXN-00000539,204,PAYMENT,2124.4,C1000023,117694.21,115569.81,M9395198,0,0,0,2026-01-08T12:36:44.724095,
TXN-00000540,204,PAYMENT,1734.84,C1000028,123546.42,121811.59,M6606356,0,0,0,2026-01-08T12:36:44.724167,
TXN-00000541,204,CASH_OUT,10.0,C1000064,2589.28,2579.28,M7127032,0,0,0,2026-01-08T12:36:44.724234,
TXN-00000542,204,PAYMENT,24926.35,C1000037,0.0,0.0,M8423156,0,0,0,2026-01-08T12:36:44.724300,
TXN-00000543,204,CASH_OUT,24906.43,C1000037,0.0,0.0,M7814023,0,0,0,2026-01-08T12:36:44.724360,
TXN-00000544,204,PAYMENT,7804.54,C1000042,372115.19,364310.64,M3755551,0,0,0,2026-01-08T12:36:44.724416,
TXN-00000545,204,PAYMENT,6152.3,C1000046,162387.6,156235.3,M2430468,0,0,0,2026-01-08T12:36:44.724473,
TXN-00000546,204,TRANSFER,9729.27,C1000013,245796.23,236066.96,M3072937,0,0,0,2026-01-08T12:36:44.724529,
TXN-00000547,204,DEBIT,10.0,C1000072,44086.03,44076.03,M4934636,0,0,0,2026-01-08T12:36:44.724585,
TXN-00000548,204,PAYMENT,32575.78,C1000042,364310.64,331734.86,M6474491,0,0,0,2026-01-08T12:36:44.724641,
TXN-00000549,204,CASH_IN,3298.95,C1000055,243186.8,246485.75,M5216732,0,0,0,2026-01-08T12:36:44.724697,
TXN-00000550,204,CASH_OUT,10845.24,C1000015,421192.05,410346.82,M5735231,0,0,0,2026-01-08T12:36:44.724752,
TXN-00000551,204,CASH_IN,1662.95,C1000069,224686.27,226349.22,M5371849,0,0,0,2026-01-08T12:36:44.724808,
TXN-00000552,204,TRANSFER,20756.52,C1000019,107934.19,87177.67,M8701881,0,0,0,2026-01-08T12:36:44.724870,
TXN-00000553,204,CASH_OUT,8378.64,C1000039,205066.53,196687.88,M7527688,0,0,0,2026-01-08T12:36:44.724925,
TXN-00000554,204,TRANSFER,949.85,C1000007,110010.89,109061.04,M6517789,0,0,0,2026-01-08T12:36:44.724981,
TXN-00000555,204,PAYMENT,681.3,C1000085,48429.3,47748.01,M7992006,0,0,0,2026-01-08T12:36:44.725036,
TXN-00000556,204,PAYMENT,10.0,C1000080,242605.9,242595.9,M4680289,0,0,0,2026-01-08T12:36:44.725094,
TXN-00000557,204,PAYMENT,4281.4,C1000027,63013.62,58732.22,M8712689,0,0,0,2026-01-08T12:36:44.725151,
TXN-00000558,204,TRANSFER,1291.79,C1000018,249786.39,248494.6,M1232900,0,0,0,2026-01-08T12:36:44.725207,
TXN-00000559,204,DEBIT,780.46,C1000055,246485.75,245705.29,M5025642,0,0,0,2026-01-08T12:36:44.725263,
TXN-00000560,204,TRANSFER,20870.19,C1000095,269338.91,248468.72,M8790660,0,0,0,2026-01-08T12:36:44.726324,
TXN-00000561,204,CASH_OUT,10.0,C1000055,245705.29,245695.29,M2330058,0,0,0,2026-01-08T12:36:44.726601,
TXN-00000562,204,CASH_IN,32482.69,C1000067,107594.59,140077.29,M6245304,0,0,0,2026-01-08T12:36:44.726947,
TXN-00000563,204,DEBIT,10.0,C1000078,107912.67,107902.67,M4770555,0,0,0,2026-01-08T12:36:44.727168,
TXN-00000564,204,PAYMENT,6229.12,C1000078,107902.67,101673.55,M4120904,0,0,0,2026-01-08T12:36:44.727256,
TXN-00000565,204,TRANSFER,1966.99,C1000090,349699.07,347732.08,M5013695,0,0,0,2026-01-08T12:36:44.727327,
TXN-00000566,204,PAYMENT,10.0,C1000057,30128.11,30118.11,M9420848,0,0,0,2026-01-08T12:36:44.727391,
TXN-00000567,204,CASH_OUT,1796.06,C1000072,44076.03,42279.96,M3801908,0,0,0,2026-01-08T12:36:44.727454,
TXN-00000568,204,PAYMENT,56874.78,C1000000,0.0,0.0,M4050936,0,0,0,2026-01-08T12:36:44.727525,
TXN-00000569,204,TRANSFER,17829.77,C1000093,4392.6,0.0,M2502354,0,0,0,2026-01-08T12:36:44.727587,
TXN-00000570,204,TRANSFER,6245.04,C1000011,0.0,0.0,M3516989,0,0,0,2026-01-08T12:36:44.727645,
TXN-00000571,204,CASH_OUT,1308.12,C1000008,301952.83,300644.71,M4782467,0,0,0,2026-01-08T12:36:44.727702,
TXN-00000572,204,CASH_OUT,10.0,C1000098,335641.97,335631.97,M5025017,0,0,0,2026-01-08T12:36:44.727762,
TXN-00000573,204,PAYMENT,275.65,C1000020,462545.9,462270.25,M4351290,0,0,0,2026-01-08T12:36:44.727820,
TXN-00000574,204,CASH_OUT,2058.64,C1000097,206695.26,204636.62,M7677755,0,0,0,2026-01-08T12:36:44.727884,
TXN-00000575,204,TRANSFER,6387.34,C1000052,302145.37,295758.02,M3483239,0,0,0,2026-01-08T12:36:44.727940,
TXN-00000576,204,PAYMENT,4591.65,C1000032,229766.98,225175.33,M3804290,0,0,0,2026-01-08T12:36:44.727995,
TXN-00000577,204,PAYMENT,4873.12,C1000032,225175.33,220302.21,M2699020,0,0,0,2026-01-08T12:36:44.728052,
TXN-00000578,204,PAYMENT,18155.46,C1000079,357973.65,339818.19,M5218042,0,0,0,2026-01-08T12:36:44.728108,
TXN-00000579,204,PAYMENT,1577.3,C1000080,242595.9,241018.61,M4068149,0,0,0,2026-01-08T12:36:44.728163,
TXN-00000580,204,PAYMENT,3148.36,C1000082,348709.1,345560.73,M5305061,0,0,0,2026-01-08T12:36:44.728219,
TXN-00000581,204,CASH_IN,8635.32,C1000039,196687.88,205323.2,M3476932,0,0,0,2026-01-08T12:36:44.728275,
TXN-00000582,204,CASH_IN,676.33,C1000041,351183.59,351859.91,M1681218,0,0,0,2026-01-08T12:36:44.728334,
TXN-00000583,204,PAYMENT,39366.01,C1000012,34585.79,0.0,M6451556,0,0,0,2026-01-08T12:36:44.728390,
TXN-00000584,204,TRANSFER,979.12,C1000001,134962.7,133983.58,M1157834,0,0,0,2026-01-08T12:36:44.728446,
TXN-00000585,204,CASH_OUT,10.0,C1000057,30118.11,30108.11,M6160331,0,0,0,2026-01-08T12:36:44.728503,
TXN-00000586,204,PAYMENT,7960.02,C1000005,357671.71,349711.68,M5872827,0,0,0,2026-01-08T12:36:44.728564,
TXN-00000587,204,PAYMENT,2320.28,C1000086,269354.55,267034.26,M8943278,0,0,0,2026-01-08T12:36:44.728621,
TXN-00000588,204,PAYMENT,172762.56,C1000050,0.0,0.0,M6789464,0,0,0,2026-01-08T12:36:44.728677,
TXN-00000589,204,TRANSFER,4616.1,C1000027,58732.22,54116.12,M3239798,0,0,0,2026-01-08T12:36:44.728733,
TXN-00000590,204,TRANSFER,12421.74,C1000054,237434.22,225012.48,M1864609,0,0,0,2026-01-08T12:36:44.728789,
TXN-00000591,204,TRANSFER,10.0,C1000078,101673.55,101663.55,M3932534,0,0,0,2026-01-08T12:36:44.728844,
TXN-00000592,204,PAYMENT,5927.26,C1000046,156235.3,150308.05,M3710137,0,0,0,2026-01-08T12:36:44.728902,
TXN-00000593,204,CASH_OUT,16.26,C1000060,68870.49,68854.24,M6693765,0,0,0,2026-01-08T12:36:44.728971,
TXN-00000594,204,DEBIT,10.0,C1000051,495350.21,495340.21,M7882319,0,0,0,2026-01-08T12:36:44.729026,
TXN-00000595,204,TRANSFER,690.58,C1000041,351859.91,351169.33,M4697579,0,0,0,2026-01-08T12:36:44.729082,
TXN-00000596,204,TRANSFER,5311.13,C1000032,220302.21,214991.08,M6563741,0,0,0,2026-01-08T12:36:44.729137,
TXN-00000597,204,TRANSFER,5622.97,C1000059,373712.55,368089.58,M4328819,0,0,0,2026-01-08T12:36:44.729191,
TXN-00000598,204,CASH_OUT,10.0,C1000078,101663.55,101653.55,M4264104,0,0,0,2026-01-08T12:36:44.729245,
TXN-00000599,204,PAYMENT,120913.88,C1000064,2579.28,0.0,M2369438,0,0,0,2026-01-08T12:36:44.729300,
TXN-00000600,204,TRANSFER,17635.45,C1000076,378450.9,360815.45,M6960350,0,0,0,2026-01-08T12:36:44.729354,
TXN-00000601,204,CASH_OUT,101.81,C1000060,68854.24,68752.42,M4944118,0,0,0,2026-01-08T12:36:44.729409,
TXN-00000602,204,TRANSFER,790.12,C1000023,115569.81,114779.69,M2605983,0,0,0,2026-01-08T12:36:44.729467,
TXN-00000603,204,TRANSFER,138.57,C1000023,114779.69,114641.12,M9977260,0,0,0,2026-01-08T12:36:44.729525,
TXN-00000604,204,CASH_OUT,3842.9,C1000033,326829.72,322986.81,M4572324,0,0,0,2026-01-08T12:36:44.729580,
TXN-00000605,204,DEBIT,4546.65,C1000032,214991.08,210444.43,M2038528,0,0,0,2026-01-08T12:36:44.729634,
TXN-00000606,204,TRANSFER,10.0,C1000029,26765.54,26755.54,M8948509,0,0,0,2026-01-08T12:36:44.729691,
TXN-00000607,204,DEBIT,3794.89,C1000040,138021.87,134226.98,M5073780,0,0,0,2026-01-08T12:36:44.729747,
TXN-00000608,204,DEBIT,2358.1,C1000069,226349.22,223991.12,M5499025,0,0,0,2026-01-08T12:36:44.729802,
TXN-00000609,204,DEBIT,10.0,C1000018,248494.6,248484.6,M2906297,0,0,0,2026-01-08T12:36:44.729856,
TXN-00000610,204,TRANSFER,562.71,C1000098,335631.97,335069.26,M1786027,0,0,0,2026-01-08T12:36:44.729911,
TXN-00000611,204,PAYMENT,3961.47,C1000045,157568.96,153607.48,M3101530,0,0,0,2026-01-08T12:36:44.729965,
TXN-00000612,204,TRANSFER,6940.66,C1000052,295758.02,288817.37,M9459224,0,0,0,2026-01-08T12:36:44.730023,
TXN-00000613,204,PAYMENT,34061.0,C1000073,0.0,0.0,M8689386,0,0,0,2026-01-08T12:36:44.730080,
TXN-00000614,204,PAYMENT,21267.25,C1000024,0.0,0.0,M1413605,0,0,0,2026-01-08T12:36:44.730133,
TXN-00000615,204,CASH_OUT,96.39,C1000001,133983.58,133887.19,M5249694,0,0,0,2026-01-08T12:36:44.730188,
TXN-00000616,204,CASH_OUT,2040.66,C1000090,347732.08,345691.42,M8195607,0,0,0,2026-01-08T12:36:44.730245,
TXN-00000617,204,PAYMENT,7759.28,C1000080,241018.61,233259.33,M9923417,0,0,0,2026-01-08T12:36:44.730300,
TXN-00000618,204,PAYMENT,4083.41,C1000057,30108.11,26024.7,M9522266,0,0,0,2026-01-08T12:36:44.730359,
TXN-00000619,204,CASH_OUT,3403.18,C1000023,114641.12,111237.94,M2445426,0,0,0,2026-01-08T12:36:44.730414,
TXN-00000620,204,PAYMENT,3646.99,C1000020,462270.25,458623.26,M7220127,0,0,0,2026-01-08T12:36:44.730468,
TXN-00000621,204,PAYMENT,10.0,C1000075,480159.33,480149.33,M9044546,0,0,0,2026-01-08T12:36:44.730522,
TXN-00000622,204,TRANSFER,20276.79,C1000035,27226.0,6949.22,M7714796,0,0,0,2026-01-08T12:36:44.730578,
TXN-00000623,204,CASH_OUT,173479.4,C1000050,0.0,0.0,M6206651,0,0,0,2026-01-08T12:36:44.730632,
TXN-00000624,204,PAYMENT,10.0,C1000042,331734.86,331724.86,M1578307,0,0,0,2026-01-08T12:36:44.730686,
TXN-00000625,204,CASH_OUT,1349.55,C1000086,267034.26,265684.72,M2285022,0,0,0,2026-01-08T12:36:44.730741,
TXN-00000626,204,PAYMENT,6108.35,C1000046,150308.05,144199.7,M7728905,0,0,0,2026-01-08T12:36:44.730795,
TXN-00000627,204,CASH_OUT,2106.0,C1000017,238390.84,236284.84,M5380422,0,0,0,2026-01-08T12:36:44.730851,
TXN-00000628,204,CASH_IN,3264.46,C1000096,439118.96,442383.42,M9477062,0,0,0,2026-01-08T12:36:44.730909,
TXN-00000629,204,PAYMENT,10.0,C1000085,47748.01,47738.01,M4208655,0,0,0,2026-01-08T12:36:44.730964,
TXN-00000630,204,PAYMENT,1880.19,C1000001,133887.19,132007.0,M2402070,0,0,0,2026-01-08T12:36:44.731018,
TXN-00000631,204,CASH_OUT,10.0,C1000002,389562.08,389552.08,M2062370,0,0,0,2026-01-08T12:36:44.731073,
TXN-00000632,204,TRANSFER,4075.3,C1000006,426538.21,422462.92,M4154621,0,0,0,2026-01-08T12:36:44.731131,
TXN-00000633,204,TRANSFER,1789.32,C1000071,270943.32,269154.0,M2375286,0,0,0,2026-01-08T12:36:44.731187,
TXN-00000634,204,PAYMENT,1357.95,C1000034,110655.96,109298.0,M2204020,0,0,0,2026-01-08T12:36:44.731243,
TXN-00000635,204,CASH_OUT,19074.35,C1000024,0.0,0.0,M5052500,0,0,0,2026-01-08T12:36:44.731298,
TXN-00000636,204,TRANSFER,10.0,C1000078,101653.55,101643.55,M3191477,0,0,0,2026-01-08T12:36:44.731351,
TXN-00000637,204,PAYMENT,10070.66,C1000092,329377.45,319306.79,M3662994,0,0,0,2026-01-08T12:36:44.731407,
TXN-00000638,204,TRANSFER,6908.84,C1000088,229190.55,222281.71,M9360618,0,0,0,2026-01-08T12:36:44.731462,
TXN-00000639,204,TRANSFER,10.0,C1000029,26755.54,26745.54,M7123154,0,0,0,2026-01-08T12:36:44.731517,
TXN-00000640,204,DEBIT,2185.23,C1000098,335069.26,332884.03,M8501588,0,0,0,2026-01-08T12:36:44.731571,
TXN-00000641,204,PAYMENT,2772.96,C1000020,458623.26,455850.3,M4894407,0,0,0,2026-01-08T12:36:44.731626,
TXN-00000642,204,PAYMENT,10243.62,C1000092,319306.79,309063.17,M4071839,0,0,0,2026-01-08T12:36:44.731682,
TXN-00000643,204,TRANSFER,88.57,C1000034,109298.0,109209.43,M9773095,0,0,0,2026-01-08T12:36:44.731736,
TXN-00000644,204,CASH_OUT,670.1,C1000004,251660.18,250990.08,M9191697,0,0,0,2026-01-08T12:36:44.731792,
TXN-00000645,204,TRANSFER,10.0,C1000098,332884.03,332874.03,M1803335,0,0,0,2026-01-08T12:36:44.731847,
TXN-00000646,204,PAYMENT,1944.85,C1000069,223991.12,222046.26,M7738003,0,0,0,2026-01-08T12:36:44.731902,
TXN-00000647,204,TRANSFER,10.0,C1000097,204636.62,204626.62,M5636305,0,0,0,2026-01-08T12:36:44.731957,
TXN-00000648,204,PAYMENT,52053.13,C1000053,0.0,0.0,M8753779,0,0,0,2026-01-08T12:36:44.732011,
TXN-00000649,204,CASH_OUT,10.0,C1000097,204626.62,204616.62,M5729766,0,0,0,2026-01-08T12:36:44.732140,
TXN-00000650,204,TRANSFER,49203.11,C1000053,0.0,0.0,M7498323,0,0,0,2026-01-08T12:36:44.732271,
TXN-00000651,204,CASH_OUT,3956.61,C1000065,0.0,0.0,M6067548,0,0,0,2026-01-08T12:36:44.732343,
TXN-00000652,204,TRANSFER,1302.16,C1000094,264892.84,263590.69,M1800991,0,0,0,2026-01-08T12:36:44.732417,
TXN-00000653,204,TRANSFER,9849.18,C1000033,322986.81,313137.63,M1441342,0,0,0,2026-01-08T12:36:44.732486,
TXN-00000654,204,CASH_OUT,7873.7,C1000036,148188.84,140315.14,M3441983,0,0,0,2026-01-08T12:36:44.732575,
TXN-00000655,204,CASH_OUT,941.66,C1000007,109061.04,108119.38,M3436340,0,0,0,2026-01-08T12:36:44.732702,
TXN-00000656,204,DEBIT,10.0,C1000033,313137.63,313127.63,M5596449,0,0,0,2026-01-08T12:36:44.732892,
TXN-00000657,204,TRANSFER,396.63,C1000094,263590.69,263194.06,M9358324,0,0,0,2026-01-08T12:36:44.732982,
TXN-00000658,204,CASH_OUT,10.0,C1000080,233259.33,233249.33,M5631278,0,0,0,2026-01-08T12:36:44.733054,
TXN-00000659,204,TRANSFER,2041.05,C1000068,191806.23,189765.18,M1700273,0,0,0,2026-01-08T12:36:44.733118,
TXN-00000660,204,PAYMENT,3086.92,C1000097,204616.62,201529.7,M2895153,0,0,0,2026-01-08T12:36:44.733239,
TXN-00000661,204,PAYMENT,1638.88,C1000080,233249.33,231610.45,M2693865,0,0,0,2026-01-08T12:36:44.733331,
TXN-00000662,204,PAYMENT,1720.19,C1000026,301208.53,299488.34,M5120003,0,0,0,2026-01-08T12:36:44.733405,
TXN-00000663,204,PAYMENT,10.0,C1000009,143803.73,143793.73,M6301543,0,0,0,2026-01-08T12:36:44.733453,
TXN-00000664,204,TRANSFER,7232.57,C1000047,106625.2,99392.63,M2620983,0,0,0,2026-01-08T12:36:44.733534,
TXN-00000665,204,CASH_OUT,1817.07,C1000094,263194.06,261376.99,M4084153,0,0,0,2026-01-08T12:36:44.733633,
TXN-00000666,204,PAYMENT,2503.35,C1000020,455850.3,453346.95,M5110143,0,0,0,2026-01-08T12:36:44.733708,
TXN-00000667,204,PAYMENT,40.97,C1000009,143793.73,143752.76,M8279806,0,0,0,2026-01-08T12:36:44.733779,
TXN-00000668,204,CASH_OUT,10.0,C1000009,143752.76,143742.76,M9744855,0,0,0,2026-01-08T12:36:44.733847,
TXN-00000669,204,TRANSFER,7988.58,C1000036,140315.14,132326.56,M4114503,0,0,0,2026-01-08T12:36:44.733908,
TXN-00000670,204,PAYMENT,6187.65,C1000046,144199.7,138012.05,M2756862,0,0,0,2026-01-08T12:36:44.733967,
TXN-00000671,204,PAYMENT,1493.9,C1000008,300644.71,299150.81,M5524976,0,0,0,2026-01-08T12:36:44.734027,
TXN-00000672,204,TRANSFER,2042.11,C1000017,236284.84,234242.73,M8669332,0,0,0,2026-01-08T12:36:44.734087,
TXN-00000673,204,CASH_OUT,17674.62,C1000093,0.0,0.0,M2282507,0,0,0,2026-01-08T12:36:44.734149,
TXN-00000674,204,CASH_OUT,1356.58,C1000026,299488.34,298131.77,M4489743,0,0,0,2026-01-08T12:36:44.734225,
TXN-00000675,204,PAYMENT,9457.23,C1000031,0.0,0.0,M6895717,0,0,0,2026-01-08T12:36:44.734285,
TXN-00000676,204,TRANSFER,22690.93,C1000035,6949.22,0.0,M5536804,0,0,0,2026-01-08T12:36:44.734340,
TXN-00000677,204,DEBIT,8827.35,C1000033,313127.63,304300.28,M3472968,0,0,0,2026-01-08T12:36:44.734396,
TXN-00000678,204,PAYMENT,1745.06,C1000097,201529.7,199784.64,M2763666,0,0,0,2026-01-08T12:36:44.734452,
TXN-00000679,204,CASH_OUT,13909.07,C1000005,349711.68,335802.62,M9522109,0,0,0,2026-01-08T12:36:44.734510,
TXN-00000680,204,CASH_IN,5412.97,C1000010,38582.71,43995.67,M7861878,0,0,0,2026-01-08T12:36:44.734567,
TXN-00000681,204,PAYMENT,10.0,C1000021,12514.0,12504.0,M1083950,0,0,0,2026-01-08T12:36:44.734623,
TXN-00000682,204,TRANSFER,26506.05,C1000056,214.96,0.0,M4641540,0,0,0,2026-01-08T12:36:44.734679,
TXN-00000683,204,CASH_OUT,786.06,C1000022,81247.8,80461.74,M4614770,0,0,0,2026-01-08T12:36:44.734735,
TXN-00000684,204,PAYMENT,5004.94,C1000032,210444.43,205439.49,M7611212,0,0,0,2026-01-08T12:36:44.734790,
TXN-00000685,204,TRANSFER,25143.82,C1000067,140077.29,114933.46,M4230444,0,0,0,2026-01-08T12:36:44.734845,
TXN-00000686,204,TRANSFER,4985.06,C1000058,59889.41,54904.36,M5141752,0,0,0,2026-01-08T12:36:44.734900,
TXN-00000687,204,PAYMENT,2967.88,C1000057,26024.7,23056.83,M4043300,0,0,0,2026-01-08T12:36:44.734955,
TXN-00000688,204,PAYMENT,4511.62,C1000027,54116.12,49604.51,M1520202,0,0,0,2026-01-08T12:36:44.735009,
TXN-00000689,204,TRANSFER,4123.78,C1000047,99392.63,95268.85,M5792381,0,0,0,2026-01-08T12:36:44.735064,
TXN-00000690,204,DEBIT,5743.37,C1000046,138012.05,132268.68,M3382719,0,0,0,2026-01-08T12:36:44.735118,
TXN-00000691,204,PAYMENT,5103.43,C1000025,265864.35,260760.91,M7008514,0,0,0,2026-01-08T12:36:44.735173,
TXN-00000692,204,PAYMENT,1985.2,C1000086,265684.72,263699.51,M1143254,0,0,0,2026-01-08T12:36:44.735231,
TXN-00000693,204,PAYMENT,13576.21,C1000063,358127.78,344551.57,M3222279,0,0,0,2026-01-08T12:36:44.735286,
TXN-00000694,204,CASH_OUT,4096.02,C1000010,43995.67,39899.65,M7736900,0,0,0,2026-01-08T12:36:44.735340,
TXN-00000695,204,PAYMENT,10.0,C1000061,278099.31,278089.31,M1981212,0,0,0,2026-01-08T12:36:44.735394,
TXN-00000696,204,PAYMENT,22.19,C1000055,245695.29,245673.1,M6153290,0,0,0,2026-01-08T12:36:44.735448,
TXN-00000697,204,CASH_IN,2344.09,C1000030,165639.48,167983.57,M9398765,0,0,0,2026-01-08T12:36:44.735502,
TXN-00000698,204,DEBIT,10.0,C1000004,250990.08,250980.08,M5806264,0,0,0,2026-01-08T12:36:44.735556,
TXN-00000699,204,TRANSFER,10.0,C1000082,345560.73,345550.73,M6279465,0,0,0,2026-01-08T12:36:44.735610,
TXN-00000700,204,PAYMENT,5368.95,C1000059,368089.58,362720.62,M9049269,0,0,0,2026-01-08T12:36:44.735664,
TXN-00000701,204,TRANSFER,10.0,C1000072,42279.96,42269.96,M2792122,0,0,0,2026-01-08T12:36:44.735726,
TXN-00000702,204,PAYMENT,870.5,C1000097,199784.64,198914.14,M8853901,0,0,0,2026-01-08T12:36:44.735788,
TXN-00000703,204,PAYMENT,2359.75,C1000069,222046.26,219686.51,M2492903,0,0,0,2026-01-08T12:36:44.735843,
TXN-00000704,204,CASH_IN,10.0,C1000064,0.0,10.0,M9221363,0,0,0,2026-01-08T12:36:44.735896,
TXN-00000705,204,PAYMENT,2159.83,C1000086,263699.51,261539.68,M9134293,0,0,0,2026-01-08T12:36:44.735951,
TXN-00000706,204,CASH_OUT,3690.66,C1000043,186118.16,182427.5,M9938757,0,0,0,2026-01-08T12:36:44.736007,
TXN-00000707,204,DEBIT,1041.09,C1000096,442383.42,441342.33,M4505584,0,0,0,2026-01-08T12:36:44.736062,
TXN-00000708,204,DEBIT,5127.57,C1000025,260760.91,255633.34,M6190786,0,0,0,2026-01-08T12:36:44.736117,
TXN-00000709,204,CASH_OUT,817.28,C1000009,143742.76,142925.48,M4400340,0,0,0,2026-01-08T12:36:44.736171,
TXN-00000710,204,DEBIT,1082.7,C1000020,453346.95,452264.25,M1761235,0,0,0,2026-01-08T12:36:44.736226,
TXN-00000711,204,TRANSFER,30401.79,C1000064,10.0,0.0,M8545504,0,0,0,2026-01-08T12:36:44.736281,
TXN-00000712,204,TRANSFER,6637.98,C1000088,222281.71,215643.73,M4239050,0,0,0,2026-01-08T12:36:44.736338,
TXN-00000713,204,TRANSFER,5921.1,C1000051,495340.21,489419.11,M5731296,0,0,0,2026-01-08T12:36:44.736392,
TXN-00000714,204,DEBIT,11189.3,C1000031,0.0,0.0,M6176143,0,0,0,2026-01-08T12:36:44.736446,
TXN-00000715,204,PAYMENT,48620.9,C1000053,0.0,0.0,M3605590,0,0,0,2026-01-08T12:36:44.736501,
TXN-00000716,204,CASH_OUT,2030.98,C1000017,234242.73,232211.74,M7038270,0,0,0,2026-01-08T12:36:44.736554,
TXN-00000717,204,PAYMENT,1797.3,C1000023,111237.94,109440.64,M4437082,0,0,0,2026-01-08T12:36:44.736608,
TXN-00000718,204,TRANSFER,23834.57,C1000037,0.0,0.0,M5118217,0,0,0,2026-01-08T12:36:44.736666,
TXN-00000719,204,CASH_IN,1974.98,C1000017,232211.74,234186.72,M6109842,0,0,0,2026-01-08T12:36:44.736720,
TXN-00000720,204,CASH_OUT,4558.95,C1000065,0.0,0.0,M9794977,0,0,0,2026-01-08T12:36:44.736775,
TXN-00000721,204,PAYMENT,6653.72,C1000057,23056.83,16403.11,M7103107,0,0,0,2026-01-08T12:36:44.736831,
TXN-00000722,204,TRANSFER,1736.27,C1000085,47738.01,46001.73,M5695352,0,0,0,2026-01-08T12:36:44.736890,
TXN-00000723,204,CASH_OUT,1996.26,C1000085,46001.73,44005.47,M4281546,0,0,0,2026-01-08T12:36:44.736945,
TXN-00000724,204,CASH_OUT,4708.72,C1000027,49604.51,44895.79,M3681071,0,0,0,2026-01-08T12:36:44.737000,
TXN-00000725,204,TRANSFER,1329.86,C1000082,345550.73,344220.87,M7371523,0,0,0,2026-01-08T12:36:44.737054,
TXN-00000726,204,CASH_OUT,10.0,C1000042,331724.86,331714.86,M9134302,0,0,0,2026-01-08T12:36:44.737111,
TXN-00000727,204,TRANSFER,2216.73,C1000074,342080.35,339863.61,M5394010,0,0,0,2026-01-08T12:36:44.737171,
TXN-00000728,204,PAYMENT,424.57,C1000055,245673.1,245248.53,M5630159,0,0,0,2026-01-08T12:36:44.737229,
TXN-00000729,204,PAYMENT,2145.04,C1000051,489419.11,487274.07,M1540662,0,0,0,2026-01-08T12:36:44.737286,
TXN-00000730,204,CASH_OUT,4410.35,C1000065,0.0,0.0,M9873551,0,0,0,2026-01-08T12:36:44.737344,
TXN-00000731,204,PAYMENT,53720.74,C1000000,0.0,0.0,M2044173,0,0,0,2026-01-08T12:36:44.737400,
TXN-00000732,204,PAYMENT,173355.94,C1000050,0.0,0.0,M5162936,0,0,0,2026-01-08T12:36:44.737457,
TXN-00000733,204,PAYMENT,3394.78,C1000014,394558.31,391163.54,M3209595,0,0,0,2026-01-08T12:36:44.737512,
TXN-00000734,204,PAYMENT,4999.62,C1000085,44005.47,39005.85,M8580671,0,0,0,2026-01-08T12:36:44.737581,
TXN-00000735,204,TRANSFER,10.0,C1000097,198914.14,198904.14,M4065896,0,0,0,2026-01-08T12:36:44.737654,
TXN-00000736,204,PAYMENT,920.07,C1000083,270154.57,269234.51,M5030001,0,0,0,2026-01-08T12:36:44.737708,
TXN-00000737,204,CASH_OUT,10.0,C1000004,250980.08,250970.08,M9036419,0,0,0,2026-01-08T12:36:44.737764,
TXN-00000738,204,PAYMENT,6911.16,C1000051,487274.07,480362.92,M2059984,0,0,0,2026-01-08T12:36:44.737821,
TXN-00000739,204,PAYMENT,7708.91,C1000011,0.0,0.0,M3760047,0,0,0,2026-01-08T12:36:44.737876,
TXN-00000740,204,CASH_IN,794.14,C1000038,10518.86,11313.0,M6961753,0,0,0,2026-01-08T12:36:44.737930,
TXN-00000741,204,TRANSFER,4446.92,C1000065,0.0,0.0,M2921202,0,0,0,2026-01-08T12:36:44.737986,
TXN-00000742,204,TRANSFER,6965.53,C1000046,132268.68,125303.15,M5294502,0,0,0,2026-01-08T12:36:44.738042,
TXN-00000743,204,DEBIT,34053.6,C1000073,0.0,0.0,M9340827,0,0,0,2026-01-08T12:36:44.738101,
TXN-00000744,204,CASH_OUT,9839.51,C1000092,309063.17,299223.66,M4147412,0,0,0,2026-01-08T12:36:44.738155,
TXN-00000745,204,CASH_OUT,1103.13,C1000014,391163.54,390060.41,M9652090,0,0,0,2026-01-08T12:36:44.738209,
TXN-00000746,204,DEBIT,1024.04,C1000077,147304.87,146280.83,M9482610,0,0,0,2026-01-08T12:36:44.738265,
TXN-00000747,204,DEBIT,1450.79,C1000007,108119.38,106668.59,M4475962,0,0,0,2026-01-08T12:36:44.738321,
TXN-00000748,204,TRANSFER,3328.71,C1000068,189765.18,186436.46,M8528148,0,0,0,2026-01-08T12:36:44.738377,
TXN-00000749,204,PAYMENT,2805.52,C1000087,451329.64,448524.11,M8662675,0,0,0,2026-01-08T12:36:44.738432,
TXN-00000750,204,PAYMENT,5076.71,C1000025,255633.34,250556.64,M8910320,0,0,0,2026-01-08T12:36:44.738488,
TXN-00000751,204,PAYMENT,10.0,C1000080,231610.45,231600.45,M3931038,0,0,0,2026-01-08T12:36:44.738542,
TXN-00000752,204,PAYMENT,10.0,C1000029,26745.54,26735.54,M9906757,0,0,0,2026-01-08T12:36:44.738599,
TXN-00000753,204,TRANSFER,6506.67,C1000013,236066.96,229560.29,M1101034,0,0,0,2026-01-08T12:36:44.738675,
TXN-00000754,204,CASH_IN,13144.6,C1000005,335802.62,348947.21,M5594918,0,0,0,2026-01-08T12:36:44.738737,
TXN-00000755,204,CASH_OUT,6086.15,C1000006,422462.92,416376.77,M7839470,0,0,0,2026-01-08T12:36:44.738792,
TXN-00000756,204,PAYMENT,4813.4,C1000052,288817.37,284003.96,M8665473,0,0,0,2026-01-08T12:36:44.738849,
TXN-00000757,204,PAYMENT,5733.74,C1000046,125303.15,119569.41,M9873909,0,0,0,2026-01-08T12:36:44.738905,
TXN-00000758,204,TRANSFER,10.0,C1000009,142925.48,142915.48,M6868951,0,0,0,2026-01-08T12:36:44.738960,
TXN-00000759,204,PAYMENT,1080.53,C1000082,344220.87,343140.34,M5963275,0,0,0,2026-01-08T12:36:44.739015,
TXN-00000760,204,TRANSFER,1793.34,C1000086,261539.68,259746.34,M9496345,0,0,0,2026-01-08T12:36:44.739069,
TXN-00000761,204,TRANSFER,1839.65,C1000096,441342.33,439502.68,M6561119,0,0,0,2026-01-08T12:36:44.739128,
TXN-00000762,204,PAYMENT,1331.06,C1000089,277675.52,276344.46,M7719166,0,0,0,2026-01-08T12:36:44.739188,
TXN-00000763,204,DEBIT,3713.03,C1000028,121811.59,118098.56,M1661891,0,0,0,2026-01-08T12:36:44.739245,
TXN-00000764,204,PAYMENT,10.0,C1000048,255600.34,255590.34,M1069708,0,0,0,2026-01-08T12:36:44.739300,
TXN-00000765,204,TRANSFER,8019.86,C1000011,0.0,0.0,M8307849,0,0,0,2026-01-08T12:36:44.739358,
TXN-00000766,204,CASH_IN,10.0,C1000048,255590.34,255600.34,M2277726,0,0,0,2026-01-08T12:36:44.739412,
TXN-00000767,204,PAYMENT,1678.32,C1000090,345691.42,344013.1,M8085313,0,0,0,2026-01-08T12:36:44.739467,
TXN-00000768,204,TRANSFER,10.0,C1000057,16403.11,16393.11,M9341815,0,0,0,2026-01-08T12:36:44.739521,
TXN-00000769,204,TRANSFER,1761.88,C1000051,480362.92,478601.03,M2565308,0,0,0,2026-01-08T12:36:44.739577,
TXN-00000770,204,PAYMENT,11969.74,C1000095,248468.72,236498.98,M9481056,0,0,0,2026-01-08T12:36:44.739636,
TXN-00000771,204,TRANSFER,10.0,C1000009,142915.48,142905.48,M6294013,0,0,0,2026-01-08T12:36:44.739691,
TXN-00000772,204,PAYMENT,8213.99,C1000039,205323.2,197109.22,M1378377,0,0,0,2026-01-08T12:36:44.739780,
TXN-00000773,204,TRANSFER,213.31,C1000066,32343.07,32129.76,M3626681,0,0,0,2026-01-08T12:36:44.739836,
TXN-00000774,204,CASH_OUT,8412.88,C1000039,197109.22,188696.33,M4969701,0,0,0,2026-01-08T12:36:44.739890,
TXN-00000775,204,PAYMENT,1718.17,C1000045,153607.48,151889.32,M1625447,0,0,0,2026-01-08T12:36:44.739946,
TXN-00000776,204,CASH_IN,1031.82,C1000004,250970.08,252001.89,M2833116,0,0,0,2026-01-08T12:36:44.740001,
TXN-00000777,204,PAYMENT,2105.3,C1000069,219686.51,217581.21,M5635687,0,0,0,2026-01-08T12:36:44.740056,
TXN-00000778,204,PAYMENT,1497.0,C1000022,80461.74,78964.74,M9128509,0,0,0,2026-01-08T12:36:44.740112,
TXN-00000779,204,TRANSFER,3045.39,C1000082,343140.34,340094.95,M8911023,0,0,0,2026-01-08T12:36:44.740166,
TXN-00000780,204,CASH_OUT,3758.97,C1000045,151889.32,148130.34,M9174222,0,0,0,2026-01-08T12:36:44.740219,
TXN-00000781,204,PAYMENT,5373.76,C1000013,229560.29,224186.54,M3700794,0,0,0,2026-01-08T12:36:44.740272,
TXN-00000782,204,PAYMENT,2540.09,C1000084,281416.97,278876.88,M9756580,0,0,0,2026-01-08T12:36:44.740331,
TXN-00000783,204,TRANSFER,5009.24,C1000074,339863.61,334854.38,M5758660,0,0,0,2026-01-08T12:36:44.740382,
TXN-00000784,204,CASH_OUT,2445.28,C1000069,217581.21,215135.93,M6844124,0,0,0,2026-01-08T12:36:44.740432,
TXN-00000785,204,TRANSFER,5135.8,C1000003,220362.83,215227.03,M6170749,0,0,0,2026-01-08T12:36:44.740483,
TXN-00000786,204,TRANSFER,4927.51,C1000003,215227.03,210299.52,M5777083,0,0,0,2026-01-08T12:36:44.740538,
TXN-00000787,204,TRANSFER,17529.77,C1000074,334854.38,317324.61,M5030409,0,0,0,2026-01-08T12:36:44.740589,
TXN-00000788,204,CASH_OUT,4509.25,C1000065,0.0,0.0,M5543948,0,0,0,2026-01-08T12:36:44.740638,
TXN-00000789,204,DEBIT,7047.96,C1000003,210299.52,203251.56,M9859619,0,0,0,2026-01-08T12:36:44.740689,
TXN-00000790,204,PAYMENT,10174.37,C1000092,299223.66,289049.28,M7439568,0,0,0,2026-01-08T12:36:44.740740,
TXN-00000791,204,TRANSFER,37149.18,C1000012,0.0,0.0,M7043470,0,0,0,2026-01-08T12:36:44.740793,
TXN-00000792,204,DEBIT,1856.7,C1000043,182427.5,180570.8,M7131958,0,0,0,2026-01-08T12:36:44.740854,
TXN-00000793,204,CASH_OUT,6201.83,C1000058,54904.36,48702.53,M6982442,0,0,0,2026-01-08T12:36:44.740913,
TXN-00000794,204,TRANSFER,2407.04,C1000023,109440.64,107033.6,M8791993,0,0,0,2026-01-08T12:36:44.740975,
TXN-00000795,204,TRANSFER,486.76,C1000075,480149.33,479662.57,M9563628,0,0,0,2026-01-08T12:36:44.741039,
TXN-00000796,204,TRANSFER,5343.55,C1000062,106654.6,101311.05,M6306597,0,0,0,2026-01-08T12:36:44.741102,
TXN-00000797,204,CASH_IN,6704.22,C1000080,231600.45,238304.67,M3309381,0,0,0,2026-01-08T12:36:44.741248,
TXN-00000798,204,DEBIT,21065.57,C1000019,87177.67,66112.1,M6665949,0,0,0,2026-01-08T12:36:44.741340,
TXN-00000799,204,CASH_OUT,410.9,C1000022,78964.74,78553.84,M1931916,0,0,0,2026-01-08T12:36:44.741416,
TXN-00000800,204,DEBIT,10094.89,C1000031,0.0,0.0,M9552127,0,0,0,2026-01-08T12:36:44.741490,
TXN-00000801,204,PAYMENT,2160.47,C1000081,128961.81,126801.34,M7066547,0,0,0,2026-01-08T12:36:44.741561,
TXN-00000802,204,CASH_OUT,8655.82,C1000039,188696.33,180040.52,M6691757,0,0,0,2026-01-08T12:36:44.741649,
TXN-00000803,204,CASH_IN,10.0,C1000061,278089.31,278099.31,M5212593,0,0,0,2026-01-08T12:36:44.741721,
TXN-00000804,204,TRANSFER,3288.71,C1000021,12504.0,9215.29,M2055924,0,0,0,2026-01-08T12:36:44.741788,
TXN-00000805,204,DEBIT,2179.76,C1000082,340094.95,337915.19,M5343923,0,0,0,2026-01-08T12:36:44.741851,
TXN-00000806,204,PAYMENT,1210.58,C1000041,351169.33,349958.76,M7517304,0,0,0,2026-01-08T12:36:44.741913,
TXN-00000807,204,TRANSFER,4908.83,C1000096,439502.68,434593.85,M5078634,0,0,0,2026-01-08T12:36:44.743311,
TXN-00000808,204,TRANSFER,10.0,C1000080,238304.67,238294.67,M4754310,0,0,0,2026-01-08T12:36:44.743595,
TXN-00000809,204,CASH_OUT,2525.8,C1000071,269154.0,266628.2,M4536681,0,0,0,2026-01-08T12:36:44.743781,
TXN-00000810,204,PAYMENT,25736.54,C1000095,236498.98,210762.44,M2288293,0,0,0,2026-01-08T12:36:44.743908,
TXN-00000811,204,PAYMENT,4514.29,C1000025,250556.64,246042.34,M2500035,0,0,0,2026-01-08T12:36:44.744019,
TXN-00000812,204,TRANSFER,1556.12,C1000094,261376.99,259820.87,M4864413,0,0,0,2026-01-08T12:36:44.744124,
TXN-00000813,204,TRANSFER,4300.91,C1000027,44895.79,40594.87,M5665170,0,0,0,2026-01-08T12:36:44.744329,
TXN-00000814,204,TRANSFER,10.0,C1000040,134226.98,134216.98,M6220593,0,0,0,2026-01-08T12:36:44.744424,
TXN-00000815,204,TRANSFER,10.0,C1000042,331714.86,331704.86,M3102512,0,0,0,2026-01-08T12:36:44.744506,
TXN-00000816,204,DEBIT,3252.46,C1000044,167391.03,164138.57,M1984260,0,0,0,2026-01-08T12:36:44.744626,
TXN-00000817,204,PAYMENT,594.09,C1000061,278099.31,277505.22,M1244087,0,0,0,2026-01-08T12:36:44.744684,
TXN-00000818,204,TRANSFER,10.0,C1000064,0.0,0.0,M1727401,0,0,0,2026-01-08T12:36:44.744743,
TXN-00000819,204,PAYMENT,8609.32,C1000039,180040.52,171431.2,M1470222,0,0,0,2026-01-08T12:36:44.744803,
TXN-00000820,204,PAYMENT,9695.43,C1000015,410346.82,400651.38,M3561068,0,0,0,2026-01-08T12:36:44.744865,
TXN-00000821,204,TRANSFER,1448.47,C1000038,11313.0,9864.52,M1325595,0,0,0,2026-01-08T12:36:44.744920,
TXN-00000822,204,PAYMENT,4972.77,C1000058,48702.53,43729.76,M9709394,0,0,0,2026-01-08T12:36:44.744986,
TXN-00000823,204,CASH_OUT,20275.1,C1000019,66112.1,45837.01,M3935776,0,0,0,2026-01-08T12:36:44.745044,
TXN-00000824,204,PAYMENT,9371.94,C1000031,0.0,0.0,M6570146,0,0,0,2026-01-08T12:36:44.745103,
TXN-00000825,204,TRANSFER,10.0,C1000098,332874.03,332864.03,M9884366,0,0,0,2026-01-08T12:36:44.745161,
TXN-00000826,204,PAYMENT,55694.69,C1000000,0.0,0.0,M4376332,0,0,0,2026-01-08T12:36:44.745220,
TXN-00000827,204,TRANSFER,642.44,C1000089,276344.46,275702.02,M5947479,0,0,0,2026-01-08T12:36:44.745287,
TXN-00000828,204,CASH_OUT,10.0,C1000080,238294.67,238284.67,M4234111,0,0,0,2026-01-08T12:36:44.745362,
TXN-00000829,204,CASH_IN,2092.6,C1000041,349958.76,352051.36,M1156524,0,0,0,2026-01-08T12:36:44.745450,
TXN-00000830,204,CASH_OUT,1035.43,C1000094,259820.87,258785.45,M1868456,0,0,0,2026-01-08T12:36:44.745583,
TXN-00000831,204,PAYMENT,10.0,C1000098,332864.03,332854.03,M6352898,0,0,0,2026-01-08T12:36:44.745704,
TXN-00000832,204,DEBIT,1946.33,C1000090,344013.1,342066.77,M5427902,0,0,0,2026-01-08T12:36:44.745790,
TXN-00000833,204,CASH_OUT,1982.41,C1000090,342066.77,340084.36,M4244129,0,0,0,2026-01-08T12:36:44.745856,
TXN-00000834,204,TRANSFER,2030.66,C1000090,340084.36,338053.7,M2960984,0,0,0,2026-01-08T12:36:44.745918,
TXN-00000835,204,TRANSFER,5887.27,C1000013,224186.54,218299.27,M3898754,0,0,0,2026-01-08T12:36:44.745981,
TXN-00000836,204,PAYMENT,1202.86,C1000068,186436.46,185233.6,M7539411,0,0,0,2026-01-08T12:36:44.746046,
TXN-00000837,204,CASH_IN,2019.66,C1000017,234186.72,236206.38,M8064073,0,0,0,2026-01-08T12:36:44.746116,
TXN-00000838,204,PAYMENT,5468.77,C1000084,278876.88,273408.1,M7321137,0,0,0,2026-01-08T12:36:44.746188,
TXN-00000839,204,CASH_OUT,34323.89,C1000073,0.0,0.0,M8525156,0,0,0,2026-01-08T12:36:44.746256,
TXN-00000840,204,TRANSFER,6391.14,C1000046,119569.41,113178.26,M2640400,0,0,0,2026-01-08T12:36:44.746327,
TXN-00000841,204,CASH_OUT,10.0,C1000078,101643.55,101633.55,M3233086,0,0,0,2026-01-08T12:36:44.746397,
TXN-00000842,204,DEBIT,1455.74,C1000068,185233.6,183777.86,M6495242,0,0,0,2026-01-08T12:36:44.746505,
TXN-00000843,204,CASH_OUT,951.5,C1000026,298131.77,297180.26,M7375724,0,0,0,2026-01-08T12:36:44.746576,
TXN-00000844,204,CASH_OUT,8657.75,C1000036,132326.56,123668.81,M2105054,0,0,0,2026-01-08T12:36:44.746644,
TXN-00000845,204,TRANSFER,3735.49,C1000062,101311.05,97575.56,M7669136,0,0,0,2026-01-08T12:36:44.746748,
TXN-00000846,204,PAYMENT,19442.4,C1000035,0.0,0.0,M7650606,0,0,0,2026-01-08T12:36:44.746821,
TXN-00000847,204,CASH_OUT,3803.43,C1000028,118098.56,114295.14,M5546085,0,0,0,2026-01-08T12:36:44.746901,
TXN-00000848,204,CASH_OUT,3120.92,C1000058,43729.76,40608.84,M9404664,0,0,0,2026-01-08T12:36:44.746977,
TXN-00000849,204,CASH_OUT,10096.13,C1000092,289049.28,278953.15,M5162442,0,0,0,2026-01-08T12:36:44.747053,
TXN-00000850,204,CASH_IN,2934.64,C1000048,255600.34,258534.98,M1427411,0,0,0,2026-01-08T12:36:44.747137,
TXN-00000851,204,DEBIT,1886.26,C1000086,259746.34,257860.08,M5282574,0,0,0,2026-01-08T12:36:44.747210,
TXN-00000852,204,CASH_OUT,752.58,C1000066,32129.76,31377.18,M8246531,0,0,0,2026-01-08T12:36:44.747284,
TXN-00000853,204,CASH_OUT,6586.63,C1000059,362720.62,356134.0,M5901401,0,0,0,2026-01-08T12:36:44.747353,
TXN-00000854,204,TRANSFER,4657.05,C1000032,205439.49,200782.44,M5717696,0,0,0,2026-01-08T12:36:44.747428,
TXN-00000855,204,CASH_OUT,346.13,C1000009,142905.48,142559.36,M5863407,0,0,0,2026-01-08T12:36:44.747495,
TXN-00000856,204,CASH_OUT,3736.31,C1000087,448524.11,444787.8,M4205670,0,0,0,2026-01-08T12:36:44.747562,
TXN-00000857,204,PAYMENT,5577.8,C1000003,203251.56,197673.77,M2847560,0,0,0,2026-01-08T12:36:44.747631,
TXN-00000858,204,TRANSFER,2693.93,C1000045,148130.34,145436.41,M4475746,0,0,0,2026-01-08T12:36:44.747705,
TXN-00000859,204,PAYMENT,10.0,C1000004,252001.89,251991.89,M2360499,0,0,0,2026-01-08T12:36:44.747817,
TXN-00000860,204,PAYMENT,13554.0,C1000054,225012.48,211458.48,M5370373,0,0,0,2026-01-08T12:36:44.747888,
TXN-00000861,204,CASH_OUT,4527.33,C1000025,246042.34,241515.01,M5484032,0,0,0,2026-01-08T12:36:44.747960,
TXN-00000862,204,TRANSFER,1310.77,C1000075,479662.57,478351.79,M2472451,0,0,0,2026-01-08T12:36:44.748027,
TXN-00000863,204,CASH_OUT,2586.99,C1000030,167983.57,165396.58,M5833429,0,0,0,2026-01-08T12:36:44.748095,
TXN-00000864,204,DEBIT,48005.11,C1000053,0.0,0.0,M2181410,0,0,0,2026-01-08T12:36:44.748160,
TXN-00000865,204,PAYMENT,667.83,C1000077,146280.83,145613.01,M4465170,0,0,0,2026-01-08T12:36:44.748223,
TXN-00000866,204,CASH_OUT,4335.48,C1000058,40608.84,36273.36,M4079610,0,0,0,2026-01-08T12:36:44.748286,
TXN-00000867,204,CASH_OUT,1094.83,C1000057,16393.11,15298.28,M6604197,0,0,0,2026-01-08T12:36:44.748357,
TXN-00000868,204,DEBIT,13916.41,C1000063,344551.57,330635.16,M4490570,0,0,0,2026-01-08T12:36:44.748425,
TXN-00000869,204,TRANSFER,10.0,C1000081,126801.34,126791.34,M4503633,0,0,0,2026-01-08T12:36:44.748491,
TXN-00000870,204,TRANSFER,700.25,C1000018,248484.6,247784.35,M4123236,0,0,0,2026-01-08T12:36:44.748553,
TXN-00000871,204,PAYMENT,11845.92,C1000015,400651.38,388805.47,M4904133,0,0,0,2026-01-08T12:36:44.748622,
TXN-00000872,204,CASH_IN,21610.48,C1000067,114933.46,136543.94,M7829993,0,0,0,2026-01-08T12:36:44.748690,
TXN-00000873,204,TRANSFER,2465.57,C1000028,114295.14,111829.57,M1066614,0,0,0,2026-01-08T12:36:44.748754,
TXN-00000874,204,PAYMENT,2542.79,C1000072,42269.96,39727.17,M3101343,0,0,0,2026-01-08T12:36:44.748816,
TXN-00000875,204,PAYMENT,3084.74,C1000098,332854.03,329769.29,M8510961,0,0,0,2026-01-08T12:36:44.748894,
TXN-00000876,204,CASH_OUT,646.19,C1000082,337915.19,337269.0,M2416167,0,0,0,2026-01-08T12:36:44.748957,
TXN-00000877,204,CASH_OUT,4787.08,C1000010,39899.65,35112.57,M6523838,0,0,0,2026-01-08T12:36:44.749017,
TXN-00000878,204,CASH_IN,1370.03,C1000083,269234.51,270604.54,M9741678,0,0,0,2026-01-08T12:36:44.749079,
TXN-00000879,204,DEBIT,45201.11,C1000053,0.0,0.0,M4627893,0,0,0,2026-01-08T12:36:44.749142,
TXN-00000880,204,TRANSFER,2014.97,C1000040,134216.98,132202.01,M5556555,0,0,0,2026-01-08T12:36:44.749206,
TXN-00000881,204,DEBIT,1522.84,C1000016,253419.08,251896.24,M2577722,0,0,0,2026-01-08T12:36:44.749269,
TXN-00000882,204,PAYMENT,1424.76,C1000070,3440.54,2015.78,M1325681,0,0,0,2026-01-08T12:36:44.749336,
TXN-00000883,204,PAYMENT,789.49,C1000075,478351.79,477562.31,M4056970,0,0,0,2026-01-08T12:36:44.749401,
TXN-00000884,204,TRANSFER,10.0,C1000048,258534.98,258524.98,M5903723,0,0,0,2026-01-08T12:36:44.749463,
TXN-00000885,204,CASH_OUT,1935.6,C1000098,329769.29,327833.69,M6754733,0,0,0,2026-01-08T12:36:44.749525,
TXN-00000886,204,CASH_OUT,35916.92,C1000012,0.0,0.0,M9623318,0,0,0,2026-01-08T12:36:44.749588,
TXN-00000887,204,DEBIT,10.0,C1000042,331704.86,331694.86,M7673731,0,0,0,2026-01-08T12:36:44.749651,
TXN-00000888,204,TRANSFER,2812.89,C1000021,9215.29,6402.4,M3061395,0,0,0,2026-01-08T12:36:44.749711,
TXN-00000889,204,PAYMENT,14552.64,C1000042,331694.86,317142.22,M1212959,0,0,0,2026-01-08T12:36:44.749771,
TXN-00000890,204,PAYMENT,26450.29,C1000095,210762.44,184312.15,M2374072,0,0,0,2026-01-08T12:36:44.749832,
TXN-00000891,204,DEBIT,172557.63,C1000050,0.0,0.0,M6782302,0,0,0,2026-01-08T12:36:44.749894,
TXN-00000892,204,PAYMENT,7966.53,C1000099,398232.31,390265.77,M7681529,0,0,0,2026-01-08T12:36:44.749992,
TXN-00000893,204,TRANSFER,10.0,C1000066,31377.18,31367.18,M3553295,0,0,0,2026-01-08T12:36:44.750054,
TXN-00000894,204,DEBIT,5930.29,C1000046,113178.26,107247.98,M7965980,0,0,0,2026-01-08T12:36:44.750113,
TXN-00000895,204,TRANSFER,10.0,C1000060,68752.42,68742.42,M3480883,0,0,0,2026-01-08T12:36:44.750173,
TXN-00000896,204,PAYMENT,13568.31,C1000063,330635.16,317066.85,M7226505,0,0,0,2026-01-08T12:36:44.750233,
TXN-00000897,204,PAYMENT,311.24,C1000016,251896.24,251585.0,M8368725,0,0,0,2026-01-08T12:36:44.750291,
TXN-00000898,204,CASH_IN,7008.43,C1000011,0.0,7008.43,M4827936,0,0,0,2026-01-08T12:36:44.750351,
TXN-00000899,204,CASH_OUT,46427.16,C1000053,0.0,0.0,M3054370,0,0,0,2026-01-08T12:36:44.750417,
TXN-00000900,204,TRANSFER,1072.26,C1000083,270604.54,269532.28,M8546711,0,0,0,2026-01-08T12:36:44.750478,
TXN-00000901,204,PAYMENT,6787.41,C1000058,36273.36,29485.95,M7450415,0,0,0,2026-01-08T12:36:44.750539,
TXN-00000902,204,DEBIT,10.0,C1000061,277505.22,277495.22,M4538126,0,0,0,2026-01-08T12:36:44.750603,
TXN-00000903,204,CASH_OUT,10.0,C1000042,317142.22,317132.22,M9967097,0,0,0,2026-01-08T12:36:44.750662,
TXN-00000904,204,PAYMENT,5447.59,C1000046,107247.98,101800.39,M3391908,0,0,0,2026-01-08T12:36:44.750719,
TXN-00000905,204,TRANSFER,4694.12,C1000047,95268.85,90574.73,M6846498,0,0,0,2026-01-08T12:36:44.750776,
TXN-00000906,195,TRANSFER,53626.95,C1000094,258785.45,205158.5,M5678007,0,0,1,2026-01-08T12:36:44.750819,night_transaction
TXN-00000907,204,TRANSFER,5971.46,C1000059,356134.0,350162.54,M9957914,0,0,0,2026-01-08T12:36:44.750878,
TXN-00000908,204,TRANSFER,4397.84,C1000065,0.0,0.0,M6856394,0,0,0,2026-01-08T12:36:44.750941,
TXN-00000909,204,PAYMENT,10.0,C1000075,477562.31,477552.31,M5058593,0,0,0,2026-01-08T12:36:44.751024,
TXN-00000910,204,CASH_OUT,4380.71,C1000010,35112.57,30731.85,M4152386,0,0,0,2026-01-08T12:36:44.751106,
TXN-00000911,204,TRANSFER,585.0,C1000069,215135.93,214550.92,M3350441,0,0,0,2026-01-08T12:36:44.751164,
TXN-00000912,204,TRANSFER,7191.75,C1000088,215643.73,208451.99,M8629629,0,0,0,2026-01-08T12:36:44.751228,
TXN-00000913,204,PAYMENT,1431.96,C1000021,6402.4,4970.43,M3686584,0,0,0,2026-01-08T12:36:44.751289,
TXN-00000914,204,TRANSFER,49435.36,C1000064,0.0,0.0,M3528429,0,0,0,2026-01-08T12:36:44.751348,
TXN-00000915,204,TRANSFER,35578.09,C1000073,0.0,0.0,M3234716,0,0,0,2026-01-08T12:36:44.751406,
TXN-00000916,204,PAYMENT,700.71,C1000068,183777.86,183077.15,M1375517,0,0,0,2026-01-08T12:36:44.751466,
TXN-00000917,204,PAYMENT,10.0,C1000048,258524.98,258514.98,M5013555,0,0,0,2026-01-08T12:36:44.751524,
TXN-00000918,204,PAYMENT,1796.59,C1000049,254082.71,252286.12,M6781179,0,0,0,2026-01-08T12:36:44.751584,
TXN-00000919,204,PAYMENT,5713.06,C1000003,197673.77,191960.71,M9961151,0,0,0,2026-01-08T12:36:44.751652,
TXN-00000920,204,CASH_OUT,575.55,C1000077,145613.01,145037.46,M1839808,0,0,0,2026-01-08T12:36:44.751901,
TXN-00000921,204,DEBIT,18682.2,C1000093,0.0,0.0,M5107603,0,0,0,2026-01-08T12:36:44.752017,
TXN-00000922,204,TRANSFER,17745.89,C1000079,339818.19,322072.3,M6358625,0,0,0,2026-01-08T12:36:44.752118,
TXN-00000923,204,TRANSFER,20275.67,C1000019,45837.01,25561.34,M8101104,0,0,0,2026-01-08T12:36:44.752191,
TXN-00000924,204,PAYMENT,10.0,C1000004,251991.89,251981.89,M9598233,0,0,0,2026-01-08T12:36:44.752282,
TXN-00000925,204,PAYMENT,10.0,C1000029,26735.54,26725.54,M2601902,0,0,0,2026-01-08T12:36:44.752357,
TXN-00000926,204,PAYMENT,3605.92,C1000030,165396.58,161790.67,M2005580,0,0,0,2026-01-08T12:36:44.752426,
TXN-00000927,204,PAYMENT,730.18,C1000018,247784.35,247054.17,M9601520,0,0,0,2026-01-08T12:36:44.752493,
TXN-00000928,204,CASH_OUT,8209.6,C1000082,337269.0,329059.4,M1940948,0,0,0,2026-01-08T12:36:44.752572,
TXN-00000929,204,DEBIT,12361.98,C1000033,304300.28,291938.3,M8123201,0,0,0,2026-01-08T12:36:44.752645,
TXN-00000930,204,CASH_IN,275.19,C1000022,78553.84,78829.03,M8306766,0,0,0,2026-01-08T12:36:44.752710,
TXN-00000931,204,PAYMENT,7990.06,C1000013,218299.27,210309.21,M3887967,0,0,0,2026-01-08T12:36:44.752772,
TXN-00000932,204,PAYMENT,2688.14,C1000028,111829.57,109141.43,M3972718,0,0,0,2026-01-08T12:36:44.752842,
TXN-00000933,204,PAYMENT,2191.14,C1000070,2015.78,0.0,M5751343,0,0,0,2026-01-08T12:36:44.752908,
TXN-00000934,204,DEBIT,19584.92,C1000035,0.0,0.0,M9199300,0,0,0,2026-01-08T12:36:44.752975,
TXN-00000935,204,TRANSFER,6748.48,C1000058,29485.95,22737.47,M2340718,0,0,0,2026-01-08T12:36:44.753054,
TXN-00000936,204,CASH_OUT,456.5,C1000001,132007.0,131550.49,M6651528,0,0,0,2026-01-08T12:36:44.753123,
TXN-00000937,204,DEBIT,2912.41,C1000068,183077.15,180164.74,M2535573,0,0,0,2026-01-08T12:36:44.753231,
TXN-00000938,204,PAYMENT,369.46,C1000066,31367.18,30997.72,M2919279,0,0,0,2026-01-08T12:36:44.753284,
TXN-00000939,204,PAYMENT,10.0,C1000004,251981.89,251971.89,M7078612,0,0,0,2026-01-08T12:36:44.753411,
TXN-00000940,204,TRANSFER,1472.34,C1000094,258785.45,257313.11,M3270309,0,0,0,2026-01-08T12:36:44.753520,
TXN-00000941,204,CASH_OUT,1992.44,C1000017,236206.38,234213.94,M9059940,0,0,0,2026-01-08T12:36:44.753596,
TXN-00000942,204,CASH_OUT,4420.49,C1000010,30731.85,26311.36,M8163923,0,0,0,2026-01-08T12:36:44.753671,
TXN-00000943,204,DEBIT,18749.02,C1000093,0.0,0.0,M9210354,0,0,0,2026-01-08T12:36:44.753745,
TXN-00000944,204,TRANSFER,188.76,C1000023,107033.6,106844.84,M6544016,0,0,0,2026-01-08T12:36:44.753858,
TXN-00000945,204,PAYMENT,4012.49,C1000084,273408.1,269395.62,M8400987,0,0,0,2026-01-08T12:36:44.753948,
TXN-00000946,204,CASH_OUT,17369.83,C1000076,360815.45,343445.62,M9845942,0,0,0,2026-01-08T12:36:44.754002,
TXN-00000947,204,DEBIT,10.0,C1000097,198904.14,198894.14,M4135845,0,0,0,2026-01-08T12:36:44.754043,
TXN-00000948,204,PAYMENT,6132.35,C1000046,101800.39,95668.03,M5420983,0,0,0,2026-01-08T12:36:44.754083,
TXN-00000949,204,TRANSFER,4199.46,C1000052,284003.96,279804.5,M9931930,0,0,0,2026-01-08T12:36:44.754123,
TXN-00000950,204,CASH_OUT,4030.29,C1000006,416376.77,412346.48,M1040827,0,0,0,2026-01-08T12:36:44.754162,
TXN-00000951,204,PAYMENT,10.0,C1000029,26725.54,26715.54,M6719413,0,0,0,2026-01-08T12:36:44.754201,
TXN-00000952,204,TRANSFER,5386.17,C1000059,350162.54,344776.37,M5661573,0,0,0,2026-01-08T12:36:44.754248,
TXN-00000953,204,TRANSFER,19371.68,C1000079,322072.3,302700.62,M6395827,0,0,0,2026-01-08T12:36:44.754298,
TXN-00000954,204,TRANSFER,1953.53,C1000058,22737.47,20783.93,M6314036,0,0,0,2026-01-08T12:36:44.754336,
TXN-00000955,204,DEBIT,361.89,C1000034,109209.43,108847.54,M9246950,0,0,0,2026-01-08T12:36:44.754374,
TXN-00000956,204,TRANSFER,18892.37,C1000093,0.0,0.0,M7583087,0,0,0,2026-01-08T12:36:44.754442,
TXN-00000957,204,TRANSFER,43398.3,C1000053,0.0,0.0,M1945984,0,0,0,2026-01-08T12:36:44.754481,
TXN-00000958,204,TRANSFER,4456.5,C1000065,0.0,0.0,M2744867,0,0,0,2026-01-08T12:36:44.754519,
TXN-00000959,204,CASH_OUT,1085.32,C1000044,164138.57,163053.26,M5757549,0,0,0,2026-01-08T12:36:44.754557,
TXN-00000960,204,TRANSFER,18411.59,C1000095,184312.15,165900.56,M7563429,0,0,0,2026-01-08T12:36:44.754597,
TXN-00000961,204,CASH_OUT,4867.62,C1000049,252286.12,247418.5,M4605631,0,0,0,2026-01-08T12:36:44.754635,
TXN-00000962,204,DEBIT,8087.72,C1000013,210309.21,202221.49,M3831685,0,0,0,2026-01-08T12:36:44.754676,
TXN-00000963,204,PAYMENT,6351.5,C1000046,95668.03,89316.53,M4827457,0,0,0,2026-01-08T12:36:44.754715,
TXN-00000964,204,CASH_IN,3670.87,C1000026,297180.26,300851.14,M6064297,0,0,0,2026-01-08T12:36:44.754752,
TXN-00000965,204,PAYMENT,34430.6,C1000073,0.0,0.0,M6951115,0,0,0,2026-01-08T12:36:44.754789,
TXN-00000966,204,TRANSFER,1860.46,C1000086,257860.08,255999.62,M5664877,0,0,0,2026-01-08T12:36:44.754826,
TXN-00000967,204,CASH_OUT,1233.46,C1000034,108847.54,107614.09,M8375253,0,0,0,2026-01-08T12:36:44.754863,
TXN-00000968,204,TRANSFER,2505.7,C1000030,161790.67,159284.97,M8118400,0,0,0,2026-01-08T12:36:44.754900,
TXN-00000969,204,PAYMENT,935.06,C1000083,269532.28,268597.22,M9253165,0,0,0,2026-01-08T12:36:44.754945,
TXN-00000970,204,PAYMENT,149.29,C1000034,107614.09,107464.8,M4366983,0,0,0,2026-01-08T12:36:44.754983,
TXN-00000971,204,CASH_OUT,10.0,C1000085,39005.85,38995.85,M6997802,0,0,0,2026-01-08T12:36:44.755019,
TXN-00000972,204,CASH_OUT,1707.3,C1000038,9864.52,8157.23,M4911637,0,0,0,2026-01-08T12:36:44.755060,
TXN-00000973,204,CASH_OUT,747.66,C1000016,251585.0,250837.34,M1667793,0,0,0,2026-01-08T12:36:44.755101,
TXN-00000974,204,CASH_OUT,2199.13,C1000097,198894.14,196695.02,M2775678,0,0,0,2026-01-08T12:36:44.755140,
TXN-00000975,204,TRANSFER,21.21,C1000072,39727.17,39705.96,M3588068,0,0,0,2026-01-08T12:36:44.755177,
TXN-00000976,204,TRANSFER,20137.23,C1000035,0.0,0.0,M8887571,0,0,0,2026-01-08T12:36:44.755215,
TXN-00000977,204,CASH_OUT,21285.66,C1000024,0.0,0.0,M2536042,0,0,0,2026-01-08T12:36:44.755254,
TXN-00000978,204,PAYMENT,961.6,C1000070,0.0,0.0,M7976518,0,0,0,2026-01-08T12:36:44.755291,
TXN-00000979,204,TRANSFER,19340.49,C1000079,302700.62,283360.13,M1945407,0,0,0,2026-01-08T12:36:44.755329,
TXN-00000980,204,DEBIT,6379.55,C1000088,208451.99,202072.44,M2089165,0,0,0,2026-01-08T12:36:44.755369,
TXN-00000981,204,TRANSFER,10.0,C1000042,317132.22,317122.22,M1044921,0,0,0,2026-01-08T12:36:44.755406,
TXN-00000982,204,PAYMENT,4799.82,C1000032,200782.44,195982.62,M8369884,0,0,0,2026-01-08T12:36:44.755468,
TXN-00000983,204,CASH_OUT,1425.55,C1000044,163053.26,161627.71,M1212003,0,0,0,2026-01-08T12:36:44.755508,
TXN-00000984,204,PAYMENT,4514.82,C1000029,26715.54,22200.72,M6108416,0,0,0,2026-01-08T12:36:44.755546,
TXN-00000985,204,CASH_OUT,1066.28,C1000007,106668.59,105602.31,M4162178,0,0,0,2026-01-08T12:36:44.755584,
TXN-00000986,204,CASH_OUT,1702.46,C1000086,255999.62,254297.16,M7596138,0,0,0,2026-01-08T12:36:44.755623,
TXN-00000987,204,PAYMENT,17764.29,C1000093,0.0,0.0,M3592321,0,0,0,2026-01-08T12:36:44.755660,
TXN-00000988,204,CASH_OUT,3001.3,C1000042,317122.22,314120.92,M1079725,0,0,0,2026-01-08T12:36:44.755697,
TXN-00000989,204,CASH_OUT,270.48,C1000085,38995.85,38725.37,M3500199,0,0,0,2026-01-08T12:36:44.755734,
TXN-00000990,204,PAYMENT,778.79,C1000007,105602.31,104823.52,M6295041,0,0,0,2026-01-08T12:36:44.755771,
TXN-00000991,204,TRANSFER,1804.65,C1000023,106844.84,105040.19,M7915691,0,0,0,2026-01-08T12:36:44.755809,
TXN-00000992,204,CASH_IN,10.0,C1000042,314120.92,314130.92,M4240009,0,0,0,2026-01-08T12:36:44.755848,
TXN-00000993,204,PAYMENT,38456.6,C1000012,0.0,0.0,M8583869,0,0,0,2026-01-08T12:36:44.755885,
TXN-00000994,204,PAYMENT,3631.91,C1000087,444787.8,441155.9,M2658335,0,0,0,2026-01-08T12:36:44.755921,
TXN-00000995,204,PAYMENT,2840.05,C1000028,109141.43,106301.38,M3629636,0,0,0,2026-01-08T12:36:44.755959,
TXN-00000996,204,TRANSFER,368.64,C1000022,78829.03,78460.39,M7680601,0,0,0,2026-01-08T12:36:44.755996,
TXN-00000997,204,PAYMENT,5995.11,C1000046,89316.53,83321.42,M5962769,0,0,0,2026-01-08T12:36:44.756034,
TXN-00000998,194,CASH_OUT,31717.03,C1000067,136543.94,104826.91,M8277406,0,0,1,2026-01-08T12:36:44.756059,night_transaction
TXN-00000999,204,DEBIT,173306.6,C1000050,0.0,0.0,M1244873,0,0,0,2026-01-08T12:36:44.756097,
TXN-00001000,204,TRANSFER,5399.79,C1000032,195982.62,190582.83,M5143060,0,0,0,2026-01-08T12:36:44.756135,
TXN-00001001,204,CASH_IN,18434.67,C1000095,165900.56,184335.23,M3652015,0,0,0,2026-01-08T12:36:44.756173,
TXN-00001002,204,PAYMENT,6495.61,C1000088,202072.44,195576.83,M4986571,0,0,0,2026-01-08T12:36:44.756213,
TXN-00001003,204,PAYMENT,31702.29,C1000067,136543.94,104841.65,M4030736,0,0,0,2026-01-08T12:36:44.756250,
TXN-00001004,204,DEBIT,1062.36,C1000040,132202.01,131139.65,M2653531,0,0,0,2026-01-08T12:36:44.756288,
TXN-00001005,204,PAYMENT,6108.93,C1000088,195576.83,189467.9,M9208491,0,0,0,2026-01-08T12:36:44.756325,
TXN-00001006,204,DEBIT,2474.18,C1000043,180570.8,178096.62,M9805270,0,0,0,2026-01-08T12:36:44.756362,
TXN-00001007,204,TRANSFER,13431.15,C1000063,317066.85,303635.7,M2342716,0,0,0,2026-01-08T12:36:44.756400,
TXN-00001008,204,PAYMENT,4527.87,C1000025,241515.01,236987.14,M6197246,0,0,0,2026-01-08T12:36:44.756438,
TXN-00001009,204,TRANSFER,271.49,C1000007,104823.52,104552.03,M4833304,0,0,0,2026-01-08T12:36:44.756487,
TXN-00001010,204,TRANSFER,115613.42,C1000064,0.0,0.0,M1307205,0,0,0,2026-01-08T12:36:44.756526,
TXN-00001011,204,PAYMENT,7735.45,C1000099,390265.77,382530.33,M4780779,0,0,0,2026-01-08T12:36:44.756564,
TXN-00001012,204,PAYMENT,43759.52,C1000042,314130.92,270371.4,M8145067,0,0,0,2026-01-08T12:36:44.756606,
TXN-00001013,204,CASH_OUT,19920.64,C1000019,25561.34,5640.7,M5875605,0,0,0,2026-01-08T12:36:44.756644,
TXN-00001014,204,TRANSFER,13706.88,C1000005,348947.21,335240.34,M5613705,0,0,0,2026-01-08T12:36:44.756682,
TXN-00001015,204,TRANSFER,5713.67,C1000052,279804.5,274090.83,M7468069,0,0,0,2026-01-08T12:36:44.756718,
TXN-00001016,204,CASH_IN,974.51,C1000016,250837.34,251811.85,M4525166,0,0,0,2026-01-08T12:36:44.756755,
TXN-00001017,204,TRANSFER,3095.75,C1000002,389552.08,386456.34,M5467705,0,0,0,2026-01-08T12:36:44.756792,
TXN-00001018,204,PAYMENT,4788.72,C1000052,274090.83,269302.11,M6773495,0,0,0,2026-01-08T12:36:44.756829,
TXN-00001019,204,CASH_OUT,10.0,C1000060,68742.42,68732.42,M7734244,0,0,0,2026-01-08T12:36:44.756866,
TXN-00001020,204,CASH_IN,19421.34,C1000019,5640.7,25062.03,M1706916,0,0,0,2026-01-08T12:36:44.756908,
TXN-00001021,204,CASH_IN,1499.95,C1000075,477552.31,479052.26,M7267004,0,0,0,2026-01-08T12:36:44.756946,
TXN-00001022,204,TRANSFER,5448.81,C1000003,191960.71,186511.91,M3084700,0,0,0,2026-01-08T12:36:44.756986,
TXN-00001023,204,PAYMENT,10.0,C1000048,258514.98,258504.98,M1198925,0,0,0,2026-01-08T12:36:44.757022,
TXN-00001024,204,CASH_IN,937.91,C1000008,299150.81,300088.72,M6623323,0,0,0,2026-01-08T12:36:44.757059,
TXN-00001025,204,PAYMENT,10.0,C1000014,390060.41,390050.41,M3132393,0,0,0,2026-01-08T12:36:44.757096,
TXN-00001026,204,TRANSFER,26554.87,C1000056,0.0,0.0,M3911747,0,0,0,2026-01-08T12:36:44.757133,
TXN-00001027,204,CASH_OUT,1409.9,C1000051,478601.03,477191.13,M2291673,0,0,0,2026-01-08T12:36:44.757170,
TXN-00001028,204,DEBIT,12256.63,C1000095,184335.23,172078.61,M3621858,0,0,0,2026-01-08T12:36:44.757207,
TXN-00001029,204,TRANSFER,3859.21,C1000065,0.0,0.0,M2117138,0,0,0,2026-01-08T12:36:44.757244,
TXN-00001030,204,PAYMENT,5738.91,C1000025,236987.14,231248.23,M7086836,0,0,0,2026-01-08T12:36:44.757280,
TXN-00001031,204,TRANSFER,5544.68,C1000091,1604.34,0.0,M8491239,0,0,0,2026-01-08T12:36:44.757317,
TXN-00001032,204,CASH_OUT,2514.6,C1000044,161627.71,159113.11,M3338807,0,0,0,2026-01-08T12:36:44.757355,
TXN-00001033,204,PAYMENT,2034.91,C1000066,30997.72,28962.81,M6508004,0,0,0,2026-01-08T12:36:44.757392,
TXN-00001034,204,CASH_IN,7146.99,C1000033,291938.3,299085.3,M5314033,0,0,0,2026-01-08T12:36:44.757428,
TXN-00001035,204,PAYMENT,811.66,C1000022,78460.39,77648.72,M5743996,0,0,0,2026-01-08T12:36:44.757470,
TXN-00001036,204,PAYMENT,5295.07,C1000025,231248.23,225953.17,M9624651,0,0,0,2026-01-08T12:36:44.757615,
TXN-00001037,204,PAYMENT,38015.47,C1000012,0.0,0.0,M4829365,0,0,0,2026-01-08T12:36:44.757753,
TXN-00001038,204,CASH_OUT,10.0,C1000047,90574.73,90564.73,M9185110,0,0,0,2026-01-08T12:36:44.757816,
TXN-00001039,204,PAYMENT,3092.65,C1000071,266628.2,263535.55,M9071692,0,0,0,2026-01-08T12:36:44.757858,
TXN-00001040,204,DEBIT,7263.96,C1000052,269302.11,262038.15,M5654424,0,0,0,2026-01-08T12:36:44.757897,
TXN-00001041,204,PAYMENT,281.87,C1000023,105040.19,104758.32,M4622276,0,0,0,2026-01-08T12:36:44.757939,
TXN-00001042,204,CASH_OUT,172940.79,C1000050,0.0,0.0,M7546493,0,0,0,2026-01-08T12:36:44.757979,
TXN-00001043,204,CASH_OUT,10.0,C1000072,39705.96,39695.96,M7486279,0,0,0,2026-01-08T12:36:44.758016,
TXN-00001044,204,TRANSFER,3468.07,C1000006,412346.48,408878.4,M3789766,0,0,0,2026-01-08T12:36:44.758054,
TXN-00001045,204,PAYMENT,10.0,C1000033,299085.3,299075.3,M1697462,0,0,0,2026-01-08T12:36:44.758092,
TXN-00001046,204,CASH_OUT,20605.27,C1000035,0.0,0.0,M4196204,0,0,0,2026-01-08T12:36:44.758129,
TXN-00001047,204,DEBIT,126.9,C1000023,104758.32,104631.42,M6307694,0,0,0,2026-01-08T12:36:44.758166,
TXN-00001048,204,CASH_OUT,7473.07,C1000011,7008.43,0.0,M1111023,0,0,0,2026-01-08T12:36:44.758203,
TXN-00001049,204,CASH_OUT,3092.94,C1000028,106301.38,103208.44,M8579399,0,0,0,2026-01-08T12:36:44.758241,
TXN-00001050,204,CASH_OUT,800.25,C1000004,251971.89,251171.64,M6405083,0,0,0,2026-01-08T12:36:44.758278,
TXN-00001051,204,PAYMENT,1397.98,C1000018,247054.17,245656.19,M4779416,0,0,0,2026-01-08T12:36:44.758315,
TXN-00001052,204,PAYMENT,4680.12,C1000027,40594.87,35914.75,M6698056,0,0,0,2026-01-08T12:36:44.758355,
TXN-00001053,204,PAYMENT,10.0,C1000051,477191.13,477181.13,M9522539,0,0,0,2026-01-08T12:36:44.758392,
TXN-00001054,204,DEBIT,3263.72,C1000087,441155.9,437892.18,M2899144,0,0,0,2026-01-08T12:36:44.758429,
TXN-00001055,204,TRANSFER,644.76,C1000034,107464.8,106820.04,M3286447,0,0,0,2026-01-08T12:36:44.758466,
TXN-00001056,204,TRANSFER,8571.42,C1000039,171431.2,162859.77,M6230059,0,0,0,2026-01-08T12:36:44.758504,
TXN-00001057,204,TRANSFER,10.0,C1000002,386456.34,386446.34,M4109676,0,0,0,2026-01-08T12:36:44.758541,
TXN-00001058,204,CASH_OUT,1867.71,C1000090,338053.7,336185.99,M3576789,0,0,0,2026-01-08T12:36:44.758582,
TXN-00001059,204,PAYMENT,5904.85,C1000052,262038.15,256133.31,M9494544,0,0,0,2026-01-08T12:36:44.758642,
TXN-00001060,204,CASH_OUT,10.0,C1000033,299075.3,299065.3,M8453930,0,0,0,2026-01-08T12:36:44.759256,
TXN-00001061,204,PAYMENT,26901.76,C1000056,0.0,0.0,M5369317,0,0,0,2026-01-08T12:36:44.759422,
TXN-00001062,204,PAYMENT,5871.87,C1000010,26311.36,20439.49,M4331786,0,0,0,2026-01-08T12:36:44.759538,
TXN-00001063,204,PAYMENT,65318.72,C1000064,0.0,0.0,M5007914,0,0,0,2026-01-08T12:36:44.759631,
TXN-00001064,204,PAYMENT,4965.93,C1000029,22200.72,17234.79,M4478648,0,0,0,2026-01-08T12:36:44.759707,
TXN-00001065,204,PAYMENT,755.54,C1000018,245656.19,244900.66,M5943656,0,0,0,2026-01-08T12:36:44.759781,
TXN-00001066,204,TRANSFER,637.37,C1000077,145037.46,144400.09,M7067707,0,0,0,2026-01-08T12:36:44.759860,
TXN-00001067,204,CASH_OUT,2099.66,C1000098,327833.69,325734.03,M8348086,0,0,0,2026-01-08T12:36:44.759932,
TXN-00001068,204,CASH_OUT,16867.27,C1000095,172078.61,155211.34,M8317890,0,0,0,2026-01-08T12:36:44.759997,
TXN-00001069,204,CASH_OUT,1451.51,C1000086,254297.16,252845.65,M7176036,0,0,0,2026-01-08T12:36:44.760065,
TXN-00001070,204,DEBIT,10.0,C1000078,101633.55,101623.55,M7232609,0,0,0,2026-01-08T12:36:44.760131,
TXN-00001071,204,PAYMENT,6797.66,C1000059,344776.37,337978.7,M7655925,0,0,0,2026-01-08T12:36:44.760202,
TXN-00001072,210,CASH_OUT,71757.36,C1000086,252845.65,181088.29,M6717446,0,0,1,2026-01-08T12:36:44.760248,large_amount
TXN-00001073,204,PAYMENT,6127.09,C1000088,189467.9,183340.81,M2527456,0,0,0,2026-01-08T12:36:44.760320,
TXN-00001074,204,PAYMENT,172900.11,C1000050,0.0,0.0,M4530380,0,0,0,2026-01-08T12:36:44.760390,
TXN-00001075,204,PAYMENT,3929.52,C1000010,20439.49,16509.98,M5641262,0,0,0,2026-01-08T12:36:44.760457,
TXN-00001076,204,PAYMENT,5457.13,C1000057,15298.28,9841.16,M9277112,0,0,0,2026-01-08T12:36:44.760524,
TXN-00001077,204,PAYMENT,1193.41,C1000016,251811.85,250618.44,M1352536,0,0,0,2026-01-08T12:36:44.760591,
TXN-00001078,204,PAYMENT,4770.88,C1000096,434593.85,429822.98,M9736381,0,0,0,2026-01-08T12:36:44.760658,
TXN-00001079,204,TRANSFER,4374.44,C1000091,0.0,0.0,M2666424,0,0,0,2026-01-08T12:36:44.760724,
TXN-00001080,204,TRANSFER,6693.85,C1000040,131139.65,124445.8,M6804240,0,0,0,2026-01-08T12:36:44.760793,
TXN-00001081,204,CASH_IN,808.09,C1000020,452264.25,453072.33,M9348099,0,0,0,2026-01-08T12:36:44.760864,
TXN-00001082,204,TRANSFER,9396.71,C1000031,0.0,0.0,M3506527,0,0,0,2026-01-08T12:36:44.760943,
TXN-00001083,204,TRANSFER,17840.99,C1000076,343445.62,325604.63,M2441450,0,0,0,2026-01-08T12:36:44.761011,
TXN-00001084,204,PAYMENT,4811.81,C1000027,35914.75,31102.95,M6436393,0,0,0,2026-01-08T12:36:44.761088,
TXN-00001085,204,PAYMENT,1267.19,C1000030,159284.97,158017.78,M4820662,0,0,0,2026-01-08T12:36:44.761159,
TXN-00001086,204,PAYMENT,6524.76,C1000046,83321.42,76796.66,M8157842,0,0,0,2026-01-08T12:36:44.761243,
TXN-00001087,204,TRANSFER,17207.64,C1000095,155211.34,138003.7,M2887041,0,0,0,2026-01-08T12:36:44.761356,
TXN-00001088,204,PAYMENT,568.13,C1000008,300088.72,299520.58,M9591514,0,0,0,2026-01-08T12:36:44.761428,
TXN-00001089,204,TRANSFER,795.43,C1000004,251171.64,250376.21,M1377342,0,0,0,2026-01-08T12:36:44.761574,
TXN-00001090,204,PAYMENT,10.0,C1000021,4970.43,4960.43,M3799720,0,0,0,2026-01-08T12:36:44.761671,
TXN-00001091,204,DEBIT,7655.37,C1000074,317324.61,309669.24,M7416056,0,0,0,2026-01-08T12:36:44.761748,
TXN-00001092,204,PAYMENT,7037.07,C1000088,183340.81,176303.73,M8439099,0,0,0,2026-01-08T12:36:44.761857,
TXN-00001093,204,CASH_OUT,2749.11,C1000021,4960.43,2211.32,M1225237,0,0,0,2026-01-08T12:36:44.761942,
TXN-00001094,204,PAYMENT,2559.25,C1000081,126791.34,124232.09,M9020302,0,0,0,2026-01-08T12:36:44.762027,
TXN-00001095,204,CASH_OUT,2444.11,C1000084,269395.62,266951.5,M3891376,0,0,0,2026-01-08T12:36:44.762104,
TXN-00001096,204,PAYMENT,18090.14,C1000076,325604.63,307514.49,M5747853,0,0,0,2026-01-08T12:36:44.762188,
TXN-00001097,204,PAYMENT,4838.23,C1000003,186511.91,181673.68,M9343178,0,0,0,2026-01-08T12:36:44.762291,
TXN-00001098,204,PAYMENT,35259.06,C1000073,0.0,0.0,M9782736,0,0,0,2026-01-08T12:36:44.762382,
TXN-00001099,204,PAYMENT,1618.95,C1000018,244900.66,243281.71,M3859462,0,0,0,2026-01-08T12:36:44.762552,
TXN-00001100,204,PAYMENT,2904.36,C1000002,386446.34,383541.98,M3770790,0,0,0,2026-01-08T12:36:44.762624,
TXN-00001101,204,CASH_IN,9487.6,C1000015,388805.47,398293.07,M3531201,0,0,0,2026-01-08T12:36:44.762687,
TXN-00001102,204,TRANSFER,1604.01,C1000043,178096.62,176492.61,M7090362,0,0,0,2026-01-08T12:36:44.762738,
TXN-00001103,204,TRANSFER,6692.11,C1000046,76796.66,70104.55,M9896565,0,0,0,2026-01-08T12:36:44.762778,
TXN-00001104,204,CASH_OUT,5570.41,C1000049,247418.5,241848.09,M5601151,0,0,0,2026-01-08T12:36:44.762820,
TXN-00001105,204,TRANSFER,2753.87,C1000045,145436.41,142682.54,M5681032,0,0,0,2026-01-08T12:36:44.762862,
TXN-00001106,204,DEBIT,2766.62,C1000030,158017.78,155251.16,M2301914,0,0,0,2026-01-08T12:36:44.762900,
TXN-00001107,204,TRANSFER,10.0,C1000075,479052.26,479042.26,M5593714,0,0,0,2026-01-08T12:36:44.762938,
TXN-00001108,204,TRANSFER,4688.02,C1000057,9841.16,5153.14,M6670269,0,0,0,2026-01-08T12:36:44.762977,
TXN-00001109,204,CASH_OUT,14210.56,C1000078,101623.55,87412.99,M8666544,0,0,0,2026-01-08T12:36:44.763018,
TXN-00001110,204,CASH_OUT,10773.65,C1000015,398293.07,387519.41,M3366194,0,0,0,2026-01-08T12:36:44.763056,
TXN-00001111,204,TRANSFER,5032.23,C1000002,383541.98,378509.75,M2751003,0,0,0,2026-01-08T12:36:44.763094,
TXN-00001112,204,CASH_OUT,21.79,C1000016,250618.44,250596.65,M5747932,0,0,0,2026-01-08T12:36:44.763133,
TXN-00001113,204,PAYMENT,4964.95,C1000032,190582.83,185617.88,M8105869,0,0,0,2026-01-08T12:36:44.763171,
TXN-00001114,204,CASH_OUT,10.0,C1000014,390050.41,390040.41,M9985036,0,0,0,2026-01-08T12:36:44.763209,
TXN-00001115,204,PAYMENT,3920.97,C1000098,325734.03,321813.06,M7839089,0,0,0,2026-01-08T12:36:44.763249,
TXN-00001116,204,CASH_OUT,10258.73,C1000031,0.0,0.0,M5515694,0,0,0,2026-01-08T12:36:44.763287,
TXN-00001117,204,PAYMENT,543.26,C1000030,155251.16,154707.9,M4621339,0,0,0,2026-01-08T12:36:44.763324,
TXN-00001118,204,PAYMENT,3361.42,C1000082,329059.4,325697.98,M7202840,0,0,0,2026-01-08T12:36:44.763363,
TXN-00001119,204,TRANSFER,10.0,C1000021,2211.32,2201.32,M3268337,0,0,0,2026-01-08T12:36:44.763401,
TXN-00001120,204,DEBIT,3485.42,C1000043,176492.61,173007.19,M6016914,0,0,0,2026-01-08T12:36:44.763438,
TXN-00001121,204,PAYMENT,33613.12,C1000073,0.0,0.0,M7756827,0,0,0,2026-01-08T12:36:44.763476,
TXN-00001122,204,TRANSFER,1115.1,C1000083,268597.22,267482.12,M8405356,0,0,0,2026-01-08T12:36:44.763515,
TXN-00001123,204,DEBIT,10095.09,C1000074,309669.24,299574.15,M1562712,0,0,0,2026-01-08T12:36:44.763553,
TXN-00001124,204,TRANSFER,2046.55,C1000017,234213.94,232167.4,M1494950,0,0,0,2026-01-08T12:36:44.763590,
TXN-00001125,204,CASH_OUT,3336.14,C1000057,5153.14,1816.99,M5527871,0,0,0,2026-01-08T12:36:44.763626,
TXN-00001126,204,PAYMENT,34794.29,C1000073,0.0,0.0,M3769069,0,0,0,2026-01-08T12:36:44.763666,
TXN-00001127,204,TRANSFER,7306.91,C1000051,477181.13,469874.23,M5463731,0,0,0,2026-01-08T12:36:44.763704,
TXN-00001128,204,TRANSFER,108.81,C1000018,243281.71,243172.9,M4958660,0,0,0,2026-01-08T12:36:44.763741,
TXN-00001129,204,CASH_OUT,2472.42,C1000028,103208.44,100736.02,M6298046,0,0,0,2026-01-08T12:36:44.763778,
TXN-00001130,204,TRANSFER,4289.25,C1000006,408878.4,404589.15,M3096203,0,0,0,2026-01-08T12:36:44.763824,
TXN-00001131,204,DEBIT,10.0,C1000078,87412.99,87402.99,M2388967,0,0,0,2026-01-08T12:36:44.763880,
TXN-00001132,204,CASH_OUT,1110.22,C1000083,267482.12,266371.89,M7389217,0,0,0,2026-01-08T12:36:44.763936,
TXN-00001133,204,TRANSFER,542.41,C1000023,104631.42,104089.01,M6608642,0,0,0,2026-01-08T12:36:44.763989,
TXN-00001134,204,TRANSFER,979.72,C1000066,28962.81,27983.09,M1374070,0,0,0,2026-01-08T12:36:44.764042,
TXN-00001135,204,CASH_OUT,386.61,C1000007,104552.03,104165.41,M5802530,0,0,0,2026-01-08T12:36:44.764095,
TXN-00001136,204,PAYMENT,5715.14,C1000003,181673.68,175958.54,M1139529,0,0,0,2026-01-08T12:36:44.764147,
TXN-00001137,204,DEBIT,2084.96,C1000061,277495.22,275410.26,M5801393,0,0,0,2026-01-08T12:36:44.764199,
TXN-00001138,204,DEBIT,8450.43,C1000039,162859.77,154409.35,M7604799,0,0,0,2026-01-08T12:36:44.764251,
TXN-00001139,204,CASH_IN,3085.22,C1000084,266951.5,270036.72,M9050662,0,0,0,2026-01-08T12:36:44.764302,
TXN-00001140,204,DEBIT,8164.35,C1000036,123668.81,115504.47,M2048669,0,0,0,2026-01-08T12:36:44.764357,
TXN-00001141,204,CASH_OUT,1757.89,C1000008,299520.58,297762.69,M1385255,0,0,0,2026-01-08T12:36:44.764409,
TXN-00001142,204,PAYMENT,614.0,C1000070,0.0,0.0,M9872318,0,0,0,2026-01-08T12:36:44.764465,
TXN-00001143,204,PAYMENT,2751.76,C1000096,429822.98,427071.22,M3731270,0,0,0,2026-01-08T12:36:44.764516,
TXN-00001144,204,TRANSFER,606.43,C1000072,39695.96,39089.53,M2286598,0,0,0,2026-01-08T12:36:44.764571,
TXN-00001145,204,PAYMENT,22939.61,C1000095,138003.7,115064.09,M2143207,0,0,0,2026-01-08T12:36:44.764626,
TXN-00001146,204,CASH_IN,2045.0,C1000017,232167.4,234212.4,M5409298,0,0,0,2026-01-08T12:36:44.764679,
TXN-00001147,204,PAYMENT,10.0,C1000068,180164.74,180154.74,M5375458,0,0,0,2026-01-08T12:36:44.764733,
TXN-00001148,204,PAYMENT,173516.29,C1000050,0.0,0.0,M7853983,0,0,0,2026-01-08T12:36:44.764784,
TXN-00001149,204,PAYMENT,20567.23,C1000024,0.0,0.0,M9758904,0,0,0,2026-01-08T12:36:44.764836,
TXN-00001150,204,TRANSFER,10.0,C1000064,0.0,0.0,M3295610,0,0,0,2026-01-08T12:36:44.764888,
TXN-00001151,204,PAYMENT,17620.44,C1000093,0.0,0.0,M3821393,0,0,0,2026-01-08T12:36:44.764940,
TXN-00001152,204,PAYMENT,1043.88,C1000066,27983.09,26939.21,M7592267,0,0,0,2026-01-08T12:36:44.764995,
TXN-00001153,204,CASH_OUT,5000.54,C1000065,0.0,0.0,M5989279,0,0,0,2026-01-08T12:36:44.765049,
TXN-00001154,204,TRANSFER,7516.38,C1000058,20783.93,13267.56,M3395471,0,0,0,2026-01-08T12:36:44.765101,
TXN-00001155,204,PAYMENT,151.73,C1000004,250376.21,250224.48,M5605361,0,0,0,2026-01-08T12:36:44.765153,
TXN-00001156,204,CASH_OUT,18665.76,C1000024,0.0,0.0,M3287673,0,0,0,2026-01-08T12:36:44.765205,
TXN-00001157,204,DEBIT,1554.77,C1000008,297762.69,296207.93,M9851393,0,0,0,2026-01-08T12:36:44.765256,
TXN-00001158,204,TRANSFER,5735.93,C1000003,175958.54,170222.61,M4130520,0,0,0,2026-01-08T12:36:44.765309,
TXN-00001159,204,TRANSFER,1129.1,C1000004,250224.48,249095.39,M4684831,0,0,0,2026-01-08T12:36:44.765360,
TXN-00001160,204,TRANSFER,173218.63,C1000050,0.0,0.0,M1435241,0,0,0,2026-01-08T12:36:44.765435,
TXN-00001161,204,PAYMENT,1265.57,C1000041,352051.36,350785.79,M5357566,0,0,0,2026-01-08T12:36:44.765506,
TXN-00001162,204,PAYMENT,3634.74,C1000087,437892.18,434257.44,M7945013,0,0,0,2026-01-08T12:36:44.765565,
TXN-00001163,204,PAYMENT,761.1,C1000071,263535.55,262774.45,M7498502,0,0,0,2026-01-08T12:36:44.765605,
TXN-00001164,204,DEBIT,264.44,C1000048,258504.98,258240.54,M9438551,0,0,0,2026-01-08T12:36:44.765644,
TXN-00001165,204,CASH_OUT,4863.48,C1000013,202221.49,197358.01,M6251960,0,0,0,2026-01-08T12:36:44.765685,
TXN-00001166,204,PAYMENT,10.0,C1000022,77648.72,77638.72,M7390415,0,0,0,2026-01-08T12:36:44.765724,
TXN-00001167,204,PAYMENT,19631.02,C1000024,0.0,0.0,M4486613,0,0,0,2026-01-08T12:36:44.765763,
TXN-00001168,204,PAYMENT,10.0,C1000064,0.0,0.0,M6388997,0,0,0,2026-01-08T12:36:44.765803,
TXN-00001169,204,PAYMENT,259.9,C1000029,17234.79,16974.89,M9787565,0,0,0,2026-01-08T12:36:44.765839,
TXN-00001170,204,CASH_OUT,2236.94,C1000028,100736.02,98499.08,M4073179,0,0,0,2026-01-08T12:36:44.765877,
TXN-00001171,204,PAYMENT,5358.57,C1000006,404589.15,399230.58,M6785508,0,0,0,2026-01-08T12:36:44.765916,
TXN-00001172,204,CASH_OUT,1047.46,C1000007,104165.41,103117.95,M3702148,0,0,0,2026-01-08T12:36:44.765956,
TXN-00001173,204,CASH_OUT,735.0,C1000060,68732.42,67997.43,M3816829,0,0,0,2026-01-08T12:36:44.765994,
TXN-00001174,204,TRANSFER,6648.24,C1000088,176303.73,169655.49,M9744201,0,0,0,2026-01-08T12:36:44.766031,
TXN-00001175,204,PAYMENT,4434.65,C1000010,16509.98,12075.33,M8864572,0,0,0,2026-01-08T12:36:44.766072,
TXN-00001176,204,CASH_OUT,173205.26,C1000050,0.0,0.0,M9825370,0,0,0,2026-01-08T12:36:44.766109,
TXN-00001177,204,PAYMENT,17986.44,C1000093,0.0,0.0,M9560051,0,0,0,2026-01-08T12:36:44.766146,
TXN-00001178,204,TRANSFER,742.58,C1000097,196695.02,195952.44,M1058469,0,0,0,2026-01-08T12:36:44.766184,
TXN-00001179,204,CASH_OUT,10.0,C1000033,299065.3,299055.3,M5304060,0,0,0,2026-01-08T12:36:44.766222,
TXN-00001180,204,DEBIT,626.95,C1000022,77638.72,77011.78,M7473361,0,0,0,2026-01-08T12:36:44.766259,
TXN-00001181,204,PAYMENT,17738.37,C1000093,0.0,0.0,M8366096,0,0,0,2026-01-08T12:36:44.766297,
TXN-00001182,204,TRANSFER,18853.56,C1000035,0.0,0.0,M4576943,0,0,0,2026-01-08T12:36:44.766336,
TXN-00001183,204,PAYMENT,3284.24,C1000010,12075.33,8791.09,M3238683,0,0,0,2026-01-08T12:36:44.766373,
TXN-00001184,204,PAYMENT,11761.34,C1000005,335240.34,323479.0,M8089698,0,0,0,2026-01-08T12:36:44.766412,
TXN-00001185,204,CASH_OUT,827.81,C1000068,180154.74,179326.92,M9619547,0,0,0,2026-01-08T12:36:44.766449,
TXN-00001186,204,TRANSFER,1269.41,C1000022,77011.78,75742.37,M9866727,0,0,0,2026-01-08T12:36:44.766486,
TXN-00001187,204,PAYMENT,17389.22,C1000093,0.0,0.0,M6350081,0,0,0,2026-01-08T12:36:44.766524,
TXN-00001188,204,CASH_OUT,313.33,C1000085,38725.37,38412.04,M1653339,0,0,0,2026-01-08T12:36:44.766561,
TXN-00001189,204,PAYMENT,551.42,C1000075,479042.26,478490.84,M1736506,0,0,0,2026-01-08T12:36:44.766599,
TXN-00001190,204,CASH_OUT,2839.35,C1000028,98499.08,95659.72,M1597883,0,0,0,2026-01-08T12:36:44.766639,
TXN-00001191,204,CASH_OUT,1835.04,C1000017,234212.4,232377.36,M9524396,0,0,0,2026-01-08T12:36:44.766680,
TXN-00001192,204,CASH_OUT,181.08,C1000002,378509.75,378328.67,M4834840,0,0,0,2026-01-08T12:36:44.766719,
TXN-00001193,204,PAYMENT,2838.88,C1000096,427071.22,424232.34,M8587997,0,0,0,2026-01-08T12:36:44.766756,
TXN-00001194,204,CASH_OUT,10.0,C1000075,478490.84,478480.84,M4516745,0,0,0,2026-01-08T12:36:44.766793,
TXN-00001195,204,CASH_OUT,6680.83,C1000088,169655.49,162974.66,M2413425,0,0,0,2026-01-08T12:36:44.766847,
TXN-00001196,204,PAYMENT,18262.7,C1000093,0.0,0.0,M9870433,0,0,0,2026-01-08T12:36:44.766888,
TXN-00001197,204,PAYMENT,733.93,C1000008,296207.93,295474.0,M7045161,0,0,0,2026-01-08T12:36:44.766925,
TXN-00001198,204,TRANSFER,1060.62,C1000089,275702.02,274641.4,M3185666,0,0,0,2026-01-08T12:36:44.766964,
TXN-00001199,204,PAYMENT,4990.5,C1000027,31102.95,26112.45,M6201385,0,0,0,2026-01-08T12:36:44.767001,
TXN-00001200,204,TRANSFER,1106.03,C1000083,266371.89,265265.87,M9147953,0,0,0,2026-01-08T12:36:44.767039,
TXN-00001201,204,TRANSFER,10.0,C1000080,238284.67,238274.67,M4399978,0,0,0,2026-01-08T12:36:44.767076,
TXN-00001202,204,PAYMENT,1355.2,C1000002,378328.67,376973.47,M8896961,0,0,0,2026-01-08T12:36:44.767116,
TXN-00001203,204,PAYMENT,4156.16,C1000006,399230.58,395074.42,M3489513,0,0,0,2026-01-08T12:36:44.767153,
TXN-00001204,208,TRANSFER,104727.26,C1000011,0.0,-103201.2,M9554171,0,0,1,2026-01-08T12:36:44.767176,balance_mismatch
TXN-00001205,204,TRANSFER,3979.57,C1000062,97575.56,93595.99,M2229231,0,0,0,2026-01-08T12:36:44.767218,
TXN-00001206,204,CASH_OUT,19057.31,C1000024,0.0,0.0,M6513023,0,0,0,2026-01-08T12:36:44.767256,
TXN-00001207,204,TRANSFER,15525.38,C1000095,115064.09,99538.71,M4637934,0,0,0,2026-01-08T12:36:44.767293,
TXN-00001208,204,TRANSFER,1902.02,C1000043,173007.19,171105.17,M1710317,0,0,0,2026-01-08T12:36:44.767330,
TXN-00001209,204,PAYMENT,2360.38,C1000030,154707.9,152347.52,M5571049,0,0,0,2026-01-08T12:36:44.767367,
TXN-00001210,204,TRANSFER,5590.03,C1000052,256133.31,250543.28,M3953828,0,0,0,2026-01-08T12:36:44.767404,
TXN-00001211,204,PAYMENT,9443.86,C1000078,87402.99,77959.13,M4507483,0,0,0,2026-01-08T12:36:44.767444,
TXN-00001212,204,TRANSFER,10.0,C1000023,104089.01,104079.01,M4510551,0,0,0,2026-01-08T12:36:44.767484,
TXN-00001213,204,PAYMENT,10.0,C1000023,104079.01,104069.01,M6606927,0,0,0,2026-01-08T12:36:44.767521,
TXN-00001214,204,TRANSFER,13209.91,C1000031,0.0,0.0,M1787736,0,0,0,2026-01-08T12:36:44.767558,
TXN-00001215,204,PAYMENT,4346.87,C1000045,142682.54,138335.67,M2304199,0,0,0,2026-01-08T12:36:44.767595,
TXN-00001216,204,DEBIT,876.64,C1000084,270036.72,269160.09,M6401242,0,0,0,2026-01-08T12:36:44.767632,
TXN-00001217,204,PAYMENT,7241.86,C1000011,0.0,0.0,M3028984,0,0,0,2026-01-08T12:36:44.767673,
TXN-00001218,204,TRANSFER,1637.4,C1000083,265265.87,263628.46,M6518486,0,0,0,2026-01-08T12:36:44.767709,
TXN-00001219,204,CASH_OUT,211.09,C1000001,131550.49,131339.4,M9591488,0,0,0,2026-01-08T12:36:44.767747,
TXN-00001220,204,CASH_OUT,551.66,C1000075,478480.84,477929.17,M3583628,0,0,0,2026-01-08T12:36:44.767784,
TXN-00001221,204,TRANSFER,844.67,C1000018,243172.9,242328.23,M8063182,0,0,0,2026-01-08T12:36:44.767821,
TXN-00001222,204,CASH_OUT,16593.73,C1000074,299574.15,282980.42,M8427254,0,0,0,2026-01-08T12:36:44.767867,
TXN-00001223,204,TRANSFER,2040.41,C1000017,232377.36,230336.95,M5555822,0,0,0,2026-01-08T12:36:44.767913,
TXN-00001224,204,DEBIT,2060.33,C1000097,195952.44,193892.11,M9970761,0,0,0,2026-01-08T12:36:44.767951,
TXN-00001225,204,CASH_OUT,5966.87,C1000080,238274.67,232307.8,M9847349,0,0,0,2026-01-08T12:36:44.767988,
TXN-00001226,204,PAYMENT,6990.14,C1000011,0.0,0.0,M6867566,0,0,0,2026-01-08T12:36:44.768025,
TXN-00001227,204,CASH_OUT,26291.73,C1000056,0.0,0.0,M7916378,0,0,0,2026-01-08T12:36:44.768062,
TXN-00001228,204,TRANSFER,2938.68,C1000026,300851.14,297912.46,M7944731,0,0,0,2026-01-08T12:36:44.768099,
TXN-00001229,204,PAYMENT,737.53,C1000066,26939.21,26201.68,M8204910,0,0,0,2026-01-08T12:36:44.768135,
TXN-00001230,204,DEBIT,10.0,C1000020,453072.33,453062.33,M2147105,0,0,0,2026-01-08T12:36:44.768172,
TXN-00001231,204,PAYMENT,12197.21,C1000082,325697.98,313500.77,M4596620,0,0,0,2026-01-08T12:36:44.768209,
TXN-00001232,204,PAYMENT,10.0,C1000002,376973.47,376963.47,M2842835,0,0,0,2026-01-08T12:36:44.768249,
TXN-00001233,204,PAYMENT,1806.06,C1000044,159113.11,157307.05,M8607012,0,0,0,2026-01-08T12:36:44.768287,
TXN-00001234,204,CASH_OUT,6025.48,C1000059,337978.7,331953.23,M3693734,0,0,0,2026-01-08T12:36:44.768323,
TXN-00001235,204,TRANSFER,797.14,C1000018,242328.23,241531.08,M6202473,0,0,0,2026-01-08T12:36:44.768360,
TXN-00001236,204,PAYMENT,10.0,C1000002,376963.47,376953.47,M6414717,0,0,0,2026-01-08T12:36:44.768405,
TXN-00001237,204,CASH_OUT,8783.85,C1000039,154409.35,145625.5,M6335713,0,0,0,2026-01-08T12:36:44.768462,
TXN-00001238,204,CASH_IN,19508.73,C1000024,0.0,19508.73,M3865208,0,0,0,2026-01-08T12:36:44.768520,
TXN-00001239,204,CASH_OUT,366.59,C1000066,26201.68,25835.09,M9450621,0,0,0,2026-01-08T12:36:44.768570,
TXN-00001240,204,DEBIT,10.0,C1000007,103117.95,103107.95,M8073822,0,0,0,2026-01-08T12:36:44.768610,
TXN-00001241,204,PAYMENT,10.0,C1000048,258240.54,258230.54,M4668505,0,0,0,2026-01-08T12:36:44.768648,
TXN-00001242,204,PAYMENT,10.0,C1000075,477929.17,477919.17,M2656914,0,0,0,2026-01-08T12:36:44.768690,
TXN-00001243,204,PAYMENT,10.0,C1000089,274641.4,274631.4,M5863807,0,0,0,2026-01-08T12:36:44.768728,
TXN-00001244,204,CASH_OUT,3850.96,C1000049,241848.09,237997.12,M2152194,0,0,0,2026-01-08T12:36:44.768765,
TXN-00001245,204,CASH_OUT,17133.46,C1000095,99538.71,82405.25,M6696070,0,0,0,2026-01-08T12:36:44.768829,
TXN-00001246,204,CASH_OUT,10.0,C1000002,376953.47,376943.47,M9512378,0,0,0,2026-01-08T12:36:44.768867,
TXN-00001247,204,PAYMENT,2421.24,C1000089,274631.4,272210.16,M4719239,0,0,0,2026-01-08T12:36:44.768904,
TXN-00001248,204,CASH_OUT,3754.68,C1000045,138335.67,134580.99,M2142060,0,0,0,2026-01-08T12:36:44.768942,
TXN-00001249,204,TRANSFER,8713.09,C1000049,237997.12,229284.03,M5199355,0,0,0,2026-01-08T12:36:44.768980,
TXN-00001250,204,PAYMENT,45780.88,C1000053,0.0,0.0,M9690288,0,0,0,2026-01-08T12:36:44.769017,
TXN-00001251,204,CASH_OUT,1840.49,C1000049,229284.03,227443.55,M8189128,0,0,0,2026-01-08T12:36:44.769054,
TXN-00001252,204,CASH_OUT,988.85,C1000068,179326.92,178338.07,M9752116,0,0,0,2026-01-08T12:36:44.769093,
TXN-00001253,204,PAYMENT,1760.7,C1000069,214550.92,212790.22,M6938264,0,0,0,2026-01-08T12:36:44.769132,
TXN-00001254,204,CASH_OUT,10.0,C1000072,39089.53,39079.53,M6977493,0,0,0,2026-01-08T12:36:44.769170,
TXN-00001255,204,PAYMENT,10.0,C1000041,350785.79,350775.79,M3923213,0,0,0,2026-01-08T12:36:44.769207,
TXN-00001256,204,TRANSFER,659.54,C1000048,258230.54,257571.0,M2011750,0,0,0,2026-01-08T12:36:44.769244,
TXN-00001257,204,TRANSFER,18214.51,C1000035,0.0,0.0,M8762665,0,0,0,2026-01-08T12:36:44.769281,
TXN-00001258,204,PAYMENT,38920.75,C1000012,0.0,0.0,M6761155,0,0,0,2026-01-08T12:36:44.769318,
TXN-00001259,212,TRANSFER,136802.51,C1000090,336185.99,199696.33,M2659858,0,0,1,2026-01-08T12:36:44.769339,balance_mismatch
TXN-00001260,204,PAYMENT,400.14,C1000004,249095.39,248695.25,M2103711,0,0,0,2026-01-08T12:36:44.769380,
TXN-00001261,204,CASH_OUT,1045.22,C1000068,178338.07,177292.85,M2091839,0,0,0,2026-01-08T12:36:44.769417,
TXN-00001262,204,TRANSFER,36107.1,C1000067,104841.65,68734.56,M3433287,0,0,0,2026-01-08T12:36:44.769458,
TXN-00001263,204,TRANSFER,1832.05,C1000017,230336.95,228504.89,M4121515,0,0,0,2026-01-08T12:36:44.769495,
TXN-00001264,204,TRANSFER,10.0,C1000018,241531.08,241521.08,M9250974,0,0,0,2026-01-08T12:36:44.769533,
TXN-00001265,204,PAYMENT,2025.64,C1000089,272210.16,270184.52,M4686584,0,0,0,2026-01-08T12:36:44.769569,
TXN-00001266,204,DEBIT,6032.89,C1000052,250543.28,244510.39,M3919622,0,0,0,2026-01-08T12:36:44.769607,
TXN-00001267,204,PAYMENT,2157.22,C1000017,228504.89,226347.67,M8401041,0,0,0,2026-01-08T12:36:44.769643,
TXN-00001268,204,PAYMENT,781.3,C1000001,131339.4,130558.1,M4493115,0,0,0,2026-01-08T12:36:44.769682,
TXN-00001269,204,PAYMENT,4544.38,C1000065,0.0,0.0,M5337105,0,0,0,2026-01-08T12:36:44.769719,
TXN-00001270,204,CASH_IN,3413.16,C1000062,93595.99,97009.15,M1757272,0,0,0,2026-01-08T12:36:44.769756,
TXN-00001271,212,TRANSFER,125085.77,C1000041,350775.79,222238.52,M9350208,0,0,1,2026-01-08T12:36:44.769775,balance_mismatch
TXN-00001272,204,CASH_OUT,7409.03,C1000052,244510.39,237101.37,M3849793,0,0,0,2026-01-08T12:36:44.769816,
TXN-00001273,204,TRANSFER,8846.86,C1000033,299055.3,290208.43,M9505541,0,0,0,2026-01-08T12:36:44.769854,
TXN-00001274,204,PAYMENT,172878.24,C1000050,0.0,0.0,M8086771,0,0,0,2026-01-08T12:36:44.769891,
TXN-00001275,204,DEBIT,3540.07,C1000091,0.0,0.0,M9441267,0,0,0,2026-01-08T12:36:44.769930,
TXN-00001276,204,TRANSFER,9867.68,C1000092,278953.15,269085.46,M5384661,0,0,0,2026-01-08T12:36:44.769966,
TXN-00001277,204,PAYMENT,4262.69,C1000065,0.0,0.0,M6776125,0,0,0,2026-01-08T12:36:44.770004,
TXN-00001278,204,PAYMENT,1781.31,C1000072,39079.53,37298.22,M4744483,0,0,0,2026-01-08T12:36:44.770040,
TXN-00001279,204,CASH_OUT,6097.28,C1000059,331953.23,325855.95,M8860153,0,0,0,2026-01-08T12:36:44.770077,
TXN-00001280,204,PAYMENT,35249.16,C1000073,0.0,0.0,M9631194,0,0,0,2026-01-08T12:36:44.770114,
TXN-00001281,204,PAYMENT,5033.13,C1000003,170222.61,165189.48,M3790841,0,0,0,2026-01-08T12:36:44.770155,
TXN-00001282,204,PAYMENT,187.38,C1000081,124232.09,124044.71,M9033945,0,0,0,2026-01-08T12:36:44.770195,
TXN-00001283,204,PAYMENT,4081.54,C1000027,26112.45,22030.91,M9008009,0,0,0,2026-01-08T12:36:44.770232,
TXN-00001284,204,PAYMENT,2994.62,C1000087,434257.44,431262.82,M8709489,0,0,0,2026-01-08T12:36:44.770269,
TXN-00001285,204,CASH_OUT,16020.61,C1000079,283360.13,267339.52,M7694807,0,0,0,2026-01-08T12:36:44.770305,
TXN-00001286,213,CASH_OUT,65262.43,C1000039,145625.5,80363.07,M6446831,0,0,1,2026-01-08T12:36:44.770325,unusual_type
TXN-00001287,204,PAYMENT,10.0,C1000040,124445.8,124435.8,M6580316,0,0,0,2026-01-08T12:36:44.770361,
TXN-00001288,204,TRANSFER,1723.03,C1000086,252845.65,251122.62,M2759521,0,0,0,2026-01-08T12:36:44.770398,
TXN-00001289,204,CASH_IN,8902.01,C1000031,0.0,8902.01,M4475116,0,0,0,2026-01-08T12:36:44.770447,
TXN-00001290,204,PAYMENT,2505.62,C1000097,193892.11,191386.49,M6784703,0,0,0,2026-01-08T12:36:44.770487,
TXN-00001291,204,CASH_OUT,4022.13,C1000010,8791.09,4768.96,M3108177,0,0,0,2026-01-08T12:36:44.770527,
TXN-00001292,204,PAYMENT,10681.62,C1000064,0.0,0.0,M4770929,0,0,0,2026-01-08T12:36:44.770567,
TXN-00001293,204,TRANSFER,86.51,C1000004,248695.25,248608.74,M2834206,0,0,0,2026-01-08T12:36:44.770604,
TXN-00001294,204,DEBIT,2981.04,C1000044,157307.05,154326.01,M1316475,0,0,0,2026-01-08T12:36:44.770641,
TXN-00001295,204,PAYMENT,1242.11,C1000014,390040.41,388798.29,M2128578,0,0,0,2026-01-08T12:36:44.770681,
TXN-00001296,204,PAYMENT,2603.05,C1000044,154326.01,151722.96,M8936932,0,0,0,2026-01-08T12:36:44.770719,
TXN-00001297,204,PAYMENT,10.0,C1000075,477919.17,477909.17,M4728922,0,0,0,2026-01-08T12:36:44.770756,
TXN-00001298,204,PAYMENT,2442.21,C1000069,212790.22,210348.02,M5953151,0,0,0,2026-01-08T12:36:44.770794,
TXN-00001299,204,PAYMENT,2285.47,C1000086,251122.62,248837.15,M5136377,0,0,0,2026-01-08T12:36:44.770833,
TXN-00001300,204,CASH_OUT,47840.65,C1000053,0.0,0.0,M7880970,0,0,0,2026-01-08T12:36:44.770869,
TXN-00001301,204,PAYMENT,18114.08,C1000024,19508.73,1394.65,M5948333,0,0,0,2026-01-08T12:36:44.770906,
TXN-00001302,204,PAYMENT,5577.17,C1000025,225953.17,220376.0,M8718481,0,0,0,2026-01-08T12:36:44.770951,
TXN-00001303,204,CASH_IN,6765.13,C1000080,232307.8,239072.94,M5458555,0,0,0,2026-01-08T12:36:44.770999,
TXN-00001304,204,PAYMENT,1367.14,C1000078,77959.13,76591.99,M7501827,0,0,0,2026-01-08T12:36:44.771037,
TXN-00001305,204,CASH_OUT,342.32,C1000016,250596.65,250254.33,M1627470,0,0,0,2026-01-08T12:36:44.771075,
TXN-00001306,204,CASH_OUT,860.38,C1000069,210348.02,209487.63,M1003451,0,0,0,2026-01-08T12:36:44.771112,
TXN-00001307,204,CASH_OUT,5139.55,C1000003,165189.48,160049.93,M5918620,0,0,0,2026-01-08T12:36:44.771149,
TXN-00001308,204,TRANSFER,173070.94,C1000050,0.0,0.0,M9135111,0,0,0,2026-01-08T12:36:44.771185,
TXN-00001309,204,CASH_OUT,1708.21,C1000016,250254.33,248546.12,M3330312,0,0,0,2026-01-08T12:36:44.771224,
TXN-00001310,204,DEBIT,791.47,C1000007,103107.95,102316.48,M6502194,0,0,0,2026-01-08T12:36:44.771262,
TXN-00001311,204,TRANSFER,614.18,C1000041,350775.79,350161.61,M4946632,0,0,0,2026-01-08T12:36:44.771302,
TXN-00001312,204,PAYMENT,4343.63,C1000091,0.0,0.0,M4727663,0,0,0,2026-01-08T12:36:44.771340,
TXN-00001313,204,PAYMENT,10.0,C1000080,239072.94,239062.94,M4870700,0,0,0,2026-01-08T12:36:44.771377,
TXN-00001314,204,PAYMENT,35036.84,C1000073,0.0,0.0,M6745235,0,0,0,2026-01-08T12:36:44.771413,
TXN-00001315,204,CASH_OUT,1527.12,C1000044,151722.96,150195.84,M3202959,0,0,0,2026-01-08T12:36:44.771449,
TXN-00001316,204,CASH_OUT,8223.15,C1000039,145625.5,137402.35,M9836332,0,0,0,2026-01-08T12:36:44.771488,
TXN-00001317,204,PAYMENT,1640.38,C1000081,124044.71,122404.34,M4803980,0,0,0,2026-01-08T12:36:44.771528,
TXN-00001318,204,CASH_OUT,10.0,C1000060,67997.43,67987.43,M7560524,0,0,0,2026-01-08T12:36:44.771564,
TXN-00001319,204,CASH_OUT,3880.89,C1000062,97009.15,93128.26,M6257859,0,0,0,2026-01-08T12:36:44.771601,
TXN-00001320,204,TRANSFER,8124.83,C1000011,0.0,0.0,M8576468,0,0,0,2026-01-08T12:36:44.771639,
TXN-00001321,204,PAYMENT,10.0,C1000055,245248.53,245238.53,M3614899,0,0,0,2026-01-08T12:36:44.771677,
TXN-00001322,204,CASH_OUT,10.0,C1000007,102316.48,102306.48,M5720340,0,0,0,2026-01-08T12:36:44.771716,
TXN-00001323,204,TRANSFER,2983.71,C1000080,239062.94,236079.22,M7865423,0,0,0,2026-01-08T12:36:44.771753,
TXN-00001324,204,TRANSFER,162.29,C1000080,236079.22,235916.93,M5014256,0,0,0,2026-01-08T12:36:44.771790,
TXN-00001325,204,PAYMENT,3387.03,C1000006,395074.42,391687.39,M7777479,0,0,0,2026-01-08T12:36:44.771827,
TXN-00001326,204,TRANSFER,2611.02,C1000044,150195.84,147584.82,M8905552,0,0,0,2026-01-08T12:36:44.771864,
TXN-00001327,204,CASH_OUT,6804.52,C1000088,162974.66,156170.15,M2393075,0,0,0,2026-01-08T12:36:44.771901,
TXN-00001328,204,PAYMENT,667.29,C1000075,477909.17,477241.89,M5900695,0,0,0,2026-01-08T12:36:44.771937,
TXN-00001329,204,CASH_OUT,10.0,C1000021,2201.32,2191.32,M5334921,0,0,0,2026-01-08T12:36:44.771974,
TXN-00001330,204,CASH_OUT,1953.62,C1000058,13267.56,11313.94,M7835532,0,0,0,2026-01-08T12:36:44.772012,
TXN-00001331,204,PAYMENT,4769.91,C1000047,90564.73,85794.82,M6410099,0,0,0,2026-01-08T12:36:44.772050,
TXN-00001332,204,PAYMENT,4877.81,C1000058,11313.94,6436.13,M5686312,0,0,0,2026-01-08T12:36:44.772088,
TXN-00001333,204,PAYMENT,11820.0,C1000054,211458.48,199638.48,M7808361,0,0,0,2026-01-08T12:36:44.772125,
TXN-00001334,204,PAYMENT,8445.43,C1000013,197358.01,188912.57,M6552422,0,0,0,2026-01-08T12:36:44.772162,
TXN-00001335,204,CASH_OUT,10.0,C1000066,25835.09,25825.09,M5997277,0,0,0,2026-01-08T12:36:44.772199,
TXN-00001336,204,TRANSFER,1228.21,C1000001,130558.1,129329.9,M3456184,0,0,0,2026-01-08T12:36:44.772236,
TXN-00001337,204,CASH_IN,17031.2,C1000093,0.0,17031.2,M8178987,0,0,0,2026-01-08T12:36:44.772273,
TXN-00001338,204,TRANSFER,562.35,C1000097,191386.49,190824.14,M8895202,0,0,0,2026-01-08T12:36:44.772311,
TXN-00001339,204,CASH_IN,5343.78,C1000025,220376.0,225719.78,M9308556,0,0,0,2026-01-08T12:36:44.772348,
TXN-00001340,204,PAYMENT,1739.1,C1000086,248837.15,247098.05,M7329364,0,0,0,2026-01-08T12:36:44.772386,
TXN-00001341,204,TRANSFER,2880.75,C1000062,93128.26,90247.52,M1269125,0,0,0,2026-01-08T12:36:44.772422,
TXN-00001342,204,DEBIT,648.3,C1000094,257313.11,256664.81,M5268572,0,0,0,2026-01-08T12:36:44.772462,
TXN-00001343,204,CASH_OUT,10.0,C1000042,270371.4,270361.4,M7421015,0,0,0,2026-01-08T12:36:44.772498,
TXN-00001344,204,CASH_IN,4818.26,C1000052,237101.37,241919.62,M6874593,0,0,0,2026-01-08T12:36:44.772535,
TXN-00001345,204,TRANSFER,20610.28,C1000035,0.0,0.0,M2405441,0,0,0,2026-01-08T12:36:44.772572,
TXN-00001346,204,CASH_OUT,10.0,C1000089,270184.52,270174.52,M1294340,0,0,0,2026-01-08T12:36:44.772611,
TXN-00001347,204,PAYMENT,17296.95,C1000093,17031.2,0.0,M7782315,0,0,0,2026-01-08T12:36:44.772647,
TXN-00001348,204,PAYMENT,19724.9,C1000082,313500.77,293775.87,M4899232,0,0,0,2026-01-08T12:36:44.772684,
TXN-00001349,204,PAYMENT,703.17,C1000066,25825.09,25121.92,M8852777,0,0,0,2026-01-08T12:36:44.772721,
TXN-00001350,204,PAYMENT,4718.11,C1000003,160049.93,155331.82,M4661021,0,0,0,2026-01-08T12:36:44.772757,
TXN-00001351,204,DEBIT,9353.96,C1000013,188912.57,179558.62,M9218071,0,0,0,2026-01-08T12:36:44.772794,
TXN-00001352,204,TRANSFER,17283.96,C1000076,307514.49,290230.53,M3922615,0,0,0,2026-01-08T12:36:44.772833,
TXN-00001353,204,PAYMENT,2991.83,C1000087,431262.82,428270.99,M6412036,0,0,0,2026-01-08T12:36:44.772870,
TXN-00001354,204,PAYMENT,19941.69,C1000035,0.0,0.0,M5632884,0,0,0,2026-01-08T12:36:44.772907,
TXN-00001355,204,PAYMENT,10.0,C1000055,245238.53,245228.53,M4077302,0,0,0,2026-01-08T12:36:44.772943,
TXN-00001356,204,CASH_OUT,6920.92,C1000088,156170.15,149249.23,M2301748,0,0,0,2026-01-08T12:36:44.772985,
TXN-00001357,204,PAYMENT,2587.38,C1000030,152347.52,149760.14,M2754845,0,0,0,2026-01-08T12:36:44.773032,
TXN-00001358,204,CASH_IN,7279.93,C1000036,115504.47,122784.4,M7213562,0,0,0,2026-01-08T12:36:44.773070,
TXN-00001359,204,PAYMENT,40449.97,C1000012,0.0,0.0,M2056968,0,0,0,2026-01-08T12:36:44.773107,
TXN-00001360,204,PAYMENT,2792.9,C1000097,190824.14,188031.24,M5244424,0,0,0,2026-01-08T12:36:44.773148,
TXN-00001361,204,PAYMENT,461.48,C1000077,144400.09,143938.61,M1450790,0,0,0,2026-01-08T12:36:44.773184,
TXN-00001362,204,CASH_OUT,8078.44,C1000036,122784.4,114705.96,M7246893,0,0,0,2026-01-08T12:36:44.773225,
TXN-00001363,204,PAYMENT,10.0,C1000048,257571.0,257561.0,M9778606,0,0,0,2026-01-08T12:36:44.773262,
TXN-00001364,204,PAYMENT,3507.98,C1000040,124435.8,120927.81,M1048399,0,0,0,2026-01-08T12:36:44.773299,
TXN-00001365,204,DEBIT,14312.18,C1000005,323479.0,309166.82,M3175996,0,0,0,2026-01-08T12:36:44.773337,
TXN-00001366,204,CASH_OUT,11410.56,C1000074,282980.42,271569.87,M7427042,0,0,0,2026-01-08T12:36:44.773374,
TXN-00001367,204,CASH_OUT,6190.76,C1000051,469874.23,463683.47,M7607425,0,0,0,2026-01-08T12:36:44.773411,
TXN-00001368,204,PAYMENT,6721.33,C1000036,114705.96,107984.63,M8823113,0,0,0,2026-01-08T12:36:44.773449,
TXN-00001369,204,PAYMENT,1651.84,C1000069,209487.63,207835.8,M9780572,0,0,0,2026-01-08T12:36:44.773487,
TXN-00001370,204,TRANSFER,15652.87,C1000080,235916.93,220264.06,M1976805,0,0,0,2026-01-08T12:36:44.773524,
TXN-00001371,204,TRANSFER,41.89,C1000048,257561.0,257519.11,M7776797,0,0,0,2026-01-08T12:36:44.773563,
TXN-00001372,204,TRANSFER,26.47,C1000022,75742.37,75715.9,M3932147,0,0,0,2026-01-08T12:36:44.773603,
TXN-00001373,204,CASH_OUT,97.13,C1000060,67987.43,67890.3,M8427291,0,0,0,2026-01-08T12:36:44.773640,
TXN-00001374,204,DEBIT,13645.54,C1000005,309166.82,295521.28,M9096420,0,0,0,2026-01-08T12:36:44.773677,
TXN-00001375,204,CASH_OUT,899.14,C1000007,102306.48,101407.34,M8481265,0,0,0,2026-01-08T12:36:44.773713,
TXN-00001376,204,PAYMENT,10085.17,C1000092,269085.46,259000.29,M5778758,0,0,0,2026-01-08T12:36:44.773750,
TXN-00001377,204,DEBIT,17999.61,C1000035,0.0,0.0,M3766682,0,0,0,2026-01-08T12:36:44.773786,
TXN-00001378,204,TRANSFER,9038.17,C1000054,199638.48,190600.31,M9196729,0,0,0,2026-01-08T12:36:44.773822,
TXN-00001379,204,DEBIT,16979.37,C1000093,0.0,0.0,M9634815,0,0,0,2026-01-08T12:36:44.773859,
TXN-00001380,204,PAYMENT,17344.08,C1000076,290230.53,272886.45,M3195247,0,0,0,2026-01-08T12:36:44.773896,
TXN-00001381,204,TRANSFER,2673.91,C1000028,95659.72,92985.82,M3382307,0,0,0,2026-01-08T12:36:44.773935,
TXN-00001382,204,PAYMENT,4833.75,C1000049,227443.55,222609.79,M1414156,0,0,0,2026-01-08T12:36:44.773974,
TXN-00001383,204,PAYMENT,5132.22,C1000003,155331.82,150199.59,M8952055,0,0,0,2026-01-08T12:36:44.774011,
TXN-00001384,204,CASH_OUT,5658.02,C1000046,70104.55,64446.52,M5535591,0,0,0,2026-01-08T12:36:44.774047,
TXN-00001385,204,TRANSFER,11117.45,C1000015,387519.41,376401.96,M3378445,0,0,0,2026-01-08T12:36:44.774085,
TXN-00001386,204,PAYMENT,3906.86,C1000062,90247.52,86340.66,M5359369,0,0,0,2026-01-08T12:36:44.774121,
TXN-00001387,204,CASH_OUT,10.0,C1000064,0.0,0.0,M7490802,0,0,0,2026-01-08T12:36:44.774160,
TXN-00001388,204,PAYMENT,1624.22,C1000090,336185.99,334561.77,M2127720,0,0,0,2026-01-08T12:36:44.774215,
TXN-00001389,204,PAYMENT,5488.25,C1000059,325855.95,320367.7,M1794732,0,0,0,2026-01-08T12:36:44.774254,
TXN-00001390,204,PAYMENT,1334.39,C1000016,248546.12,247211.73,M4851389,0,0,0,2026-01-08T12:36:44.774291,
TXN-00001391,204,PAYMENT,10.0,C1000080,220264.06,220254.06,M3419716,0,0,0,2026-01-08T12:36:44.774328,
TXN-00001392,204,CASH_OUT,1846.57,C1000017,226347.67,224501.1,M8755465,0,0,0,2026-01-08T12:36:44.774367,
TXN-00001393,204,PAYMENT,6087.14,C1000052,241919.62,235832.49,M9251319,0,0,0,2026-01-08T12:36:44.774404,
TXN-00001394,204,PAYMENT,624.11,C1000022,75715.9,75091.79,M9318180,0,0,0,2026-01-08T12:36:44.774440,
TXN-00001395,204,PAYMENT,539.28,C1000069,207835.8,207296.52,M5462374,0,0,0,2026-01-08T12:36:44.774477,
TXN-00001396,204,PAYMENT,3261.07,C1000091,0.0,0.0,M9378332,0,0,0,2026-01-08T12:36:44.774514,
TXN-00001397,204,PAYMENT,3321.18,C1000098,321813.06,318491.88,M6272985,0,0,0,2026-01-08T12:36:44.774552,
TXN-00001398,204,PAYMENT,10.0,C1000004,248608.74,248598.74,M1629466,0,0,0,2026-01-08T12:36:44.774589,
TXN-00001399,204,PAYMENT,1392.72,C1000038,8157.23,6764.51,M5969462,0,0,0,2026-01-08T12:36:44.774626,
TXN-00001400,204,PAYMENT,356.29,C1000094,256664.81,256308.52,M5093376,0,0,0,2026-01-08T12:36:44.774663,
TXN-00001401,204,DEBIT,806.02,C1000002,376943.47,376137.45,M5004241,0,0,0,2026-01-08T12:36:44.774699,
TXN-00001402,204,DEBIT,12656.77,C1000005,295521.28,282864.51,M6328589,0,0,0,2026-01-08T12:36:44.774739,
TXN-00001403,204,TRANSFER,10.0,C1000023,104069.01,104059.01,M6228386,0,0,0,2026-01-08T12:36:44.774776,
TXN-00001404,204,TRANSFER,10.0,C1000041,350161.61,350151.61,M9636074,0,0,0,2026-01-08T12:36:44.774814,
TXN-00001405,204,TRANSFER,5954.87,C1000003,150199.59,144244.72,M9728502,0,0,0,2026-01-08T12:36:44.774859,
TXN-00001406,204,PAYMENT,8227.85,C1000013,179558.62,171330.76,M6567958,0,0,0,2026-01-08T12:36:44.774896,
TXN-00001407,204,DEBIT,10.0,C1000075,477241.89,477231.89,M1245829,0,0,0,2026-01-08T12:36:44.774933,
TXN-00001408,204,CASH_OUT,1001.26,C1000069,207296.52,206295.26,M9809470,0,0,0,2026-01-08T12:36:44.774969,
TXN-00001409,204,CASH_OUT,351.21,C1000040,120927.81,120576.61,M9745792,0,0,0,2026-01-08T12:36:44.775011,
TXN-00001410,204,DEBIT,2769.96,C1000098,318491.88,315721.92,M5611529,0,0,0,2026-01-08T12:36:44.775061,
TXN-00001411,204,DEBIT,2753.74,C1000072,37298.22,34544.48,M8207303,0,0,0,2026-01-08T12:36:44.775100,
TXN-00001412,204,TRANSFER,367.33,C1000022,75091.79,74724.46,M2250099,0,0,0,2026-01-08T12:36:44.775140,
TXN-00001413,204,PAYMENT,3421.0,C1000087,428270.99,424849.98,M3613466,0,0,0,2026-01-08T12:36:44.775177,
TXN-00001414,204,PAYMENT,2551.73,C1000028,92985.82,90434.08,M7286638,0,0,0,2026-01-08T12:36:44.775216,
TXN-00001415,204,PAYMENT,919.91,C1000007,101407.34,100487.43,M7322111,0,0,0,2026-01-08T12:36:44.775253,
TXN-00001416,204,PAYMENT,3511.73,C1000045,134580.99,131069.25,M8471433,0,0,0,2026-01-08T12:36:44.775293,
TXN-00001417,204,TRANSFER,3794.92,C1000045,131069.25,127274.33,M9063428,0,0,0,2026-01-08T12:36:44.775415,
TXN-00001418,204,PAYMENT,2760.32,C1000043,171105.17,168344.85,M1302435,0,0,0,2026-01-08T12:36:44.775570,
TXN-00001419,204,TRANSFER,3160.89,C1000028,90434.08,87273.2,M5732635,0,0,0,2026-01-08T12:36:44.775655,
TXN-00001420,204,CASH_OUT,10556.38,C1000074,271569.87,261013.48,M2418381,0,0,0,2026-01-08T12:36:44.775962,
TXN-00001421,204,PAYMENT,3852.16,C1000097,188031.24,184179.08,M9164179,0,0,0,2026-01-08T12:36:44.776250,
TXN-00001422,204,PAYMENT,6643.46,C1000059,320367.7,313724.24,M4075611,0,0,0,2026-01-08T12:36:44.776582,
TXN-00001423,204,PAYMENT,5930.15,C1000040,120576.61,114646.46,M4265016,0,0,0,2026-01-08T12:36:44.776749,
TXN-00001424,204,CASH_OUT,4838.36,C1000080,220254.06,215415.71,M2932150,0,0,0,2026-01-08T12:36:44.776942,
TXN-00001425,204,DEBIT,13806.21,C1000074,261013.48,247207.27,M4472258,0,0,0,2026-01-08T12:36:44.777078,
TXN-00001426,204,DEBIT,4671.08,C1000032,185617.88,180946.8,M7192227,0,0,0,2026-01-08T12:36:44.777128,
TXN-00001427,204,PAYMENT,389.79,C1000060,67890.3,67500.51,M3287498,0,0,0,2026-01-08T12:36:44.777181,
TXN-00001428,204,PAYMENT,23576.35,C1000037,0.0,0.0,M4600459,0,0,0,2026-01-08T12:36:44.777224,
TXN-00001429,204,PAYMENT,868.13,C1000041,350151.61,349283.48,M9583837,0,0,0,2026-01-08T12:36:44.777264,
TXN-00001430,204,TRANSFER,4473.9,C1000027,22030.91,17557.01,M6081452,0,0,0,2026-01-08T12:36:44.777304,
TXN-00001431,204,PAYMENT,4076.21,C1000040,114646.46,110570.25,M3188894,0,0,0,2026-01-08T12:36:44.777342,
TXN-00001432,204,DEBIT,6100.38,C1000059,313724.24,307623.86,M4867288,0,0,0,2026-01-08T12:36:44.777387,
TXN-00001433,204,TRANSFER,13654.11,C1000063,303635.7,289981.59,M2627850,0,0,0,2026-01-08T12:36:44.777425,
TXN-00001434,204,TRANSFER,2248.45,C1000020,453062.33,450813.89,M3116734,0,0,0,2026-01-08T12:36:44.777469,
TXN-00001435,204,CASH_OUT,10159.68,C1000092,259000.29,248840.61,M5935350,0,0,0,2026-01-08T12:36:44.777518,
TXN-00001436,204,PAYMENT,1447.19,C1000004,248598.74,247151.55,M2013311,0,0,0,2026-01-08T12:36:44.777557,
TXN-00001437,204,PAYMENT,2387.22,C1000021,2191.32,0.0,M3404045,0,0,0,2026-01-08T12:36:44.777595,
TXN-00001438,204,TRANSFER,1142.65,C1000083,263628.46,262485.81,M3092856,0,0,0,2026-01-08T12:36:44.777634,
TXN-00001439,204,TRANSFER,1306.06,C1000070,0.0,0.0,M4406111,0,0,0,2026-01-08T12:36:44.777672,
TXN-00001440,204,DEBIT,480.1,C1000041,349283.48,348803.38,M7926389,0,0,0,2026-01-08T12:36:44.777710,
TXN-00001441,204,PAYMENT,3868.19,C1000028,87273.2,83405.01,M8949861,0,0,0,2026-01-08T12:36:44.777748,
TXN-00001442,204,PAYMENT,4587.64,C1000025,225719.78,221132.14,M7772245,0,0,0,2026-01-08T12:36:44.777790,
TXN-00001443,204,CASH_OUT,10.0,C1000078,76591.99,76581.99,M9740975,0,0,0,2026-01-08T12:36:44.777832,
TXN-00001444,204,CASH_OUT,3776.1,C1000062,86340.66,82564.56,M3202024,0,0,0,2026-01-08T12:36:44.777887,
TXN-00001445,204,PAYMENT,5798.34,C1000046,64446.52,58648.18,M9557631,0,0,0,2026-01-08T12:36:44.777948,
TXN-00001446,204,TRANSFER,43499.8,C1000042,270361.4,226861.6,M6689055,0,0,0,2026-01-08T12:36:44.778001,
TXN-00001447,204,PAYMENT,10.0,C1000075,477231.89,477221.89,M4911670,0,0,0,2026-01-08T12:36:44.778055,
TXN-00001448,204,CASH_OUT,820.55,C1000020,450813.89,449993.34,M7500436,0,0,0,2026-01-08T12:36:44.778111,
TXN-00001449,204,PAYMENT,1235.78,C1000008,295474.0,294238.21,M6497136,0,0,0,2026-01-08T12:36:44.778164,
TXN-00001450,204,TRANSFER,13880.82,C1000063,289981.59,276100.78,M2106786,0,0,0,2026-01-08T12:36:44.778217,
TXN-00001451,204,PAYMENT,30530.5,C1000067,68734.56,38204.06,M9958728,0,0,0,2026-01-08T12:36:44.778273,
TXN-00001452,204,CASH_OUT,11806.32,C1000054,190600.31,178793.98,M7895973,0,0,0,2026-01-08T12:36:44.778332,
TXN-00001453,204,CASH_OUT,918.02,C1000071,262774.45,261856.43,M6598655,0,0,0,2026-01-08T12:36:44.778387,
TXN-00001454,204,CASH_OUT,4462.09,C1000065,0.0,0.0,M3378087,0,0,0,2026-01-08T12:36:44.778443,
TXN-00001455,204,PAYMENT,3726.53,C1000087,424849.98,421123.45,M7848780,0,0,0,2026-01-08T12:36:44.778497,
TXN-00001456,204,PAYMENT,17590.67,C1000095,82405.25,64814.58,M8377709,0,0,0,2026-01-08T12:36:44.778550,
TXN-00001457,204,PAYMENT,8266.83,C1000039,137402.35,129135.51,M1675691,0,0,0,2026-01-08T12:36:44.778603,
TXN-00001458,204,PAYMENT,11348.08,C1000078,76581.99,65233.91,M9410834,0,0,0,2026-01-08T12:36:44.778655,
TXN-00001459,204,CASH_IN,646.88,C1000072,34544.48,35191.36,M5357698,0,0,0,2026-01-08T12:36:44.778708,
TXN-00001460,204,PAYMENT,1585.23,C1000089,270174.52,268589.29,M2282325,0,0,0,2026-01-08T12:36:44.778761,
TXN-00001461,204,DEBIT,2044.32,C1000083,262485.81,260441.49,M4795190,0,0,0,2026-01-08T12:36:44.778818,
TXN-00001462,204,PAYMENT,654.0,C1000004,247151.55,246497.55,M2614991,0,0,0,2026-01-08T12:36:44.778877,
TXN-00001463,204,PAYMENT,1282.18,C1000007,100487.43,99205.25,M8046070,0,0,0,2026-01-08T12:36:44.778930,
TXN-00001464,204,PAYMENT,4203.61,C1000065,0.0,0.0,M1076832,0,0,0,2026-01-08T12:36:44.778985,
TXN-00001465,204,PAYMENT,1029.0,C1000083,260441.49,259412.5,M4311893,0,0,0,2026-01-08T12:36:44.779036,
TXN-00001466,204,PAYMENT,10.0,C1000047,85794.82,85784.82,M3931862,0,0,0,2026-01-08T12:36:44.779091,
TXN-00001467,204,TRANSFER,10.0,C1000075,477221.89,477211.89,M4352462,0,0,0,2026-01-08T12:36:44.779143,
TXN-00001468,204,PAYMENT,105.86,C1000061,275410.26,275304.41,M2336343,0,0,0,2026-01-08T12:36:44.779196,
TXN-00001469,204,DEBIT,121.11,C1000060,67500.51,67379.4,M7208901,0,0,0,2026-01-08T12:36:44.779252,
TXN-00001470,204,TRANSFER,38114.06,C1000012,0.0,0.0,M1414256,0,0,0,2026-01-08T12:36:44.779305,
TXN-00001471,204,PAYMENT,1929.87,C1000020,449993.34,448063.47,M6643017,0,0,0,2026-01-08T12:36:44.779363,
TXN-00001472,204,DEBIT,2169.01,C1000018,241521.08,239352.08,M4194138,0,0,0,2026-01-08T12:36:44.779408,
TXN-00001473,204,PAYMENT,10.0,C1000075,477211.89,477201.89,M8072687,0,0,0,2026-01-08T12:36:44.779448,
TXN-00001474,204,PAYMENT,5851.15,C1000091,0.0,0.0,M9324029,0,0,0,2026-01-08T12:36:44.779486,
TXN-00001475,204,TRANSFER,32194.05,C1000067,38204.06,6010.01,M8220168,0,0,0,2026-01-08T12:36:44.779524,
TXN-00001476,204,CASH_OUT,6064.11,C1000025,221132.14,215068.03,M7324672,0,0,0,2026-01-08T12:36:44.779562,
TXN-00001477,204,TRANSFER,2669.83,C1000028,83405.01,80735.18,M4533501,0,0,0,2026-01-08T12:36:44.779599,
TXN-00001478,204,DEBIT,11888.06,C1000074,247207.27,235319.21,M8097039,0,0,0,2026-01-08T12:36:44.779637,
TXN-00001479,204,TRANSFER,2650.89,C1000040,110570.25,107919.36,M1014555,0,0,0,2026-01-08T12:36:44.779674,
TXN-00001480,204,PAYMENT,29780.82,C1000095,64814.58,35033.76,M1358097,0,0,0,2026-01-08T12:36:44.779711,
TXN-00001481,204,TRANSFER,4474.99,C1000032,180946.8,176471.81,M7765566,0,0,0,2026-01-08T12:36:44.779749,
TXN-00001482,204,CASH_OUT,1416.79,C1000016,247211.73,245794.94,M7673087,0,0,0,2026-01-08T12:36:44.779788,
TXN-00001483,204,PAYMENT,173953.25,C1000050,0.0,0.0,M7106779,0,0,0,2026-01-08T12:36:44.779826,
TXN-00001484,204,TRANSFER,16951.51,C1000093,0.0,0.0,M6343171,0,0,0,2026-01-08T12:36:44.779863,
TXN-00001485,204,PAYMENT,54272.99,C1000000,0.0,0.0,M4462275,0,0,0,2026-01-08T12:36:44.779901,
TXN-00001486,204,CASH_OUT,7397.25,C1000099,382530.33,375133.08,M1928375,0,0,0,2026-01-08T12:36:44.779938,
TXN-00001487,204,TRANSFER,26220.14,C1000056,0.0,0.0,M2790367,0,0,0,2026-01-08T12:36:44.779978,
TXN-00001488,204,TRANSFER,6088.02,C1000025,215068.03,208980.01,M7601572,0,0,0,2026-01-08T12:36:44.780016,
TXN-00001489,204,TRANSFER,1381.98,C1000083,259412.5,258030.52,M4831348,0,0,0,2026-01-08T12:36:44.780056,
TXN-00001490,204,TRANSFER,544.02,C1000038,6764.51,6220.49,M1149089,0,0,0,2026-01-08T12:36:44.780094,
TXN-00001491,204,PAYMENT,1579.08,C1000086,247098.05,245518.97,M3788633,0,0,0,2026-01-08T12:36:44.780132,
TXN-00001492,204,TRANSFER,11338.56,C1000015,376401.96,365063.4,M7102056,0,0,0,2026-01-08T12:36:44.780170,
TXN-00001493,204,TRANSFER,435.65,C1000034,106820.04,106384.39,M2112723,0,0,0,2026-01-08T12:36:44.780208,
TXN-00001494,204,DEBIT,21233.02,C1000035,0.0,0.0,M1680063,0,0,0,2026-01-08T12:36:44.780244,
TXN-00001495,204,PAYMENT,21.0,C1000066,25121.92,25100.91,M9700597,0,0,0,2026-01-08T12:36:44.780281,
TXN-00001496,204,PAYMENT,4315.35,C1000062,82564.56,78249.21,M6464070,0,0,0,2026-01-08T12:36:44.780318,
TXN-00001497,204,PAYMENT,20062.33,C1000019,25062.03,4999.71,M3146307,0,0,0,2026-01-08T12:36:44.780354,
TXN-00001498,204,CASH_OUT,2927.72,C1000070,0.0,0.0,M7169362,0,0,0,2026-01-08T12:36:44.780391,
TXN-00001499,204,PAYMENT,10605.45,C1000054,178793.98,168188.54,M9676023,0,0,0,2026-01-08T12:36:44.780430,
TXN-00001500,204,TRANSFER,1799.46,C1000017,224501.1,222701.64,M1862685,0,0,0,2026-01-08T12:36:44.780467,
TXN-00001501,204,PAYMENT,6979.68,C1000011,0.0,0.0,M8577266,0,0,0,2026-01-08T12:36:44.780504,
TXN-00001502,204,CASH_OUT,10.0,C1000038,6220.49,6210.49,M8735794,0,0,0,2026-01-08T12:36:44.780543,
TXN-00001503,204,DEBIT,52079.89,C1000064,0.0,0.0,M5464483,0,0,0,2026-01-08T12:36:44.780580,
TXN-00001504,204,TRANSFER,9193.32,C1000013,171330.76,162137.45,M3897801,0,0,0,2026-01-08T12:36:44.780617,
TXN-00001505,204,DEBIT,22823.76,C1000095,35033.76,12210.0,M3796139,0,0,0,2026-01-08T12:36:44.780654,
TXN-00001506,204,PAYMENT,5634.17,C1000006,391687.39,386053.22,M2430553,0,0,0,2026-01-08T12:36:44.780693,
TXN-00001507,204,PAYMENT,10713.57,C1000033,290208.43,279494.86,M2912434,0,0,0,2026-01-08T12:36:44.780730,
TXN-00001508,204,TRANSFER,10.0,C1000023,104059.01,104049.01,M2261322,0,0,0,2026-01-08T12:36:44.780769,
TXN-00001509,204,PAYMENT,18895.26,C1000035,0.0,0.0,M5093994,0,0,0,2026-01-08T12:36:44.780805,
TXN-00001510,204,TRANSFER,2410.07,C1000085,38412.04,36001.97,M2935030,0,0,0,2026-01-08T12:36:44.780842,
TXN-00001511,204,PAYMENT,1767.23,C1000072,35191.36,33424.13,M5558777,0,0,0,2026-01-08T12:36:44.780888,
TXN-00001512,204,TRANSFER,1212.25,C1000085,36001.97,34789.72,M9193133,0,0,0,2026-01-08T12:36:44.780950,
TXN-00001513,204,CASH_OUT,6712.07,C1000097,184179.08,177467.01,M3992756,0,0,0,2026-01-08T12:36:44.781004,
TXN-00001514,204,PAYMENT,10.0,C1000078,65233.91,65223.91,M7287424,0,0,0,2026-01-08T12:36:44.781055,
TXN-00001515,204,PAYMENT,10.0,C1000042,226861.6,226851.6,M6998351,0,0,0,2026-01-08T12:36:44.781105,
TXN-00001516,204,TRANSFER,1277.07,C1000084,269160.09,267883.02,M6337349,0,0,0,2026-01-08T12:36:44.781158,
TXN-00001517,204,TRANSFER,4509.25,C1000097,177467.01,172957.76,M7009464,0,0,0,2026-01-08T12:36:44.781209,
TXN-00001518,204,PAYMENT,5174.08,C1000025,208980.01,203805.93,M3426355,0,0,0,2026-01-08T12:36:44.781259,
TXN-00001519,204,PAYMENT,10.0,C1000048,257519.11,257509.11,M4371828,0,0,0,2026-01-08T12:36:44.781310,
TXN-00001520,204,TRANSFER,6742.9,C1000082,293775.87,287032.97,M9264783,0,0,0,2026-01-08T12:36:44.781364,
TXN-00001521,204,TRANSFER,10.0,C1000085,34789.72,34779.72,M6754531,0,0,0,2026-01-08T12:36:44.781417,
TXN-00001522,204,TRANSFER,1007.49,C1000022,74724.46,73716.97,M8394844,0,0,0,2026-01-08T12:36:44.781472,
TXN-00001523,204,PAYMENT,5599.39,C1000005,282864.51,277265.11,M4042683,0,0,0,2026-01-08T12:36:44.781523,
TXN-00001524,204,TRANSFER,1910.01,C1000017,222701.64,220791.64,M5903970,0,0,0,2026-01-08T12:36:44.781577,
TXN-00001525,204,TRANSFER,1543.81,C1000026,297912.46,296368.64,M9864371,0,0,0,2026-01-08T12:36:44.781632,
TXN-00001526,204,CASH_OUT,862.78,C1000026,296368.64,295505.86,M7490634,0,0,0,2026-01-08T12:36:44.781685,
TXN-00001527,204,DEBIT,10.0,C1000038,6210.49,6200.49,M6710352,0,0,0,2026-01-08T12:36:44.781738,
TXN-00001528,204,PAYMENT,583.26,C1000007,99205.25,98621.98,M6263266,0,0,0,2026-01-08T12:36:44.781792,
TXN-00001529,204,CASH_OUT,2580.82,C1000044,147584.82,145004.0,M5882036,0,0,0,2026-01-08T12:36:44.781846,
TXN-00001530,204,TRANSFER,17571.08,C1000079,267339.52,249768.45,M4979574,0,0,0,2026-01-08T12:36:44.781905,
TXN-00001531,204,TRANSFER,1324.24,C1000081,122404.34,121080.1,M2847401,0,0,0,2026-01-08T12:36:44.781975,
TXN-00001532,204,CASH_IN,1841.45,C1000022,73716.97,75558.41,M4677860,0,0,0,2026-01-08T12:36:44.782017,
TXN-00001533,204,CASH_OUT,26115.19,C1000056,0.0,0.0,M5761676,0,0,0,2026-01-08T12:36:44.782056,
TXN-00001534,204,PAYMENT,37386.29,C1000012,0.0,0.0,M5949437,0,0,0,2026-01-08T12:36:44.782095,
TXN-00001535,204,CASH_OUT,1313.69,C1000083,258030.52,256716.83,M2219114,0,0,0,2026-01-08T12:36:44.782133,
TXN-00001536,204,CASH_OUT,26703.35,C1000056,0.0,0.0,M9220004,0,0,0,2026-01-08T12:36:44.782171,
TXN-00001537,204,CASH_OUT,180.17,C1000034,106384.39,106204.22,M4876236,0,0,0,2026-01-08T12:36:44.782210,
TXN-00001538,204,CASH_OUT,886.55,C1000096,424232.34,423345.79,M1282029,0,0,0,2026-01-08T12:36:44.782248,
TXN-00001539,204,PAYMENT,26043.22,C1000056,0.0,0.0,M1701602,0,0,0,2026-01-08T12:36:44.782286,
TXN-00001540,204,CASH_OUT,10213.41,C1000092,248840.61,238627.2,M5811028,0,0,0,2026-01-08T12:36:44.782325,
TXN-00001541,204,CASH_OUT,10.0,C1000082,287032.97,287022.97,M3529492,0,0,0,2026-01-08T12:36:44.782363,
TXN-00001542,204,PAYMENT,5538.12,C1000098,315721.92,310183.81,M1946690,0,0,0,2026-01-08T12:36:44.782416,
TXN-00001543,204,PAYMENT,1651.03,C1000020,448063.47,446412.43,M8827719,0,0,0,2026-01-08T12:36:44.782454,
TXN-00001544,204,PAYMENT,18338.58,C1000093,0.0,0.0,M8567501,0,0,0,2026-01-08T12:36:44.782492,
TXN-00001545,204,PAYMENT,1099.51,C1000094,256308.52,255209.01,M1693617,0,0,0,2026-01-08T12:36:44.782530,
TXN-00001546,204,TRANSFER,7201.55,C1000088,149249.23,142047.68,M1902628,0,0,0,2026-01-08T12:36:44.782567,
TXN-00001547,204,CASH_OUT,13549.83,C1000063,276100.78,262550.95,M7903879,0,0,0,2026-01-08T12:36:44.782627,
TXN-00001548,204,TRANSFER,1180.17,C1000016,245794.94,244614.77,M1282133,0,0,0,2026-01-08T12:36:44.782705,
TXN-00001549,204,CASH_IN,18431.37,C1000093,0.0,18431.37,M4673652,0,0,0,2026-01-08T12:36:44.782776,
TXN-00001550,204,PAYMENT,4574.64,C1000065,0.0,0.0,M3657193,0,0,0,2026-01-08T12:36:44.782862,
TXN-00001551,204,CASH_IN,3157.66,C1000096,423345.79,426503.46,M7714973,0,0,0,2026-01-08T12:36:44.782938,
TXN-00001552,204,PAYMENT,13320.16,C1000074,235319.21,221999.05,M5906081,0,0,0,2026-01-08T12:36:44.783051,
TXN-00001553,204,DEBIT,19497.09,C1000079,249768.45,230271.35,M9802610,0,0,0,2026-01-08T12:36:44.783118,
TXN-00001554,204,PAYMENT,6119.01,C1000052,235832.49,229713.47,M9126947,0,0,0,2026-01-08T12:36:44.783167,
TXN-00001555,204,PAYMENT,4250.62,C1000091,0.0,0.0,M4349732,0,0,0,2026-01-08T12:36:44.783210,
TXN-00001556,204,TRANSFER,7126.08,C1000049,222609.79,215483.71,M4443297,0,0,0,2026-01-08T12:36:44.783251,
TXN-00001557,204,CASH_OUT,6186.31,C1000003,144244.72,138058.41,M3036566,0,0,0,2026-01-08T12:36:44.783304,
TXN-00001558,204,TRANSFER,10.0,C1000096,426503.46,426493.46,M5468687,0,0,0,2026-01-08T12:36:44.783343,
TXN-00001559,204,TRANSFER,2683.36,C1000028,80735.18,78051.82,M9599214,0,0,0,2026-01-08T12:36:44.783382,
TXN-00001560,204,PAYMENT,4211.83,C1000027,17557.01,13345.18,M2943566,0,0,0,2026-01-08T12:36:44.783420,
TXN-00001561,204,CASH_OUT,4178.87,C1000065,0.0,0.0,M1773662,0,0,0,2026-01-08T12:36:44.783458,
TXN-00001562,204,PAYMENT,368.62,C1000081,121080.1,120711.48,M5355808,0,0,0,2026-01-08T12:36:44.783499,
TXN-00001563,204,DEBIT,1887.96,C1000090,334561.77,332673.81,M6737527,0,0,0,2026-01-08T12:36:44.783538,
TXN-00001564,204,CASH_IN,1808.64,C1000090,332673.81,334482.45,M2967275,0,0,0,2026-01-08T12:36:44.783576,
TXN-00001565,204,DEBIT,4780.07,C1000025,203805.93,199025.86,M1868057,0,0,0,2026-01-08T12:36:44.783613,
TXN-00001566,204,CASH_OUT,2500.91,C1000006,386053.22,383552.31,M9208503,0,0,0,2026-01-08T12:36:44.783652,
TXN-00001567,204,CASH_IN,54637.96,C1000000,0.0,54637.96,M5080337,0,0,0,2026-01-08T12:36:44.783690,
TXN-00001568,204,PAYMENT,2608.65,C1000020,446412.43,443803.78,M8407145,0,0,0,2026-01-08T12:36:44.783727,
TXN-00001569,204,PAYMENT,849.94,C1000068,177292.85,176442.9,M2976891,0,0,0,2026-01-08T12:36:44.783765,
TXN-00001570,204,CASH_OUT,6863.86,C1000046,58648.18,51784.32,M8446805,0,0,0,2026-01-08T12:36:44.783802,
TXN-00001571,204,TRANSFER,10.0,C1000061,275304.41,275294.41,M9568239,0,0,0,2026-01-08T12:36:44.783840,
TXN-00001572,204,TRANSFER,3586.6,C1000030,149760.14,146173.54,M7853821,0,0,0,2026-01-08T12:36:44.783881,
TXN-00001573,204,PAYMENT,6443.02,C1000074,221999.05,215556.03,M3643832,0,0,0,2026-01-08T12:36:44.783919,
TXN-00001574,204,PAYMENT,10783.33,C1000013,162137.45,151354.12,M8791287,0,0,0,2026-01-08T12:36:44.783957,
TXN-00001575,204,TRANSFER,2151.17,C1000097,172957.76,170806.6,M3508982,0,0,0,2026-01-08T12:36:44.783996,
TXN-00001576,204,PAYMENT,2018.79,C1000069,206295.26,204276.47,M5421340,0,0,0,2026-01-08T12:36:44.784034,
TXN-00001577,204,PAYMENT,10.0,C1000078,65223.91,65213.91,M6499046,0,0,0,2026-01-08T12:36:44.784070,
TXN-00001578,204,PAYMENT,1263.15,C1000070,0.0,0.0,M9052287,0,0,0,2026-01-08T12:36:44.784108,
TXN-00001579,204,TRANSFER,7794.56,C1000054,168188.54,160393.97,M8791989,0,0,0,2026-01-08T12:36:44.784146,
TXN-00001580,204,CASH_OUT,17763.97,C1000079,230271.35,212507.39,M1925928,0,0,0,2026-01-08T12:36:44.784184,
TXN-00001581,204,CASH_OUT,35645.82,C1000073,0.0,0.0,M8320928,0,0,0,2026-01-08T12:36:44.784222,
TXN-00001582,204,TRANSFER,8628.63,C1000039,129135.51,120506.88,M4996115,0,0,0,2026-01-08T12:36:44.784261,
TXN-00001583,204,CASH_OUT,1939.78,C1000069,204276.47,202336.69,M5989305,0,0,0,2026-01-08T12:36:44.784298,
TXN-00001584,204,PAYMENT,18477.08,C1000093,18431.37,0.0,M6380360,0,0,0,2026-01-08T12:36:44.784335,
TXN-00001585,204,CASH_OUT,3545.24,C1000087,421123.45,417578.21,M6698124,0,0,0,2026-01-08T12:36:44.784399,
TXN-00001586,204,PAYMENT,10.0,C1000042,226851.6,226841.6,M1343939,0,0,0,2026-01-08T12:36:44.784437,
TXN-00001587,204,PAYMENT,1896.62,C1000069,202336.69,200440.08,M9401759,0,0,0,2026-01-08T12:36:44.784475,
TXN-00001588,204,PAYMENT,54928.26,C1000000,54637.96,0.0,M4576928,0,0,0,2026-01-08T12:36:44.784512,
TXN-00001589,204,CASH_OUT,7281.03,C1000036,107984.63,100703.6,M1134179,0,0,0,2026-01-08T12:36:44.784550,
TXN-00001590,204,TRANSFER,41873.52,C1000007,98621.98,56748.46,M9710630,0,0,1,2026-01-08T12:36:44.784573,rapid_succession
TXN-00001591,204,TRANSFER,6718.18,C1000011,0.0,0.0,M4097177,0,0,0,2026-01-08T12:36:44.784611,
TXN-00001592,204,PAYMENT,3300.98,C1000069,200440.08,197139.1,M9499423,0,0,0,2026-01-08T12:36:44.784651,
TXN-00001593,204,CASH_OUT,15758.31,C1000024,1394.65,0.0,M9718989,0,0,0,2026-01-08T12:36:44.784690,
TXN-00001594,204,PAYMENT,2313.16,C1000085,34779.72,32466.56,M2166039,0,0,0,2026-01-08T12:36:44.784727,
TXN-00001595,204,CASH_OUT,173140.3,C1000050,0.0,0.0,M9269410,0,0,0,2026-01-08T12:36:44.784764,
TXN-00001596,204,CASH_OUT,8700.67,C1000036,100703.6,92002.93,M4133072,0,0,0,2026-01-08T12:36:44.784801,
TXN-00001597,204,CASH_OUT,34308.11,C1000073,0.0,0.0,M8485255,0,0,0,2026-01-08T12:36:44.784839,
TXN-00001598,204,PAYMENT,222.37,C1000061,275294.41,275072.04,M1478667,0,0,0,2026-01-08T12:36:44.784875,
TXN-00001599,204,CASH_OUT,9707.93,C1000092,238627.2,228919.28,M2066167,0,0,0,2026-01-08T12:36:44.784913,
TXN-00001600,204,TRANSFER,1871.78,C1000080,215415.71,213543.93,M2600934,0,0,0,2026-01-08T12:36:44.784950,
TXN-00001601,204,TRANSFER,1713.88,C1000086,245518.97,243805.09,M4884959,0,0,0,2026-01-08T12:36:44.784989,
TXN-00001602,204,PAYMENT,10.0,C1000061,275072.04,275062.04,M3771186,0,0,0,2026-01-08T12:36:44.785028,
TXN-00001603,204,PAYMENT,909.0,C1000091,0.0,0.0,M5571791,0,0,0,2026-01-08T12:36:44.785065,
TXN-00001604,204,CASH_OUT,1829.18,C1000023,104049.01,102219.82,M7945603,0,0,0,2026-01-08T12:36:44.785103,
TXN-00001605,204,PAYMENT,5640.83,C1000097,170806.6,165165.77,M5313141,0,0,0,2026-01-08T12:36:44.785140,
TXN-00001606,204,PAYMENT,37010.1,C1000012,0.0,0.0,M9781941,0,0,0,2026-01-08T12:36:44.785177,
TXN-00001607,204,CASH_OUT,2989.02,C1000089,268589.29,265600.27,M4860193,0,0,0,2026-01-08T12:36:44.785214,
TXN-00001608,204,PAYMENT,1349.19,C1000066,25100.91,23751.73,M3401075,0,0,0,2026-01-08T12:36:44.785254,
TXN-00001609,204,DEBIT,53297.46,C1000000,0.0,0.0,M1511136,0,0,0,2026-01-08T12:36:44.785292,
TXN-00001610,204,TRANSFER,34396.26,C1000073,0.0,0.0,M7665749,0,0,0,2026-01-08T12:36:44.785329,
TXN-00001611,204,DEBIT,4754.27,C1000032,176471.81,171717.55,M5316500,0,0,0,2026-01-08T12:36:44.785365,
TXN-00001612,204,PAYMENT,1077.35,C1000068,176442.9,175365.55,M2164933,0,0,0,2026-01-08T12:36:44.785405,
TXN-00001613,204,PAYMENT,3877.83,C1000097,165165.77,161287.94,M1833968,0,0,0,2026-01-08T12:36:44.785442,
TXN-00001614,204,PAYMENT,4142.07,C1000010,4768.96,626.89,M2389073,0,0,0,2026-01-08T12:36:44.785479,
TXN-00001615,204,CASH_OUT,10726.42,C1000015,365063.4,354336.99,M4824384,0,0,0,2026-01-08T12:36:44.785518,
TXN-00001616,204,DEBIT,18181.28,C1000076,272886.45,254705.16,M1904878,0,0,0,2026-01-08T12:36:44.785555,
TXN-00001617,204,PAYMENT,1936.29,C1000045,127274.33,125338.04,M7539696,0,0,0,2026-01-08T12:36:44.785593,
TXN-00001618,204,PAYMENT,7532.12,C1000099,375133.08,367600.97,M6232227,0,0,0,2026-01-08T12:36:44.785630,
TXN-00001619,204,CASH_OUT,31998.03,C1000067,6010.01,0.0,M9856952,0,0,0,2026-01-08T12:36:44.785667,
TXN-00001620,204,PAYMENT,35185.17,C1000073,0.0,0.0,M1170058,0,0,0,2026-01-08T12:36:44.785704,
TXN-00001621,204,DEBIT,7619.39,C1000031,8902.01,1282.62,M9838289,0,0,0,2026-01-08T12:36:44.785740,
TXN-00001622,204,PAYMENT,1667.95,C1000069,197139.1,195471.15,M6058504,0,0,0,2026-01-08T12:36:44.785779,
TXN-00001623,204,TRANSFER,10.0,C1000082,287022.97,287012.97,M8842249,0,0,0,2026-01-08T12:36:44.785816,
TXN-00001624,204,PAYMENT,1138.16,C1000008,294238.21,293100.05,M7931896,0,0,0,2026-01-08T12:36:44.785854,
TXN-00001625,204,TRANSFER,13515.17,C1000054,160393.97,146878.81,M6509200,0,0,0,2026-01-08T12:36:44.785891,
TXN-00001626,204,PAYMENT,1239.55,C1000041,348803.38,347563.84,M2009814,0,0,0,2026-01-08T12:36:44.785928,
TXN-00001627,204,PAYMENT,11362.35,C1000074,215556.03,204193.67,M1354727,0,0,0,2026-01-08T12:36:44.785967,
TXN-00001628,204,TRANSFER,26853.58,C1000056,0.0,0.0,M7277423,0,0,0,2026-01-08T12:36:44.786004,
TXN-00001629,204,TRANSFER,13491.21,C1000063,262550.95,249059.74,M3166805,0,0,0,2026-01-08T12:36:44.786041,
TXN-00001630,204,TRANSFER,8267.09,C1000036,92002.93,83735.84,M8244594,0,0,0,2026-01-08T12:36:44.786077,
TXN-00001631,204,TRANSFER,38164.82,C1000012,0.0,0.0,M1815977,0,0,0,2026-01-08T12:36:44.786114,
TXN-00001632,204,PAYMENT,68.92,C1000041,347563.84,347494.92,M4975863,0,0,0,2026-01-08T12:36:44.786153,
TXN-00001633,204,PAYMENT,1966.39,C1000006,383552.31,381585.92,M7555387,0,0,0,2026-01-08T12:36:44.786189,
TXN-00001634,204,PAYMENT,10.0,C1000055,245228.53,245218.53,M2593031,0,0,0,2026-01-08T12:36:44.786226,
TXN-00001635,204,TRANSFER,19469.95,C1000024,0.0,0.0,M6290626,0,0,0,2026-01-08T12:36:44.786263,
TXN-00001636,204,PAYMENT,612.39,C1000069,195471.15,194858.76,M5328533,0,0,0,2026-01-08T12:36:44.786301,
TXN-00001637,204,TRANSFER,1855.39,C1000069,194858.76,193003.37,M8869398,0,0,0,2026-01-08T12:36:44.786338,
TXN-00001638,204,CASH_OUT,632.39,C1000009,142559.36,141926.97,M4121749,0,0,0,2026-01-08T12:36:44.786375,
TXN-00001639,204,TRANSFER,481.11,C1000034,106204.22,105723.11,M5040330,0,0,0,2026-01-08T12:36:44.786412,
TXN-00001640,204,PAYMENT,2392.42,C1000047,85784.82,83392.4,M9923215,0,0,0,2026-01-08T12:36:44.786449,
TXN-00001641,204,PAYMENT,17473.65,C1000076,254705.16,237231.51,M4855236,0,0,0,2026-01-08T12:36:44.786486,
TXN-00001642,204,PAYMENT,762.63,C1000055,245218.53,244455.89,M4776542,0,0,0,2026-01-08T12:36:44.786524,
TXN-00001643,204,TRANSFER,1501.93,C1000072,33424.13,31922.2,M2528427,0,0,0,2026-01-08T12:36:44.786562,
TXN-00001644,204,CASH_IN,17723.8,C1000076,237231.51,254955.31,M6932447,0,0,0,2026-01-08T12:36:44.786599,
TXN-00001645,204,TRANSFER,1228.19,C1000083,256716.83,255488.64,M4140404,0,0,0,2026-01-08T12:36:44.786636,
TXN-00001646,204,PAYMENT,2942.34,C1000049,215483.71,212541.37,M3939063,0,0,0,2026-01-08T12:36:44.786673,
TXN-00001647,204,DEBIT,3120.21,C1000002,376137.45,373017.25,M8455346,0,0,0,2026-01-08T12:36:44.786710,
TXN-00001648,204,PAYMENT,10857.04,C1000015,354336.99,343479.95,M9895419,0,0,0,2026-01-08T12:36:44.786747,
TXN-00001649,204,DEBIT,3582.98,C1000043,168344.85,164761.87,M9119836,0,0,0,2026-01-08T12:36:44.786783,
TXN-00001650,204,CASH_OUT,1273.25,C1000075,477201.89,475928.64,M9641654,0,0,0,2026-01-08T12:36:44.786820,
TXN-00001651,204,PAYMENT,6346.95,C1000096,426493.46,420146.5,M7762360,0,0,0,2026-01-08T12:36:44.786856,
TXN-00001652,204,PAYMENT,17909.98,C1000035,0.0,0.0,M6975873,0,0,0,2026-01-08T12:36:44.786898,
TXN-00001653,204,TRANSFER,5107.77,C1000065,0.0,0.0,M4671970,0,0,0,2026-01-08T12:36:44.786935,
TXN-00001654,204,PAYMENT,1587.94,C1000066,23751.73,22163.79,M8027148,0,0,0,2026-01-08T12:36:44.786972,
TXN-00001655,204,TRANSFER,5350.31,C1000052,229713.47,224363.17,M8894025,0,0,0,2026-01-08T12:36:44.787009,
TXN-00001656,204,PAYMENT,875.07,C1000014,388798.29,387923.22,M6984308,0,0,0,2026-01-08T12:36:44.787046,
TXN-00001657,204,CASH_OUT,5368.75,C1000003,138058.41,132689.66,M7781529,0,0,0,2026-01-08T12:36:44.787087,
TXN-00001658,204,PAYMENT,3859.92,C1000087,417578.21,413718.29,M6465290,0,0,0,2026-01-08T12:36:44.787123,
TXN-00001659,204,TRANSFER,3111.8,C1000055,244455.89,241344.1,M4650218,0,0,0,2026-01-08T12:36:44.787160,
TXN-00001660,204,TRANSFER,19500.35,C1000024,0.0,0.0,M1876147,0,0,0,2026-01-08T12:36:44.787197,
TXN-00001661,204,CASH_OUT,3038.32,C1000062,78249.21,75210.89,M3104915,0,0,0,2026-01-08T12:36:44.787233,
TXN-00001662,204,CASH_IN,2480.5,C1000028,78051.82,80532.32,M8715921,0,0,0,2026-01-08T12:36:44.787273,
TXN-00001663,200,TRANSFER,132485.53,C1000061,275062.04,141281.38,M5895687,0,0,1,2026-01-08T12:36:44.787294,balance_mismatch
TXN-00001664,204,CASH_IN,10.0,C1000081,120711.48,120721.48,M6269906,0,0,0,2026-01-08T12:36:44.787334,
TXN-00001665,204,PAYMENT,10098.28,C1000092,228919.28,218821.0,M3649518,0,0,0,2026-01-08T12:36:44.787372,
TXN-00001666,204,PAYMENT,16202.57,C1000054,146878.81,130676.24,M2177207,0,0,0,2026-01-08T12:36:44.787410,
TXN-00001667,204,CASH_OUT,2112.85,C1000018,239352.08,237239.23,M7167803,0,0,0,2026-01-08T12:36:44.787447,
TXN-00001668,204,PAYMENT,6253.41,C1000010,626.89,0.0,M2142553,0,0,0,2026-01-08T12:36:44.787484,
TXN-00001669,204,TRANSFER,7480.81,C1000011,0.0,0.0,M4678578,0,0,0,2026-01-08T12:36:44.787520,
TXN-00001670,204,TRANSFER,950.2,C1000097,161287.94,160337.74,M3715210,0,0,0,2026-01-08T12:36:44.787558,
TXN-00001671,204,CASH_OUT,2711.09,C1000006,381585.92,378874.84,M3441289,0,0,0,2026-01-08T12:36:44.787595,
TXN-00001672,204,TRANSFER,26921.43,C1000056,0.0,0.0,M2325456,0,0,0,2026-01-08T12:36:44.787635,
TXN-00001673,204,TRANSFER,449.3,C1000004,246497.55,246048.25,M8106472,0,0,0,2026-01-08T12:36:44.787672,
TXN-00001674,204,DEBIT,13573.11,C1000063,249059.74,235486.63,M1116965,0,0,0,2026-01-08T12:36:44.787709,
TXN-00001675,204,PAYMENT,13870.89,C1000063,235486.63,221615.74,M1832373,0,0,0,2026-01-08T12:36:44.787746,
TXN-00001676,204,PAYMENT,1899.39,C1000030,146173.54,144274.15,M1840470,0,0,0,2026-01-08T12:36:44.787783,
TXN-00001677,204,CASH_OUT,5483.36,C1000025,199025.86,193542.5,M2249187,0,0,0,2026-01-08T12:36:44.787819,
TXN-00001678,204,TRANSFER,2036.34,C1000001,129329.9,127293.56,M5740942,0,0,0,2026-01-08T12:36:44.787860,
TXN-00001679,204,CASH_OUT,1222.41,C1000016,244614.77,243392.36,M6403555,0,0,0,2026-01-08T12:36:44.787897,
TXN-00001680,204,PAYMENT,3873.6,C1000058,6436.13,2562.54,M8656613,0,0,0,2026-01-08T12:36:44.787933,
TXN-00001681,204,TRANSFER,10.0,C1000002,373017.25,373007.25,M9034499,0,0,0,2026-01-08T12:36:44.787970,
TXN-00001682,204,TRANSFER,4827.73,C1000047,83392.4,78564.67,M1293664,0,0,0,2026-01-08T12:36:44.788009,
TXN-00001683,204,TRANSFER,10.0,C1000042,226841.6,226831.6,M6975047,0,0,0,2026-01-08T12:36:44.788047,
TXN-00001684,204,CASH_OUT,378.22,C1000071,261856.43,261478.2,M7593890,0,0,0,2026-01-08T12:36:44.788085,
TXN-00001685,204,TRANSFER,10.0,C1000033,279494.86,279484.86,M2787919,0,0,0,2026-01-08T12:36:44.788121,
TXN-00001686,204,PAYMENT,3456.53,C1000084,267883.02,264426.49,M9643389,0,0,0,2026-01-08T12:36:44.788158,
TXN-00001687,204,PAYMENT,1241.44,C1000057,1816.99,575.55,M2425534,0,0,0,2026-01-08T12:36:44.788195,
TXN-00001688,204,PAYMENT,18039.65,C1000079,212507.39,194467.74,M7205275,0,0,0,2026-01-08T12:36:44.788232,
TXN-00001689,204,TRANSFER,13631.87,C1000063,221615.74,207983.87,M7391612,0,0,0,2026-01-08T12:36:44.788268,
TXN-00001690,204,CASH_IN,6350.82,C1000088,142047.68,148398.5,M9601415,0,0,0,2026-01-08T12:36:44.788305,
TXN-00001691,204,TRANSFER,2653.02,C1000045,125338.04,122685.02,M4250765,0,0,0,2026-01-08T12:36:44.788342,
TXN-00001692,204,TRANSFER,5219.22,C1000082,287012.97,281793.75,M3696791,0,0,0,2026-01-08T12:36:44.788380,
TXN-00001693,204,TRANSFER,21365.35,C1000035,0.0,0.0,M5491239,0,0,0,2026-01-08T12:36:44.788417,
TXN-00001694,204,CASH_OUT,2305.87,C1000071,261478.2,259172.33,M5303170,0,0,0,2026-01-08T12:36:44.788454,
TXN-00001695,204,TRANSFER,10.0,C1000034,105723.11,105713.11,M2983120,0,0,0,2026-01-08T12:36:44.788490,
TXN-00001696,204,PAYMENT,3653.71,C1000074,204193.67,200539.96,M5860930,0,0,0,2026-01-08T12:36:44.788527,
TXN-00001697,204,CASH_IN,5683.33,C1000062,75210.89,80894.22,M6248802,0,0,0,2026-01-08T12:36:44.788564,
TXN-00001698,204,PAYMENT,31610.77,C1000067,0.0,0.0,M5674831,0,0,0,2026-01-08T12:36:44.788601,
TXN-00001699,204,DEBIT,3476.71,C1000062,80894.22,77417.51,M3674191,0,0,0,2026-01-08T12:36:44.788637,
TXN-00001700,204,CASH_IN,20077.61,C1000019,4999.71,25077.32,M1772485,0,0,0,2026-01-08T12:36:44.788676,
TXN-00001701,204,CASH_OUT,3169.23,C1000014,387923.22,384753.99,M7598132,0,0,0,2026-01-08T12:36:44.788713,
TXN-00001702,204,PAYMENT,3487.58,C1000051,463683.47,460195.89,M3566097,0,0,0,2026-01-08T12:36:44.788753,
TXN-00001703,204,DEBIT,10.0,C1000080,213543.93,213533.93,M7959495,0,0,0,2026-01-08T12:36:44.788789,
TXN-00001704,204,DEBIT,10.0,C1000042,226831.6,226821.6,M3541948,0,0,0,2026-01-08T12:36:44.788828,
TXN-00001705,204,CASH_OUT,1189.73,C1000077,143938.61,142748.88,M6162870,0,0,0,2026-01-08T12:36:44.788866,
TXN-00001706,204,PAYMENT,55114.01,C1000000,0.0,0.0,M1151987,0,0,0,2026-01-08T12:36:44.788905,
TXN-00001707,204,TRANSFER,1411.78,C1000030,144274.15,142862.36,M4807799,0,0,0,2026-01-08T12:36:44.788942,
TXN-00001708,204,PAYMENT,4505.55,C1000027,13345.18,8839.62,M1570658,0,0,0,2026-01-08T12:36:44.788979,
TXN-00001709,204,PAYMENT,51982.6,C1000053,0.0,0.0,M3795967,0,0,0,2026-01-08T12:36:44.789017,
TXN-00001710,204,CASH_OUT,31478.74,C1000067,0.0,0.0,M7693064,0,0,0,2026-01-08T12:36:44.789054,
TXN-00001711,204,TRANSFER,10.0,C1000022,75558.41,75548.41,M9834469,0,0,0,2026-01-08T12:36:44.789091,
TXN-00001712,204,DEBIT,26919.37,C1000067,0.0,0.0,M5802938,0,0,0,2026-01-08T12:36:44.789130,
TXN-00001713,204,TRANSFER,5218.63,C1000059,307623.86,302405.23,M5361267,0,0,0,2026-01-08T12:36:44.789168,
TXN-00001714,204,DEBIT,469.04,C1000075,475928.64,475459.6,M9796336,0,0,0,2026-01-08T12:36:44.789205,
TXN-00001715,204,PAYMENT,10.0,C1000060,67379.4,67369.4,M5042333,0,0,0,2026-01-08T12:36:44.789241,
TXN-00001716,204,TRANSFER,1210.74,C1000051,460195.89,458985.14,M4155402,0,0,0,2026-01-08T12:36:44.789278,
TXN-00001717,204,CASH_OUT,10.0,C1000089,265600.27,265590.27,M7507355,0,0,0,2026-01-08T12:36:44.789315,
TXN-00001718,204,PAYMENT,5443.47,C1000059,302405.23,296961.76,M7046751,0,0,0,2026-01-08T12:36:44.789352,
TXN-00001719,204,PAYMENT,12.59,C1000009,141926.97,141914.38,M9676087,0,0,0,2026-01-08T12:36:44.789388,
TXN-00001720,204,CASH_OUT,3443.81,C1000010,0.0,0.0,M2465777,0,0,0,2026-01-08T12:36:44.789425,
TXN-00001721,204,TRANSFER,13734.93,C1000054,130676.24,116941.31,M1208858,0,0,0,2026-01-08T12:36:44.789463,
TXN-00001722,204,CASH_OUT,26697.76,C1000056,0.0,0.0,M9375896,0,0,0,2026-01-08T12:36:44.789502,
TXN-00001723,204,TRANSFER,10.0,C1000042,226821.6,226811.6,M5523640,0,0,0,2026-01-08T12:36:44.789539,
TXN-00001724,204,DEBIT,5831.97,C1000078,65213.91,59381.94,M5025664,0,0,0,2026-01-08T12:36:44.789576,
TXN-00001725,204,CASH_OUT,4373.05,C1000027,8839.62,4466.58,M6171932,0,0,0,2026-01-08T12:36:44.789613,
TXN-00001726,204,PAYMENT,1259.86,C1000044,145004.0,143744.14,M8563327,0,0,0,2026-01-08T12:36:44.789649,
TXN-00001727,204,PAYMENT,2124.92,C1000069,193003.37,190878.45,M4724665,0,0,0,2026-01-08T12:36:44.789686,
TXN-00001728,204,PAYMENT,1215.73,C1000094,255209.01,253993.27,M4245722,0,0,0,2026-01-08T12:36:44.789724,
TXN-00001729,204,CASH_IN,4928.99,C1000059,296961.76,301890.75,M3372464,0,0,0,2026-01-08T12:36:44.789760,
TXN-00001730,204,PAYMENT,2079.39,C1000020,443803.78,441724.39,M5102072,0,0,0,2026-01-08T12:36:44.789800,
TXN-00001731,204,TRANSFER,7568.79,C1000099,367600.97,360032.17,M8713584,0,0,0,2026-01-08T12:36:44.789837,
TXN-00001732,204,PAYMENT,7528.08,C1000036,83735.84,76207.75,M2564000,0,0,0,2026-01-08T12:36:44.789876,
TXN-00001733,204,TRANSFER,32971.24,C1000073,0.0,0.0,M8847608,0,0,0,2026-01-08T12:36:44.789913,
TXN-00001734,204,TRANSFER,24301.15,C1000037,0.0,0.0,M9687384,0,0,0,2026-01-08T12:36:44.789950,
TXN-00001735,204,TRANSFER,1334.59,C1000068,175365.55,174030.96,M3030153,0,0,0,2026-01-08T12:36:44.789987,
TXN-00001736,204,CASH_OUT,2602.98,C1000071,259172.33,256569.35,M1542749,0,0,0,2026-01-08T12:36:44.790024,
TXN-00001737,204,PAYMENT,7656.3,C1000099,360032.17,352375.87,M8303459,0,0,0,2026-01-08T12:36:44.790061,
TXN-00001738,204,TRANSFER,12277.51,C1000015,343479.95,331202.44,M5101567,0,0,0,2026-01-08T12:36:44.790098,
TXN-00001739,204,PAYMENT,6591.43,C1000088,148398.5,141807.07,M1944033,0,0,0,2026-01-08T12:36:44.790135,
TXN-00001740,204,TRANSFER,942.93,C1000016,243392.36,242449.44,M1735148,0,0,0,2026-01-08T12:36:44.790172,
TXN-00001741,204,PAYMENT,349.73,C1000061,275062.04,274712.3,M9113686,0,0,0,2026-01-08T12:36:44.790208,
TXN-00001742,204,PAYMENT,6278.13,C1000025,193542.5,187264.37,M3903734,0,0,0,2026-01-08T12:36:44.790248,
TXN-00001743,204,CASH_OUT,8718.7,C1000054,116941.31,108222.61,M8793435,0,0,0,2026-01-08T12:36:44.790585,
TXN-00001744,204,PAYMENT,2945.87,C1000062,77417.51,74471.64,M2833749,0,0,0,2026-01-08T12:36:44.790626,
TXN-00001745,204,PAYMENT,4619.13,C1000065,0.0,0.0,M3397511,0,0,0,2026-01-08T12:36:44.790664,
TXN-00001746,204,DEBIT,7479.31,C1000099,352375.87,344896.56,M6350341,0,0,0,2026-01-08T12:36:44.790702,
TXN-00001747,204,PAYMENT,1259.62,C1000077,142748.88,141489.26,M5904355,0,0,0,2026-01-08T12:36:44.790739,
TXN-00001748,204,PAYMENT,533.84,C1000049,212541.37,212007.53,M4974082,0,0,0,2026-01-08T12:36:44.790776,
TXN-00001749,204,CASH_OUT,5146.85,C1000046,51784.32,46637.47,M8563249,0,0,0,2026-01-08T12:36:44.790814,
TXN-00001750,204,TRANSFER,1042.97,C1000007,98621.98,97579.02,M1772495,0,0,0,2026-01-08T12:36:44.790851,
TXN-00001751,204,PAYMENT,291.18,C1000034,105713.11,105421.94,M1977670,0,0,0,2026-01-08T12:36:44.790888,
TXN-00001752,204,PAYMENT,3004.44,C1000044,143744.14,140739.69,M5904591,0,0,0,2026-01-08T12:36:44.790927,
TXN-00001753,204,CASH_OUT,1512.49,C1000007,97579.02,96066.53,M4218051,0,0,0,2026-01-08T12:36:44.790964,
TXN-00001754,204,TRANSFER,1334.28,C1000083,255488.64,254154.36,M7694402,0,0,0,2026-01-08T12:36:44.791001,
TXN-00001755,204,PAYMENT,2655.42,C1000052,224363.17,221707.75,M7376908,0,0,0,2026-01-08T12:36:44.791040,
TXN-00001756,204,PAYMENT,3252.34,C1000038,6200.49,2948.15,M6734977,0,0,0,2026-01-08T12:36:44.791079,
TXN-00001757,204,TRANSFER,9844.2,C1000005,277265.11,267420.91,M7616691,0,0,0,2026-01-08T12:36:44.791116,
TXN-00001758,204,TRANSFER,10.0,C1000034,105421.94,105411.94,M9974779,0,0,0,2026-01-08T12:36:44.791153,
TXN-00001759,204,TRANSFER,1730.59,C1000072,31922.2,30191.61,M7201731,0,0,0,2026-01-08T12:36:44.791190,
TXN-00001760,204,PAYMENT,4992.69,C1000062,74471.64,69478.95,M9884142,0,0,0,2026-01-08T12:36:44.791227,
TXN-00001761,204,PAYMENT,3436.85,C1000045,122685.02,119248.17,M9774891,0,0,0,2026-01-08T12:36:44.791264,
TXN-00001762,204,CASH_OUT,7660.96,C1000031,1282.62,0.0,M9556101,0,0,0,2026-01-08T12:36:44.791302,
TXN-00001763,204,DEBIT,10.0,C1000051,458985.14,458975.14,M4476514,0,0,0,2026-01-08T12:36:44.791341,
TXN-00001764,204,PAYMENT,1713.5,C1000055,241344.1,239630.6,M3734805,0,0,0,2026-01-08T12:36:44.791379,
TXN-00001765,204,CASH_OUT,12359.08,C1000074,200539.96,188180.88,M3337296,0,0,0,2026-01-08T12:36:44.791416,
TXN-00001766,204,TRANSFER,5702.09,C1000059,301890.75,296188.65,M3812228,0,0,0,2026-01-08T12:36:44.791459,
TXN-00001767,204,TRANSFER,10058.69,C1000092,218821.0,208762.31,M8793756,0,0,0,2026-01-08T12:36:44.791567,
TXN-00001768,204,PAYMENT,2878.47,C1000028,80532.32,77653.85,M8058867,0,0,0,2026-01-08T12:36:44.791641,
TXN-00001769,204,TRANSFER,10.0,C1000060,67369.4,67359.4,M3348209,0,0,0,2026-01-08T12:36:44.791686,
TXN-00001770,204,TRANSFER,17973.85,C1000093,0.0,0.0,M8002612,0,0,0,2026-01-08T12:36:44.791727,
TXN-00001771,204,DEBIT,1105.82,C1000044,140739.69,139633.87,M8609968,0,0,0,2026-01-08T12:36:44.791765,
TXN-00001772,204,TRANSFER,173274.81,C1000050,0.0,0.0,M2908658,0,0,0,2026-01-08T12:36:44.791806,
TXN-00001773,204,DEBIT,4753.76,C1000010,0.0,0.0,M9122533,0,0,0,2026-01-08T12:36:44.791843,
TXN-00001774,204,PAYMENT,689.93,C1000071,256569.35,255879.43,M9139150,0,0,0,2026-01-08T12:36:44.791880,
TXN-00001775,204,PAYMENT,5122.89,C1000003,132689.66,127566.76,M8909615,0,0,0,2026-01-08T12:36:44.791919,
TXN-00001776,204,PAYMENT,7716.48,C1000011,0.0,0.0,M5988548,0,0,0,2026-01-08T12:36:44.791975,
TXN-00001777,204,DEBIT,1135.3,C1000094,253993.27,252857.97,M8652005,0,0,0,2026-01-08T12:36:44.792171,
TXN-00001778,204,TRANSFER,10.0,C1000066,22163.79,22153.79,M8879676,0,0,0,2026-01-08T12:36:44.792274,
TXN-00001779,204,PAYMENT,1811.1,C1000071,255879.43,254068.33,M8857868,0,0,0,2026-01-08T12:36:44.792350,
TXN-00001780,204,TRANSFER,6582.54,C1000047,78564.67,71982.14,M3127573,0,0,0,2026-01-08T12:36:44.792497,
TXN-00001781,204,PAYMENT,4432.34,C1000047,71982.14,67549.8,M7020783,0,0,0,2026-01-08T12:36:44.792574,
TXN-00001782,204,CASH_OUT,3667.75,C1000058,2562.54,0.0,M7382012,0,0,0,2026-01-08T12:36:44.792652,
TXN-00001783,204,PAYMENT,741.63,C1000094,252857.97,252116.34,M5943315,0,0,0,2026-01-08T12:36:44.792725,
TXN-00001784,204,TRANSFER,220.73,C1000002,373007.25,372786.52,M3572593,0,0,0,2026-01-08T12:36:44.792805,
TXN-00001785,204,DEBIT,7572.39,C1000099,344896.56,337324.18,M2038793,0,0,0,2026-01-08T12:36:44.792887,
TXN-00001786,204,PAYMENT,7119.28,C1000074,188180.88,181061.6,M5078746,0,0,0,2026-01-08T12:36:44.792964,
TXN-00001787,204,PAYMENT,2544.31,C1000023,102219.82,99675.51,M4275048,0,0,0,2026-01-08T12:36:44.793094,
TXN-00001788,204,TRANSFER,1013.36,C1000018,237239.23,236225.87,M1135589,0,0,0,2026-01-08T12:36:44.793200,
TXN-00001789,204,TRANSFER,2902.05,C1000082,281793.75,278891.7,M9729833,0,0,0,2026-01-08T12:36:44.793291,
TXN-00001790,204,CASH_IN,7568.4,C1000099,337324.18,344892.58,M3490923,0,0,0,2026-01-08T12:36:44.793389,
TXN-00001791,204,TRANSFER,9840.93,C1000013,151354.12,141513.19,M4840769,0,0,0,2026-01-08T12:36:44.793529,
TXN-00001792,204,PAYMENT,4495.38,C1000065,0.0,0.0,M4693913,0,0,0,2026-01-08T12:36:44.793624,
TXN-00001793,204,TRANSFER,11251.11,C1000005,267420.91,256169.8,M4966337,0,0,0,2026-01-08T12:36:44.793712,
TXN-00001794,204,DEBIT,18819.65,C1000093,0.0,0.0,M8548752,0,0,0,2026-01-08T12:36:44.793791,
TXN-00001795,204,TRANSFER,2321.47,C1000028,77653.85,75332.38,M8822348,0,0,0,2026-01-08T12:36:44.793875,
TXN-00001796,204,PAYMENT,4754.3,C1000032,171717.55,166963.24,M6101808,0,0,0,2026-01-08T12:36:44.794050,
TXN-00001797,204,PAYMENT,966.18,C1000098,310183.81,309217.62,M6407583,0,0,0,2026-01-08T12:36:44.794123,
TXN-00001798,204,CASH_OUT,2912.49,C1000072,30191.61,27279.12,M5344625,0,0,0,2026-01-08T12:36:44.794185,
TXN-00001799,204,PAYMENT,2169.62,C1000069,190878.45,188708.82,M1383863,0,0,0,2026-01-08T12:36:44.794250,
TXN-00001800,204,TRANSFER,9308.22,C1000049,212007.53,202699.32,M2163447,0,0,0,2026-01-08T12:36:44.794308,
TXN-00001801,204,PAYMENT,10196.71,C1000015,331202.44,321005.72,M5099191,0,0,0,2026-01-08T12:36:44.794366,
TXN-00001802,204,PAYMENT,20176.23,C1000095,12210.0,0.0,M9658225,0,0,0,2026-01-08T12:36:44.794426,
TXN-00001803,204,DEBIT,10.0,C1000029,16974.89,16964.89,M8399766,0,0,0,2026-01-08T12:36:44.794480,
TXN-00001804,204,CASH_OUT,6056.97,C1000046,46637.47,40580.5,M5880098,0,0,0,2026-01-08T12:36:44.794536,
TXN-00001805,204,CASH_OUT,21153.09,C1000079,194467.74,173314.65,M2791824,0,0,0,2026-01-08T12:36:44.794592,
TXN-00001806,204,CASH_OUT,4232.47,C1000062,69478.95,65246.49,M2103684,0,0,0,2026-01-08T12:36:44.794651,
TXN-00001807,204,CASH_IN,4528.8,C1000025,187264.37,191793.17,M5501600,0,0,0,2026-01-08T12:36:44.794705,
TXN-00001808,204,TRANSFER,10.0,C1000055,239630.6,239620.6,M1139681,0,0,0,2026-01-08T12:36:44.794756,
TXN-00001809,204,TRANSFER,10.0,C1000014,384753.99,384743.99,M9757946,0,0,0,2026-01-08T12:36:44.794807,
TXN-00001810,204,CASH_OUT,6295.96,C1000046,40580.5,34284.54,M9059076,0,0,0,2026-01-08T12:36:44.794856,
TXN-00001811,204,CASH_OUT,4395.36,C1000027,4466.58,71.21,M7759760,0,0,0,2026-01-08T12:36:44.794905,
TXN-00001812,204,PAYMENT,10.0,C1000023,99675.51,99665.51,M8741223,0,0,0,2026-01-08T12:36:44.794959,
TXN-00001813,204,CASH_OUT,10.0,C1000002,372786.52,372776.52,M5075032,0,0,0,2026-01-08T12:36:44.795009,
TXN-00001814,204,PAYMENT,9964.99,C1000005,256169.8,246204.81,M3855209,0,0,0,2026-01-08T12:36:44.795058,
TXN-00001815,204,TRANSFER,865.48,C1000020,441724.39,440858.91,M5356745,0,0,0,2026-01-08T12:36:44.795108,
TXN-00001816,204,CASH_OUT,19605.89,C1000079,173314.65,153708.76,M6065270,0,0,0,2026-01-08T12:36:44.795158,
TXN-00001817,204,PAYMENT,13670.47,C1000063,207983.87,194313.4,M1636531,0,0,0,2026-01-08T12:36:44.795209,
TXN-00001818,204,PAYMENT,6074.65,C1000047,67549.8,61475.15,M5477468,0,0,0,2026-01-08T12:36:44.795259,
TXN-00001819,204,CASH_IN,172967.77,C1000050,0.0,172967.77,M1563652,0,0,0,2026-01-08T12:36:44.795310,
TXN-00001820,204,PAYMENT,18067.87,C1000005,246204.81,228136.94,M4032695,0,0,0,2026-01-08T12:36:44.795360,
TXN-00001821,204,TRANSFER,10.0,C1000051,458975.14,458965.14,M5372164,0,0,0,2026-01-08T12:36:44.795411,
TXN-00001822,204,PAYMENT,1559.09,C1000055,239620.6,238061.51,M9148415,0,0,0,2026-01-08T12:36:44.795464,
TXN-00001823,204,TRANSFER,18216.72,C1000093,0.0,0.0,M1439702,0,0,0,2026-01-08T12:36:44.795518,
TXN-00001824,204,CASH_OUT,4513.66,C1000032,166963.24,162449.59,M8794752,0,0,0,2026-01-08T12:36:44.795568,
TXN-00001825,204,TRANSFER,10.0,C1000042,226811.6,226801.6,M8700858,0,0,0,2026-01-08T12:36:44.795620,
TXN-00001826,204,TRANSFER,3574.5,C1000043,164761.87,161187.37,M9045363,0,0,0,2026-01-08T12:36:44.795671,
TXN-00001827,204,TRANSFER,3715.55,C1000030,142862.36,139146.81,M7678938,0,0,0,2026-01-08T12:36:44.795725,
TXN-00001828,204,PAYMENT,3464.51,C1000098,309217.62,305753.11,M2901517,0,0,0,2026-01-08T12:36:44.795775,
TXN-00001829,204,TRANSFER,54001.43,C1000000,0.0,0.0,M4821433,0,0,0,2026-01-08T12:36:44.795828,
TXN-00001830,204,TRANSFER,484.99,C1000021,0.0,0.0,M5166370,0,0,0,2026-01-08T12:36:44.795877,
TXN-00001831,204,CASH_IN,4279.82,C1000038,2948.15,7227.98,M4579660,0,0,0,2026-01-08T12:36:44.795927,
TXN-00001832,204,CASH_OUT,21575.16,C1000042,226801.6,205226.44,M3976322,0,0,0,2026-01-08T12:36:44.795983,
TXN-00001833,204,TRANSFER,4363.92,C1000030,139146.81,134782.89,M5011135,0,0,0,2026-01-08T12:36:44.796035,
TXN-00001834,204,TRANSFER,134.49,C1000008,293100.05,292965.55,M6168961,0,0,0,2026-01-08T12:36:44.796086,
TXN-00001835,204,PAYMENT,2076.96,C1000084,264426.49,262349.53,M1321027,0,0,0,2026-01-08T12:36:44.796136,
TXN-00001836,204,TRANSFER,10.0,C1000020,440858.91,440848.91,M9870879,0,0,0,2026-01-08T12:36:44.796186,
TXN-00001837,204,PAYMENT,17981.16,C1000076,254955.31,236974.15,M9169856,0,0,0,2026-01-08T12:36:44.796235,
TXN-00001838,204,DEBIT,2251.82,C1000021,0.0,0.0,M6610535,0,0,0,2026-01-08T12:36:44.796285,
TXN-00001839,204,CASH_IN,917.81,C1000071,254068.33,254986.15,M1793141,0,0,0,2026-01-08T12:36:44.796338,
TXN-00001840,204,TRANSFER,730.86,C1000070,0.0,0.0,M1925666,0,0,0,2026-01-08T12:36:44.796395,
TXN-00001841,204,CASH_OUT,10.0,C1000098,305753.11,305743.11,M5948806,0,0,0,2026-01-08T12:36:44.796448,
TXN-00001842,204,CASH_OUT,20670.63,C1000035,0.0,0.0,M4055537,0,0,0,2026-01-08T12:36:44.796502,
TXN-00001843,204,PAYMENT,5258.79,C1000025,191793.17,186534.38,M1479080,0,0,0,2026-01-08T12:36:44.796553,
TXN-00001844,204,PAYMENT,24741.8,C1000037,0.0,0.0,M7970412,0,0,0,2026-01-08T12:36:44.796604,
TXN-00001845,204,CASH_OUT,2196.16,C1000096,420146.5,417950.35,M6835229,0,0,0,2026-01-08T12:36:44.796653,
TXN-00001846,204,TRANSFER,5693.82,C1000058,0.0,0.0,M7842212,0,0,0,2026-01-08T12:36:44.796706,
TXN-00001847,204,CASH_IN,1284.85,C1000038,7227.98,8512.82,M7825972,0,0,0,2026-01-08T12:36:44.796755,
TXN-00001848,204,PAYMENT,20550.24,C1000019,25077.32,4527.08,M3533429,0,0,0,2026-01-08T12:36:44.796807,
TXN-00001849,204,TRANSFER,1108.91,C1000029,16964.89,15855.98,M2828647,0,0,0,2026-01-08T12:36:44.796858,
TXN-00001850,204,TRANSFER,17653.36,C1000076,236974.15,219320.8,M4795481,0,0,0,2026-01-08T12:36:44.796909,
TXN-00001851,204,CASH_OUT,1813.82,C1000018,236225.87,234412.05,M8352988,0,0,0,2026-01-08T12:36:44.796959,
TXN-00001852,204,TRANSFER,17865.5,C1000076,219320.8,201455.29,M6288327,0,0,0,2026-01-08T12:36:44.797010,
TXN-00001853,204,PAYMENT,6622.8,C1000010,0.0,0.0,M6590816,0,0,0,2026-01-08T12:36:44.797060,
TXN-00001854,204,CASH_OUT,3283.88,C1000045,119248.17,115964.29,M5752654,0,0,0,2026-01-08T12:36:44.797109,
TXN-00001855,204,TRANSFER,2069.73,C1000058,0.0,0.0,M8432209,0,0,0,2026-01-08T12:36:44.797159,
TXN-00001856,204,CASH_OUT,1994.24,C1000070,0.0,0.0,M5211226,0,0,0,2026-01-08T12:36:44.797207,
TXN-00001857,204,CASH_OUT,4851.62,C1000032,162449.59,157597.97,M4022120,0,0,0,2026-01-08T12:36:44.797258,
TXN-00001858,204,PAYMENT,2874.72,C1000045,115964.29,113089.57,M2254988,0,0,0,2026-01-08T12:36:44.797310,
TXN-00001859,204,CASH_IN,1247.2,C1000077,141489.26,142736.46,M4976636,0,0,0,2026-01-08T12:36:44.797359,
TXN-00001860,204,PAYMENT,20558.54,C1000024,0.0,0.0,M2817281,0,0,0,2026-01-08T12:36:44.797409,
TXN-00001861,204,PAYMENT,14556.61,C1000054,108222.61,93666.0,M7942567,0,0,0,2026-01-08T12:36:44.797460,
TXN-00001862,204,TRANSFER,2404.64,C1000044,139633.87,137229.23,M9442198,0,0,0,2026-01-08T12:36:44.797513,
TXN-00001863,204,TRANSFER,1090.4,C1000022,75548.41,74458.01,M6100249,0,0,0,2026-01-08T12:36:44.797563,
TXN-00001864,204,TRANSFER,1480.97,C1000085,32466.56,30985.6,M6234766,0,0,0,2026-01-08T12:36:44.797617,
TXN-00001865,204,PAYMENT,10.0,C1000057,575.55,565.55,M6958015,0,0,0,2026-01-08T12:36:44.797669,
TXN-00001866,204,CASH_OUT,2973.78,C1000072,27279.12,24305.34,M8094468,0,0,0,2026-01-08T12:36:44.797718,
TXN-00001867,204,TRANSFER,1964.75,C1000057,565.55,0.0,M8034655,0,0,0,2026-01-08T12:36:44.797766,
TXN-00001868,204,TRANSFER,38362.07,C1000012,0.0,0.0,M2201637,0,0,0,2026-01-08T12:36:44.797817,
TXN-00001869,204,PAYMENT,17313.14,C1000076,201455.29,184142.15,M7701276,0,0,0,2026-01-08T12:36:44.797866,
TXN-00001870,204,DEBIT,1749.1,C1000016,242449.44,240700.34,M5804884,0,0,0,2026-01-08T12:36:44.797920,
TXN-00001871,204,PAYMENT,380.82,C1000041,347494.92,347114.1,M1662276,0,0,0,2026-01-08T12:36:44.797973,
TXN-00001872,204,PAYMENT,52542.52,C1000053,0.0,0.0,M7584070,0,0,0,2026-01-08T12:36:44.798024,
TXN-00001873,204,TRANSFER,1525.22,C1000089,265590.27,264065.05,M8101702,0,0,0,2026-01-08T12:36:44.798072,
TXN-00001874,204,DEBIT,10.0,C1000051,458965.14,458955.14,M2468190,0,0,0,2026-01-08T12:36:44.798123,
TXN-00001875,204,PAYMENT,4441.13,C1000013,141513.19,137072.06,M9073289,0,0,0,2026-01-08T12:36:44.798173,
TXN-00001876,204,DEBIT,2294.38,C1000070,0.0,0.0,M4026838,0,0,0,2026-01-08T12:36:44.798224,
TXN-00001877,204,TRANSFER,4836.2,C1000091,0.0,0.0,M2395919,0,0,0,2026-01-08T12:36:44.798273,
TXN-00001878,204,TRANSFER,21003.9,C1000019,4527.08,0.0,M5550043,0,0,0,2026-01-08T12:36:44.798323,
TXN-00001879,204,CASH_OUT,1285.59,C1000044,137229.23,135943.65,M3000735,0,0,0,2026-01-08T12:36:44.798372,
TXN-00001880,204,TRANSFER,34148.44,C1000012,0.0,0.0,M8461466,0,0,0,2026-01-08T12:36:44.798421,
TXN-00001881,204,PAYMENT,13863.31,C1000005,228136.94,214273.63,M1073943,0,0,0,2026-01-08T12:36:44.798470,
TXN-00001882,204,TRANSFER,8760.95,C1000036,76207.75,67446.81,M5215185,0,0,0,2026-01-08T12:36:44.798527,
TXN-00001883,204,PAYMENT,9673.38,C1000080,213533.93,203860.55,M4048040,0,0,0,2026-01-08T12:36:44.798577,
TXN-00001884,204,PAYMENT,333.72,C1000021,0.0,0.0,M2493288,0,0,0,2026-01-08T12:36:44.798628,
TXN-00001885,204,PAYMENT,9682.98,C1000014,384743.99,375061.01,M6478690,0,0,0,2026-01-08T12:36:44.798678,
TXN-00001886,204,CASH_OUT,75644.72,C1000064,0.0,0.0,M6859479,0,0,0,2026-01-08T12:36:44.798752,
TXN-00001887,204,DEBIT,1417.03,C1000022,74458.01,73040.98,M2957265,0,0,0,2026-01-08T12:36:44.798798,
TXN-00001888,204,DEBIT,2008.9,C1000086,243805.09,241796.19,M1520894,0,0,0,2026-01-08T12:36:44.798839,
TXN-00001889,204,TRANSFER,2395.77,C1000052,221707.75,219311.98,M7044779,0,0,0,2026-01-08T12:36:44.798879,
TXN-00001890,204,TRANSFER,7706.1,C1000099,344892.58,337186.47,M4545920,0,0,0,2026-01-08T12:36:44.798918,
TXN-00001891,204,PAYMENT,10.0,C1000021,0.0,0.0,M6762409,0,0,0,2026-01-08T12:36:44.798961,
TXN-00001892,204,PAYMENT,2126.54,C1000017,220791.64,218665.09,M8915684,0,0,0,2026-01-08T12:36:44.799000,
TXN-00001893,204,CASH_OUT,3064.64,C1000069,188708.82,185644.19,M6456833,0,0,0,2026-01-08T12:36:44.799038,
TXN-00001894,204,TRANSFER,17310.84,C1000093,0.0,0.0,M2393248,0,0,0,2026-01-08T12:36:44.799076,
TXN-00001895,204,CASH_OUT,10.0,C1000075,475459.6,475449.6,M9658189,0,0,0,2026-01-08T12:36:44.799114,
TXN-00001896,204,PAYMENT,10440.95,C1000058,0.0,0.0,M8234601,0,0,0,2026-01-08T12:36:44.799152,
TXN-00001897,204,TRANSFER,10.0,C1000061,274712.3,274702.3,M8384173,0,0,0,2026-01-08T12:36:44.799189,
TXN-00001898,204,PAYMENT,375.97,C1000061,274702.3,274326.33,M8607782,0,0,0,2026-01-08T12:36:44.799228,
TXN-00001899,204,CASH_OUT,1924.9,C1000090,334482.45,332557.55,M8696937,0,0,0,2026-01-08T12:36:44.799265,
TXN-00001900,204,TRANSFER,3902.81,C1000023,99665.51,95762.7,M4840286,0,0,0,2026-01-08T12:36:44.799303,
TXN-00001901,204,DEBIT,21779.34,C1000095,0.0,0.0,M1693862,0,0,0,2026-01-08T12:36:44.799341,
TXN-00001902,204,PAYMENT,7454.52,C1000051,458955.14,451500.62,M6852863,0,0,0,2026-01-08T12:36:44.799381,
TXN-00001903,204,CASH_OUT,948.19,C1000008,292965.55,292017.37,M3816768,0,0,0,2026-01-08T12:36:44.799419,
TXN-00001904,204,PAYMENT,2140.42,C1000018,234412.05,232271.63,M8429334,0,0,0,2026-01-08T12:36:44.799456,
TXN-00001905,204,TRANSFER,1102.39,C1000066,22153.79,21051.4,M2094284,0,0,0,2026-01-08T12:36:44.799493,
TXN-00001906,204,CASH_OUT,2655.84,C1000030,134782.89,132127.05,M9444569,0,0,0,2026-01-08T12:36:44.799531,
TXN-00001907,204,DEBIT,5454.29,C1000049,202699.32,197245.03,M2336086,0,0,0,2026-01-08T12:36:44.799568,
TXN-00001908,204,DEBIT,10.0,C1000098,305743.11,305733.11,M1268005,0,0,0,2026-01-08T12:36:44.799608,
TXN-00001909,204,CASH_OUT,4769.86,C1000032,157597.97,152828.11,M7431841,0,0,0,2026-01-08T12:36:44.799646,
TXN-00001910,204,PAYMENT,18495.83,C1000093,0.0,0.0,M1222138,0,0,0,2026-01-08T12:36:44.799683,
TXN-00001911,204,PAYMENT,10.0,C1000020,440848.91,440838.91,M4430134,0,0,0,2026-01-08T12:36:44.799720,
TXN-00001912,204,DEBIT,7041.14,C1000059,296188.65,289147.51,M6307806,0,0,0,2026-01-08T12:36:44.799761,
TXN-00001913,204,PAYMENT,24084.9,C1000095,0.0,0.0,M7748753,0,0,0,2026-01-08T12:36:44.799800,
TXN-00001914,204,CASH_OUT,251.18,C1000098,305733.11,305481.93,M5365525,0,0,0,2026-01-08T12:36:44.799837,
TXN-00001915,204,CASH_OUT,117.86,C1000042,205226.44,205108.59,M1194003,0,0,0,2026-01-08T12:36:44.799875,
TXN-00001916,204,PAYMENT,702.39,C1000004,246048.25,245345.86,M2884381,0,0,0,2026-01-08T12:36:44.799913,
TXN-00001917,204,CASH_OUT,3962.93,C1000087,413718.29,409755.36,M8384299,0,0,0,2026-01-08T12:36:44.799951,
TXN-00001918,204,TRANSFER,8373.09,C1000054,93666.0,85292.91,M7454679,0,0,0,2026-01-08T12:36:44.799988,
TXN-00001919,204,DEBIT,7691.23,C1000036,67446.81,59755.58,M7972014,0,0,0,2026-01-08T12:36:44.800026,
TXN-00001920,204,PAYMENT,19905.91,C1000019,0.0,0.0,M4940915,0,0,0,2026-01-08T12:36:44.800065,
TXN-00001921,204,CASH_OUT,649.96,C1000008,292017.37,291367.41,M1777333,0,0,0,2026-01-08T12:36:44.800102,
TXN-00001922,204,CASH_OUT,4048.35,C1000027,71.21,0.0,M1759083,0,0,0,2026-01-08T12:36:44.800141,
TXN-00001923,204,CASH_OUT,1300.31,C1000020,440838.91,439538.6,M9837605,0,0,0,2026-01-08T12:36:44.800179,
TXN-00001924,204,CASH_OUT,11914.65,C1000005,214273.63,202358.98,M3381301,0,0,0,2026-01-08T12:36:44.800217,
TXN-00001925,204,DEBIT,3315.22,C1000062,65246.49,61931.27,M9717126,0,0,0,2026-01-08T12:36:44.800254,
TXN-00001926,204,PAYMENT,10.0,C1000047,61475.15,61465.15,M2353764,0,0,0,2026-01-08T12:36:44.800292,
TXN-00001927,204,PAYMENT,10.0,C1000042,205108.59,205098.59,M6805278,0,0,0,2026-01-08T12:36:44.800329,
TXN-00001928,204,TRANSFER,1111.55,C1000030,132127.05,131015.5,M6013052,0,0,0,2026-01-08T12:36:44.800367,
TXN-00001929,204,CASH_IN,34747.93,C1000073,0.0,34747.93,M2684580,0,0,0,2026-01-08T12:36:44.800404,
TXN-00001930,204,PAYMENT,1432.31,C1000041,347114.1,345681.79,M7121476,0,0,0,2026-01-08T12:36:44.800442,
TXN-00001931,204,TRANSFER,10.0,C1000055,238061.51,238051.51,M2154936,0,0,0,2026-01-08T12:36:44.800479,
TXN-00001932,204,TRANSFER,336.09,C1000066,21051.4,20715.31,M6418710,0,0,0,2026-01-08T12:36:44.800518,
TXN-00001933,204,PAYMENT,16215.87,C1000095,0.0,0.0,M9613109,0,0,0,2026-01-08T12:36:44.800558,
TXN-00001934,204,CASH_IN,2866.26,C1000070,0.0,2866.26,M3623998,0,0,0,2026-01-08T12:36:44.800597,
TXN-00001935,204,DEBIT,8493.38,C1000039,120506.88,112013.5,M2776048,0,0,0,2026-01-08T12:36:44.800635,
TXN-00001936,204,TRANSFER,4799.02,C1000065,0.0,0.0,M4386443,0,0,0,2026-01-08T12:36:44.800673,
TXN-00001937,204,PAYMENT,1538.56,C1000066,20715.31,19176.75,M9495102,0,0,0,2026-01-08T12:36:44.800711,
TXN-00001938,204,CASH_IN,1986.03,C1000030,131015.5,133001.53,M4704142,0,0,0,2026-01-08T12:36:44.800748,
TXN-00001939,204,TRANSFER,7510.18,C1000099,337186.47,329676.3,M8441774,0,0,0,2026-01-08T12:36:44.800785,
TXN-00001940,204,CASH_IN,8143.92,C1000082,278891.7,287035.62,M9760232,0,0,0,2026-01-08T12:36:44.800823,
TXN-00001941,204,PAYMENT,8668.23,C1000031,0.0,0.0,M6798065,0,0,0,2026-01-08T12:36:44.800861,
TXN-00001942,204,DEBIT,6856.58,C1000097,160337.74,153481.16,M3731390,0,0,0,2026-01-08T12:36:44.800900,
TXN-00001943,204,PAYMENT,1612.58,C1000085,30985.6,29373.02,M4598615,0,0,0,2026-01-08T12:36:44.800940,
TXN-00001944,204,PAYMENT,18430.1,C1000076,184142.15,165712.05,M6251893,0,0,0,2026-01-08T12:36:44.800993,
TXN-00001945,204,PAYMENT,10.0,C1000014,375061.01,375051.01,M6704710,0,0,0,2026-01-08T12:36:44.801033,
TXN-00001946,204,CASH_OUT,1574.65,C1000048,257509.11,255934.46,M9440170,0,0,0,2026-01-08T12:36:44.801071,
TXN-00001947,204,PAYMENT,3997.77,C1000062,61931.27,57933.5,M6956173,0,0,0,2026-01-08T12:36:44.801109,
TXN-00001948,204,TRANSFER,10.0,C1000051,451500.62,451490.62,M4886638,0,0,0,2026-01-08T12:36:44.801146,
TXN-00001949,204,CASH_OUT,7469.91,C1000013,137072.06,129602.15,M4088099,0,0,0,2026-01-08T12:36:44.801184,
TXN-00001950,204,PAYMENT,35013.52,C1000073,34747.93,0.0,M1401057,0,0,0,2026-01-08T12:36:44.801221,
TXN-00001951,204,TRANSFER,10.0,C1000041,345681.79,345671.79,M4039872,0,0,0,2026-01-08T12:36:44.801259,
TXN-00001952,204,PAYMENT,10.0,C1000068,174030.96,174020.96,M8814164,0,0,0,2026-01-08T12:36:44.801299,
TXN-00001953,204,CASH_IN,1613.2,C1000096,417950.35,419563.55,M1530929,0,0,0,2026-01-08T12:36:44.801336,
TXN-00001954,204,PAYMENT,577.66,C1000034,105411.94,104834.28,M4787557,0,0,0,2026-01-08T12:36:44.801374,
TXN-00001955,204,CASH_OUT,9512.51,C1000013,129602.15,120089.64,M5057817,0,0,0,2026-01-08T12:36:44.801413,
TXN-00001956,204,CASH_IN,2796.29,C1000055,238051.51,240847.81,M1030283,0,0,0,2026-01-08T12:36:44.801450,
TXN-00001957,204,DEBIT,6866.95,C1000088,141807.07,134940.12,M1669887,0,0,0,2026-01-08T12:36:44.801488,
TXN-00001958,204,PAYMENT,587.72,C1000075,475449.6,474861.89,M4443135,0,0,0,2026-01-08T12:36:44.801526,
TXN-00001959,204,CASH_IN,2784.39,C1000047,61465.15,64249.54,M7609327,0,0,0,2026-01-08T12:36:44.801565,
TXN-00001960,204,PAYMENT,1423.93,C1000084,262349.53,260925.6,M6771587,0,0,0,2026-01-08T12:36:44.801603,
TXN-00001961,204,TRANSFER,1707.62,C1000090,332557.55,330849.93,M2685451,0,0,0,2026-01-08T12:36:44.801640,
TXN-00001962,204,TRANSFER,3722.7,C1000051,451490.62,447767.92,M3529549,0,0,0,2026-01-08T12:36:44.801680,
TXN-00001963,204,PAYMENT,967.84,C1000018,232271.63,231303.79,M2914464,0,0,0,2026-01-08T12:36:44.801719,
TXN-00001964,204,PAYMENT,1710.04,C1000080,203860.55,202150.51,M2471604,0,0,0,2026-01-08T12:36:44.801756,
TXN-00001965,204,TRANSFER,38612.25,C1000067,0.0,0.0,M1588114,0,0,0,2026-01-08T12:36:44.801794,
TXN-00001966,204,PAYMENT,24670.27,C1000037,0.0,0.0,M4109856,0,0,0,2026-01-08T12:36:44.801833,
TXN-00001967,204,CASH_OUT,10.0,C1000075,474861.89,474851.89,M5344323,0,0,0,2026-01-08T12:36:44.801870,
TXN-00001968,204,PAYMENT,27889.25,C1000067,0.0,0.0,M7593062,0,0,0,2026-01-08T12:36:44.801908,
TXN-00001969,204,PAYMENT,4650.56,C1000065,0.0,0.0,M8007753,0,0,0,2026-01-08T12:36:44.801945,
TXN-00001970,204,DEBIT,4141.62,C1000010,0.0,0.0,M2068348,0,0,0,2026-01-08T12:36:44.801983,
TXN-00001971,204,PAYMENT,5887.37,C1000010,0.0,0.0,M9403446,0,0,0,2026-01-08T12:36:44.802020,
TXN-00001972,204,DEBIT,2057.22,C1000017,218665.09,216607.88,M8968856,0,0,0,2026-01-08T12:36:44.802058,
TXN-00001973,204,PAYMENT,11416.96,C1000078,59381.94,47964.98,M4704860,0,0,0,2026-01-08T12:36:44.802096,
TXN-00001974,204,CASH_OUT,763.87,C1000004,245345.86,244581.98,M6229933,0,0,0,2026-01-08T12:36:44.802134,
TXN-00001975,204,DEBIT,5084.86,C1000091,0.0,0.0,M5204035,0,0,0,2026-01-08T12:36:44.802172,
TXN-00001976,204,TRANSFER,856.23,C1000083,254154.36,253298.13,M1515605,0,0,0,2026-01-08T12:36:44.802211,
TXN-00001977,204,CASH_OUT,1005.64,C1000016,240700.34,239694.69,M1247252,0,0,0,2026-01-08T12:36:44.802249,
TXN-00001978,204,PAYMENT,761.14,C1000041,345671.79,344910.65,M6061196,0,0,0,2026-01-08T12:36:44.802286,
TXN-00001979,204,PAYMENT,18531.97,C1000093,0.0,0.0,M4188402,0,0,0,2026-01-08T12:36:44.802323,
TXN-00001980,204,PAYMENT,1480.01,C1000034,104834.28,103354.27,M8746170,0,0,0,2026-01-08T12:36:44.802360,
TXN-00001981,204,CASH_IN,3014.6,C1000030,133001.53,136016.13,M2356957,0,0,0,2026-01-08T12:36:44.802396,
TXN-00001982,204,PAYMENT,2376.78,C1000044,135943.65,133566.87,M2897716,0,0,0,2026-01-08T12:36:44.802436,
TXN-00001983,204,CASH_IN,6304.5,C1000088,134940.12,141244.62,M8169578,0,0,0,2026-01-08T12:36:44.802472,
TXN-00001984,204,CASH_OUT,50695.04,C1000053,0.0,0.0,M8851528,0,0,0,2026-01-08T12:36:44.802527,
TXN-00001985,204,CASH_OUT,54986.79,C1000000,0.0,0.0,M9225697,0,0,0,2026-01-08T12:36:44.802584,
TXN-00001986,204,CASH_IN,926.5,C1000007,96066.53,96993.03,M9261218,0,0,0,2026-01-08T12:36:44.802642,
TXN-00001987,204,PAYMENT,446.54,C1000009,141914.38,141467.84,M2237253,0,0,0,2026-01-08T12:36:44.802702,
TXN-00001988,204,CASH_OUT,172861.68,C1000050,172967.77,106.09,M4788292,0,0,0,2026-01-08T12:36:44.802759,
TXN-00001989,204,PAYMENT,1516.18,C1000034,103354.27,101838.09,M1269915,0,0,0,2026-01-08T12:36:44.802817,
TXN-00001990,204,PAYMENT,11290.29,C1000014,375051.01,363760.71,M7320562,0,0,0,2026-01-08T12:36:44.802880,
TXN-00001991,204,DEBIT,1822.01,C1000033,279484.86,277662.86,M9827000,0,0,0,2026-01-08T12:36:44.802941,
TXN-00001992,204,TRANSFER,10.0,C1000057,0.0,0.0,M7363310,0,0,0,2026-01-08T12:36:44.803009,
TXN-00001993,204,TRANSFER,7464.89,C1000099,329676.3,322211.4,M3212574,0,0,0,2026-01-08T12:36:44.803072,
TXN-00001994,204,PAYMENT,17251.08,C1000076,165712.05,148460.96,M9118706,0,0,0,2026-01-08T12:36:44.803138,
TXN-00001995,204,PAYMENT,6021.7,C1000059,289147.51,283125.81,M8842767,0,0,0,2026-01-08T12:36:44.803215,
TXN-00001996,204,CASH_OUT,258.83,C1000020,439538.6,439279.77,M9269646,0,0,0,2026-01-08T12:36:44.803260,
TXN-00001997,204,PAYMENT,1760.99,C1000084,260925.6,259164.61,M3178549,0,0,0,2026-01-08T12:36:44.803305,
TXN-00001998,204,CASH_OUT,882.27,C1000071,254986.15,254103.88,M2706372,0,0,0,2026-01-08T12:36:44.803345,
TXN-00001999,204,DEBIT,3045.44,C1000006,378874.84,375829.39,M7955896,0,0,0,2026-01-08T12:36:44.803383,
