transaction_id,step,type,amount,nameOrig,oldbalanceOrg,newbalanceOrig,nameDest,oldbalanceDest,newbalanceDest,isFraud,timestamp,fraud_pattern
TXN-00002000,204,TRANSFER,3326.65,C1000071,254103.88,250777.23,M1257853,0,0,0,2026-01-08T12:36:44.905647,
TXN-00002001,207,TRANSFER,145246.32,C1000050,106.09,-143323.39,M4717858,0,0,1,2026-01-08T12:36:44.905716,balance_mismatch
TXN-00002002,204,DEBIT,10.0,C1000040,107919.36,107909.36,M6260755,0,0,0,2026-01-08T12:36:44.905789,
TXN-00002003,204,PAYMENT,2313.05,C1000070,2866.26,553.21,M4808868,0,0,0,2026-01-08T12:36:44.905838,
TXN-00002004,196,TRANSFER,35392.11,C1000095,0.0,0.0,M4525694,0,0,1,2026-01-08T12:36:44.905861,night_transaction
TXN-00002005,204,TRANSFER,1991.11,C1000044,133566.87,131575.76,M9983043,0,0,0,2026-01-08T12:36:44.905904,
TXN-00002006,204,TRANSFER,7103.31,C1000036,59755.58,52652.27,M1362007,0,0,0,2026-01-08T12:36:44.905943,
TXN-00002007,205,TRANSFER,36450.94,C1000019,0.0,0.0,M2806527,0,0,1,2026-01-08T12:36:44.905965,rapid_succession
TXN-00002008,204,CASH_OUT,99.43,C1000060,67359.4,67259.97,M5146882,0,0,0,2026-01-08T12:36:44.906003,
TXN-00002009,204,TRANSFER,1740.36,C1000090,330849.93,329109.57,M4058849,0,0,0,2026-01-08T12:36:44.906042,
TXN-00002010,204,DEBIT,8098.11,C1000099,322211.4,314113.29,M7634211,0,0,0,2026-01-08T12:36:44.906081,
TXN-00002011,204,PAYMENT,4604.2,C1000006,375829.39,371225.2,M1137312,0,0,0,2026-01-08T12:36:44.906119,
TXN-00002012,204,CASH_IN,634.15,C1000034,101838.09,102472.24,M9857348,0,0,0,2026-01-08T12:36:44.906157,
TXN-00002013,204,PAYMENT,10.0,C1000023,95762.7,95752.7,M9952195,0,0,0,2026-01-08T12:36:44.906195,
TXN-00002014,196,CASH_OUT,90660.28,C1000092,208762.31,118102.03,M1876580,0,0,1,2026-01-08T12:36:44.906214,unusual_type
TXN-00002015,204,PAYMENT,779.98,C1000001,127293.56,126513.58,M1162668,0,0,0,2026-01-08T12:36:44.906250,
TXN-00002016,204,PAYMENT,38561.27,C1000067,0.0,0.0,M4689118,0,0,0,2026-01-08T12:36:44.906288,
TXN-00002017,193,CASH_OUT,72780.16,C1000067,0.0,0.0,M3094810,0,0,1,2026-01-08T12:36:44.906308,unusual_type
TXN-00002018,204,DEBIT,6806.71,C1000058,0.0,0.0,M7724014,0,0,0,2026-01-08T12:36:44.906344,
TXN-00002019,194,TRANSFER,65192.08,C1000021,0.0,-63860.91,M3563409,0,0,1,2026-01-08T12:36:44.906363,balance_mismatch
TXN-00002020,210,TRANSFER,31488.07,C1000010,0.0,0.0,M1140442,0,0,1,2026-01-08T12:36:44.906382,rapid_succession
TXN-00002021,204,CASH_OUT,47612.64,C1000053,0.0,0.0,M9098050,0,0,0,2026-01-08T12:36:44.906419,
TXN-00002022,204,CASH_OUT,3038.22,C1000026,295505.86,292467.63,M4306459,0,0,0,2026-01-08T12:36:44.906458,
TXN-00002023,204,TRANSFER,394.05,C1000004,244581.98,244187.93,M1424519,0,0,0,2026-01-08T12:36:44.906499,
TXN-00002024,204,CASH_OUT,10.0,C1000066,19176.75,19166.75,M1779587,0,0,0,2026-01-08T12:36:44.906537,
TXN-00002025,204,PAYMENT,1254.98,C1000083,253298.13,252043.15,M7581686,0,0,0,2026-01-08T12:36:44.906574,
TXN-00002026,204,CASH_OUT,2576.68,C1000089,264065.05,261488.37,M2025916,0,0,0,2026-01-08T12:36:44.906613,
TXN-00002027,204,CASH_OUT,10.0,C1000023,95752.7,95742.7,M7025082,0,0,0,2026-01-08T12:36:44.906650,
TXN-00002028,204,PAYMENT,2078.09,C1000020,439279.77,437201.68,M4680194,0,0,0,2026-01-08T12:36:44.906720,
TXN-00002029,204,TRANSFER,3912.5,C1000091,0.0,0.0,M9255859,0,0,0,2026-01-08T12:36:44.906832,
TXN-00002030,204,CASH_OUT,5856.8,C1000025,186534.38,180677.58,M8094663,0,0,0,2026-01-08T12:36:44.906907,
TXN-00002031,197,CASH_OUT,60326.63,C1000036,52652.27,0.0,M4556626,0,0,1,2026-01-08T12:36:44.906944,night_transaction
TXN-00002032,204,TRANSFER,10.0,C1000064,0.0,0.0,M8960733,0,0,0,2026-01-08T12:36:44.907007,
TXN-00002033,193,CASH_OUT,101357.48,C1000042,205098.59,103741.11,M6960531,0,0,1,2026-01-08T12:36:44.907034,large_amount
TXN-00002034,204,PAYMENT,6903.14,C1000088,141244.62,134341.48,M8170414,0,0,0,2026-01-08T12:36:44.907092,
TXN-00002035,204,TRANSFER,26362.65,C1000056,0.0,0.0,M6902874,0,0,0,2026-01-08T12:36:44.907148,
TXN-00002036,204,CASH_OUT,10122.76,C1000031,0.0,0.0,M6474335,0,0,0,2026-01-08T12:36:44.907203,
TXN-00002037,204,TRANSFER,335.66,C1000022,73040.98,72705.32,M1559994,0,0,0,2026-01-08T12:36:44.907263,
TXN-00002038,204,DEBIT,4311.84,C1000010,0.0,0.0,M8090545,0,0,0,2026-01-08T12:36:44.907319,
TXN-00002039,204,PAYMENT,923.9,C1000022,72705.32,71781.41,M2892844,0,0,0,2026-01-08T12:36:44.907373,
TXN-00002040,193,CASH_OUT,110924.71,C1000096,419563.55,308638.83,M7694229,0,0,1,2026-01-08T12:36:44.907403,unusual_type
TXN-00002041,204,PAYMENT,8717.63,C1000080,202150.51,193432.87,M3677920,0,0,0,2026-01-08T12:36:44.907459,
TXN-00002042,204,CASH_OUT,19218.55,C1000024,0.0,0.0,M1693318,0,0,0,2026-01-08T12:36:44.907514,
TXN-00002043,204,PAYMENT,1602.42,C1000086,241796.19,240193.77,M9127232,0,0,0,2026-01-08T12:36:44.907572,
TXN-00002044,204,PAYMENT,10.0,C1000064,0.0,0.0,M4151932,0,0,0,2026-01-08T12:36:44.907629,
TXN-00002045,204,PAYMENT,11574.02,C1000005,202358.98,190784.96,M8601377,0,0,0,2026-01-08T12:36:44.907682,
TXN-00002046,204,TRANSFER,10.0,C1000018,231303.79,231293.79,M1495604,0,0,0,2026-01-08T12:36:44.907745,
TXN-00002047,204,TRANSFER,2093.03,C1000040,107909.36,105816.33,M5409102,0,0,0,2026-01-08T12:36:44.907806,
TXN-00002048,204,DEBIT,10.0,C1000048,255934.46,255924.46,M6155819,0,0,0,2026-01-08T12:36:44.907865,
TXN-00002049,204,TRANSFER,10.0,C1000040,105816.33,105806.33,M8428723,0,0,0,2026-01-08T12:36:44.907919,
TXN-00002050,194,CASH_OUT,59577.36,C1000075,474851.89,415274.53,M7605005,0,0,1,2026-01-08T12:36:44.907946,unusual_type
TXN-00002051,204,DEBIT,499.55,C1000075,474851.89,474352.34,M1142221,0,0,0,2026-01-08T12:36:44.907999,
TXN-00002052,204,CASH_OUT,6849.83,C1000052,219311.98,212462.16,M3755165,0,0,0,2026-01-08T12:36:44.908050,
TXN-00002053,194,TRANSFER,12160.18,C1000092,208762.31,196602.13,M1845878,0,0,1,2026-01-08T12:36:44.908079,rapid_succession
TXN-00002054,204,TRANSFER,14103.03,C1000074,181061.6,166958.57,M3981380,0,0,0,2026-01-08T12:36:44.908133,
TXN-00002055,204,PAYMENT,1290.28,C1000007,96993.03,95702.74,M4159967,0,0,0,2026-01-08T12:36:44.908186,
TXN-00002056,204,PAYMENT,6440.09,C1000046,34284.54,27844.46,M8068187,0,0,0,2026-01-08T12:36:44.908227,
TXN-00002057,204,PAYMENT,10.0,C1000047,64249.54,64239.54,M3098509,0,0,0,2026-01-08T12:36:44.908265,
TXN-00002058,204,CASH_IN,10.0,C1000033,277662.86,277672.86,M8679833,0,0,0,2026-01-08T12:36:44.908302,
TXN-00002059,204,CASH_OUT,687.99,C1000022,71781.41,71093.42,M3854027,0,0,0,2026-01-08T12:36:44.908340,
TXN-00002060,204,TRANSFER,1563.77,C1000007,95702.74,94138.97,M7084236,0,0,0,2026-01-08T12:36:44.908378,
TXN-00002061,204,PAYMENT,5544.77,C1000052,212462.16,206917.39,M3474678,0,0,0,2026-01-08T12:36:44.908415,
TXN-00002062,204,PAYMENT,14579.41,C1000005,190784.96,176205.55,M6306404,0,0,0,2026-01-08T12:36:44.908454,
TXN-00002063,197,CASH_OUT,50301.66,C1000005,176205.55,125903.89,M8779741,0,0,1,2026-01-08T12:36:44.908475,night_transaction
TXN-00002064,204,PAYMENT,10300.68,C1000054,85292.91,74992.22,M4532884,0,0,0,2026-01-08T12:36:44.908511,
TXN-00002065,204,DEBIT,652.1,C1000034,102472.24,101820.13,M8465706,0,0,0,2026-01-08T12:36:44.908549,
TXN-00002066,204,PAYMENT,193.0,C1000001,126513.58,126320.59,M3901052,0,0,0,2026-01-08T12:36:44.908586,
TXN-00002067,211,TRANSFER,144527.85,C1000019,0.0,-140606.52,M5925278,0,0,1,2026-01-08T12:36:44.908605,balance_mismatch
TXN-00002068,207,TRANSFER,30276.5,C1000060,67259.97,36983.47,M7761637,0,0,1,2026-01-08T12:36:44.908625,rapid_succession
TXN-00002069,196,CASH_OUT,46464.1,C1000040,105806.33,59342.24,M8514004,0,0,1,2026-01-08T12:36:44.908642,night_transaction
TXN-00002070,196,CASH_OUT,80543.33,C1000075,474352.34,393809.0,M5081762,0,0,1,2026-01-08T12:36:44.908661,night_transaction
TXN-00002071,204,CASH_OUT,19.58,C1000060,67259.97,67240.39,M3627670,0,0,0,2026-01-08T12:36:44.908701,
TXN-00002072,204,CASH_OUT,2337.64,C1000084,259164.61,256826.97,M2303584,0,0,0,2026-01-08T12:36:44.908871,
TXN-00002073,204,CASH_OUT,4711.52,C1000027,0.0,0.0,M8026785,0,0,0,2026-01-08T12:36:44.908989,
TXN-00002074,204,PAYMENT,21575.44,C1000035,0.0,0.0,M2146328,0,0,0,2026-01-08T12:36:44.909066,
TXN-00002075,200,TRANSFER,102964.13,C1000022,71093.42,-31566.23,M7433693,0,0,1,2026-01-08T12:36:44.909103,balance_mismatch
TXN-00002076,198,CASH_OUT,126080.73,C1000030,136016.13,9935.4,M5199165,0,0,1,2026-01-08T12:36:44.909137,large_amount
TXN-00002077,204,PAYMENT,6859.96,C1000088,134341.48,127481.52,M1553458,0,0,0,2026-01-08T12:36:44.909206,
TXN-00002078,204,TRANSFER,48272.3,C1000053,0.0,0.0,M4760408,0,0,0,2026-01-08T12:36:44.909276,
TXN-00002079,204,DEBIT,2693.73,C1000030,136016.13,133322.4,M2105208,0,0,0,2026-01-08T12:36:44.909343,
TXN-00002080,194,TRANSFER,50501.88,C1000023,95742.7,45240.82,M1236878,0,0,1,2026-01-08T12:36:44.909384,night_transaction
TXN-00002081,204,CASH_OUT,10002.91,C1000092,208762.31,198759.4,M2499370,0,0,0,2026-01-08T12:36:44.909461,
TXN-00002082,204,TRANSFER,4370.44,C1000062,57933.5,53563.06,M1233469,0,0,0,2026-01-08T12:36:44.909535,
TXN-00002083,195,TRANSFER,38835.98,C1000001,126320.59,88406.65,M7504330,0,0,1,2026-01-08T12:36:44.909573,balance_mismatch
TXN-00002084,196,TRANSFER,28560.03,C1000067,0.0,0.0,M9987196,0,0,1,2026-01-08T12:36:44.909616,night_transaction
TXN-00002085,204,CASH_OUT,783.09,C1000022,71093.42,70310.34,M1601509,0,0,0,2026-01-08T12:36:44.909690,
TXN-00002086,204,DEBIT,3173.65,C1000043,161187.37,158013.72,M6850827,0,0,0,2026-01-08T12:36:44.909765,
TXN-00002087,195,CASH_OUT,74208.59,C1000002,372776.52,298567.93,M3541473,0,0,1,2026-01-08T12:36:44.909807,night_transaction
TXN-00002088,204,DEBIT,10.0,C1000075,474352.34,474342.34,M8004025,0,0,0,2026-01-08T12:36:44.909888,
TXN-00002089,204,DEBIT,6928.6,C1000088,127481.52,120552.92,M6354662,0,0,0,2026-01-08T12:36:44.909964,
TXN-00002090,202,TRANSFER,147568.22,C1000053,0.0,-142897.92,M8637243,0,0,1,2026-01-08T12:36:44.910003,balance_mismatch
TXN-00002091,213,CASH_OUT,64117.57,C1000083,252043.15,187925.58,M6768963,0,0,1,2026-01-08T12:36:44.910045,unusual_type
TXN-00002092,204,PAYMENT,2597.19,C1000020,437201.68,434604.49,M5915140,0,0,0,2026-01-08T12:36:44.910121,
TXN-00002093,204,TRANSFER,2042.96,C1000006,371225.2,369182.24,M2197677,0,0,0,2026-01-08T12:36:44.910208,
TXN-00002094,192,TRANSFER,71981.46,C1000026,292467.63,221777.02,M6704573,0,0,1,2026-01-08T12:36:44.910247,balance_mismatch
TXN-00002095,204,TRANSFER,112.81,C1000061,274326.33,274213.52,M3352451,0,0,0,2026-01-08T12:36:44.910560,
TXN-00002096,204,CASH_OUT,7013.05,C1000074,166958.57,159945.52,M8088055,0,0,0,2026-01-08T12:36:44.910842,
TXN-00002097,194,CASH_OUT,175221.57,C1000015,321005.72,145784.15,M8925145,0,0,1,2026-01-08T12:36:44.910921,large_amount
TXN-00002098,204,CASH_OUT,4785.53,C1000097,153481.16,148695.64,M7045739,0,0,0,2026-01-08T12:36:44.911069,
TXN-00002099,204,DEBIT,10.0,C1000082,287035.62,287025.62,M6275040,0,0,0,2026-01-08T12:36:44.911168,
TXN-00002100,204,TRANSFER,7587.02,C1000031,0.0,0.0,M7587476,0,0,0,2026-01-08T12:36:44.911243,
TXN-00002101,204,PAYMENT,18833.89,C1000079,153708.76,134874.87,M8980368,0,0,0,2026-01-08T12:36:44.911318,
TXN-00002102,204,TRANSFER,29490.75,C1000095,0.0,0.0,M4018189,0,0,0,2026-01-08T12:36:44.911374,
TXN-00002103,204,TRANSFER,10.0,C1000040,105806.33,105796.33,M7368097,0,0,0,2026-01-08T12:36:44.911465,
TXN-00002104,204,DEBIT,2059.46,C1000090,329109.57,327050.11,M6933225,0,0,0,2026-01-08T12:36:44.911554,
TXN-00002105,204,DEBIT,10.0,C1000061,274213.52,274203.52,M4912250,0,0,0,2026-01-08T12:36:44.911628,
TXN-00002106,204,TRANSFER,926.83,C1000068,174020.96,173094.13,M2971020,0,0,0,2026-01-08T12:36:44.911935,
TXN-00002107,212,CASH_OUT,103342.59,C1000068,173094.13,69751.55,M2559802,0,0,1,2026-01-08T12:36:44.912240,unusual_type
TXN-00002108,197,CASH_OUT,28103.91,C1000086,240193.77,212089.87,M6291840,0,0,1,2026-01-08T12:36:44.912491,rapid_succession
TXN-00002109,204,TRANSFER,470.48,C1000026,292467.63,291997.16,M4459087,0,0,0,2026-01-08T12:36:44.912708,
TXN-00002110,205,TRANSFER,39883.42,C1000095,0.0,-37757.86,M6147349,0,0,1,2026-01-08T12:36:44.912741,balance_mismatch
TXN-00002111,213,CASH_OUT,12894.89,C1000036,52652.27,39757.38,M5915391,0,0,1,2026-01-08T12:36:44.912763,rapid_succession
TXN-00002112,204,PAYMENT,340.74,C1000016,239694.69,239353.95,M3941569,0,0,0,2026-01-08T12:36:44.912808,
TXN-00002113,204,TRANSFER,1965.78,C1000017,216607.88,214642.1,M5901822,0,0,0,2026-01-08T12:36:44.912849,
TXN-00002114,204,PAYMENT,1706.22,C1000090,327050.11,325343.89,M1784805,0,0,0,2026-01-08T12:36:44.912889,
TXN-00002115,204,PAYMENT,1478.62,C1000055,240847.81,239369.19,M9297778,0,0,0,2026-01-08T12:36:44.912927,
TXN-00002116,204,PAYMENT,11681.99,C1000005,176205.55,164523.56,M9339913,0,0,0,2026-01-08T12:36:44.912966,
TXN-00002117,204,PAYMENT,10.0,C1000042,205098.59,205088.59,M4133887,0,0,0,2026-01-08T12:36:44.913005,
TXN-00002118,204,DEBIT,1962.85,C1000045,113089.57,111126.72,M1005309,0,0,0,2026-01-08T12:36:44.913043,
TXN-00002119,204,PAYMENT,10.0,C1000034,101820.13,101810.13,M5741004,0,0,0,2026-01-08T12:36:44.913082,
TXN-00002120,204,TRANSFER,661.99,C1000061,274203.52,273541.53,M2565727,0,0,0,2026-01-08T12:36:44.913120,
TXN-00002121,204,CASH_OUT,4914.54,C1000032,152828.11,147913.58,M6181268,0,0,0,2026-01-08T12:36:44.913159,
TXN-00002122,204,PAYMENT,3240.92,C1000028,75332.38,72091.46,M7077535,0,0,0,2026-01-08T12:36:44.913197,
TXN-00002123,204,PAYMENT,6375.24,C1000025,180677.58,174302.34,M5243950,0,0,0,2026-01-08T12:36:44.913235,
TXN-00002124,204,DEBIT,11423.42,C1000031,0.0,0.0,M7925405,0,0,0,2026-01-08T12:36:44.913272,
TXN-00002125,204,TRANSFER,4230.42,C1000030,133322.4,129091.98,M5857695,0,0,0,2026-01-08T12:36:44.913310,
TXN-00002126,204,TRANSFER,3345.46,C1000028,72091.46,68746.0,M8558328,0,0,0,2026-01-08T12:36:44.913347,
TXN-00002127,203,TRANSFER,45485.56,C1000030,129091.98,83606.43,M4490218,0,0,1,2026-01-08T12:36:44.913368,rapid_succession
TXN-00002128,214,CASH_OUT,82753.53,C1000040,105796.33,23042.8,M9719934,0,0,1,2026-01-08T12:36:44.913384,unusual_type
TXN-00002129,195,CASH_OUT,184730.1,C1000017,214642.1,29912.0,M1691879,0,0,1,2026-01-08T12:36:44.913402,large_amount
TXN-00002130,204,DEBIT,10.0,C1000042,205088.59,205078.59,M2995706,0,0,0,2026-01-08T12:36:44.913442,
TXN-00002131,204,PAYMENT,55405.46,C1000000,0.0,0.0,M9981587,0,0,0,2026-01-08T12:36:44.913480,
TXN-00002132,204,TRANSFER,3380.14,C1000018,231293.79,227913.66,M5532796,0,0,0,2026-01-08T12:36:44.913518,
TXN-00002133,204,TRANSFER,4513.46,C1000065,0.0,0.0,M2855487,0,0,0,2026-01-08T12:36:44.913556,
TXN-00002134,204,TRANSFER,8817.97,C1000074,159945.52,151127.55,M4613360,0,0,0,2026-01-08T12:36:44.913593,
TXN-00002135,204,PAYMENT,6437.98,C1000088,120552.92,114114.93,M9629666,0,0,0,2026-01-08T12:36:44.913631,
TXN-00002136,204,CASH_OUT,928.54,C1000022,70310.34,69381.8,M7841110,0,0,0,2026-01-08T12:36:44.913668,
TXN-00002137,204,TRANSFER,31782.84,C1000067,0.0,0.0,M5932349,0,0,0,2026-01-08T12:36:44.913705,
TXN-00002138,204,TRANSFER,1541.23,C1000086,240193.77,238652.55,M2461077,0,0,0,2026-01-08T12:36:44.913756,
TXN-00002139,204,TRANSFER,10.0,C1000064,0.0,0.0,M9002973,0,0,0,2026-01-08T12:36:44.913818,
TXN-00002140,204,TRANSFER,10.0,C1000022,69381.8,69371.8,M2259022,0,0,0,2026-01-08T12:36:44.913871,
TXN-00002141,204,PAYMENT,3995.39,C1000052,206917.39,202922.0,M8726483,0,0,0,2026-01-08T12:36:44.913922,
TXN-00002142,204,TRANSFER,2409.06,C1000044,131575.76,129166.7,M6938900,0,0,0,2026-01-08T12:36:44.913973,
TXN-00002143,204,PAYMENT,33376.81,C1000073,0.0,0.0,M1318518,0,0,0,2026-01-08T12:36:44.914024,
TXN-00002144,204,CASH_OUT,6617.89,C1000082,287025.62,280407.73,M6902518,0,0,0,2026-01-08T12:36:44.914074,
TXN-00002145,204,PAYMENT,10335.99,C1000015,321005.72,310669.73,M6901145,0,0,0,2026-01-08T12:36:44.914125,
TXN-00002146,204,PAYMENT,664.56,C1000066,19166.75,18502.19,M6577652,0,0,0,2026-01-08T12:36:44.914176,
TXN-00002147,194,TRANSFER,60219.39,C1000029,15855.98,0.0,M5705140,0,0,1,2026-01-08T12:36:44.914205,night_transaction
TXN-00002148,204,PAYMENT,3565.65,C1000058,0.0,0.0,M4471139,0,0,0,2026-01-08T12:36:44.914255,
TXN-00002149,204,CASH_OUT,6482.19,C1000052,202922.0,196439.81,M6881793,0,0,0,2026-01-08T12:36:44.914308,
TXN-00002150,194,CASH_OUT,80521.95,C1000030,129091.98,48570.03,M5901524,0,0,1,2026-01-08T12:36:44.914334,large_amount
TXN-00002151,195,CASH_OUT,27170.3,C1000032,147913.58,120743.28,M1021594,0,0,1,2026-01-08T12:36:44.914357,rapid_succession
TXN-00002152,204,DEBIT,149.19,C1000075,474342.34,474193.15,M8576169,0,0,0,2026-01-08T12:36:44.914411,
TXN-00002153,192,CASH_OUT,174547.4,C1000074,151127.55,0.0,M6885652,0,0,1,2026-01-08T12:36:44.914438,large_amount
TXN-00002154,204,DEBIT,2801.57,C1000048,255924.46,253122.88,M2320799,0,0,0,2026-01-08T12:36:44.914649,
TXN-00002155,204,PAYMENT,835.38,C1000094,252116.34,251280.95,M3649955,0,0,0,2026-01-08T12:36:44.914752,
TXN-00002156,204,TRANSFER,11750.89,C1000054,74992.22,63241.33,M8823076,0,0,0,2026-01-08T12:36:44.914828,
TXN-00002157,204,PAYMENT,2153.58,C1000017,214642.1,212488.52,M1630281,0,0,0,2026-01-08T12:36:44.914900,
TXN-00002158,204,PAYMENT,10.0,C1000055,239369.19,239359.19,M8189309,0,0,0,2026-01-08T12:36:44.914972,
TXN-00002159,204,CASH_IN,3620.4,C1000006,369182.24,372802.64,M1208894,0,0,0,2026-01-08T12:36:44.915041,
TXN-00002160,204,CASH_OUT,632.28,C1000068,173094.13,172461.85,M5935538,0,0,0,2026-01-08T12:36:44.915108,
TXN-00002161,195,TRANSFER,96413.5,C1000064,0.0,0.0,M2688575,0,0,1,2026-01-08T12:36:44.915149,night_transaction
TXN-00002162,197,TRANSFER,47682.6,C1000031,0.0,0.0,M3290527,0,0,1,2026-01-08T12:36:44.915181,rapid_succession
TXN-00002163,204,PAYMENT,5448.86,C1000010,0.0,0.0,M6662014,0,0,0,2026-01-08T12:36:44.915247,
TXN-00002164,204,PAYMENT,3442.29,C1000087,409755.36,406313.07,M9560093,0,0,0,2026-01-08T12:36:44.915316,
TXN-00002165,204,TRANSFER,13433.96,C1000063,194313.4,180879.45,M5834267,0,0,0,2026-01-08T12:36:44.915381,
TXN-00002166,210,CASH_OUT,15806.0,C1000025,174302.34,158496.34,M6735723,0,0,1,2026-01-08T12:36:44.915417,rapid_succession
TXN-00002167,204,CASH_OUT,21234.71,C1000035,0.0,0.0,M1501931,0,0,0,2026-01-08T12:36:44.915481,
TXN-00002168,204,TRANSFER,2255.12,C1000085,29373.02,27117.9,M5925029,0,0,0,2026-01-08T12:36:44.915547,
TXN-00002169,204,PAYMENT,4482.99,C1000091,0.0,0.0,M2937487,0,0,0,2026-01-08T12:36:44.915618,
TXN-00002170,204,PAYMENT,3729.89,C1000087,406313.07,402583.18,M3198073,0,0,0,2026-01-08T12:36:44.915680,
TXN-00002171,204,PAYMENT,2705.7,C1000070,553.21,0.0,M2421126,0,0,0,2026-01-08T12:36:44.915743,
TXN-00002172,197,TRANSFER,21396.74,C1000057,0.0,0.0,M7822406,0,0,1,2026-01-08T12:36:44.915777,night_transaction
TXN-00002173,204,PAYMENT,20138.68,C1000019,0.0,0.0,M6878008,0,0,0,2026-01-08T12:36:44.915841,
TXN-00002174,212,TRANSFER,98771.43,C1000075,474193.15,379676.55,M2203887,0,0,1,2026-01-08T12:36:44.915872,balance_mismatch
TXN-00002175,213,CASH_OUT,76520.12,C1000065,0.0,0.0,M1337716,0,0,1,2026-01-08T12:36:44.915908,large_amount
TXN-00002176,204,PAYMENT,6633.45,C1000046,27844.46,21211.01,M2427787,0,0,0,2026-01-08T12:36:44.915971,
TXN-00002177,204,TRANSFER,2061.17,C1000072,24305.34,22244.17,M5950535,0,0,0,2026-01-08T12:36:44.916037,
TXN-00002178,204,PAYMENT,10.0,C1000075,474193.15,474183.15,M7101953,0,0,0,2026-01-08T12:36:44.916097,
TXN-00002179,204,TRANSFER,3486.3,C1000045,111126.72,107640.41,M5813431,0,0,0,2026-01-08T12:36:44.916158,
TXN-00002180,204,DEBIT,5221.13,C1000025,174302.34,169081.22,M9549766,0,0,0,2026-01-08T12:36:44.916223,
TXN-00002181,211,TRANSFER,38832.89,C1000035,0.0,0.0,M4539688,0,0,1,2026-01-08T12:36:44.916259,rapid_succession
TXN-00002182,204,PAYMENT,1353.26,C1000069,185644.19,184290.92,M7421615,0,0,0,2026-01-08T12:36:44.916326,
TXN-00002183,207,TRANSFER,64943.78,C1000035,0.0,-65367.42,M6860414,0,0,1,2026-01-08T12:36:44.916398,balance_mismatch
TXN-00002184,204,DEBIT,46.55,C1000034,101810.13,101763.58,M3288477,0,0,0,2026-01-08T12:36:44.916473,
TXN-00002185,204,CASH_OUT,10.0,C1000082,280407.73,280397.73,M1483998,0,0,0,2026-01-08T12:36:44.916521,
TXN-00002186,204,PAYMENT,1539.33,C1000041,344910.65,343371.32,M4917481,0,0,0,2026-01-08T12:36:44.916564,
TXN-00002187,204,CASH_OUT,2137.31,C1000020,434604.49,432467.18,M6802754,0,0,0,2026-01-08T12:36:44.916605,
TXN-00002188,204,PAYMENT,1189.96,C1000083,252043.15,250853.19,M7683746,0,0,0,2026-01-08T12:36:44.916645,
TXN-00002189,204,CASH_OUT,1377.24,C1000008,291367.41,289990.17,M5159965,0,0,0,2026-01-08T12:36:44.916685,
TXN-00002190,204,PAYMENT,904.46,C1000077,142736.46,141832.0,M8528865,0,0,0,2026-01-08T12:36:44.916723,
TXN-00002191,204,PAYMENT,1505.37,C1000022,69371.8,67866.43,M2782195,0,0,0,2026-01-08T12:36:44.916761,
TXN-00002192,204,CASH_OUT,6094.15,C1000025,169081.22,162987.07,M1249228,0,0,0,2026-01-08T12:36:44.916804,
TXN-00002193,204,TRANSFER,310.71,C1000008,289990.17,289679.46,M9391605,0,0,0,2026-01-08T12:36:44.916853,
TXN-00002194,204,CASH_IN,7250.28,C1000011,0.0,7250.28,M7822576,0,0,0,2026-01-08T12:36:44.916893,
TXN-00002195,204,CASH_OUT,2396.36,C1000061,273541.53,271145.16,M9503210,0,0,0,2026-01-08T12:36:44.916932,
TXN-00002196,204,PAYMENT,1424.0,C1000094,251280.95,249856.96,M3783388,0,0,0,2026-01-08T12:36:44.916970,
TXN-00002197,204,CASH_OUT,3857.56,C1000069,184290.92,180433.36,M9186641,0,0,0,2026-01-08T12:36:44.917008,
TXN-00002198,204,TRANSFER,24537.14,C1000042,205078.59,180541.45,M6158813,0,0,0,2026-01-08T12:36:44.917045,
TXN-00002199,204,TRANSFER,6997.97,C1000097,148695.64,141697.67,M1022456,0,0,0,2026-01-08T12:36:44.917083,
TXN-00002200,204,PAYMENT,5018.2,C1000059,283125.81,278107.61,M9814916,0,0,0,2026-01-08T12:36:44.917120,
TXN-00002201,200,TRANSFER,78049.78,C1000046,21211.01,-58738.5,M3553923,0,0,1,2026-01-08T12:36:44.917142,balance_mismatch
TXN-00002202,204,PAYMENT,13325.9,C1000005,164523.56,151197.65,M8299664,0,0,0,2026-01-08T12:36:44.917182,
TXN-00002203,204,DEBIT,23492.64,C1000024,0.0,0.0,M9606858,0,0,0,2026-01-08T12:36:44.917220,
TXN-00002204,204,CASH_IN,42085.53,C1000042,180541.45,222626.97,M1537816,0,0,0,2026-01-08T12:36:44.917258,
TXN-00002205,204,TRANSFER,7946.92,C1000074,151127.55,143180.63,M7567213,0,0,0,2026-01-08T12:36:44.917296,
TXN-00002206,204,CASH_OUT,3111.69,C1000084,256826.97,253715.27,M9610566,0,0,0,2026-01-08T12:36:44.917333,
TXN-00002207,204,TRANSFER,10.0,C1000078,47964.98,47954.98,M7188867,0,0,0,2026-01-08T12:36:44.917370,
TXN-00002208,204,CASH_OUT,7486.27,C1000099,314113.29,306627.02,M6311238,0,0,0,2026-01-08T12:36:44.917407,
TXN-00002209,204,CASH_OUT,7279.94,C1000011,7250.28,0.0,M8137806,0,0,0,2026-01-08T12:36:44.917444,
TXN-00002210,195,TRANSFER,20305.51,C1000019,0.0,0.0,M4976898,0,0,1,2026-01-08T12:36:44.917464,rapid_succession
TXN-00002211,204,PAYMENT,2904.05,C1000097,141697.67,138793.62,M7024295,0,0,0,2026-01-08T12:36:44.917500,
TXN-00002212,204,PAYMENT,21934.47,C1000035,0.0,0.0,M7549834,0,0,0,2026-01-08T12:36:44.917537,
TXN-00002213,204,PAYMENT,1677.64,C1000069,180433.36,178755.72,M2191171,0,0,0,2026-01-08T12:36:44.917574,
TXN-00002214,204,TRANSFER,2632.92,C1000044,129166.7,126533.78,M7272045,0,0,0,2026-01-08T12:36:44.917611,
TXN-00002215,204,TRANSFER,1772.79,C1000020,432467.18,430694.39,M6258408,0,0,0,2026-01-08T12:36:44.917648,
TXN-00002216,204,PAYMENT,10.0,C1000075,474183.15,474173.15,M7784504,0,0,0,2026-01-08T12:36:44.917685,
TXN-00002217,194,CASH_OUT,81719.52,C1000051,447767.92,366048.4,M8116305,0,0,1,2026-01-08T12:36:44.917704,night_transaction
TXN-00002218,204,PAYMENT,6710.61,C1000011,0.0,0.0,M8116448,0,0,0,2026-01-08T12:36:44.917740,
TXN-00002219,204,TRANSFER,2862.61,C1000080,193432.87,190570.26,M7469975,0,0,0,2026-01-08T12:36:44.917778,
TXN-00002220,210,TRANSFER,20658.46,C1000078,47954.98,27296.52,M5798692,0,0,1,2026-01-08T12:36:44.917798,rapid_succession
TXN-00002221,192,CASH_OUT,186877.52,C1000065,0.0,0.0,M6873418,0,0,1,2026-01-08T12:36:44.917814,large_amount
TXN-00002222,204,PAYMENT,1867.07,C1000070,0.0,0.0,M1850651,0,0,0,2026-01-08T12:36:44.917853,
TXN-00002223,204,PAYMENT,10.0,C1000034,101763.58,101753.58,M9668055,0,0,0,2026-01-08T12:36:44.917906,
TXN-00002224,204,TRANSFER,1387.73,C1000077,141832.0,140444.27,M1551795,0,0,0,2026-01-08T12:36:44.917946,
TXN-00002225,196,TRANSFER,29055.29,C1000066,18502.19,0.0,M1389621,0,0,1,2026-01-08T12:36:44.917966,rapid_succession
TXN-00002226,200,TRANSFER,131934.86,C1000049,197245.03,65635.36,M6018221,0,0,1,2026-01-08T12:36:44.917982,balance_mismatch
TXN-00002227,204,CASH_OUT,10.0,C1000042,222626.97,222616.97,M7941261,0,0,0,2026-01-08T12:36:44.918022,
TXN-00002228,204,PAYMENT,1144.22,C1000083,250853.19,249708.98,M1909252,0,0,0,2026-01-08T12:36:44.918059,
TXN-00002229,196,CASH_OUT,61165.01,C1000007,94138.97,32973.96,M7215418,0,0,1,2026-01-08T12:36:44.918079,night_transaction
TXN-00002230,204,PAYMENT,10.0,C1000047,64239.54,64229.54,M5193313,0,0,0,2026-01-08T12:36:44.918116,
TXN-00002231,205,CASH_OUT,46208.12,C1000082,280397.73,234189.62,M9430143,0,0,1,2026-01-08T12:36:44.918134,unusual_type
TXN-00002232,204,PAYMENT,11616.33,C1000005,151197.65,139581.32,M3343447,0,0,0,2026-01-08T12:36:44.918170,
TXN-00002233,204,PAYMENT,2898.78,C1000057,0.0,0.0,M8039731,0,0,0,2026-01-08T12:36:44.918210,
TXN-00002234,195,TRANSFER,36142.06,C1000061,271145.16,235003.1,M3665028,0,0,1,2026-01-08T12:36:44.918228,night_transaction
TXN-00002235,196,TRANSFER,38032.54,C1000042,222616.97,184584.43,M1443142,0,0,1,2026-01-08T12:36:44.918244,night_transaction
TXN-00002236,204,TRANSFER,10.0,C1000080,190570.26,190560.26,M8767359,0,0,0,2026-01-08T12:36:44.918280,
TXN-00002237,204,PAYMENT,7864.66,C1000013,120089.64,112224.98,M1973726,0,0,0,2026-01-08T12:36:44.918318,
TXN-00002238,204,CASH_OUT,935.36,C1000008,289679.46,288744.09,M7734678,0,0,0,2026-01-08T12:36:44.918355,
TXN-00002239,204,PAYMENT,17522.19,C1000024,0.0,0.0,M7704238,0,0,0,2026-01-08T12:36:44.918396,
TXN-00002240,204,PAYMENT,10.0,C1000038,8512.82,8502.82,M3472932,0,0,0,2026-01-08T12:36:44.918443,
TXN-00002241,205,CASH_OUT,150361.14,C1000068,172461.85,22100.71,M8861906,0,0,1,2026-01-08T12:36:44.918462,large_amount
TXN-00002242,204,TRANSFER,7330.69,C1000099,306627.02,299296.33,M8335998,0,0,0,2026-01-08T12:36:44.918499,
TXN-00002243,204,CASH_IN,5147.2,C1000057,0.0,5147.2,M7301267,0,0,0,2026-01-08T12:36:44.918537,
TXN-00002244,204,TRANSFER,10.0,C1000001,126320.59,126310.59,M1231146,0,0,0,2026-01-08T12:36:44.918575,
TXN-00002245,204,CASH_OUT,18209.91,C1000093,0.0,0.0,M2317679,0,0,0,2026-01-08T12:36:44.918614,
TXN-00002246,204,TRANSFER,1632.5,C1000018,227913.66,226281.16,M7199773,0,0,0,2026-01-08T12:36:44.918651,
TXN-00002247,204,CASH_OUT,1568.17,C1000044,126533.78,124965.61,M9702027,0,0,0,2026-01-08T12:36:44.918688,
TXN-00002248,204,DEBIT,4453.79,C1000062,53563.06,49109.27,M6193232,0,0,0,2026-01-08T12:36:44.918726,
TXN-00002249,204,PAYMENT,4525.39,C1000064,0.0,0.0,M1157889,0,0,0,2026-01-08T12:36:44.918763,
TXN-00002250,204,CASH_OUT,2178.55,C1000069,178755.72,176577.17,M2137155,0,0,0,2026-01-08T12:36:44.918801,
TXN-00002251,197,TRANSFER,35019.16,C1000055,239359.19,204340.02,M1703090,0,0,1,2026-01-08T12:36:44.918822,night_transaction
TXN-00002252,204,PAYMENT,304.68,C1000060,67240.39,66935.71,M5336548,0,0,0,2026-01-08T12:36:44.918859,
TXN-00002253,204,TRANSFER,10.0,C1000072,22244.17,22234.17,M7685814,0,0,0,2026-01-08T12:36:44.918897,
TXN-00002254,204,PAYMENT,594.39,C1000016,239353.95,238759.56,M3744651,0,0,0,2026-01-08T12:36:44.918934,
TXN-00002255,204,CASH_IN,313.33,C1000068,172461.85,172775.18,M9933657,0,0,0,2026-01-08T12:36:44.918972,
TXN-00002256,204,TRANSFER,1924.68,C1000017,212488.52,210563.84,M9658294,0,0,0,2026-01-08T12:36:44.919009,
TXN-00002257,210,TRANSFER,95266.36,C1000076,148460.96,52202.08,M5165679,0,0,1,2026-01-08T12:36:44.919029,balance_mismatch
TXN-00002258,204,CASH_IN,1843.48,C1000018,226281.16,228124.64,M9025500,0,0,0,2026-01-08T12:36:44.919068,
TXN-00002259,204,PAYMENT,996.63,C1000001,126310.59,125313.95,M7767725,0,0,0,2026-01-08T12:36:44.919105,
TXN-00002260,204,TRANSFER,9774.05,C1000013,112224.98,102450.93,M4343814,0,0,0,2026-01-08T12:36:44.919142,
TXN-00002261,204,DEBIT,26621.54,C1000056,0.0,0.0,M4788243,0,0,0,2026-01-08T12:36:44.919179,
TXN-00002262,204,PAYMENT,19252.08,C1000079,134874.87,115622.79,M9061412,0,0,0,2026-01-08T12:36:44.919216,
TXN-00002263,195,CASH_OUT,50574.35,C1000058,0.0,0.0,M2696697,0,0,1,2026-01-08T12:36:44.919236,unusual_type
TXN-00002264,196,CASH_OUT,114373.76,C1000048,253122.88,138749.13,M3016766,0,0,1,2026-01-08T12:36:44.919252,unusual_type
TXN-00002265,204,CASH_OUT,2295.13,C1000026,291997.16,289702.03,M8358277,0,0,0,2026-01-08T12:36:44.919288,
TXN-00002266,213,CASH_OUT,47527.21,C1000082,280397.73,232870.52,M8601255,0,0,1,2026-01-08T12:36:44.919306,unusual_type
TXN-00002267,204,PAYMENT,2950.38,C1000018,228124.64,225174.26,M8298475,0,0,0,2026-01-08T12:36:44.919342,
TXN-00002268,204,CASH_OUT,3090.25,C1000048,253122.88,250032.64,M9425129,0,0,0,2026-01-08T12:36:44.919379,
TXN-00002269,204,CASH_OUT,10060.43,C1000054,63241.33,53180.91,M4129792,0,0,0,2026-01-08T12:36:44.919418,
TXN-00002270,197,CASH_OUT,11819.56,C1000031,0.0,0.0,M7453397,0,0,1,2026-01-08T12:36:44.919442,rapid_succession
TXN-00002271,204,PAYMENT,5502.36,C1000025,162987.07,157484.71,M1813507,0,0,0,2026-01-08T12:36:44.919478,
TXN-00002272,204,CASH_IN,7361.22,C1000057,5147.2,12508.41,M3612815,0,0,0,2026-01-08T12:36:44.919515,
TXN-00002273,215,TRANSFER,138977.27,C1000090,325343.89,182921.45,M3861583,0,0,1,2026-01-08T12:36:44.919534,balance_mismatch
TXN-00002274,204,CASH_OUT,3379.76,C1000096,419563.55,416183.79,M7200771,0,0,0,2026-01-08T12:36:44.919573,
TXN-00002275,204,PAYMENT,6225.09,C1000002,372776.52,366551.42,M9576545,0,0,0,2026-01-08T12:36:44.919611,
TXN-00002276,204,CASH_OUT,36378.55,C1000025,157484.71,121106.16,M7249771,0,0,1,2026-01-08T12:36:44.919630,rapid_succession
TXN-00002277,204,PAYMENT,10.0,C1000055,239359.19,239349.19,M2823213,0,0,0,2026-01-08T12:36:44.919666,
TXN-00002278,197,CASH_OUT,179009.55,C1000063,180879.45,1869.9,M7246230,0,0,1,2026-01-08T12:36:44.919685,large_amount
TXN-00002279,204,DEBIT,5269.79,C1000033,277672.86,272403.07,M9045763,0,0,0,2026-01-08T12:36:44.919721,
TXN-00002280,204,DEBIT,645.38,C1000034,101753.58,101108.2,M1241965,0,0,0,2026-01-08T12:36:44.919758,
TXN-00002281,204,PAYMENT,10.0,C1000047,64229.54,64219.54,M8806369,0,0,0,2026-01-08T12:36:44.919794,
TXN-00002282,204,TRANSFER,26333.73,C1000056,0.0,0.0,M7541724,0,0,0,2026-01-08T12:36:44.919831,
TXN-00002283,204,CASH_OUT,801.09,C1000071,250777.23,249976.13,M3589093,0,0,0,2026-01-08T12:36:44.919868,
TXN-00002284,204,PAYMENT,1030.42,C1000094,249856.96,248826.54,M1004606,0,0,0,2026-01-08T12:36:44.919906,
TXN-00002285,201,CASH_OUT,112052.37,C1000046,21211.01,0.0,M4936364,0,0,1,2026-01-08T12:36:44.919925,unusual_type
TXN-00002286,204,TRANSFER,16034.56,C1000024,0.0,0.0,M1718954,0,0,0,2026-01-08T12:36:44.919961,
TXN-00002287,204,TRANSFER,7772.48,C1000013,102450.93,94678.45,M6434955,0,0,0,2026-01-08T12:36:44.919998,
TXN-00002288,204,TRANSFER,1330.73,C1000096,416183.79,414853.06,M7760971,0,0,0,2026-01-08T12:36:44.920035,
TXN-00002289,196,CASH_OUT,90828.3,C1000002,366551.42,275723.12,M5231882,0,0,1,2026-01-08T12:36:44.920054,night_transaction
TXN-00002290,204,PAYMENT,10.0,C1000097,138793.62,138783.62,M7027659,0,0,0,2026-01-08T12:36:44.920090,
TXN-00002291,204,TRANSFER,5746.85,C1000052,196439.81,190692.96,M4288928,0,0,0,2026-01-08T12:36:44.920127,
TXN-00002292,209,CASH_OUT,106170.58,C1000046,21211.01,0.0,M7302713,0,0,1,2026-01-08T12:36:44.920146,large_amount
TXN-00002293,204,PAYMENT,4181.78,C1000080,190560.26,186378.48,M7884697,0,0,0,2026-01-08T12:36:44.920181,
TXN-00002294,204,PAYMENT,10.0,C1000014,363760.71,363750.71,M5067542,0,0,0,2026-01-08T12:36:44.920218,
TXN-00002295,204,PAYMENT,2471.08,C1000062,49109.27,46638.19,M7486556,0,0,0,2026-01-08T12:36:44.920255,
TXN-00002296,204,DEBIT,4588.5,C1000006,372802.64,368214.14,M2126217,0,0,0,2026-01-08T12:36:44.920292,
TXN-00002297,204,TRANSFER,8306.49,C1000036,52652.27,44345.78,M1999980,0,0,0,2026-01-08T12:36:44.920329,
TXN-00002298,204,CASH_OUT,13300.42,C1000063,180879.45,167579.03,M2544613,0,0,0,2026-01-08T12:36:44.920367,
TXN-00002299,201,CASH_OUT,62906.09,C1000004,244187.93,181281.84,M6142939,0,0,1,2026-01-08T12:36:44.920385,unusual_type
TXN-00002300,204,PAYMENT,3167.61,C1000096,414853.06,411685.44,M2837696,0,0,0,2026-01-08T12:36:44.920421,
TXN-00002301,204,TRANSFER,6389.33,C1000059,278107.61,271718.28,M8926059,0,0,0,2026-01-08T12:36:44.920470,
TXN-00002302,204,PAYMENT,753.27,C1000007,94138.97,93385.7,M2644772,0,0,0,2026-01-08T12:36:44.920509,
TXN-00002303,204,PAYMENT,10.0,C1000023,95742.7,95732.7,M2553635,0,0,0,2026-01-08T12:36:44.920547,
TXN-00002304,204,CASH_OUT,10.0,C1000078,47954.98,47944.98,M1194438,0,0,0,2026-01-08T12:36:44.920584,
TXN-00002305,206,CASH_OUT,53649.37,C1000014,363750.71,310101.34,M6191685,0,0,1,2026-01-08T12:36:44.920603,large_amount
TXN-00002306,197,CASH_OUT,78575.88,C1000035,0.0,0.0,M9143018,0,0,1,2026-01-08T12:36:44.920620,night_transaction
TXN-00002307,204,TRANSFER,7651.12,C1000099,299296.33,291645.22,M1434240,0,0,0,2026-01-08T12:36:44.920655,
TXN-00002308,204,PAYMENT,4598.25,C1000065,0.0,0.0,M5021706,0,0,0,2026-01-08T12:36:44.920693,
TXN-00002309,206,TRANSFER,52190.0,C1000007,93385.7,39385.29,M8565797,0,0,1,2026-01-08T12:36:44.920712,balance_mismatch
TXN-00002310,196,CASH_OUT,90913.18,C1000090,325343.89,234430.71,M3902510,0,0,1,2026-01-08T12:36:44.920732,night_transaction
TXN-00002311,204,PAYMENT,56026.7,C1000000,0.0,0.0,M5101703,0,0,0,2026-01-08T12:36:44.920768,
TXN-00002312,204,TRANSFER,1459.25,C1000066,18502.19,17042.94,M7015450,0,0,0,2026-01-08T12:36:44.920806,
TXN-00002313,204,PAYMENT,10.0,C1000081,120721.48,120711.48,M5241166,0,0,0,2026-01-08T12:36:44.920843,
TXN-00002314,204,TRANSFER,1826.65,C1000023,95732.7,93906.04,M4430324,0,0,0,2026-01-08T12:36:44.920881,
TXN-00002315,204,TRANSFER,12268.92,C1000005,139581.32,127312.4,M4753564,0,0,0,2026-01-08T12:36:44.920918,
TXN-00002316,204,CASH_OUT,23372.7,C1000067,0.0,0.0,M3968951,0,0,0,2026-01-08T12:36:44.920958,
TXN-00002317,204,TRANSFER,25238.81,C1000037,0.0,0.0,M7219784,0,0,0,2026-01-08T12:36:44.921006,
TXN-00002318,204,TRANSFER,1293.15,C1000016,238759.56,237466.41,M2282184,0,0,0,2026-01-08T12:36:44.921044,
TXN-00002319,204,TRANSFER,10.0,C1000040,105796.33,105786.33,M2544564,0,0,0,2026-01-08T12:36:44.921081,
TXN-00002320,204,PAYMENT,24333.54,C1000095,0.0,0.0,M9775977,0,0,0,2026-01-08T12:36:44.921119,
TXN-00002321,204,CASH_OUT,1977.46,C1000017,210563.84,208586.38,M2424362,0,0,0,2026-01-08T12:36:44.921156,
TXN-00002322,204,PAYMENT,4086.47,C1000065,0.0,0.0,M2273204,0,0,0,2026-01-08T12:36:44.921193,
TXN-00002323,204,DEBIT,20430.83,C1000019,0.0,0.0,M8458782,0,0,0,2026-01-08T12:36:44.921230,
TXN-00002324,203,TRANSFER,17924.74,C1000011,0.0,0.0,M4029911,0,0,1,2026-01-08T12:36:44.921249,rapid_succession
TXN-00002325,204,PAYMENT,3165.87,C1000045,107640.41,104474.54,M5162934,0,0,0,2026-01-08T12:36:44.921284,
TXN-00002326,204,CASH_OUT,3160.03,C1000025,157484.71,154324.68,M7738777,0,0,0,2026-01-08T12:36:44.921322,
TXN-00002327,204,CASH_IN,576.63,C1000081,120711.48,121288.12,M7526675,0,0,0,2026-01-08T12:36:44.921360,
TXN-00002328,204,TRANSFER,3416.37,C1000097,138783.62,135367.24,M2704485,0,0,0,2026-01-08T12:36:44.921398,
TXN-00002329,204,PAYMENT,10.0,C1000047,64219.54,64209.54,M4419644,0,0,0,2026-01-08T12:36:44.921435,
TXN-00002330,204,CASH_OUT,13754.16,C1000063,167579.03,153824.86,M6430849,0,0,0,2026-01-08T12:36:44.921471,
TXN-00002331,204,PAYMENT,340.73,C1000009,141467.84,141127.11,M8641888,0,0,0,2026-01-08T12:36:44.921508,
TXN-00002332,204,TRANSFER,1049.25,C1000072,22234.17,21184.93,M5295662,0,0,0,2026-01-08T12:36:44.921545,
TXN-00002333,204,PAYMENT,14092.69,C1000005,127312.4,113219.71,M4582691,0,0,0,2026-01-08T12:36:44.921582,
TXN-00002334,215,TRANSFER,28808.71,C1000028,68746.0,39937.29,M9870763,0,0,1,2026-01-08T12:36:44.921602,rapid_succession
TXN-00002335,204,CASH_OUT,3727.01,C1000084,253715.27,249988.26,M4321483,0,0,0,2026-01-08T12:36:44.921638,
TXN-00002336,204,PAYMENT,35060.83,C1000073,0.0,0.0,M2702249,0,0,0,2026-01-08T12:36:44.921674,
TXN-00002337,204,DEBIT,25962.47,C1000067,0.0,0.0,M4341033,0,0,0,2026-01-08T12:36:44.921711,
TXN-00002338,204,CASH_OUT,3158.85,C1000069,176577.17,173418.32,M8392532,0,0,0,2026-01-08T12:36:44.921748,
TXN-00002339,204,PAYMENT,1199.85,C1000002,366551.42,365351.58,M5386891,0,0,0,2026-01-08T12:36:44.921785,
TXN-00002340,204,TRANSFER,7267.84,C1000099,291645.22,284377.38,M9042482,0,0,0,2026-01-08T12:36:44.921822,
TXN-00002341,204,CASH_OUT,8225.21,C1000036,44345.78,36120.57,M7982502,0,0,0,2026-01-08T12:36:44.921859,
TXN-00002342,196,TRANSFER,66230.75,C1000040,105786.33,39555.58,M8365431,0,0,1,2026-01-08T12:36:44.921878,night_transaction
TXN-00002343,194,CASH_OUT,80750.9,C1000005,113219.71,32468.81,M9962625,0,0,1,2026-01-08T12:36:44.921894,night_transaction
TXN-00002344,204,CASH_OUT,10.0,C1000055,239349.19,239339.19,M1687117,0,0,0,2026-01-08T12:36:44.921930,
TXN-00002345,206,TRANSFER,142576.69,C1000049,197245.03,55826.92,M3462812,0,0,1,2026-01-08T12:36:44.921948,balance_mismatch
TXN-00002346,204,TRANSFER,23288.85,C1000024,0.0,0.0,M5438892,0,0,0,2026-01-08T12:36:44.921987,
TXN-00002347,192,CASH_OUT,24324.14,C1000013,94678.45,70354.31,M9655802,0,0,1,2026-01-08T12:36:44.922006,rapid_succession
TXN-00002348,204,PAYMENT,2382.31,C1000038,8502.82,6120.51,M8275015,0,0,0,2026-01-08T12:36:44.922042,
TXN-00002349,204,CASH_OUT,329.96,C1000009,141127.11,140797.15,M7615772,0,0,0,2026-01-08T12:36:44.922080,
TXN-00002350,196,CASH_OUT,61816.7,C1000099,284377.38,222560.67,M5538479,0,0,1,2026-01-08T12:36:44.922100,night_transaction
TXN-00002351,210,CASH_OUT,61811.15,C1000012,0.0,0.0,M9060294,0,0,1,2026-01-08T12:36:44.922115,unusual_type
TXN-00002352,204,TRANSFER,2010.36,C1000069,173418.32,171407.96,M4733247,0,0,0,2026-01-08T12:36:44.922151,
TXN-00002353,210,TRANSFER,25207.38,C1000078,47944.98,22737.59,M8767597,0,0,1,2026-01-08T12:36:44.922171,rapid_succession
TXN-00002354,204,TRANSFER,479.46,C1000060,66935.71,66456.25,M9566458,0,0,0,2026-01-08T12:36:44.922207,
TXN-00002355,213,TRANSFER,105379.37,C1000056,0.0,-103947.92,M7279363,0,0,1,2026-01-08T12:36:44.922226,balance_mismatch
TXN-00002356,204,PAYMENT,1490.01,C1000016,237466.41,235976.4,M5842948,0,0,0,2026-01-08T12:36:44.922265,
TXN-00002357,204,DEBIT,4374.13,C1000029,15855.98,11481.85,M3153296,0,0,0,2026-01-08T12:36:44.922303,
TXN-00002358,204,TRANSFER,10.0,C1000022,67866.43,67856.43,M7885458,0,0,0,2026-01-08T12:36:44.922340,
TXN-00002359,207,TRANSFER,26994.99,C1000091,0.0,0.0,M6936380,0,0,1,2026-01-08T12:36:44.922359,rapid_succession
TXN-00002360,204,DEBIT,10.0,C1000071,249976.13,249966.13,M5943188,0,0,0,2026-01-08T12:36:44.922395,
TXN-00002361,204,DEBIT,10.0,C1000023,93906.04,93896.04,M4829131,0,0,0,2026-01-08T12:36:44.922432,
TXN-00002362,204,PAYMENT,23344.84,C1000037,0.0,0.0,M8827571,0,0,0,2026-01-08T12:36:44.922469,
TXN-00002363,204,CASH_OUT,6155.57,C1000088,114114.93,107959.37,M2586113,0,0,0,2026-01-08T12:36:44.922516,
TXN-00002364,204,DEBIT,1114.54,C1000068,172775.18,171660.64,M5490855,0,0,0,2026-01-08T12:36:44.922556,
TXN-00002365,204,DEBIT,8384.25,C1000036,36120.57,27736.32,M8309452,0,0,0,2026-01-08T12:36:44.922594,
TXN-00002366,204,CASH_IN,20504.92,C1000035,0.0,20504.92,M9948734,0,0,0,2026-01-08T12:36:44.922631,
TXN-00002367,204,PAYMENT,697.47,C1000004,244187.93,243490.46,M4462853,0,0,0,2026-01-08T12:36:44.922668,
TXN-00002368,204,PAYMENT,4484.08,C1000027,0.0,0.0,M5196391,0,0,0,2026-01-08T12:36:44.922705,
TXN-00002369,204,CASH_OUT,10.0,C1000008,288744.09,288734.09,M6027304,0,0,0,2026-01-08T12:36:44.922741,
TXN-00002370,194,CASH_OUT,56043.96,C1000062,46638.19,0.0,M9884197,0,0,1,2026-01-08T12:36:44.922760,unusual_type
TXN-00002371,204,DEBIT,10.0,C1000072,21184.93,21174.93,M2510007,0,0,0,2026-01-08T12:36:44.922796,
TXN-00002372,204,CASH_OUT,10411.7,C1000051,447767.92,437356.22,M9342814,0,0,0,2026-01-08T12:36:44.922833,
TXN-00002373,204,TRANSFER,2548.06,C1000021,0.0,0.0,M5831866,0,0,0,2026-01-08T12:36:44.922871,
TXN-00002374,193,TRANSFER,104824.34,C1000081,121288.12,14574.96,M2870348,0,0,1,2026-01-08T12:36:44.922889,balance_mismatch
TXN-00002375,204,TRANSFER,6962.41,C1000088,107959.37,100996.96,M6227640,0,0,0,2026-01-08T12:36:44.922928,
TXN-00002376,203,CASH_OUT,72885.54,C1000072,21174.93,0.0,M2431150,0,0,1,2026-01-08T12:36:44.922946,large_amount
TXN-00002377,204,PAYMENT,1325.28,C1000083,249708.98,248383.69,M9135028,0,0,0,2026-01-08T12:36:44.922982,
TXN-00002378,205,CASH_OUT,113939.29,C1000097,135367.24,21427.96,M4573328,0,0,1,2026-01-08T12:36:44.923001,unusual_type
TXN-00002379,204,TRANSFER,34786.19,C1000073,0.0,0.0,M2152484,0,0,0,2026-01-08T12:36:44.923037,
TXN-00002380,204,TRANSFER,25024.95,C1000037,0.0,0.0,M7727926,0,0,0,2026-01-08T12:36:44.923074,
TXN-00002381,212,CASH_OUT,113019.67,C1000077,140444.27,27424.6,M2086420,0,0,1,2026-01-08T12:36:44.923091,large_amount
TXN-00002382,204,PAYMENT,18139.19,C1000079,115622.79,97483.6,M8866443,0,0,0,2026-01-08T12:36:44.923127,
TXN-00002383,204,PAYMENT,2357.61,C1000041,343371.32,341013.71,M9916135,0,0,0,2026-01-08T12:36:44.923165,
TXN-00002384,204,CASH_OUT,18187.45,C1000019,0.0,0.0,M1013163,0,0,0,2026-01-08T12:36:44.923203,
TXN-00002385,197,CASH_OUT,65854.28,C1000049,197245.03,131390.75,M9626137,0,0,1,2026-01-08T12:36:44.923221,night_transaction
TXN-00002386,204,CASH_OUT,10.0,C1000029,11481.85,11471.85,M9641111,0,0,0,2026-01-08T12:36:44.923257,
TXN-00002387,207,TRANSFER,135834.51,C1000064,0.0,-131680.39,M7792122,0,0,1,2026-01-08T12:36:44.923276,balance_mismatch
TXN-00002388,204,PAYMENT,13821.76,C1000033,272403.07,258581.3,M7204604,0,0,0,2026-01-08T12:36:44.923314,
TXN-00002389,204,PAYMENT,1718.82,C1000066,17042.94,15324.12,M6139108,0,0,0,2026-01-08T12:36:44.923352,
TXN-00002390,204,TRANSFER,4422.78,C1000027,0.0,0.0,M5633619,0,0,0,2026-01-08T12:36:44.923389,
TXN-00002391,204,PAYMENT,679.36,C1000022,67856.43,67177.07,M6197693,0,0,0,2026-01-08T12:36:44.923426,
TXN-00002392,215,CASH_OUT,97481.66,C1000027,0.0,0.0,M2880224,0,0,1,2026-01-08T12:36:44.923445,unusual_type
TXN-00002393,204,DEBIT,4341.86,C1000027,0.0,0.0,M3443286,0,0,0,2026-01-08T12:36:44.923480,
TXN-00002394,204,CASH_IN,3400.7,C1000085,27117.9,30518.61,M9301734,0,0,0,2026-01-08T12:36:44.923518,
TXN-00002395,204,DEBIT,10.0,C1000061,271145.16,271135.16,M5716291,0,0,0,2026-01-08T12:36:44.923556,
TXN-00002396,204,TRANSFER,10.0,C1000081,121288.12,121278.12,M1508927,0,0,0,2026-01-08T12:36:44.923593,
TXN-00002397,204,PAYMENT,3274.46,C1000028,68746.0,65471.54,M1296293,0,0,0,2026-01-08T12:36:44.923630,
TXN-00002398,204,TRANSFER,3167.96,C1000030,129091.98,125924.03,M9178596,0,0,0,2026-01-08T12:36:44.923667,
TXN-00002399,204,TRANSFER,5556.08,C1000025,154324.68,148768.59,M2428547,0,0,0,2026-01-08T12:36:44.923704,
TXN-00002400,204,PAYMENT,4737.87,C1000052,190692.96,185955.09,M4114759,0,0,0,2026-01-08T12:36:44.923741,
TXN-00002401,204,PAYMENT,1372.36,C1000016,235976.4,234604.03,M6415165,0,0,0,2026-01-08T12:36:44.923779,
TXN-00002402,194,TRANSFER,42590.81,C1000014,363750.71,322239.05,M4850194,0,0,1,2026-01-08T12:36:44.923798,balance_mismatch
TXN-00002403,197,TRANSFER,54372.14,C1000027,0.0,0.0,M2197589,0,0,1,2026-01-08T12:36:44.923818,night_transaction
TXN-00002404,194,TRANSFER,119566.93,C1000037,0.0,-123359.0,M1082627,0,0,1,2026-01-08T12:36:44.923833,balance_mismatch
TXN-00002405,192,TRANSFER,127014.96,C1000063,153824.86,24910.07,M6311087,0,0,1,2026-01-08T12:36:44.923852,balance_mismatch
TXN-00002406,204,PAYMENT,55092.66,C1000000,0.0,0.0,M4954201,0,0,0,2026-01-08T12:36:44.923891,
TXN-00002407,204,CASH_OUT,173305.02,C1000050,106.09,0.0,M3981291,0,0,0,2026-01-08T12:36:44.923929,
TXN-00002408,204,CASH_OUT,5761.34,C1000057,12508.41,6747.08,M6348600,0,0,0,2026-01-08T12:36:44.923966,
TXN-00002409,204,CASH_OUT,46854.45,C1000078,47944.98,1090.53,M9671397,0,0,1,2026-01-08T12:36:44.923986,rapid_succession
TXN-00002410,192,CASH_OUT,42774.4,C1000028,65471.54,22697.13,M9711074,0,0,1,2026-01-08T12:36:44.924003,unusual_type
TXN-00002411,204,CASH_OUT,5418.73,C1000014,363750.71,358331.98,M9413690,0,0,0,2026-01-08T12:36:44.924039,
TXN-00002412,204,CASH_OUT,17078.25,C1000079,97483.6,80405.35,M8367333,0,0,0,2026-01-08T12:36:44.924077,
TXN-00002413,204,PAYMENT,13669.55,C1000063,153824.86,140155.32,M6202790,0,0,0,2026-01-08T12:36:44.924114,
TXN-00002414,204,DEBIT,25293.5,C1000037,0.0,0.0,M9231611,0,0,0,2026-01-08T12:36:44.924151,
TXN-00002415,204,PAYMENT,10.0,C1000097,135367.24,135357.24,M7707797,0,0,0,2026-01-08T12:36:44.924188,
TXN-00002416,204,TRANSFER,3871.16,C1000013,94678.45,90807.29,M8441319,0,0,0,2026-01-08T12:36:44.924226,
TXN-00002417,204,TRANSFER,4270.26,C1000097,135357.24,131086.99,M5739093,0,0,0,2026-01-08T12:36:44.924263,
TXN-00002418,204,CASH_OUT,4522.66,C1000027,0.0,0.0,M7543337,0,0,0,2026-01-08T12:36:44.924300,
TXN-00002419,204,PAYMENT,1234.65,C1000085,30518.61,29283.96,M4842226,0,0,0,2026-01-08T12:36:44.924337,
TXN-00002420,204,PAYMENT,10.0,C1000078,47944.98,47934.98,M5675688,0,0,0,2026-01-08T12:36:44.924373,
TXN-00002421,204,TRANSFER,10.0,C1000042,222616.97,222606.97,M3825975,0,0,0,2026-01-08T12:36:44.924410,
TXN-00002422,204,PAYMENT,7938.79,C1000011,0.0,0.0,M3576654,0,0,0,2026-01-08T12:36:44.924447,
TXN-00002423,204,PAYMENT,1740.87,C1000086,238652.55,236911.67,M8019826,0,0,0,2026-01-08T12:36:44.924483,
TXN-00002424,204,PAYMENT,4564.22,C1000049,197245.03,192680.81,M2955435,0,0,0,2026-01-08T12:36:44.924520,
TXN-00002425,204,TRANSFER,3606.23,C1000006,368214.14,364607.91,M1245654,0,0,0,2026-01-08T12:36:44.924557,
TXN-00002426,204,CASH_IN,3611.46,C1000049,192680.81,196292.27,M9986394,0,0,0,2026-01-08T12:36:44.924594,
TXN-00002427,214,CASH_OUT,106694.18,C1000031,0.0,0.0,M1018403,0,0,1,2026-01-08T12:36:44.924613,unusual_type
TXN-00002428,204,TRANSFER,6593.16,C1000088,100996.96,94403.8,M6203816,0,0,0,2026-01-08T12:36:44.924648,
TXN-00002429,197,TRANSFER,96970.16,C1000056,0.0,0.0,M1716276,0,0,1,2026-01-08T12:36:44.924667,night_transaction
TXN-00002430,204,CASH_OUT,5169.7,C1000010,0.0,0.0,M2822390,0,0,0,2026-01-08T12:36:44.924703,
TXN-00002431,204,TRANSFER,55772.55,C1000000,0.0,0.0,M1468827,0,0,0,2026-01-08T12:36:44.924740,
TXN-00002432,204,TRANSFER,1270.88,C1000021,0.0,0.0,M9698557,0,0,0,2026-01-08T12:36:44.924776,
TXN-00002433,194,CASH_OUT,25440.34,C1000030,125924.03,100483.68,M1365884,0,0,1,2026-01-08T12:36:44.924795,night_transaction
TXN-00002434,204,PAYMENT,1102.17,C1000022,67177.07,66074.9,M9091596,0,0,0,2026-01-08T12:36:44.924830,
TXN-00002435,204,TRANSFER,57.57,C1000009,140797.15,140739.58,M6505235,0,0,0,2026-01-08T12:36:44.924868,
TXN-00002436,204,TRANSFER,9431.63,C1000005,113219.71,103788.08,M1462665,0,0,0,2026-01-08T12:36:44.924905,
TXN-00002437,204,DEBIT,8901.62,C1000013,90807.29,81905.67,M2955022,0,0,0,2026-01-08T12:36:44.924942,
TXN-00002438,204,TRANSFER,2990.83,C1000051,437356.22,434365.4,M7649635,0,0,0,2026-01-08T12:36:44.924979,
TXN-00002439,204,TRANSFER,2067.46,C1000026,289702.03,287634.58,M2446637,0,0,0,2026-01-08T12:36:44.925019,
TXN-00002440,213,CASH_OUT,77514.72,C1000082,280397.73,202883.01,M8603367,0,0,1,2026-01-08T12:36:44.925180,large_amount
TXN-00002441,204,DEBIT,967.6,C1000001,125313.95,124346.36,M4070388,0,0,0,2026-01-08T12:36:44.925289,
TXN-00002442,204,CASH_OUT,14082.36,C1000005,103788.08,89705.72,M9918253,0,0,0,2026-01-08T12:36:44.926982,
TXN-00002443,204,PAYMENT,10.0,C1000047,64209.54,64199.54,M6547640,0,0,0,2026-01-08T12:36:44.927132,
TXN-00002444,204,PAYMENT,686.39,C1000014,358331.98,357645.59,M6340679,0,0,0,2026-01-08T12:36:44.927232,
TXN-00002445,196,TRANSFER,40462.61,C1000069,171407.96,130945.35,M6801606,0,0,1,2026-01-08T12:36:44.927281,night_transaction
TXN-00002446,207,CASH_OUT,93625.96,C1000090,325343.89,231717.93,M4510983,0,0,1,2026-01-08T12:36:44.927367,large_amount
TXN-00002447,204,CASH_OUT,172903.31,C1000050,0.0,0.0,M8177297,0,0,0,2026-01-08T12:36:44.927661,
TXN-00002448,204,DEBIT,4406.74,C1000010,0.0,0.0,M4589217,0,0,0,2026-01-08T12:36:44.927784,
TXN-00002449,197,CASH_OUT,63231.86,C1000049,196292.27,133060.41,M7113892,0,0,1,2026-01-08T12:36:44.927834,night_transaction
TXN-00002450,204,DEBIT,5296.8,C1000049,196292.27,190995.47,M6439602,0,0,0,2026-01-08T12:36:44.927922,
TXN-00002451,204,PAYMENT,10.0,C1000051,434365.4,434355.4,M3471091,0,0,0,2026-01-08T12:36:44.928013,
TXN-00002452,196,CASH_OUT,66513.73,C1000077,140444.27,73930.54,M5585774,0,0,1,2026-01-08T12:36:44.928052,large_amount
TXN-00002453,204,CASH_OUT,1414.66,C1000083,248383.69,246969.04,M2173225,0,0,0,2026-01-08T12:36:44.928130,
TXN-00002454,204,TRANSFER,172490.87,C1000050,0.0,0.0,M1009261,0,0,0,2026-01-08T12:36:44.928206,
TXN-00002455,204,TRANSFER,21036.24,C1000024,0.0,0.0,M7241187,0,0,0,2026-01-08T12:36:44.928324,
TXN-00002456,204,DEBIT,10.0,C1000060,66456.25,66446.25,M5973866,0,0,0,2026-01-08T12:36:44.928516,
TXN-00002457,204,CASH_OUT,3850.78,C1000058,0.0,0.0,M7778179,0,0,0,2026-01-08T12:36:44.928783,
TXN-00002458,204,CASH_OUT,10.0,C1000085,29283.96,29273.96,M6540488,0,0,0,2026-01-08T12:36:44.929092,
TXN-00002459,204,PAYMENT,1055.68,C1000075,474173.15,473117.46,M3582289,0,0,0,2026-01-08T12:36:44.929203,
TXN-00002460,204,PAYMENT,1429.68,C1000068,171660.64,170230.96,M9815612,0,0,0,2026-01-08T12:36:44.929404,
TXN-00002461,204,CASH_OUT,10.0,C1000068,170230.96,170220.96,M9835773,0,0,0,2026-01-08T12:36:44.929851,
TXN-00002462,198,TRANSFER,32139.25,C1000000,0.0,0.0,M3956628,0,0,1,2026-01-08T12:36:44.930246,rapid_succession
TXN-00002463,204,CASH_OUT,10050.01,C1000015,310669.73,300619.72,M7554489,0,0,0,2026-01-08T12:36:44.930471,
TXN-00002464,204,PAYMENT,4188.25,C1000006,364607.91,360419.66,M3861258,0,0,0,2026-01-08T12:36:44.930577,
TXN-00002465,195,TRANSFER,83510.99,C1000008,288734.09,205223.1,M2167097,0,0,1,2026-01-08T12:36:44.930618,night_transaction
TXN-00002466,204,CASH_OUT,1398.62,C1000074,143180.63,141782.01,M1200829,0,0,0,2026-01-08T12:36:44.930686,
TXN-00002467,204,DEBIT,15126.95,C1000005,89705.72,74578.77,M3347840,0,0,0,2026-01-08T12:36:44.930748,
TXN-00002468,197,CASH_OUT,105555.08,C1000017,208586.38,103031.31,M8853950,0,0,1,2026-01-08T12:36:44.930780,large_amount
TXN-00002469,196,TRANSFER,126306.96,C1000014,357645.59,227031.59,M1036005,0,0,1,2026-01-08T12:36:44.930808,balance_mismatch
TXN-00002470,204,PAYMENT,1830.1,C1000043,158013.72,156183.62,M9829064,0,0,0,2026-01-08T12:36:44.930873,
TXN-00002471,204,TRANSFER,1827.73,C1000044,124965.61,123137.87,M5901881,0,0,0,2026-01-08T12:36:44.930942,
TXN-00002472,204,PAYMENT,4535.13,C1000032,147913.58,143378.45,M2761360,0,0,0,2026-01-08T12:36:44.931005,
TXN-00002473,204,PAYMENT,5478.12,C1000038,6120.51,642.39,M8539815,0,0,0,2026-01-08T12:36:44.931067,
TXN-00002474,192,TRANSFER,121392.51,C1000034,101108.2,-17021.68,M9283173,0,0,1,2026-01-08T12:36:44.931100,balance_mismatch
TXN-00002475,207,CASH_OUT,185450.34,C1000019,0.0,0.0,M2681815,0,0,1,2026-01-08T12:36:44.931134,large_amount
TXN-00002476,204,PAYMENT,35755.37,C1000073,0.0,0.0,M1937888,0,0,0,2026-01-08T12:36:44.931197,
TXN-00002477,196,CASH_OUT,93972.65,C1000027,0.0,0.0,M5007289,0,0,1,2026-01-08T12:36:44.931229,unusual_type
TXN-00002478,204,PAYMENT,557.51,C1000081,121278.12,120720.61,M5758294,0,0,0,2026-01-08T12:36:44.931291,
TXN-00002479,204,PAYMENT,3665.97,C1000087,402583.18,398917.21,M2481253,0,0,0,2026-01-08T12:36:44.931354,
TXN-00002480,204,CASH_IN,1557.69,C1000083,246969.04,248526.73,M5832277,0,0,0,2026-01-08T12:36:44.931419,
TXN-00002481,195,CASH_OUT,57012.95,C1000032,143378.45,86365.5,M5733356,0,0,1,2026-01-08T12:36:44.931453,night_transaction
TXN-00002482,204,CASH_OUT,11373.85,C1000054,53180.91,41807.06,M3586394,0,0,0,2026-01-08T12:36:44.931519,
TXN-00002483,204,PAYMENT,1230.07,C1000090,325343.89,324113.81,M4950710,0,0,0,2026-01-08T12:36:44.931611,
TXN-00002484,204,PAYMENT,18614.43,C1000079,80405.35,61790.92,M1331650,0,0,0,2026-01-08T12:36:44.931678,
TXN-00002485,204,PAYMENT,46876.29,C1000053,0.0,0.0,M2637061,0,0,0,2026-01-08T12:36:44.931743,
TXN-00002486,206,TRANSFER,41136.03,C1000049,190995.47,146841.63,M4684729,0,0,1,2026-01-08T12:36:44.931777,balance_mismatch
TXN-00002487,204,PAYMENT,172800.76,C1000050,0.0,0.0,M3355821,0,0,0,2026-01-08T12:36:44.931848,
TXN-00002488,204,PAYMENT,1982.42,C1000026,287634.58,285652.16,M4700873,0,0,0,2026-01-08T12:36:44.931914,
TXN-00002489,203,CASH_OUT,48584.16,C1000097,131086.99,82502.82,M5252040,0,0,1,2026-01-08T12:36:44.931950,unusual_type
TXN-00002490,204,PAYMENT,32719.92,C1000067,0.0,0.0,M8820939,0,0,0,2026-01-08T12:36:44.932017,
TXN-00002491,204,PAYMENT,4319.22,C1000065,0.0,0.0,M5135886,0,0,0,2026-01-08T12:36:44.932082,
TXN-00002492,204,CASH_OUT,10.0,C1000066,15324.12,15314.12,M8887390,0,0,0,2026-01-08T12:36:44.932148,
TXN-00002493,204,CASH_OUT,1393.05,C1000068,170220.96,168827.91,M7618546,0,0,0,2026-01-08T12:36:44.932212,
TXN-00002494,204,CASH_OUT,902.57,C1000089,261488.37,260585.8,M3958356,0,0,0,2026-01-08T12:36:44.932282,
TXN-00002495,204,DEBIT,1391.33,C1000072,21174.93,19783.6,M1425540,0,0,0,2026-01-08T12:36:44.932347,
TXN-00002496,204,PAYMENT,986.43,C1000034,101108.2,100121.77,M3086026,0,0,0,2026-01-08T12:36:44.932413,
TXN-00002497,204,PAYMENT,590.34,C1000085,29273.96,28683.62,M5543104,0,0,0,2026-01-08T12:36:44.932479,
TXN-00002498,204,CASH_OUT,4791.23,C1000032,143378.45,138587.22,M3934119,0,0,0,2026-01-08T12:36:44.932549,
TXN-00002499,194,TRANSFER,24842.18,C1000028,65471.54,40629.35,M7965874,0,0,1,2026-01-08T12:36:44.932587,night_transaction
TXN-00002500,197,CASH_OUT,46287.15,C1000020,430694.39,384407.24,M4037790,0,0,1,2026-01-08T12:36:44.932621,rapid_succession
TXN-00002501,204,TRANSFER,1241.54,C1000016,234604.03,233362.49,M4280842,0,0,0,2026-01-08T12:36:44.932687,
TXN-00002502,204,DEBIT,109.89,C1000007,93385.7,93275.8,M8766644,0,0,0,2026-01-08T12:36:44.932752,
TXN-00002503,204,CASH_OUT,35758.96,C1000012,0.0,0.0,M3339525,0,0,0,2026-01-08T12:36:44.932818,
TXN-00002504,204,DEBIT,3948.3,C1000062,46638.19,42689.9,M5205462,0,0,0,2026-01-08T12:36:44.932884,
TXN-00002505,204,CASH_OUT,2223.92,C1000068,168827.91,166603.98,M1109016,0,0,0,2026-01-08T12:36:44.932949,
TXN-00002506,204,PAYMENT,4325.17,C1000058,0.0,0.0,M6097795,0,0,0,2026-01-08T12:36:44.933012,
TXN-00002507,207,CASH_OUT,83902.39,C1000029,11471.85,0.0,M7645651,0,0,1,2026-01-08T12:36:44.933043,large_amount
TXN-00002508,195,CASH_OUT,185529.59,C1000049,190995.47,5465.88,M2454930,0,0,1,2026-01-08T12:36:44.933073,large_amount
TXN-00002509,204,CASH_OUT,5350.41,C1000052,185955.09,180604.68,M3693043,0,0,0,2026-01-08T12:36:44.933136,
TXN-00002510,204,CASH_OUT,4597.54,C1000027,0.0,0.0,M4157237,0,0,0,2026-01-08T12:36:44.933202,
TXN-00002511,204,DEBIT,714.26,C1000094,248826.54,248112.28,M5818675,0,0,0,2026-01-08T12:36:44.933267,
TXN-00002512,203,CASH_OUT,59625.41,C1000077,140444.27,80818.86,M3999418,0,0,1,2026-01-08T12:36:44.933299,large_amount
TXN-00002513,215,CASH_OUT,26140.74,C1000010,0.0,0.0,M9161657,0,0,1,2026-01-08T12:36:44.933333,rapid_succession
TXN-00002514,204,PAYMENT,13280.4,C1000063,140155.32,126874.91,M7737707,0,0,0,2026-01-08T12:36:44.933399,
TXN-00002515,204,PAYMENT,2092.88,C1000020,430694.39,428601.51,M8268330,0,0,0,2026-01-08T12:36:44.933463,
TXN-00002516,204,PAYMENT,10.0,C1000021,0.0,0.0,M7492462,0,0,0,2026-01-08T12:36:44.933525,
TXN-00002517,204,DEBIT,17469.14,C1000093,0.0,0.0,M2686083,0,0,0,2026-01-08T12:36:44.933590,
TXN-00002518,204,TRANSFER,6501.3,C1000046,21211.01,14709.71,M4240469,0,0,0,2026-01-08T12:36:44.933651,
TXN-00002519,204,PAYMENT,15205.2,C1000074,141782.01,126576.81,M9731602,0,0,0,2026-01-08T12:36:44.933715,
TXN-00002520,204,PAYMENT,22.04,C1000001,124346.36,124324.32,M7384246,0,0,0,2026-01-08T12:36:44.933781,
TXN-00002521,204,PAYMENT,5382.23,C1000091,0.0,0.0,M6761366,0,0,0,2026-01-08T12:36:44.933848,
TXN-00002522,204,CASH_OUT,2068.28,C1000017,208586.38,206518.11,M6751870,0,0,0,2026-01-08T12:36:44.933909,
TXN-00002523,204,TRANSFER,844.17,C1000094,248112.28,247268.11,M3532447,0,0,0,2026-01-08T12:36:44.933971,
TXN-00002524,206,CASH_OUT,162726.58,C1000014,357645.59,194919.01,M2079504,0,0,1,2026-01-08T12:36:44.934005,large_amount
TXN-00002525,204,TRANSFER,20559.47,C1000079,61790.92,41231.45,M9387965,0,0,0,2026-01-08T12:36:44.934070,
TXN-00002526,196,CASH_OUT,52789.1,C1000092,198759.4,145970.3,M6101079,0,0,1,2026-01-08T12:36:44.934106,night_transaction
TXN-00002527,204,CASH_OUT,968.82,C1000004,243490.46,242521.64,M4008614,0,0,0,2026-01-08T12:36:44.934269,
TXN-00002528,204,PAYMENT,1671.79,C1000041,341013.71,339341.92,M5318124,0,0,0,2026-01-08T12:36:44.934378,
TXN-00002529,204,DEBIT,20019.95,C1000024,0.0,0.0,M9816658,0,0,0,2026-01-08T12:36:44.934529,
TXN-00002530,204,TRANSFER,13639.48,C1000063,126874.91,113235.44,M5433618,0,0,0,2026-01-08T12:36:44.934604,
TXN-00002531,204,PAYMENT,2920.12,C1000045,104474.54,101554.42,M3025699,0,0,0,2026-01-08T12:36:44.934656,
TXN-00002532,213,CASH_OUT,81956.4,C1000046,14709.71,0.0,M4261832,0,0,1,2026-01-08T12:36:44.934681,large_amount
TXN-00002533,204,CASH_IN,2079.5,C1000081,120720.61,122800.11,M6834274,0,0,0,2026-01-08T12:36:44.934724,
TXN-00002534,204,PAYMENT,1518.9,C1000078,47934.98,46416.08,M7461012,0,0,0,2026-01-08T12:36:44.934766,
TXN-00002535,204,PAYMENT,1588.24,C1000043,156183.62,154595.38,M1333674,0,0,0,2026-01-08T12:36:44.934806,
TXN-00002536,214,CASH_OUT,190181.88,C1000029,11471.85,0.0,M4979751,0,0,1,2026-01-08T12:36:44.934827,large_amount
TXN-00002537,204,PAYMENT,17438.67,C1000079,41231.45,23792.78,M6366140,0,0,0,2026-01-08T12:36:44.934864,
TXN-00002538,204,CASH_OUT,13748.52,C1000063,113235.44,99486.92,M7028971,0,0,0,2026-01-08T12:36:44.934902,
TXN-00002539,204,PAYMENT,34528.58,C1000073,0.0,0.0,M3312846,0,0,0,2026-01-08T12:36:44.934941,
TXN-00002540,204,PAYMENT,10.0,C1000042,222606.97,222596.97,M7667721,0,0,0,2026-01-08T12:36:44.934979,
TXN-00002541,204,CASH_OUT,2288.65,C1000084,249988.26,247699.61,M2303840,0,0,0,2026-01-08T12:36:44.935017,
TXN-00002542,206,CASH_OUT,114748.23,C1000048,250032.64,135284.41,M4412196,0,0,1,2026-01-08T12:36:44.935036,unusual_type
TXN-00002543,204,CASH_OUT,411.72,C1000075,473117.46,472705.74,M5790726,0,0,0,2026-01-08T12:36:44.935073,
TXN-00002544,204,DEBIT,999.44,C1000030,125924.03,124924.59,M1782361,0,0,0,2026-01-08T12:36:44.935111,
TXN-00002545,204,PAYMENT,8740.1,C1000013,81905.67,73165.56,M4292629,0,0,0,2026-01-08T12:36:44.935149,
TXN-00002546,196,TRANSFER,88665.88,C1000038,642.39,0.0,M5926638,0,0,1,2026-01-08T12:36:44.935168,night_transaction
TXN-00002547,204,PAYMENT,10.0,C1000014,357645.59,357635.59,M9538548,0,0,0,2026-01-08T12:36:44.935204,
TXN-00002548,204,PAYMENT,1067.66,C1000008,288734.09,287666.43,M3377427,0,0,0,2026-01-08T12:36:44.935242,
TXN-00002549,204,PAYMENT,49181.14,C1000053,0.0,0.0,M8176167,0,0,0,2026-01-08T12:36:44.935279,
TXN-00002550,204,CASH_OUT,10.0,C1000064,0.0,0.0,M3676000,0,0,0,2026-01-08T12:36:44.935316,
TXN-00002551,194,TRANSFER,12306.33,C1000057,6747.08,0.0,M4530360,0,0,1,2026-01-08T12:36:44.935334,rapid_succession
TXN-00002552,193,TRANSFER,115926.06,C1000042,222596.97,108259.26,M3098283,0,0,1,2026-01-08T12:36:44.935351,balance_mismatch
TXN-00002553,204,PAYMENT,1910.0,C1000090,324113.81,322203.81,M3028699,0,0,0,2026-01-08T12:36:44.935390,
TXN-00002554,204,TRANSFER,10444.73,C1000042,222596.97,212152.25,M6050066,0,0,0,2026-01-08T12:36:44.935428,
TXN-00002555,213,TRANSFER,82616.1,C1000058,0.0,-80636.04,M8905139,0,0,1,2026-01-08T12:36:44.935446,balance_mismatch
TXN-00002556,204,TRANSFER,2069.16,C1000097,131086.99,129017.83,M9167010,0,0,0,2026-01-08T12:36:44.935487,
TXN-00002557,204,PAYMENT,10.0,C1000078,46416.08,46406.08,M2031455,0,0,0,2026-01-08T12:36:44.935524,
TXN-00002558,204,CASH_OUT,53858.14,C1000000,0.0,0.0,M2838457,0,0,0,2026-01-08T12:36:44.935620,
TXN-00002559,204,CASH_OUT,7491.16,C1000036,27736.32,20245.16,M2163595,0,0,0,2026-01-08T12:36:44.935662,
TXN-00002560,204,TRANSFER,149782.52,C1000052,180604.68,31985.98,M5987824,0,0,1,2026-01-08T12:36:44.935681,balance_mismatch
TXN-00002561,204,DEBIT,1307.15,C1000077,140444.27,139137.12,M8260721,0,0,0,2026-01-08T12:36:44.935720,
TXN-00002562,204,TRANSFER,4862.31,C1000096,411685.44,406823.13,M7080553,0,0,0,2026-01-08T12:36:44.935758,
TXN-00002563,204,TRANSFER,3847.66,C1000006,360419.66,356572.01,M7671442,0,0,0,2026-01-08T12:36:44.935796,
TXN-00002564,205,TRANSFER,125818.92,C1000056,0.0,-124400.96,M3357863,0,0,1,2026-01-08T12:36:44.935814,balance_mismatch
TXN-00002565,193,TRANSFER,18609.3,C1000097,129017.83,110408.53,M7938359,0,0,1,2026-01-08T12:36:44.935833,rapid_succession
TXN-00002566,206,TRANSFER,96260.15,C1000018,225174.26,133595.85,M5377935,0,0,1,2026-01-08T12:36:44.935848,balance_mismatch
TXN-00002567,204,PAYMENT,25874.29,C1000056,0.0,0.0,M7797063,0,0,0,2026-01-08T12:36:44.935887,
TXN-00002568,204,PAYMENT,50220.0,C1000053,0.0,0.0,M1173013,0,0,0,2026-01-08T12:36:44.935924,
TXN-00002569,204,PAYMENT,3309.92,C1000030,124924.59,121614.67,M1733953,0,0,0,2026-01-08T12:36:44.935961,
TXN-00002570,204,CASH_OUT,8729.04,C1000036,20245.16,11516.12,M4664945,0,0,0,2026-01-08T12:36:44.935999,
TXN-00002571,214,CASH_OUT,81599.78,C1000025,148768.59,67168.82,M4173850,0,0,1,2026-01-08T12:36:44.936017,large_amount
TXN-00002572,204,PAYMENT,497.3,C1000044,123137.87,122640.57,M4735477,0,0,0,2026-01-08T12:36:44.936052,
TXN-00002573,204,PAYMENT,212.61,C1000022,66074.9,65862.29,M8620445,0,0,0,2026-01-08T12:36:44.936090,
TXN-00002574,204,PAYMENT,2342.02,C1000081,122800.11,120458.09,M7354924,0,0,0,2026-01-08T12:36:44.936127,
TXN-00002575,204,TRANSFER,505.51,C1000044,122640.57,122135.06,M9177657,0,0,0,2026-01-08T12:36:44.936164,
TXN-00002576,204,TRANSFER,4798.97,C1000032,138587.22,133788.25,M4759918,0,0,0,2026-01-08T12:36:44.936201,
TXN-00002577,204,PAYMENT,2039.82,C1000030,121614.67,119574.84,M8044362,0,0,0,2026-01-08T12:36:44.936238,
TXN-00002578,197,CASH_OUT,177559.49,C1000027,0.0,0.0,M2971021,0,0,1,2026-01-08T12:36:44.936257,large_amount
TXN-00002579,204,PAYMENT,9947.96,C1000031,0.0,0.0,M1754187,0,0,0,2026-01-08T12:36:44.936292,
TXN-00002580,204,TRANSFER,10.0,C1000051,434355.4,434345.4,M3817504,0,0,0,2026-01-08T12:36:44.936329,
TXN-00002581,204,CASH_OUT,76024.49,C1000025,148768.59,72744.11,M6181044,0,0,1,2026-01-08T12:36:44.936348,unusual_type
TXN-00002582,204,PAYMENT,8379.26,C1000039,112013.5,103634.24,M3010559,0,0,0,2026-01-08T12:36:44.936384,
TXN-00002583,210,TRANSFER,139402.27,C1000029,11471.85,-127505.21,M7336119,0,0,1,2026-01-08T12:36:44.936403,balance_mismatch
TXN-00002584,197,TRANSFER,63574.33,C1000027,0.0,-66936.33,M8722165,0,0,1,2026-01-08T12:36:44.936421,balance_mismatch
TXN-00002585,204,PAYMENT,479.29,C1000009,140739.58,140260.29,M9109446,0,0,0,2026-01-08T12:36:44.936460,
TXN-00002586,204,TRANSFER,4134.23,C1000065,0.0,0.0,M5809000,0,0,0,2026-01-08T12:36:44.936497,
TXN-00002587,204,DEBIT,2155.24,C1000047,64199.54,62044.3,M4506465,0,0,0,2026-01-08T12:36:44.936533,
TXN-00002588,204,PAYMENT,4035.13,C1000070,0.0,0.0,M4877134,0,0,0,2026-01-08T12:36:44.936572,
TXN-00002589,204,PAYMENT,946.8,C1000016,233362.49,232415.69,M3194296,0,0,0,2026-01-08T12:36:44.936610,
TXN-00002590,204,PAYMENT,1198.87,C1000029,11471.85,10272.98,M9831714,0,0,0,2026-01-08T12:36:44.936647,
TXN-00002591,204,CASH_IN,5018.77,C1000025,148768.59,153787.37,M7305838,0,0,0,2026-01-08T12:36:44.936684,
TXN-00002592,204,CASH_OUT,606.25,C1000014,357635.59,357029.34,M3635921,0,0,0,2026-01-08T12:36:44.936721,
TXN-00002593,204,PAYMENT,4984.54,C1000025,153787.37,148802.82,M6028544,0,0,0,2026-01-08T12:36:44.936760,
TXN-00002594,204,PAYMENT,7142.52,C1000082,280397.73,273255.21,M6697638,0,0,0,2026-01-08T12:36:44.936797,
TXN-00002595,204,PAYMENT,11716.8,C1000005,74578.77,62861.96,M2482317,0,0,0,2026-01-08T12:36:44.936834,
TXN-00002596,204,TRANSFER,10.0,C1000081,120458.09,120448.09,M4854941,0,0,0,2026-01-08T12:36:44.936870,
TXN-00002597,204,CASH_OUT,390.97,C1000075,472705.74,472314.77,M2268960,0,0,0,2026-01-08T12:36:44.936908,
TXN-00002598,204,DEBIT,438.26,C1000001,124324.32,123886.06,M5407678,0,0,0,2026-01-08T12:36:44.936945,
TXN-00002599,204,CASH_OUT,746.36,C1000060,66446.25,65699.89,M9303292,0,0,0,2026-01-08T12:36:44.936982,
TXN-00002600,204,CASH_OUT,6180.53,C1000033,258581.3,252400.78,M5472269,0,0,0,2026-01-08T12:36:44.937019,
TXN-00002601,204,TRANSFER,2859.76,C1000080,186378.48,183518.72,M7516787,0,0,0,2026-01-08T12:36:44.937056,
TXN-00002602,204,DEBIT,10.0,C1000048,250032.64,250022.64,M3302934,0,0,0,2026-01-08T12:36:44.937093,
TXN-00002603,204,PAYMENT,772.21,C1000071,249966.13,249193.92,M2454283,0,0,0,2026-01-08T12:36:44.937130,
TXN-00002604,204,PAYMENT,6763.49,C1000096,406823.13,400059.64,M4899699,0,0,0,2026-01-08T12:36:44.937167,
TXN-00002605,204,TRANSFER,2770.49,C1000096,400059.64,397289.15,M1729788,0,0,0,2026-01-08T12:36:44.937210,
TXN-00002606,204,PAYMENT,2075.83,C1000043,154595.38,152519.55,M7061383,0,0,0,2026-01-08T12:36:44.937247,
TXN-00002607,204,PAYMENT,2194.74,C1000006,356572.01,354377.27,M2738795,0,0,0,2026-01-08T12:36:44.937284,
TXN-00002608,204,PAYMENT,246.68,C1000060,65699.89,65453.2,M8557752,0,0,0,2026-01-08T12:36:44.937320,
TXN-00002609,204,PAYMENT,2833.43,C1000044,122135.06,119301.62,M4777748,0,0,0,2026-01-08T12:36:44.937357,
TXN-00002610,204,CASH_IN,16847.89,C1000033,252400.78,269248.66,M3292923,0,0,0,2026-01-08T12:36:44.937394,
TXN-00002611,204,PAYMENT,19205.59,C1000019,0.0,0.0,M2450728,0,0,0,2026-01-08T12:36:44.937430,
TXN-00002612,204,DEBIT,4178.17,C1000052,180604.68,176426.5,M8313082,0,0,0,2026-01-08T12:36:44.937466,
TXN-00002613,204,PAYMENT,8648.09,C1000039,103634.24,94986.16,M6421337,0,0,0,2026-01-08T12:36:44.937504,
TXN-00002614,193,CASH_OUT,14225.97,C1000050,0.0,0.0,M5104774,0,0,1,2026-01-08T12:36:44.937523,rapid_succession
TXN-00002615,204,CASH_OUT,1515.37,C1000089,260585.8,259070.42,M3034082,0,0,0,2026-01-08T12:36:44.937559,
TXN-00002616,204,PAYMENT,2001.66,C1000017,206518.11,204516.45,M3028336,0,0,0,2026-01-08T12:36:44.937596,
TXN-00002617,204,PAYMENT,13621.48,C1000031,0.0,0.0,M7711239,0,0,0,2026-01-08T12:36:44.937632,
TXN-00002618,204,CASH_OUT,3532.99,C1000040,105786.33,102253.34,M8614924,0,0,0,2026-01-08T12:36:44.937669,
TXN-00002619,204,PAYMENT,3859.96,C1000085,28683.62,24823.66,M6183898,0,0,0,2026-01-08T12:36:44.937707,
TXN-00002620,204,DEBIT,3812.13,C1000052,176426.5,172614.37,M8980998,0,0,0,2026-01-08T12:36:44.937744,
TXN-00002621,204,TRANSFER,10.0,C1000042,212152.25,212142.25,M8324897,0,0,0,2026-01-08T12:36:44.937781,
TXN-00002622,204,PAYMENT,5630.95,C1000003,127566.76,121935.82,M7582807,0,0,0,2026-01-08T12:36:44.937818,
TXN-00002623,204,TRANSFER,20415.83,C1000095,0.0,0.0,M8428637,0,0,0,2026-01-08T12:36:44.937855,
TXN-00002624,204,CASH_OUT,2792.38,C1000028,65471.54,62679.16,M2578244,0,0,0,2026-01-08T12:36:44.937891,
TXN-00002625,204,CASH_OUT,19572.4,C1000095,0.0,0.0,M1056552,0,0,0,2026-01-08T12:36:44.937928,
TXN-00002626,204,CASH_OUT,461.78,C1000075,472314.77,471853.0,M1399265,0,0,0,2026-01-08T12:36:44.937965,
TXN-00002627,204,TRANSFER,19227.15,C1000019,0.0,0.0,M2081362,0,0,0,2026-01-08T12:36:44.938002,
TXN-00002628,204,CASH_OUT,136119.06,C1000083,248526.73,112407.67,M6385234,0,0,1,2026-01-08T12:36:44.938022,large_amount
TXN-00002629,204,PAYMENT,10.0,C1000009,140260.29,140250.29,M9220109,0,0,0,2026-01-08T12:36:44.938057,
TXN-00002630,204,CASH_OUT,566.17,C1000089,259070.42,258504.26,M2630038,0,0,0,2026-01-08T12:36:44.938094,
TXN-00002631,204,CASH_OUT,4767.06,C1000040,102253.34,97486.28,M2012910,0,0,0,2026-01-08T12:36:44.938131,
TXN-00002632,204,CASH_OUT,568.32,C1000077,139137.12,138568.8,M8382523,0,0,0,2026-01-08T12:36:44.938167,
TXN-00002633,203,CASH_OUT,45923.91,C1000094,247268.11,201344.2,M1775106,0,0,1,2026-01-08T12:36:44.938187,rapid_succession
TXN-00002634,204,CASH_IN,30568.31,C1000067,0.0,30568.31,M6406852,0,0,0,2026-01-08T12:36:44.938222,
TXN-00002635,204,CASH_OUT,21788.21,C1000035,20504.92,0.0,M9792908,0,0,0,2026-01-08T12:36:44.938259,
TXN-00002636,204,TRANSFER,337.27,C1000085,24823.66,24486.4,M4905106,0,0,0,2026-01-08T12:36:44.938297,
TXN-00002637,200,CASH_OUT,178665.04,C1000094,247268.11,68603.07,M7330170,0,0,1,2026-01-08T12:36:44.938315,large_amount
TXN-00002638,204,PAYMENT,1517.67,C1000022,65862.29,64344.62,M7525365,0,0,0,2026-01-08T12:36:44.938351,
TXN-00002639,204,CASH_IN,10.0,C1000033,269248.66,269258.66,M5750226,0,0,0,2026-01-08T12:36:44.938388,
TXN-00002640,204,PAYMENT,32.88,C1000098,305481.93,305449.05,M8703293,0,0,0,2026-01-08T12:36:44.938425,
TXN-00002641,204,CASH_IN,10.0,C1000007,93275.8,93285.8,M6176644,0,0,0,2026-01-08T12:36:44.938462,
TXN-00002642,193,CASH_OUT,101119.89,C1000084,247699.61,146579.73,M7742056,0,0,1,2026-01-08T12:36:44.938482,unusual_type
TXN-00002643,204,CASH_OUT,3018.8,C1000044,119301.62,116282.82,M7735650,0,0,0,2026-01-08T12:36:44.938518,
TXN-00002644,204,PAYMENT,2788.74,C1000048,250022.64,247233.9,M7188183,0,0,0,2026-01-08T12:36:44.938555,
TXN-00002645,204,TRANSFER,370.08,C1000077,138568.8,138198.72,M3470960,0,0,0,2026-01-08T12:36:44.938592,
TXN-00002646,195,TRANSFER,77661.0,C1000084,247699.61,170038.61,M5785660,0,0,1,2026-01-08T12:36:44.938610,night_transaction
TXN-00002647,204,TRANSFER,2322.24,C1000006,354377.27,352055.03,M5789468,0,0,0,2026-01-08T12:36:44.938646,
TXN-00002648,204,TRANSFER,10.0,C1000033,269258.66,269248.66,M8287555,0,0,0,2026-01-08T12:36:44.938683,
TXN-00002649,204,CASH_OUT,6424.22,C1000059,271718.28,265294.06,M8261605,0,0,0,2026-01-08T12:36:44.938720,
TXN-00002650,204,CASH_OUT,10127.26,C1000092,198759.4,188632.14,M6156970,0,0,0,2026-01-08T12:36:44.938757,
TXN-00002651,193,TRANSFER,45785.8,C1000095,0.0,0.0,M4982744,0,0,1,2026-01-08T12:36:44.938777,rapid_succession
TXN-00002652,204,TRANSFER,4621.86,C1000091,0.0,0.0,M5107402,0,0,0,2026-01-08T12:36:44.938813,
TXN-00002653,192,CASH_OUT,96959.15,C1000047,62044.3,0.0,M8877675,0,0,1,2026-01-08T12:36:44.938831,unusual_type
TXN-00002654,204,CASH_OUT,46733.73,C1000053,0.0,0.0,M2158452,0,0,0,2026-01-08T12:36:44.938867,
TXN-00002655,204,TRANSFER,118912.78,C1000078,46406.08,-76560.29,M5306901,0,0,1,2026-01-08T12:36:44.938885,balance_mismatch
TXN-00002656,204,PAYMENT,10.0,C1000080,183518.72,183508.72,M8942688,0,0,0,2026-01-08T12:36:44.938924,
TXN-00002657,212,CASH_OUT,15500.54,C1000038,642.39,0.0,M7203184,0,0,1,2026-01-08T12:36:44.938942,rapid_succession
TXN-00002658,204,PAYMENT,10.0,C1000085,24486.4,24476.4,M7630545,0,0,0,2026-01-08T12:36:44.938978,
TXN-00002659,208,TRANSFER,148583.12,C1000009,140250.29,-11908.62,M9678211,0,0,1,2026-01-08T12:36:44.938996,balance_mismatch
TXN-00002660,204,CASH_OUT,2434.94,C1000071,249193.92,246758.98,M6295362,0,0,0,2026-01-08T12:36:44.939036,
TXN-00002661,204,TRANSFER,450.3,C1000034,100121.77,99671.47,M5225712,0,0,0,2026-01-08T12:36:44.939073,
TXN-00002662,204,PAYMENT,10.0,C1000066,15314.12,15304.12,M6123747,0,0,0,2026-01-08T12:36:44.939111,
TXN-00002663,207,CASH_OUT,63937.86,C1000011,0.0,0.0,M1328877,0,0,1,2026-01-08T12:36:44.939129,large_amount
TXN-00002664,204,PAYMENT,11368.3,C1000005,62861.96,51493.67,M3450482,0,0,0,2026-01-08T12:36:44.939164,
TXN-00002665,204,DEBIT,10744.13,C1000005,51493.67,40749.54,M9465809,0,0,0,2026-01-08T12:36:44.939202,
TXN-00002666,204,PAYMENT,353.63,C1000023,93896.04,93542.42,M2100844,0,0,0,2026-01-08T12:36:44.939239,
TXN-00002667,210,CASH_OUT,24512.09,C1000002,365351.58,340839.48,M5671767,0,0,1,2026-01-08T12:36:44.939258,rapid_succession
TXN-00002668,204,PAYMENT,10.0,C1000023,93542.42,93532.42,M6008781,0,0,0,2026-01-08T12:36:44.939294,
TXN-00002669,204,TRANSFER,19094.36,C1000095,0.0,0.0,M5816253,0,0,0,2026-01-08T12:36:44.939330,
TXN-00002670,204,CASH_OUT,10.0,C1000009,140250.29,140240.29,M2059628,0,0,0,2026-01-08T12:36:44.939368,
TXN-00002671,204,PAYMENT,371.28,C1000068,166603.98,166232.7,M2135848,0,0,0,2026-01-08T12:36:44.939405,
TXN-00002672,204,PAYMENT,1237.04,C1000040,97486.28,96249.24,M1622198,0,0,0,2026-01-08T12:36:44.939441,
TXN-00002673,196,TRANSFER,99376.16,C1000025,148802.82,49426.66,M5548453,0,0,1,2026-01-08T12:36:44.939463,night_transaction
TXN-00002674,197,CASH_OUT,34543.84,C1000038,642.39,0.0,M7478195,0,0,1,2026-01-08T12:36:44.939479,rapid_succession
TXN-00002675,195,CASH_OUT,44321.72,C1000016,232415.69,188093.96,M1339069,0,0,1,2026-01-08T12:36:44.939494,unusual_type
TXN-00002676,197,TRANSFER,45252.4,C1000043,152519.55,107267.14,M7115318,0,0,1,2026-01-08T12:36:44.939510,rapid_succession
TXN-00002677,204,CASH_OUT,1130.67,C1000094,247268.11,246137.44,M3777647,0,0,0,2026-01-08T12:36:44.939545,
TXN-00002678,204,TRANSFER,835.4,C1000083,248526.73,247691.33,M3096558,0,0,0,2026-01-08T12:36:44.939583,
TXN-00002679,192,CASH_OUT,40099.89,C1000065,0.0,0.0,M8156959,0,0,1,2026-01-08T12:36:44.939601,rapid_succession
TXN-00002680,204,TRANSFER,33707.19,C1000073,0.0,0.0,M4381526,0,0,0,2026-01-08T12:36:44.939637,
TXN-00002681,204,TRANSFER,33484.2,C1000002,365351.58,331250.24,M4002007,0,0,1,2026-01-08T12:36:44.939655,balance_mismatch
TXN-00002682,204,PAYMENT,10853.99,C1000031,0.0,0.0,M3404354,0,0,0,2026-01-08T12:36:44.939693,
TXN-00002683,203,TRANSFER,113101.15,C1000024,0.0,-110154.54,M4606800,0,0,1,2026-01-08T12:36:44.939711,balance_mismatch
TXN-00002684,208,CASH_OUT,93129.29,C1000069,171407.96,78278.67,M8181799,0,0,1,2026-01-08T12:36:44.939729,unusual_type
TXN-00002685,204,CASH_OUT,11193.38,C1000015,300619.72,289426.34,M8096056,0,0,0,2026-01-08T12:36:44.939765,
TXN-00002686,204,DEBIT,2151.1,C1000069,171407.96,169256.86,M2268575,0,0,0,2026-01-08T12:36:44.939805,
TXN-00002687,204,TRANSFER,483.51,C1000068,166232.7,165749.19,M4345237,0,0,0,2026-01-08T12:36:44.939843,
TXN-00002688,204,TRANSFER,18814.46,C1000035,0.0,0.0,M7654680,0,0,0,2026-01-08T12:36:44.939880,
TXN-00002689,204,PAYMENT,24553.98,C1000037,0.0,0.0,M9935766,0,0,0,2026-01-08T12:36:44.939917,
TXN-00002690,204,CASH_IN,12570.65,C1000005,40749.54,53320.19,M1126109,0,0,0,2026-01-08T12:36:44.939954,
TXN-00002691,204,CASH_IN,8926.03,C1000039,94986.16,103912.18,M7946914,0,0,0,2026-01-08T12:36:44.939991,
TXN-00002692,194,CASH_OUT,89628.99,C1000076,148460.96,58831.98,M9114865,0,0,1,2026-01-08T12:36:44.940011,night_transaction
TXN-00002693,204,TRANSFER,7493.0,C1000052,172614.37,165121.38,M1982400,0,0,0,2026-01-08T12:36:44.940046,
TXN-00002694,204,PAYMENT,2915.23,C1000028,62679.16,59763.93,M1160862,0,0,0,2026-01-08T12:36:44.940084,
TXN-00002695,204,TRANSFER,2190.01,C1000008,287666.43,285476.42,M2941752,0,0,0,2026-01-08T12:36:44.940121,
TXN-00002696,204,PAYMENT,3068.47,C1000030,119574.84,116506.37,M7718967,0,0,0,2026-01-08T12:36:44.940158,
TXN-00002697,204,PAYMENT,3963.99,C1000045,101554.42,97590.43,M4811387,0,0,0,2026-01-08T12:36:44.940195,
TXN-00002698,202,TRANSFER,70895.33,C1000066,15304.12,-59408.33,M9864635,0,0,1,2026-01-08T12:36:44.940214,balance_mismatch
TXN-00002699,197,TRANSFER,44331.6,C1000093,0.0,0.0,M7486712,0,0,1,2026-01-08T12:36:44.940232,night_transaction
TXN-00002700,192,CASH_OUT,37722.34,C1000008,285476.42,247754.07,M6350535,0,0,1,2026-01-08T12:36:44.940248,rapid_succession
TXN-00002701,204,CASH_IN,10.0,C1000057,6747.08,6757.08,M7135049,0,0,0,2026-01-08T12:36:44.940283,
TXN-00002702,204,PAYMENT,11588.39,C1000013,73165.56,61577.17,M4568254,0,0,0,2026-01-08T12:36:44.940321,
TXN-00002703,204,PAYMENT,31269.46,C1000067,30568.31,0.0,M7958262,0,0,0,2026-01-08T12:36:44.940358,
TXN-00002704,204,PAYMENT,5224.84,C1000052,165121.38,159896.53,M8061401,0,0,0,2026-01-08T12:36:44.940394,
TXN-00002705,192,TRANSFER,139836.47,C1000033,269248.66,129318.07,M8213038,0,0,1,2026-01-08T12:36:44.940413,balance_mismatch
TXN-00002706,204,TRANSFER,1562.37,C1000068,165749.19,164186.82,M9364161,0,0,0,2026-01-08T12:36:44.940451,
TXN-00002707,204,TRANSFER,75.78,C1000004,242521.64,242445.85,M9830905,0,0,0,2026-01-08T12:36:44.940488,
TXN-00002708,204,PAYMENT,5524.05,C1000010,0.0,0.0,M3125166,0,0,0,2026-01-08T12:36:44.940526,
TXN-00002709,204,DEBIT,10.0,C1000048,247233.9,247223.9,M2950959,0,0,0,2026-01-08T12:36:44.940562,
TXN-00002710,204,PAYMENT,984.36,C1000094,246137.44,245153.08,M4183904,0,0,0,2026-01-08T12:36:44.940599,
TXN-00002711,204,PAYMENT,7952.45,C1000099,284377.38,276424.93,M3267353,0,0,0,2026-01-08T12:36:44.940637,
TXN-00002712,204,TRANSFER,2011.99,C1000017,204516.45,202504.46,M8651935,0,0,0,2026-01-08T12:36:44.940673,
TXN-00002713,204,TRANSFER,7847.6,C1000036,11516.12,3668.52,M3032618,0,0,0,2026-01-08T12:36:44.940711,
TXN-00002714,193,CASH_OUT,52064.09,C1000070,0.0,0.0,M8417595,0,0,1,2026-01-08T12:36:44.940729,unusual_type
TXN-00002715,204,PAYMENT,949.01,C1000038,642.39,0.0,M9701010,0,0,0,2026-01-08T12:36:44.940764,
TXN-00002716,204,CASH_IN,10.0,C1000078,46406.08,46416.08,M6825497,0,0,0,2026-01-08T12:36:44.940801,
TXN-00002717,204,TRANSFER,6556.11,C1000002,365351.58,358795.46,M9712218,0,0,0,2026-01-08T12:36:44.940838,
TXN-00002718,204,DEBIT,10.0,C1000022,64344.62,64334.62,M5089448,0,0,0,2026-01-08T12:36:44.940875,
TXN-00002719,204,PAYMENT,10.0,C1000072,19783.6,19773.6,M7061042,0,0,0,2026-01-08T12:36:44.940913,
TXN-00002720,204,CASH_OUT,17588.74,C1000093,0.0,0.0,M8962087,0,0,0,2026-01-08T12:36:44.940950,
TXN-00002721,204,CASH_OUT,5267.69,C1000049,190995.47,185727.78,M9200835,0,0,0,2026-01-08T12:36:44.940987,
TXN-00002722,204,DEBIT,2988.73,C1000006,352055.03,349066.3,M8301710,0,0,0,2026-01-08T12:36:44.941024,
TXN-00002723,196,CASH_OUT,73955.17,C1000056,0.0,0.0,M7179981,0,0,1,2026-01-08T12:36:44.941043,night_transaction
TXN-00002724,204,CASH_OUT,191.08,C1000080,183508.72,183317.65,M6357130,0,0,0,2026-01-08T12:36:44.941078,
TXN-00002725,204,TRANSFER,1382.46,C1000080,183317.65,181935.18,M8543575,0,0,0,2026-01-08T12:36:44.941115,
TXN-00002726,204,TRANSFER,754.42,C1000048,247223.9,246469.48,M5514374,0,0,0,2026-01-08T12:36:44.941153,
TXN-00002727,204,CASH_IN,26647.19,C1000056,0.0,26647.19,M7500113,0,0,0,2026-01-08T12:36:44.941189,
TXN-00002728,204,CASH_OUT,26393.2,C1000056,26647.19,253.99,M8140411,0,0,0,2026-01-08T12:36:44.941226,
TXN-00002729,204,PAYMENT,8240.69,C1000036,3668.52,0.0,M4687502,0,0,0,2026-01-08T12:36:44.941264,
TXN-00002730,204,PAYMENT,17678.64,C1000076,148460.96,130782.32,M4324107,0,0,0,2026-01-08T12:36:44.941301,
TXN-00002731,204,TRANSFER,2118.64,C1000017,202504.46,200385.82,M2335203,0,0,0,2026-01-08T12:36:44.941337,
TXN-00002732,204,PAYMENT,4412.94,C1000062,42689.9,38276.95,M5274982,0,0,0,2026-01-08T12:36:44.941374,
TXN-00002733,204,PAYMENT,8482.41,C1000039,103912.18,95429.77,M4173656,0,0,0,2026-01-08T12:36:44.941411,
TXN-00002734,204,PAYMENT,19239.02,C1000019,0.0,0.0,M2436224,0,0,0,2026-01-08T12:36:44.941448,
TXN-00002735,204,CASH_IN,10.0,C1000075,471853.0,471863.0,M8119154,0,0,0,2026-01-08T12:36:44.941484,
TXN-00002736,204,CASH_OUT,6810.16,C1000088,94403.8,87593.64,M2255438,0,0,0,2026-01-08T12:36:44.941522,
TXN-00002737,204,PAYMENT,169.69,C1000072,19773.6,19603.91,M2960105,0,0,0,2026-01-08T12:36:44.941575,
TXN-00002738,204,PAYMENT,2149.67,C1000069,169256.86,167107.19,M4419981,0,0,0,2026-01-08T12:36:44.941624,
TXN-00002739,204,TRANSFER,13764.31,C1000063,99486.92,85722.61,M8115538,0,0,0,2026-01-08T12:36:44.941705,
TXN-00002740,204,CASH_IN,10.0,C1000061,271135.16,271145.16,M1271948,0,0,0,2026-01-08T12:36:44.941761,
TXN-00002741,199,CASH_OUT,53572.45,C1000066,15304.12,0.0,M8182611,0,0,1,2026-01-08T12:36:44.941796,large_amount
TXN-00002742,204,PAYMENT,2130.12,C1000017,200385.82,198255.7,M3358762,0,0,0,2026-01-08T12:36:44.941873,
TXN-00002743,204,PAYMENT,21217.51,C1000095,0.0,0.0,M7059284,0,0,0,2026-01-08T12:36:44.941950,
TXN-00002744,204,CASH_OUT,10842.99,C1000015,289426.34,278583.35,M4577283,0,0,0,2026-01-08T12:36:44.943920,
TXN-00002745,204,TRANSFER,714.37,C1000041,339341.92,338627.55,M6630875,0,0,0,2026-01-08T12:36:44.945355,
TXN-00002746,204,PAYMENT,17605.97,C1000076,130782.32,113176.35,M9211535,0,0,0,2026-01-08T12:36:44.945585,
TXN-00002747,204,CASH_OUT,7799.06,C1000011,0.0,0.0,M9061109,0,0,0,2026-01-08T12:36:44.945875,
TXN-00002748,204,PAYMENT,10.0,C1000075,471863.0,471853.0,M1444803,0,0,0,2026-01-08T12:36:44.946014,
TXN-00002749,204,CASH_OUT,3920.52,C1000087,398917.21,394996.69,M9945949,0,0,0,2026-01-08T12:36:44.946128,
TXN-00002750,204,TRANSFER,784.61,C1000068,164186.82,163402.21,M2313411,0,0,0,2026-01-08T12:36:44.946483,
TXN-00002751,204,CASH_OUT,875.73,C1000068,163402.21,162526.47,M8089975,0,0,0,2026-01-08T12:36:44.946997,
TXN-00002752,204,TRANSFER,741.58,C1000021,0.0,0.0,M9690852,0,0,0,2026-01-08T12:36:44.947240,
TXN-00002753,204,DEBIT,20562.12,C1000035,0.0,0.0,M9954472,0,0,0,2026-01-08T12:36:44.947298,
TXN-00002754,207,CASH_OUT,172621.7,C1000069,167107.19,0.0,M7363189,0,0,1,2026-01-08T12:36:44.947322,large_amount
TXN-00002755,204,PAYMENT,3183.92,C1000084,247699.61,244515.69,M4249751,0,0,0,2026-01-08T12:36:44.947362,
TXN-00002756,204,CASH_OUT,3636.87,C1000028,59763.93,56127.06,M6016876,0,0,0,2026-01-08T12:36:44.947403,
TXN-00002757,204,TRANSFER,1669.79,C1000070,0.0,0.0,M9501411,0,0,0,2026-01-08T12:36:44.947442,
TXN-00002758,204,PAYMENT,4596.95,C1000084,244515.69,239918.74,M1470739,0,0,0,2026-01-08T12:36:44.947481,
TXN-00002759,204,CASH_OUT,10.0,C1000047,62044.3,62034.3,M7541758,0,0,0,2026-01-08T12:36:44.947519,
TXN-00002760,194,CASH_OUT,58622.57,C1000027,0.0,0.0,M7935885,0,0,1,2026-01-08T12:36:44.947540,night_transaction
TXN-00002761,204,TRANSFER,116.73,C1000085,24476.4,24359.66,M3037951,0,0,0,2026-01-08T12:36:44.947582,
TXN-00002762,204,PAYMENT,917.56,C1000066,15304.12,14386.56,M3109669,0,0,0,2026-01-08T12:36:44.947622,
TXN-00002763,204,TRANSFER,10.0,C1000014,357029.34,357019.34,M9611643,0,0,0,2026-01-08T12:36:44.947660,
TXN-00002764,204,TRANSFER,1146.71,C1000094,245153.08,244006.37,M5859764,0,0,0,2026-01-08T12:36:44.947698,
TXN-00002765,204,CASH_OUT,10.0,C1000097,129017.83,129007.83,M2956611,0,0,0,2026-01-08T12:36:44.947736,
TXN-00002766,204,PAYMENT,2619.31,C1000028,56127.06,53507.74,M5263857,0,0,0,2026-01-08T12:36:44.947774,
TXN-00002767,204,PAYMENT,6984.76,C1000013,61577.17,54592.41,M2681205,0,0,0,2026-01-08T12:36:44.947811,
TXN-00002768,204,PAYMENT,1980.62,C1000001,123886.06,121905.44,M6007419,0,0,0,2026-01-08T12:36:44.947851,
TXN-00002769,199,CASH_OUT,57944.08,C1000095,0.0,0.0,M8599905,0,0,1,2026-01-08T12:36:44.947872,large_amount
TXN-00002770,204,TRANSFER,6218.82,C1000088,87593.64,81374.82,M7213950,0,0,0,2026-01-08T12:36:44.947910,
TXN-00002771,204,CASH_OUT,175496.53,C1000094,244006.37,68509.84,M6426720,0,0,1,2026-01-08T12:36:44.947930,large_amount
TXN-00002772,204,CASH_OUT,1310.18,C1000023,93532.42,92222.24,M8022726,0,0,0,2026-01-08T12:36:44.947995,
TXN-00002773,204,TRANSFER,10488.98,C1000005,53320.19,42831.21,M4020789,0,0,0,2026-01-08T12:36:44.948080,
TXN-00002774,204,CASH_OUT,5201.24,C1000033,269248.66,264047.42,M5395311,0,0,0,2026-01-08T12:36:44.948165,
TXN-00002775,204,PAYMENT,26546.87,C1000095,0.0,0.0,M9862352,0,0,0,2026-01-08T12:36:44.948216,
TXN-00002776,197,TRANSFER,95581.34,C1000032,133788.25,38206.91,M6997173,0,0,1,2026-01-08T12:36:44.948239,night_transaction
TXN-00002777,204,CASH_OUT,933.22,C1000022,64334.62,63401.4,M8883147,0,0,0,2026-01-08T12:36:44.948278,
TXN-00002778,204,PAYMENT,1307.75,C1000016,232415.69,231107.94,M9901245,0,0,0,2026-01-08T12:36:44.948318,
TXN-00002779,204,TRANSFER,2303.05,C1000072,19603.91,17300.86,M6931192,0,0,0,2026-01-08T12:36:44.948356,
TXN-00002780,204,PAYMENT,3719.28,C1000062,38276.95,34557.68,M3744243,0,0,0,2026-01-08T12:36:44.948395,
TXN-00002781,204,CASH_OUT,26190.61,C1000056,253.99,0.0,M8755362,0,0,0,2026-01-08T12:36:44.948434,
TXN-00002782,215,CASH_OUT,57988.95,C1000056,0.0,0.0,M8860053,0,0,1,2026-01-08T12:36:44.948454,unusual_type
TXN-00002783,204,CASH_OUT,9223.98,C1000031,0.0,0.0,M8311120,0,0,0,2026-01-08T12:36:44.948491,
TXN-00002784,195,CASH_OUT,61367.55,C1000062,34557.68,0.0,M3188000,0,0,1,2026-01-08T12:36:44.948510,night_transaction
TXN-00002785,214,CASH_OUT,80366.83,C1000059,265294.06,184927.23,M5956861,0,0,1,2026-01-08T12:36:44.948526,large_amount
TXN-00002786,204,CASH_OUT,19071.62,C1000035,0.0,0.0,M2142278,0,0,0,2026-01-08T12:36:44.948562,
TXN-00002787,196,CASH_OUT,99512.7,C1000025,148802.82,49290.13,M4176563,0,0,1,2026-01-08T12:36:44.948580,unusual_type
TXN-00002788,204,DEBIT,3364.91,C1000087,394996.69,391631.78,M8586827,0,0,0,2026-01-08T12:36:44.948617,
TXN-00002789,204,PAYMENT,17578.64,C1000024,0.0,0.0,M8262812,0,0,0,2026-01-08T12:36:44.948655,
TXN-00002790,215,CASH_OUT,179041.65,C1000043,152519.55,0.0,M9975199,0,0,1,2026-01-08T12:36:44.948674,large_amount
TXN-00002791,204,PAYMENT,1909.39,C1000090,322203.81,320294.42,M3911233,0,0,0,2026-01-08T12:36:44.948710,
TXN-00002792,197,CASH_OUT,117088.11,C1000013,54592.41,0.0,M1649641,0,0,1,2026-01-08T12:36:44.948729,unusual_type
TXN-00002793,204,CASH_OUT,6518.11,C1000080,181935.18,175417.07,M8182054,0,0,0,2026-01-08T12:36:44.948765,
TXN-00002794,204,CASH_OUT,1246.46,C1000066,14386.56,13140.09,M6675479,0,0,0,2026-01-08T12:36:44.948803,
TXN-00002795,192,CASH_OUT,22244.36,C1000047,62034.3,39789.94,M3545094,0,0,1,2026-01-08T12:36:44.948822,rapid_succession
TXN-00002796,204,CASH_OUT,20543.97,C1000035,0.0,0.0,M8880393,0,0,0,2026-01-08T12:36:44.948858,
TXN-00002797,204,PAYMENT,33118.84,C1000073,0.0,0.0,M7463350,0,0,0,2026-01-08T12:36:44.948895,
TXN-00002798,204,TRANSFER,10.0,C1000047,62034.3,62024.3,M6215577,0,0,0,2026-01-08T12:36:44.948933,
TXN-00002799,204,CASH_OUT,31104.62,C1000064,0.0,0.0,M7651931,0,0,0,2026-01-08T12:36:44.948972,
TXN-00002800,204,PAYMENT,483.78,C1000008,285476.42,284992.64,M3295898,0,0,0,2026-01-08T12:36:44.949009,
TXN-00002801,204,PAYMENT,2308.3,C1000023,92222.24,89913.94,M1359006,0,0,0,2026-01-08T12:36:44.949047,
TXN-00002802,192,CASH_OUT,88322.66,C1000081,120448.09,32125.43,M8280777,0,0,1,2026-01-08T12:36:44.949066,unusual_type
TXN-00002803,204,TRANSFER,8642.4,C1000013,54592.41,45950.0,M1076106,0,0,0,2026-01-08T12:36:44.949103,
TXN-00002804,204,PAYMENT,20730.44,C1000095,0.0,0.0,M9680893,0,0,0,2026-01-08T12:36:44.949141,
TXN-00002805,204,PAYMENT,108.68,C1000001,121905.44,121796.76,M4838806,0,0,0,2026-01-08T12:36:44.949178,
TXN-00002806,195,TRANSFER,69246.79,C1000021,0.0,0.0,M5902664,0,0,1,2026-01-08T12:36:44.949197,night_transaction
TXN-00002807,211,CASH_OUT,55308.44,C1000017,198255.7,142947.26,M1538162,0,0,1,2026-01-08T12:36:44.949214,unusual_type
TXN-00002808,204,DEBIT,12812.81,C1000095,0.0,0.0,M1927351,0,0,0,2026-01-08T12:36:44.949251,
TXN-00002809,204,CASH_OUT,1207.54,C1000004,242445.85,241238.31,M7903344,0,0,0,2026-01-08T12:36:44.949289,
TXN-00002810,204,CASH_OUT,18198.15,C1000035,0.0,0.0,M6204666,0,0,0,2026-01-08T12:36:44.949326,
TXN-00002811,204,TRANSFER,3887.12,C1000089,258504.26,254617.13,M2493490,0,0,0,2026-01-08T12:36:44.949364,
TXN-00002812,193,CASH_OUT,72167.92,C1000000,0.0,0.0,M8560484,0,0,1,2026-01-08T12:36:44.949382,unusual_type
TXN-00002813,204,TRANSFER,4823.55,C1000033,264047.42,259223.87,M2100781,0,0,0,2026-01-08T12:36:44.949418,
TXN-00002814,204,PAYMENT,5410.46,C1000032,133788.25,128377.79,M6106636,0,0,0,2026-01-08T12:36:44.949455,
TXN-00002815,204,DEBIT,6138.68,C1000059,265294.06,259155.38,M9290955,0,0,0,2026-01-08T12:36:44.949493,
TXN-00002816,202,CASH_OUT,37737.94,C1000054,41807.06,4069.12,M8884212,0,0,1,2026-01-08T12:36:44.949512,rapid_succession
TXN-00002817,204,CASH_OUT,682.31,C1000098,305449.05,304766.74,M9680292,0,0,0,2026-01-08T12:36:44.949547,
TXN-00002818,204,CASH_OUT,19935.81,C1000035,0.0,0.0,M8290305,0,0,0,2026-01-08T12:36:44.949585,
TXN-00002819,204,PAYMENT,574.38,C1000016,231107.94,230533.56,M1683558,0,0,0,2026-01-08T12:36:44.949621,
TXN-00002820,204,PAYMENT,10.0,C1000004,241238.31,241228.31,M3383546,0,0,0,2026-01-08T12:36:44.949718,
TXN-00002821,204,CASH_OUT,4061.48,C1000087,391631.78,387570.31,M6978945,0,0,0,2026-01-08T12:36:44.949786,
TXN-00002822,194,TRANSFER,97152.74,C1000083,247691.33,150538.59,M8451773,0,0,1,2026-01-08T12:36:44.949816,night_transaction
TXN-00002823,204,TRANSFER,4153.68,C1000087,387570.31,383416.63,M2403253,0,0,0,2026-01-08T12:36:44.949867,
TXN-00002824,204,PAYMENT,173155.03,C1000050,0.0,0.0,M7818404,0,0,0,2026-01-08T12:36:44.949922,
TXN-00002825,204,TRANSFER,10.0,C1000089,254617.13,254607.13,M5352069,0,0,0,2026-01-08T12:36:44.949980,
TXN-00002826,213,CASH_OUT,60867.61,C1000040,96249.24,35381.63,M6842541,0,0,1,2026-01-08T12:36:44.950020,large_amount
TXN-00002827,205,TRANSFER,70864.92,C1000068,162526.47,95379.21,M1727419,0,0,1,2026-01-08T12:36:44.950051,balance_mismatch
TXN-00002828,204,TRANSFER,10.0,C1000072,17300.86,17290.86,M4136547,0,0,0,2026-01-08T12:36:44.950119,
TXN-00002829,195,TRANSFER,48726.11,C1000004,241228.31,192502.21,M4034565,0,0,1,2026-01-08T12:36:44.950199,rapid_succession
TXN-00002830,204,PAYMENT,11389.54,C1000031,0.0,0.0,M1217051,0,0,0,2026-01-08T12:36:44.950288,
TXN-00002831,204,PAYMENT,39.5,C1000004,241228.31,241188.82,M3211854,0,0,0,2026-01-08T12:36:44.950352,
TXN-00002832,204,TRANSFER,2002.29,C1000026,285652.16,283649.87,M3072390,0,0,0,2026-01-08T12:36:44.950446,
TXN-00002833,204,PAYMENT,2598.86,C1000021,0.0,0.0,M8705161,0,0,0,2026-01-08T12:36:44.950525,
TXN-00002834,204,PAYMENT,4765.48,C1000084,239918.74,235153.27,M6294688,0,0,0,2026-01-08T12:36:44.950589,
TXN-00002835,197,CASH_OUT,34501.39,C1000016,230533.56,196032.17,M4278153,0,0,1,2026-01-08T12:36:44.950622,rapid_succession
TXN-00002836,204,PAYMENT,4106.16,C1000091,0.0,0.0,M3240972,0,0,0,2026-01-08T12:36:44.950679,
TXN-00002837,195,TRANSFER,76707.38,C1000004,241188.82,164481.43,M3836468,0,0,1,2026-01-08T12:36:44.950707,night_transaction
TXN-00002838,204,PAYMENT,2232.18,C1000070,0.0,0.0,M2483329,0,0,0,2026-01-08T12:36:44.950762,
TXN-00002839,204,PAYMENT,3506.37,C1000087,383416.63,379910.26,M6822768,0,0,0,2026-01-08T12:36:44.950918,
TXN-00002840,204,PAYMENT,18005.08,C1000093,0.0,0.0,M5317915,0,0,0,2026-01-08T12:36:44.950976,
TXN-00002841,204,CASH_IN,5030.52,C1000027,0.0,5030.52,M8196666,0,0,0,2026-01-08T12:36:44.951019,
TXN-00002842,197,TRANSFER,25132.3,C1000018,225174.26,200041.96,M9013251,0,0,1,2026-01-08T12:36:44.951042,night_transaction
TXN-00002843,195,CASH_OUT,39469.15,C1000085,24359.66,0.0,M7296094,0,0,1,2026-01-08T12:36:44.951059,night_transaction
TXN-00002844,204,CASH_OUT,713.3,C1000085,24359.66,23646.36,M6415981,0,0,0,2026-01-08T12:36:44.951100,
TXN-00002845,204,TRANSFER,4669.32,C1000010,0.0,0.0,M9994328,0,0,0,2026-01-08T12:36:44.951161,
TXN-00002846,204,PAYMENT,1807.08,C1000096,397289.15,395482.07,M9478150,0,0,0,2026-01-08T12:36:44.951201,
TXN-00002847,211,TRANSFER,52056.81,C1000028,53507.74,5020.09,M5220984,0,0,1,2026-01-08T12:36:44.951220,balance_mismatch
TXN-00002848,204,TRANSFER,2888.7,C1000084,235153.27,232264.56,M3797573,0,0,0,2026-01-08T12:36:44.951261,
TXN-00002849,204,PAYMENT,19589.25,C1000079,23792.78,4203.53,M8264505,0,0,0,2026-01-08T12:36:44.951300,
TXN-00002850,204,CASH_OUT,552.7,C1000020,428601.51,428048.81,M9859870,0,0,0,2026-01-08T12:36:44.951415,
TXN-00002851,196,CASH_OUT,111031.97,C1000042,212142.25,101110.28,M3125110,0,0,1,2026-01-08T12:36:44.951449,unusual_type
TXN-00002852,204,TRANSFER,2148.66,C1000091,0.0,0.0,M5389087,0,0,0,2026-01-08T12:36:44.951555,
TXN-00002853,204,DEBIT,1912.79,C1000017,198255.7,196342.91,M8698524,0,0,0,2026-01-08T12:36:44.951598,
TXN-00002854,204,TRANSFER,173170.75,C1000050,0.0,0.0,M8699314,0,0,0,2026-01-08T12:36:44.951648,
TXN-00002855,204,DEBIT,13438.31,C1000063,85722.61,72284.3,M5070394,0,0,0,2026-01-08T12:36:44.951691,
TXN-00002856,204,CASH_OUT,3854.95,C1000062,34557.68,30702.72,M9881027,0,0,0,2026-01-08T12:36:44.951731,
TXN-00002857,204,PAYMENT,651.04,C1000078,46416.08,45765.04,M7095028,0,0,0,2026-01-08T12:36:44.951769,
TXN-00002858,207,CASH_OUT,58648.18,C1000075,471853.0,413204.82,M9706554,0,0,1,2026-01-08T12:36:44.951789,unusual_type
TXN-00002859,204,DEBIT,5647.01,C1000046,14709.71,9062.7,M7943068,0,0,0,2026-01-08T12:36:44.951827,
TXN-00002860,205,TRANSFER,145828.79,C1000053,0.0,-146818.58,M1446185,0,0,1,2026-01-08T12:36:44.951846,balance_mismatch
TXN-00002861,204,TRANSFER,8735.16,C1000039,95429.77,86694.62,M9814553,0,0,0,2026-01-08T12:36:44.951889,
TXN-00002862,212,CASH_OUT,94730.19,C1000043,152519.55,57789.36,M4509818,0,0,1,2026-01-08T12:36:44.951908,unusual_type
TXN-00002863,204,CASH_IN,1341.82,C1000002,358795.46,360137.29,M8027325,0,0,0,2026-01-08T12:36:44.951945,
TXN-00002864,204,CASH_OUT,10.0,C1000023,89913.94,89903.94,M1552154,0,0,0,2026-01-08T12:36:44.951983,
TXN-00002865,204,DEBIT,1220.5,C1000057,6757.08,5536.58,M8823453,0,0,0,2026-01-08T12:36:44.952022,
TXN-00002866,204,TRANSFER,3009.61,C1000040,96249.24,93239.63,M8527701,0,0,0,2026-01-08T12:36:44.952060,
TXN-00002867,204,PAYMENT,2047.71,C1000085,23646.36,21598.65,M1692255,0,0,0,2026-01-08T12:36:44.952098,
TXN-00002868,204,TRANSFER,5577.69,C1000052,159896.53,154318.85,M7878211,0,0,0,2026-01-08T12:36:44.952136,
TXN-00002869,204,PAYMENT,1488.38,C1000058,0.0,0.0,M3245748,0,0,0,2026-01-08T12:36:44.952175,
TXN-00002870,204,PAYMENT,276.19,C1000060,65453.2,65177.01,M5168021,0,0,0,2026-01-08T12:36:44.952212,
TXN-00002871,204,DEBIT,1539.67,C1000071,246758.98,245219.3,M4058640,0,0,0,2026-01-08T12:36:44.952249,
TXN-00002872,204,PAYMENT,54674.08,C1000000,0.0,0.0,M4009340,0,0,0,2026-01-08T12:36:44.952287,
TXN-00002873,204,PAYMENT,173159.87,C1000050,0.0,0.0,M3819926,0,0,0,2026-01-08T12:36:44.952403,
TXN-00002874,204,TRANSFER,1691.62,C1000018,225174.26,223482.64,M1240524,0,0,0,2026-01-08T12:36:44.952506,
TXN-00002875,204,DEBIT,13186.12,C1000063,72284.3,59098.17,M5330546,0,0,0,2026-01-08T12:36:44.952559,
TXN-00002876,204,TRANSFER,772.92,C1000083,247691.33,246918.41,M7852611,0,0,0,2026-01-08T12:36:44.952599,
TXN-00002877,204,PAYMENT,1585.09,C1000028,53507.74,51922.66,M8196155,0,0,0,2026-01-08T12:36:44.952638,
TXN-00002878,204,TRANSFER,27.96,C1000004,241188.82,241160.85,M8515266,0,0,0,2026-01-08T12:36:44.952694,
TXN-00002879,204,PAYMENT,3443.4,C1000041,338627.55,335184.16,M3259803,0,0,0,2026-01-08T12:36:44.952734,
TXN-00002880,204,TRANSFER,3805.02,C1000096,395482.07,391677.04,M7803417,0,0,0,2026-01-08T12:36:44.952772,
TXN-00002881,196,TRANSFER,29826.15,C1000066,13140.09,0.0,M9705649,0,0,1,2026-01-08T12:36:44.952795,night_transaction
TXN-00002882,204,TRANSFER,43947.2,C1000074,126576.81,82629.61,M3989355,0,0,1,2026-01-08T12:36:44.952813,rapid_succession
TXN-00002883,204,PAYMENT,6201.2,C1000003,121935.82,115734.62,M6308391,0,0,0,2026-01-08T12:36:44.952850,
TXN-00002884,204,PAYMENT,1514.56,C1000026,283649.87,282135.31,M4375805,0,0,0,2026-01-08T12:36:44.952888,
TXN-00002885,204,TRANSFER,7169.44,C1000011,0.0,0.0,M4111691,0,0,0,2026-01-08T12:36:44.952927,
TXN-00002886,207,CASH_OUT,64544.43,C1000013,45950.0,0.0,M8433606,0,0,1,2026-01-08T12:36:44.952945,large_amount
TXN-00002887,204,CASH_IN,10.0,C1000040,93239.63,93249.63,M7852666,0,0,0,2026-01-08T12:36:44.952982,
TXN-00002888,204,TRANSFER,6085.66,C1000046,9062.7,2977.04,M9650718,0,0,0,2026-01-08T12:36:44.953021,
TXN-00002889,204,PAYMENT,35095.33,C1000012,0.0,0.0,M2713154,0,0,0,2026-01-08T12:36:44.953058,
TXN-00002890,204,TRANSFER,699.39,C1000061,271145.16,270445.77,M5558662,0,0,0,2026-01-08T12:36:44.953096,
TXN-00002891,204,TRANSFER,1936.37,C1000028,51922.66,49986.28,M7453460,0,0,0,2026-01-08T12:36:44.953134,
TXN-00002892,204,PAYMENT,6915.4,C1000084,232264.56,225349.16,M2061174,0,0,0,2026-01-08T12:36:44.953188,
TXN-00002893,204,PAYMENT,6465.4,C1000003,115734.62,109269.22,M5230180,0,0,0,2026-01-08T12:36:44.953248,
TXN-00002894,204,PAYMENT,2996.39,C1000072,17290.86,14294.48,M3002315,0,0,0,2026-01-08T12:36:44.953300,
TXN-00002895,204,CASH_OUT,43998.3,C1000042,212142.25,168143.95,M4754960,0,0,0,2026-01-08T12:36:44.953351,
TXN-00002896,207,CASH_OUT,52549.72,C1000039,86694.62,34144.9,M9336944,0,0,1,2026-01-08T12:36:44.953378,unusual_type
TXN-00002897,204,CASH_OUT,46384.23,C1000053,0.0,0.0,M4013654,0,0,0,2026-01-08T12:36:44.953429,
TXN-00002898,204,CASH_OUT,17893.21,C1000093,0.0,0.0,M2332935,0,0,0,2026-01-08T12:36:44.953479,
TXN-00002899,204,DEBIT,18491.17,C1000076,113176.35,94685.18,M6562011,0,0,0,2026-01-08T12:36:44.953529,
TXN-00002900,204,CASH_OUT,26162.8,C1000056,0.0,0.0,M9895109,0,0,0,2026-01-08T12:36:44.953655,
TXN-00002901,204,CASH_OUT,17886.46,C1000076,94685.18,76798.73,M2025993,0,0,0,2026-01-08T12:36:44.953738,
TXN-00002902,204,TRANSFER,24520.46,C1000095,0.0,0.0,M6274445,0,0,0,2026-01-08T12:36:44.953781,
TXN-00002903,204,PAYMENT,26882.77,C1000095,0.0,0.0,M1644711,0,0,0,2026-01-08T12:36:44.953819,
TXN-00002904,195,CASH_OUT,13438.63,C1000052,154318.85,140880.21,M4396220,0,0,1,2026-01-08T12:36:44.953840,rapid_succession
TXN-00002905,204,TRANSFER,13351.24,C1000063,59098.17,45746.93,M7743213,0,0,0,2026-01-08T12:36:44.953878,
TXN-00002906,204,TRANSFER,4003.0,C1000080,175417.07,171414.08,M5743617,0,0,0,2026-01-08T12:36:44.953916,
TXN-00002907,204,TRANSFER,37913.56,C1000030,116506.37,78592.81,M2095509,0,0,1,2026-01-08T12:36:44.953936,rapid_succession
TXN-00002908,204,PAYMENT,1226.48,C1000007,93285.8,92059.33,M6007081,0,0,0,2026-01-08T12:36:44.953973,
TXN-00002909,204,PAYMENT,2615.7,C1000089,254607.13,251991.43,M2896753,0,0,0,2026-01-08T12:36:44.954011,
TXN-00002910,207,TRANSFER,130519.5,C1000009,140240.29,10299.73,M3478808,0,0,1,2026-01-08T12:36:44.954030,balance_mismatch
TXN-00002911,204,DEBIT,33135.39,C1000073,0.0,0.0,M4032598,0,0,0,2026-01-08T12:36:44.954070,
TXN-00002912,204,PAYMENT,2350.59,C1000068,162526.47,160175.89,M5985862,0,0,0,2026-01-08T12:36:44.954108,
TXN-00002913,204,CASH_OUT,1798.43,C1000086,236911.67,235113.24,M2308559,0,0,0,2026-01-08T12:36:44.954146,
TXN-00002914,204,PAYMENT,4843.97,C1000003,109269.22,104425.25,M9905150,0,0,0,2026-01-08T12:36:44.954184,
TXN-00002915,204,PAYMENT,13739.61,C1000063,45746.93,32007.32,M5686252,0,0,0,2026-01-08T12:36:44.954250,
TXN-00002916,204,CASH_OUT,2048.57,C1000006,349066.3,347017.74,M4234936,0,0,0,2026-01-08T12:36:44.954300,
TXN-00002917,198,CASH_OUT,66875.17,C1000028,49986.28,0.0,M2969599,0,0,1,2026-01-08T12:36:44.954321,unusual_type
TXN-00002918,204,PAYMENT,16451.77,C1000079,4203.53,0.0,M2009452,0,0,0,2026-01-08T12:36:44.954361,
TXN-00002919,204,CASH_OUT,20011.59,C1000042,168143.95,148132.36,M7563949,0,0,0,2026-01-08T12:36:44.954399,
TXN-00002920,213,TRANSFER,44109.23,C1000084,225349.16,181239.93,M4728488,0,0,1,2026-01-08T12:36:44.954419,rapid_succession
TXN-00002921,204,CASH_IN,3564.42,C1000040,93249.63,96814.05,M2885674,0,0,0,2026-01-08T12:36:44.954455,
TXN-00002922,204,PAYMENT,6101.4,C1000046,2977.04,0.0,M7533084,0,0,0,2026-01-08T12:36:44.954493,
TXN-00002923,204,CASH_OUT,18152.75,C1000076,76798.73,58645.97,M9792354,0,0,0,2026-01-08T12:36:44.954530,
TXN-00002924,204,PAYMENT,18449.61,C1000042,148132.36,129682.74,M9187832,0,0,0,2026-01-08T12:36:44.954568,
TXN-00002925,204,CASH_OUT,18759.62,C1000024,0.0,0.0,M1191842,0,0,0,2026-01-08T12:36:44.954605,
TXN-00002926,204,TRANSFER,3099.64,C1000078,45765.04,42665.4,M1045958,0,0,0,2026-01-08T12:36:44.954642,
TXN-00002927,204,TRANSFER,3842.25,C1000010,0.0,0.0,M4323764,0,0,0,2026-01-08T12:36:44.954679,
TXN-00002928,215,TRANSFER,86602.23,C1000094,244006.37,161225.15,M3405271,0,0,1,2026-01-08T12:36:44.954698,balance_mismatch
TXN-00002929,204,CASH_OUT,1935.16,C1000017,196342.91,194407.75,M3748824,0,0,0,2026-01-08T12:36:44.954766,
TXN-00002930,215,TRANSFER,75282.39,C1000040,96814.05,24880.58,M1610809,0,0,1,2026-01-08T12:36:44.954794,balance_mismatch
TXN-00002931,204,PAYMENT,17404.89,C1000095,0.0,0.0,M9657507,0,0,0,2026-01-08T12:36:44.954854,
TXN-00002932,215,CASH_OUT,89528.28,C1000002,360137.29,270609.0,M8165030,0,0,1,2026-01-08T12:36:44.954879,unusual_type
TXN-00002933,204,CASH_IN,440.17,C1000041,335184.16,335624.33,M9546921,0,0,0,2026-01-08T12:36:44.954934,
TXN-00002934,204,PAYMENT,635.46,C1000023,89903.94,89268.48,M3201465,0,0,0,2026-01-08T12:36:44.954988,
TXN-00002935,204,DEBIT,16933.31,C1000035,0.0,0.0,M6166959,0,0,0,2026-01-08T12:36:44.955042,
TXN-00002936,204,TRANSFER,2023.23,C1000089,251991.43,249968.2,M8732629,0,0,0,2026-01-08T12:36:44.955096,
TXN-00002937,204,CASH_OUT,54951.51,C1000000,0.0,0.0,M1698696,0,0,0,2026-01-08T12:36:44.955149,
TXN-00002938,204,PAYMENT,4783.78,C1000027,5030.52,246.74,M9464447,0,0,0,2026-01-08T12:36:44.955202,
TXN-00002939,204,PAYMENT,4174.92,C1000003,104425.25,100250.33,M7832526,0,0,0,2026-01-08T12:36:44.955264,
TXN-00002940,204,PAYMENT,3776.33,C1000087,379910.26,376133.94,M7112995,0,0,0,2026-01-08T12:36:44.955318,
TXN-00002941,195,TRANSFER,139251.53,C1000043,152519.55,8540.0,M8564450,0,0,1,2026-01-08T12:36:44.955345,balance_mismatch
TXN-00002942,200,CASH_OUT,181721.72,C1000045,97590.43,0.0,M6270655,0,0,1,2026-01-08T12:36:44.955372,large_amount
TXN-00002943,204,DEBIT,5938.52,C1000003,100250.33,94311.81,M5318818,0,0,0,2026-01-08T12:36:44.955425,
TXN-00002944,204,PAYMENT,23848.44,C1000037,0.0,0.0,M3370007,0,0,0,2026-01-08T12:36:44.955480,
TXN-00002945,204,PAYMENT,7547.81,C1000011,0.0,0.0,M6211308,0,0,0,2026-01-08T12:36:44.955531,
TXN-00002946,200,CASH_OUT,193026.88,C1000046,0.0,0.0,M1786590,0,0,1,2026-01-08T12:36:44.955555,large_amount
TXN-00002947,204,TRANSFER,35472.17,C1000012,0.0,0.0,M2155320,0,0,0,2026-01-08T12:36:44.955606,
TXN-00002948,204,TRANSFER,2384.88,C1000043,152519.55,150134.67,M9761674,0,0,0,2026-01-08T12:36:44.955658,
TXN-00002949,215,CASH_OUT,120286.9,C1000058,0.0,0.0,M8217273,0,0,1,2026-01-08T12:36:44.955684,large_amount
TXN-00002950,204,PAYMENT,2826.0,C1000062,30702.72,27876.73,M3419827,0,0,0,2026-01-08T12:36:44.955744,
TXN-00002951,204,PAYMENT,2195.77,C1000058,0.0,0.0,M3799667,0,0,0,2026-01-08T12:36:44.955792,
TXN-00002952,204,PAYMENT,34221.45,C1000073,0.0,0.0,M5925638,0,0,0,2026-01-08T12:36:44.955852,
TXN-00002953,192,TRANSFER,107073.51,C1000020,428048.81,323818.09,M9255267,0,0,1,2026-01-08T12:36:44.955886,balance_mismatch
TXN-00002954,195,TRANSFER,84426.65,C1000028,49986.28,0.0,M6263030,0,0,1,2026-01-08T12:36:44.956200,night_transaction
TXN-00002955,209,TRANSFER,132041.38,C1000088,81374.82,-47681.16,M4106110,0,0,1,2026-01-08T12:36:44.956816,balance_mismatch
TXN-00002956,209,TRANSFER,24025.77,C1000099,276424.93,252399.15,M5333200,0,0,1,2026-01-08T12:36:44.957040,rapid_succession
TXN-00002957,204,TRANSFER,55887.46,C1000000,0.0,0.0,M6903824,0,0,0,2026-01-08T12:36:44.957403,
TXN-00002958,204,PAYMENT,803.16,C1000071,245219.3,244416.15,M5611124,0,0,0,2026-01-08T12:36:44.957630,
TXN-00002959,204,TRANSFER,9585.33,C1000057,5536.58,0.0,M4792053,0,0,0,2026-01-08T12:36:44.957815,
TXN-00002960,204,PAYMENT,4341.63,C1000010,0.0,0.0,M9497257,0,0,0,2026-01-08T12:36:44.958181,
TXN-00002961,204,PAYMENT,8013.36,C1000099,276424.93,268411.57,M5978115,0,0,0,2026-01-08T12:36:44.958330,
TXN-00002962,204,PAYMENT,10.0,C1000084,225349.16,225339.16,M5447189,0,0,0,2026-01-08T12:36:44.958421,
TXN-00002963,204,PAYMENT,10.0,C1000064,0.0,0.0,M1238483,0,0,0,2026-01-08T12:36:44.958503,
TXN-00002964,202,CASH_OUT,27656.95,C1000009,140240.29,112583.33,M2998338,0,0,1,2026-01-08T12:36:44.958543,rapid_succession
TXN-00002965,204,PAYMENT,581.25,C1000007,92059.33,91478.08,M5982970,0,0,0,2026-01-08T12:36:44.958653,
TXN-00002966,204,CASH_IN,1711.07,C1000023,89268.48,90979.56,M8695676,0,0,0,2026-01-08T12:36:44.960578,
TXN-00002967,204,DEBIT,5026.65,C1000091,0.0,0.0,M4693371,0,0,0,2026-01-08T12:36:44.960729,
TXN-00002968,204,PAYMENT,9958.9,C1000074,126576.81,116617.91,M5370052,0,0,0,2026-01-08T12:36:44.960805,
TXN-00002969,204,CASH_OUT,828.27,C1000094,244006.37,243178.1,M4754708,0,0,0,2026-01-08T12:36:44.960868,
TXN-00002970,209,CASH_OUT,40263.4,C1000009,140240.29,99976.88,M3778860,0,0,1,2026-01-08T12:36:44.961037,unusual_type
TXN-00002971,204,PAYMENT,1240.31,C1000002,360137.29,358896.97,M4022968,0,0,0,2026-01-08T12:36:44.961377,
TXN-00002972,204,PAYMENT,4283.53,C1000029,10272.98,5989.44,M1787305,0,0,0,2026-01-08T12:36:44.961482,
TXN-00002973,204,CASH_OUT,24479.25,C1000037,0.0,0.0,M3866982,0,0,0,2026-01-08T12:36:44.961629,
TXN-00002974,204,CASH_OUT,10.0,C1000020,428048.81,428038.81,M3522071,0,0,0,2026-01-08T12:36:44.961902,
TXN-00002975,204,CASH_OUT,885.06,C1000071,244416.15,243531.09,M5871050,0,0,0,2026-01-08T12:36:44.962029,
TXN-00002976,194,TRANSFER,82675.65,C1000069,167107.19,84431.54,M4753699,0,0,1,2026-01-08T12:36:44.962080,night_transaction
TXN-00002977,204,PAYMENT,19449.34,C1000079,0.0,0.0,M6806628,0,0,0,2026-01-08T12:36:44.962167,
TXN-00002978,201,CASH_OUT,149914.36,C1000058,0.0,0.0,M2351973,0,0,1,2026-01-08T12:36:44.962210,large_amount
TXN-00002979,204,PAYMENT,10.0,C1000066,13140.09,13130.09,M4731009,0,0,0,2026-01-08T12:36:44.962295,
TXN-00002980,196,TRANSFER,40866.51,C1000077,138198.72,97332.22,M8162921,0,0,1,2026-01-08T12:36:44.962337,night_transaction
TXN-00002981,204,CASH_IN,8832.08,C1000039,86694.62,95526.7,M9518165,0,0,0,2026-01-08T12:36:44.962427,
TXN-00002982,200,CASH_OUT,89768.36,C1000019,0.0,0.0,M1376915,0,0,1,2026-01-08T12:36:44.962466,large_amount
TXN-00002983,204,TRANSFER,10.0,C1000078,42665.4,42655.4,M2178714,0,0,0,2026-01-08T12:36:44.962546,
TXN-00002984,193,TRANSFER,83028.85,C1000062,27876.73,-59818.31,M6724059,0,0,1,2026-01-08T12:36:44.962640,balance_mismatch
TXN-00002985,204,CASH_IN,2119.01,C1000048,246469.48,248588.49,M9396493,0,0,0,2026-01-08T12:36:44.962781,
TXN-00002986,204,CASH_OUT,61098.68,C1000086,235113.24,174014.55,M4497650,0,0,1,2026-01-08T12:36:44.962833,large_amount
TXN-00002987,204,PAYMENT,1172.33,C1000038,0.0,0.0,M3080577,0,0,0,2026-01-08T12:36:44.962924,
TXN-00002988,204,PAYMENT,173675.86,C1000050,0.0,0.0,M7737103,0,0,0,2026-01-08T12:36:44.963004,
TXN-00002989,204,TRANSFER,3407.52,C1000087,376133.94,372726.42,M3981350,0,0,0,2026-01-08T12:36:44.963084,
TXN-00002990,204,TRANSFER,13533.75,C1000063,32007.32,18473.58,M5066005,0,0,0,2026-01-08T12:36:44.963156,
TXN-00002991,204,PAYMENT,2769.27,C1000020,428038.81,425269.54,M5750342,0,0,0,2026-01-08T12:36:44.963229,
TXN-00002992,204,DEBIT,1080.32,C1000016,230533.56,229453.24,M5474857,0,0,0,2026-01-08T12:36:44.963321,
TXN-00002993,204,TRANSFER,10.0,C1000064,0.0,0.0,M7358168,0,0,0,2026-01-08T12:36:44.963489,
TXN-00002994,204,PAYMENT,8873.69,C1000039,95526.7,86653.01,M5575502,0,0,0,2026-01-08T12:36:44.963566,
TXN-00002995,202,CASH_OUT,37846.11,C1000088,81374.82,43528.72,M6693568,0,0,1,2026-01-08T12:36:44.963672,rapid_succession
TXN-00002996,201,TRANSFER,43173.93,C1000091,0.0,-45058.03,M1802074,0,0,1,2026-01-08T12:36:44.963710,balance_mismatch
TXN-00002997,204,CASH_OUT,12541.69,C1000074,116617.91,104076.22,M9348361,0,0,0,2026-01-08T12:36:44.963867,
TXN-00002998,204,TRANSFER,2042.96,C1000072,14294.48,12251.52,M6675050,0,0,0,2026-01-08T12:36:44.963981,
TXN-00002999,204,CASH_OUT,25921.84,C1000095,0.0,0.0,M8750364,0,0,0,2026-01-08T12:36:44.964063,
TXN-00003000,204,PAYMENT,8997.64,C1000031,0.0,0.0,M6985356,0,0,0,2026-01-08T12:36:44.964136,
TXN-00003001,204,PAYMENT,492.42,C1000080,171414.08,170921.66,M5513891,0,0,0,2026-01-08T12:36:44.964199,
TXN-00003002,206,TRANSFER,146186.68,C1000043,150134.67,249.39,M1017365,0,0,1,2026-01-08T12:36:44.964233,balance_mismatch
TXN-00003003,204,PAYMENT,10.0,C1000064,0.0,0.0,M2826573,0,0,0,2026-01-08T12:36:44.964304,
TXN-00003004,204,PAYMENT,1980.79,C1000071,243531.09,241550.3,M5225020,0,0,0,2026-01-08T12:36:44.964398,
TXN-00003005,204,PAYMENT,1969.52,C1000006,347017.74,345048.22,M8101575,0,0,0,2026-01-08T12:36:44.964500,
TXN-00003006,214,CASH_OUT,14917.12,C1000098,304766.74,289849.61,M9956269,0,0,1,2026-01-08T12:36:44.964571,rapid_succession
TXN-00003007,196,TRANSFER,32462.89,C1000089,249968.2,217505.32,M2838670,0,0,1,2026-01-08T12:36:44.964623,night_transaction
TXN-00003008,196,CASH_OUT,57288.63,C1000068,160175.89,102887.26,M3028318,0,0,1,2026-01-08T12:36:44.964722,unusual_type
TXN-00003009,204,PAYMENT,10.0,C1000021,0.0,0.0,M1687396,0,0,0,2026-01-08T12:36:44.965103,
TXN-00003010,204,DEBIT,1152.07,C1000089,249968.2,248816.14,M7351361,0,0,0,2026-01-08T12:36:44.965419,
TXN-00003011,194,TRANSFER,83771.44,C1000038,0.0,0.0,M7458048,0,0,1,2026-01-08T12:36:44.965474,night_transaction
TXN-00003012,204,PAYMENT,1506.2,C1000083,246918.41,245412.21,M7314620,0,0,0,2026-01-08T12:36:44.965552,
TXN-00003013,204,TRANSFER,1429.12,C1000069,167107.19,165678.07,M5887335,0,0,0,2026-01-08T12:36:44.965619,
TXN-00003014,204,CASH_IN,514.12,C1000022,63401.4,63915.52,M8964705,0,0,0,2026-01-08T12:36:44.965672,
TXN-00003015,214,TRANSFER,122125.83,C1000060,65177.01,-61782.37,M1211730,0,0,1,2026-01-08T12:36:44.965702,balance_mismatch
TXN-00003016,204,PAYMENT,7627.86,C1000099,268411.57,260783.71,M7138194,0,0,0,2026-01-08T12:36:44.965770,
TXN-00003017,204,PAYMENT,870.17,C1000077,138198.72,137328.56,M1157912,0,0,0,2026-01-08T12:36:44.965840,
TXN-00003018,204,PAYMENT,1078.87,C1000038,0.0,0.0,M8672460,0,0,0,2026-01-08T12:36:44.965917,
TXN-00003019,204,PAYMENT,13884.26,C1000054,41807.06,27922.8,M8230564,0,0,0,2026-01-08T12:36:44.965997,
TXN-00003020,204,TRANSFER,1026.06,C1000041,335624.33,334598.26,M1039117,0,0,0,2026-01-08T12:36:44.966062,
TXN-00003021,204,TRANSFER,5255.85,C1000010,0.0,0.0,M5649889,0,0,0,2026-01-08T12:36:44.966159,
TXN-00003022,204,PAYMENT,4637.8,C1000047,62024.3,57386.5,M8309800,0,0,0,2026-01-08T12:36:44.966233,
TXN-00003023,204,PAYMENT,10.0,C1000014,357019.34,357009.34,M2266845,0,0,0,2026-01-08T12:36:44.966301,
TXN-00003024,204,PAYMENT,706.84,C1000034,99671.47,98964.63,M3670774,0,0,0,2026-01-08T12:36:44.966477,
TXN-00003025,204,PAYMENT,10.0,C1000047,57386.5,57376.5,M6575559,0,0,0,2026-01-08T12:36:44.966549,
TXN-00003026,204,CASH_OUT,3772.11,C1000043,150134.67,146362.56,M2462256,0,0,0,2026-01-08T12:36:44.966612,
TXN-00003027,204,CASH_OUT,10.0,C1000057,0.0,0.0,M3808007,0,0,0,2026-01-08T12:36:44.966677,
TXN-00003028,204,PAYMENT,5645.19,C1000049,185727.78,180082.59,M6399174,0,0,0,2026-01-08T12:36:44.966742,
TXN-00003029,204,PAYMENT,6015.63,C1000059,259155.38,253139.75,M5107869,0,0,0,2026-01-08T12:36:44.966801,
TXN-00003030,194,TRANSFER,44435.6,C1000050,0.0,-40139.3,M3774956,0,0,1,2026-01-08T12:36:44.966836,balance_mismatch
TXN-00003031,203,TRANSFER,49569.33,C1000046,0.0,-48109.83,M3046678,0,0,1,2026-01-08T12:36:44.966870,balance_mismatch
TXN-00003032,201,CASH_OUT,92462.41,C1000094,243178.1,150715.69,M8507251,0,0,1,2026-01-08T12:36:44.966901,large_amount
TXN-00003033,214,CASH_OUT,93559.61,C1000061,270445.77,176886.17,M9393662,0,0,1,2026-01-08T12:36:44.966928,unusual_type
TXN-00003034,204,PAYMENT,49.96,C1000057,0.0,0.0,M2616460,0,0,0,2026-01-08T12:36:44.966999,
TXN-00003035,204,PAYMENT,10.0,C1000009,140240.29,140230.29,M8826679,0,0,0,2026-01-08T12:36:44.967060,
TXN-00003036,204,PAYMENT,10.0,C1000085,21598.65,21588.65,M5014327,0,0,0,2026-01-08T12:36:44.967114,
TXN-00003037,204,CASH_OUT,2582.97,C1000041,334598.26,332015.3,M8126807,0,0,0,2026-01-08T12:36:44.967168,
TXN-00003038,192,CASH_OUT,118629.61,C1000078,42655.4,0.0,M9776229,0,0,1,2026-01-08T12:36:44.967195,large_amount
TXN-00003039,204,TRANSFER,53571.74,C1000000,0.0,0.0,M5701319,0,0,0,2026-01-08T12:36:44.967245,
TXN-00003040,204,CASH_OUT,10.0,C1000075,471853.0,471843.0,M6506502,0,0,0,2026-01-08T12:36:44.967297,
TXN-00003041,204,CASH_OUT,3695.2,C1000006,345048.22,341353.02,M5568429,0,0,0,2026-01-08T12:36:44.967350,
TXN-00003042,192,TRANSFER,41437.57,C1000068,160175.89,115550.33,M1158136,0,0,1,2026-01-08T12:36:44.967378,balance_mismatch
TXN-00003043,204,CASH_OUT,2328.63,C1000041,332015.3,329686.67,M6984689,0,0,0,2026-01-08T12:36:44.967435,
TXN-00003044,200,TRANSFER,120022.56,C1000071,241550.3,123512.04,M7292595,0,0,1,2026-01-08T12:36:44.967460,balance_mismatch
TXN-00003045,204,PAYMENT,10.0,C1000061,270445.77,270435.77,M3738795,0,0,0,2026-01-08T12:36:44.967518,
TXN-00003046,197,TRANSFER,28895.48,C1000054,27922.8,0.0,M1657530,0,0,1,2026-01-08T12:36:44.967544,night_transaction
TXN-00003047,204,PAYMENT,15701.56,C1000078,42655.4,26953.85,M6207196,0,0,0,2026-01-08T12:36:44.967594,
TXN-00003048,200,CASH_OUT,82858.03,C1000080,170921.66,88063.63,M2208389,0,0,1,2026-01-08T12:36:44.967620,unusual_type
TXN-00003049,204,TRANSFER,18449.81,C1000093,0.0,0.0,M2902516,0,0,0,2026-01-08T12:36:44.967671,
TXN-00003050,204,PAYMENT,3637.33,C1000087,372726.42,369089.09,M6238994,0,0,0,2026-01-08T12:36:44.967726,
TXN-00003051,200,TRANSFER,22438.15,C1000011,0.0,0.0,M2776918,0,0,1,2026-01-08T12:36:44.967757,rapid_succession
TXN-00003052,214,CASH_OUT,40721.4,C1000030,116506.37,75784.97,M6644811,0,0,1,2026-01-08T12:36:44.967782,rapid_succession
TXN-00003053,192,TRANSFER,82026.39,C1000066,13130.09,-65532.54,M9563659,0,0,1,2026-01-08T12:36:44.967806,balance_mismatch
TXN-00003054,204,DEBIT,17899.48,C1000019,0.0,0.0,M9819579,0,0,0,2026-01-08T12:36:44.967864,
TXN-00003055,204,PAYMENT,10.0,C1000072,12251.52,12241.52,M1783956,0,0,0,2026-01-08T12:36:44.967919,
TXN-00003056,204,CASH_OUT,3176.05,C1000085,21588.65,18412.6,M4915302,0,0,0,2026-01-08T12:36:44.967973,
TXN-00003057,204,PAYMENT,9361.89,C1000058,0.0,0.0,M7714157,0,0,0,2026-01-08T12:36:44.968034,
TXN-00003058,204,CASH_IN,36793.94,C1000064,0.0,36793.94,M7506629,0,0,0,2026-01-08T12:36:44.968097,
TXN-00003059,204,PAYMENT,28911.53,C1000067,0.0,0.0,M6368599,0,0,0,2026-01-08T12:36:44.968150,
TXN-00003060,204,CASH_OUT,1236.85,C1000018,223482.64,222245.79,M6802588,0,0,0,2026-01-08T12:36:44.968201,
TXN-00003061,202,CASH_OUT,104417.44,C1000033,259223.87,154806.43,M2207185,0,0,1,2026-01-08T12:36:44.968230,unusual_type
TXN-00003062,204,CASH_OUT,1434.26,C1000075,471843.0,470408.74,M6956060,0,0,0,2026-01-08T12:36:44.968281,
TXN-00003063,204,PAYMENT,10.0,C1000033,259223.87,259213.87,M9486694,0,0,0,2026-01-08T12:36:44.968333,
TXN-00003064,204,TRANSFER,19651.07,C1000024,0.0,0.0,M6029966,0,0,0,2026-01-08T12:36:44.968386,
TXN-00003065,204,PAYMENT,10.0,C1000081,120448.09,120438.09,M5512026,0,0,0,2026-01-08T12:36:44.968437,
TXN-00003066,195,CASH_OUT,45959.43,C1000028,49986.28,4026.86,M9319783,0,0,1,2026-01-08T12:36:44.968466,rapid_succession
TXN-00003067,204,TRANSFER,904.49,C1000002,358896.97,357992.48,M6494759,0,0,0,2026-01-08T12:36:44.968517,
TXN-00003068,197,TRANSFER,63216.62,C1000075,470408.74,407192.11,M7233957,0,0,1,2026-01-08T12:36:44.968542,night_transaction
TXN-00003069,204,PAYMENT,1772.3,C1000070,0.0,0.0,M6478280,0,0,0,2026-01-08T12:36:44.968592,
TXN-00003070,204,TRANSFER,4768.42,C1000049,180082.59,175314.18,M7284398,0,0,0,2026-01-08T12:36:44.968645,
TXN-00003071,204,DEBIT,7523.47,C1000054,27922.8,20399.33,M3892755,0,0,0,2026-01-08T12:36:44.968698,
TXN-00003072,204,PAYMENT,1687.62,C1000057,0.0,0.0,M5189187,0,0,0,2026-01-08T12:36:44.968753,
TXN-00003073,204,TRANSFER,3807.3,C1000085,18412.6,14605.3,M6654698,0,0,0,2026-01-08T12:36:44.968806,
TXN-00003074,204,DEBIT,173658.07,C1000050,0.0,0.0,M6310420,0,0,0,2026-01-08T12:36:44.968868,
TXN-00003075,204,PAYMENT,22020.27,C1000024,0.0,0.0,M8748644,0,0,0,2026-01-08T12:36:44.968922,
TXN-00003076,204,CASH_IN,4337.92,C1000025,148802.82,153140.74,M5650725,0,0,0,2026-01-08T12:36:44.968974,
TXN-00003077,204,TRANSFER,19584.23,C1000095,0.0,0.0,M3276719,0,0,0,2026-01-08T12:36:44.969028,
TXN-00003078,204,CASH_OUT,1918.11,C1000023,90979.56,89061.45,M6433729,0,0,0,2026-01-08T12:36:44.969080,
TXN-00003079,204,TRANSFER,20910.94,C1000019,0.0,0.0,M4850302,0,0,0,2026-01-08T12:36:44.969134,
TXN-00003080,204,PAYMENT,6250.93,C1000052,154318.85,148067.92,M6374047,0,0,0,2026-01-08T12:36:44.969185,
TXN-00003081,204,CASH_OUT,7145.11,C1000011,0.0,0.0,M9152234,0,0,0,2026-01-08T12:36:44.969238,
TXN-00003082,204,PAYMENT,2114.6,C1000017,194407.75,192293.15,M9767092,0,0,0,2026-01-08T12:36:44.969291,
TXN-00003083,204,CASH_OUT,9591.36,C1000014,357009.34,347417.98,M4459459,0,0,0,2026-01-08T12:36:44.969345,
TXN-00003084,204,TRANSFER,18721.3,C1000035,0.0,0.0,M8050593,0,0,0,2026-01-08T12:36:44.969398,
TXN-00003085,204,CASH_OUT,19422.96,C1000024,0.0,0.0,M4984024,0,0,0,2026-01-08T12:36:44.969448,
TXN-00003086,204,PAYMENT,33903.17,C1000073,0.0,0.0,M7105710,0,0,0,2026-01-08T12:36:44.969500,
TXN-00003087,204,CASH_IN,10.0,C1000068,160175.89,160185.89,M5539688,0,0,0,2026-01-08T12:36:44.969551,
TXN-00003088,204,PAYMENT,7775.44,C1000078,26953.85,19178.41,M4971679,0,0,0,2026-01-08T12:36:44.969604,
TXN-00003089,213,CASH_OUT,38227.5,C1000091,0.0,0.0,M5479287,0,0,1,2026-01-08T12:36:44.969634,rapid_succession
TXN-00003090,204,PAYMENT,7627.92,C1000099,260783.71,253155.8,M3871840,0,0,0,2026-01-08T12:36:44.969685,
TXN-00003091,212,TRANSFER,52377.46,C1000072,12241.52,-44066.21,M5715038,0,0,1,2026-01-08T12:36:44.969712,balance_mismatch
TXN-00003092,204,TRANSFER,6519.1,C1000059,253139.75,246620.64,M3946034,0,0,0,2026-01-08T12:36:44.969768,
TXN-00003093,204,PAYMENT,2230.89,C1000041,329686.67,327455.78,M1481269,0,0,0,2026-01-08T12:36:44.969821,
TXN-00003094,204,CASH_OUT,24500.44,C1000024,0.0,0.0,M2807509,0,0,0,2026-01-08T12:36:44.969875,
TXN-00003095,204,TRANSFER,4842.26,C1000025,153140.74,148298.47,M7049086,0,0,0,2026-01-08T12:36:44.969926,
TXN-00003096,204,TRANSFER,622.25,C1000097,129007.83,128385.58,M9484813,0,0,0,2026-01-08T12:36:44.969980,
TXN-00003097,204,TRANSFER,75683.68,C1000074,104076.22,29237.32,M1236038,0,0,1,2026-01-08T12:36:44.970004,balance_mismatch
TXN-00003098,204,PAYMENT,1039.4,C1000094,243178.1,242138.7,M8835450,0,0,0,2026-01-08T12:36:44.970060,
TXN-00003099,205,TRANSFER,136322.3,C1000015,278583.35,138776.97,M9910377,0,0,1,2026-01-08T12:36:44.970088,balance_mismatch
TXN-00003100,204,TRANSFER,783.06,C1000041,327455.78,326672.72,M2883508,0,0,0,2026-01-08T12:36:44.970147,
TXN-00003101,204,PAYMENT,10.0,C1000009,140230.29,140220.29,M5179884,0,0,0,2026-01-08T12:36:44.970206,
TXN-00003102,204,PAYMENT,18339.67,C1000079,0.0,0.0,M7077786,0,0,0,2026-01-08T12:36:44.970260,
TXN-00003103,204,TRANSFER,6293.1,C1000057,0.0,0.0,M4819987,0,0,0,2026-01-08T12:36:44.970313,
TXN-00003104,204,PAYMENT,8832.3,C1000039,86653.01,77820.71,M7365194,0,0,0,2026-01-08T12:36:44.970366,
TXN-00003105,204,PAYMENT,3236.88,C1000084,225339.16,222102.28,M6261952,0,0,0,2026-01-08T12:36:44.970417,
TXN-00003106,215,TRANSFER,73100.47,C1000045,97590.43,21436.15,M2397071,0,0,1,2026-01-08T12:36:44.970444,balance_mismatch
TXN-00003107,204,CASH_OUT,6138.27,C1000046,0.0,0.0,M7420991,0,0,0,2026-01-08T12:36:44.970500,
TXN-00003108,204,PAYMENT,1424.41,C1000022,63915.52,62491.11,M2736570,0,0,0,2026-01-08T12:36:44.970550,
TXN-00003109,195,TRANSFER,24809.74,C1000044,116282.82,91473.08,M7678918,0,0,1,2026-01-08T12:36:44.970583,night_transaction
TXN-00003110,204,TRANSFER,1830.92,C1000068,160185.89,158354.97,M1551860,0,0,0,2026-01-08T12:36:44.970636,
TXN-00003111,204,PAYMENT,22327.87,C1000024,0.0,0.0,M8175810,0,0,0,2026-01-08T12:36:44.970677,
TXN-00003112,204,PAYMENT,10.0,C1000009,140220.29,140210.29,M1787799,0,0,0,2026-01-08T12:36:44.970724,
TXN-00003113,204,PAYMENT,2118.06,C1000017,192293.15,190175.09,M9907988,0,0,0,2026-01-08T12:36:44.970794,
TXN-00003114,193,CASH_OUT,42336.86,C1000022,62491.11,20154.25,M3043720,0,0,1,2026-01-08T12:36:44.970847,rapid_succession
TXN-00003115,204,TRANSFER,358.34,C1000075,470408.74,470050.4,M7212293,0,0,0,2026-01-08T12:36:44.970933,
TXN-00003116,207,CASH_OUT,61783.07,C1000093,0.0,0.0,M2313970,0,0,1,2026-01-08T12:36:44.970970,unusual_type
TXN-00003117,204,CASH_OUT,1876.34,C1000086,235113.24,233236.89,M1420221,0,0,0,2026-01-08T12:36:44.971041,
TXN-00003118,204,DEBIT,10.0,C1000014,347417.98,347407.98,M7741161,0,0,0,2026-01-08T12:36:44.971111,
TXN-00003119,204,PAYMENT,943.55,C1000008,284992.64,284049.08,M2468761,0,0,0,2026-01-08T12:36:44.971210,
TXN-00003120,204,CASH_OUT,1052.38,C1000094,242138.7,241086.32,M6776014,0,0,0,2026-01-08T12:36:44.971294,
TXN-00003121,204,PAYMENT,20032.94,C1000035,0.0,0.0,M3767149,0,0,0,2026-01-08T12:36:44.971379,
TXN-00003122,204,TRANSFER,298.18,C1000022,62491.11,62192.92,M1117651,0,0,0,2026-01-08T12:36:44.971457,
TXN-00003123,204,CASH_OUT,7656.76,C1000099,253155.8,245499.04,M2517361,0,0,0,2026-01-08T12:36:44.971534,
TXN-00003124,204,PAYMENT,10.0,C1000047,57376.5,57366.5,M9457444,0,0,0,2026-01-08T12:36:44.971608,
TXN-00003125,204,TRANSFER,916.92,C1000080,170921.66,170004.74,M2370571,0,0,0,2026-01-08T12:36:44.971676,
TXN-00003126,204,TRANSFER,2056.15,C1000072,12241.52,10185.37,M5786986,0,0,0,2026-01-08T12:36:44.971741,
TXN-00003127,204,CASH_OUT,1361.55,C1000020,425269.54,423907.99,M6915264,0,0,0,2026-01-08T12:36:44.971801,
TXN-00003128,204,CASH_OUT,8759.7,C1000058,0.0,0.0,M3865894,0,0,0,2026-01-08T12:36:44.971864,
TXN-00003129,204,CASH_OUT,6683.41,C1000088,81374.82,74691.41,M8913181,0,0,0,2026-01-08T12:36:44.971925,
TXN-00003130,204,TRANSFER,18532.08,C1000079,0.0,0.0,M1314062,0,0,0,2026-01-08T12:36:44.971985,
TXN-00003131,204,PAYMENT,6017.33,C1000059,246620.64,240603.32,M1637595,0,0,0,2026-01-08T12:36:44.972045,
TXN-00003132,204,PAYMENT,23609.82,C1000095,0.0,0.0,M6163632,0,0,0,2026-01-08T12:36:44.972119,
TXN-00003133,204,DEBIT,514.19,C1000055,239339.19,238824.99,M1780807,0,0,0,2026-01-08T12:36:44.972177,
TXN-00003134,195,CASH_OUT,27588.72,C1000043,146362.56,118773.84,M8602354,0,0,1,2026-01-08T12:36:44.972214,rapid_succession
TXN-00003135,204,TRANSFER,5172.46,C1000082,273255.21,268082.76,M1011032,0,0,0,2026-01-08T12:36:44.972276,
TXN-00003136,204,PAYMENT,676.6,C1000016,229453.24,228776.64,M8364414,0,0,0,2026-01-08T12:36:44.972337,
TXN-00003137,204,PAYMENT,384.93,C1000061,270435.77,270050.85,M5455341,0,0,0,2026-01-08T12:36:44.972395,
TXN-00003138,204,PAYMENT,4174.41,C1000023,89061.45,84887.04,M4073493,0,0,0,2026-01-08T12:36:44.972456,
TXN-00003139,204,PAYMENT,7105.9,C1000064,36793.94,29688.03,M4962046,0,0,0,2026-01-08T12:36:44.973067,
TXN-00003140,204,CASH_OUT,19938.41,C1000019,0.0,0.0,M1776457,0,0,0,2026-01-08T12:36:44.973416,
TXN-00003141,204,CASH_IN,21740.52,C1000095,0.0,21740.52,M1430778,0,0,0,2026-01-08T12:36:44.973642,
TXN-00003142,204,DEBIT,8142.83,C1000011,0.0,0.0,M5361854,0,0,0,2026-01-08T12:36:44.973760,
TXN-00003143,195,CASH_OUT,164780.1,C1000052,148067.92,0.0,M2379893,0,0,1,2026-01-08T12:36:44.974411,large_amount
TXN-00003144,204,TRANSFER,10181.09,C1000092,188632.14,178451.05,M1157711,0,0,0,2026-01-08T12:36:44.974909,
TXN-00003145,204,TRANSFER,2361.31,C1000043,146362.56,144001.25,M6529313,0,0,0,2026-01-08T12:36:44.975259,
TXN-00003146,204,CASH_OUT,3844.79,C1000027,246.74,0.0,M3394799,0,0,0,2026-01-08T12:36:44.975856,
TXN-00003147,204,DEBIT,2381.48,C1000068,158354.97,155973.49,M8701680,0,0,0,2026-01-08T12:36:44.976045,
TXN-00003148,204,CASH_OUT,680.72,C1000034,98964.63,98283.91,M4582808,0,0,0,2026-01-08T12:36:44.976153,
TXN-00003149,204,PAYMENT,5662.89,C1000003,94311.81,88648.92,M6178322,0,0,0,2026-01-08T12:36:44.976233,
TXN-00003150,204,PAYMENT,10.0,C1000075,470050.4,470040.4,M3402412,0,0,0,2026-01-08T12:36:44.976583,
TXN-00003151,206,CASH_OUT,195559.07,C1000025,148298.47,0.0,M7344658,0,0,1,2026-01-08T12:36:44.976693,large_amount
TXN-00003152,211,TRANSFER,139778.18,C1000084,222102.28,80288.77,M1762941,0,0,1,2026-01-08T12:36:44.976731,balance_mismatch
TXN-00003153,204,CASH_OUT,1853.23,C1000072,10185.37,8332.13,M8674547,0,0,0,2026-01-08T12:36:44.976930,
TXN-00003154,202,CASH_OUT,79654.39,C1000084,222102.28,142447.89,M7632314,0,0,1,2026-01-08T12:36:44.976984,unusual_type
TXN-00003155,204,PAYMENT,13966.91,C1000005,42831.21,28864.31,M6236074,0,0,0,2026-01-08T12:36:44.977097,
TXN-00003156,204,PAYMENT,38272.84,C1000012,0.0,0.0,M2363419,0,0,0,2026-01-08T12:36:44.977194,
TXN-00003157,204,CASH_OUT,843.99,C1000077,137328.56,136484.57,M7807224,0,0,0,2026-01-08T12:36:44.977281,
TXN-00003158,204,CASH_IN,10.0,C1000082,268082.76,268092.76,M9555191,0,0,0,2026-01-08T12:36:44.977350,
TXN-00003159,204,CASH_OUT,1619.07,C1000090,320294.42,318675.36,M7555148,0,0,0,2026-01-08T12:36:44.977409,
TXN-00003160,204,DEBIT,2783.36,C1000044,116282.82,113499.46,M4737765,0,0,0,2026-01-08T12:36:44.977503,
TXN-00003161,204,PAYMENT,85.77,C1000008,284049.08,283963.32,M8064697,0,0,0,2026-01-08T12:36:44.977874,
TXN-00003162,204,CASH_IN,6713.19,C1000051,434345.4,441058.59,M5034049,0,0,0,2026-01-08T12:36:44.978217,
TXN-00003163,204,TRANSFER,10111.38,C1000092,178451.05,168339.67,M3301803,0,0,0,2026-01-08T12:36:44.978364,
TXN-00003164,204,DEBIT,3889.7,C1000084,222102.28,218212.58,M4373989,0,0,0,2026-01-08T12:36:44.978465,
TXN-00003165,204,PAYMENT,6572.79,C1000036,0.0,0.0,M7032299,0,0,0,2026-01-08T12:36:44.978551,
TXN-00003166,205,CASH_OUT,184672.48,C1000014,347407.98,162735.5,M1074104,0,0,1,2026-01-08T12:36:44.978593,large_amount
TXN-00003167,204,PAYMENT,2664.09,C1000033,259213.87,256549.78,M4787101,0,0,0,2026-01-08T12:36:44.978680,
TXN-00003168,204,CASH_OUT,1174.46,C1000007,91478.08,90303.62,M7142052,0,0,0,2026-01-08T12:36:44.978770,
TXN-00003169,204,DEBIT,4760.2,C1000010,0.0,0.0,M5785010,0,0,0,2026-01-08T12:36:44.978863,
TXN-00003170,204,PAYMENT,1733.52,C1000022,62192.92,60459.4,M6184137,0,0,0,2026-01-08T12:36:44.978981,
TXN-00003171,204,PAYMENT,8332.44,C1000039,77820.71,69488.27,M3657795,0,0,0,2026-01-08T12:36:44.979281,
TXN-00003172,204,TRANSFER,10457.74,C1000092,168339.67,157881.92,M8124663,0,0,0,2026-01-08T12:36:44.979797,
TXN-00003173,204,TRANSFER,10.0,C1000082,268092.76,268082.76,M1196743,0,0,0,2026-01-08T12:36:44.979937,
TXN-00003174,204,CASH_OUT,2679.06,C1000038,0.0,0.0,M6842572,0,0,0,2026-01-08T12:36:44.980005,
TXN-00003175,204,TRANSFER,2475.36,C1000041,326672.72,324197.36,M5037855,0,0,0,2026-01-08T12:36:44.980060,
TXN-00003176,213,CASH_OUT,170776.75,C1000061,270050.85,99274.1,M1666433,0,0,1,2026-01-08T12:36:44.980110,large_amount
TXN-00003177,204,TRANSFER,4007.32,C1000038,0.0,0.0,M1244777,0,0,0,2026-01-08T12:36:44.980177,
TXN-00003178,204,CASH_IN,6697.94,C1000011,0.0,6697.94,M7560550,0,0,0,2026-01-08T12:36:44.980228,
TXN-00003179,211,TRANSFER,20007.22,C1000048,248588.49,228581.26,M1891808,0,0,1,2026-01-08T12:36:44.980257,rapid_succession
TXN-00003180,204,PAYMENT,19332.37,C1000035,0.0,0.0,M2084757,0,0,0,2026-01-08T12:36:44.980310,
TXN-00003181,204,TRANSFER,20134.94,C1000035,0.0,0.0,M9362946,0,0,0,2026-01-08T12:36:44.980364,
TXN-00003182,204,CASH_IN,5244.28,C1000046,0.0,5244.28,M9375166,0,0,0,2026-01-08T12:36:44.980415,
TXN-00003183,196,TRANSFER,95848.99,C1000056,0.0,0.0,M2396406,0,0,1,2026-01-08T12:36:44.980445,night_transaction
TXN-00003184,204,CASH_OUT,18580.1,C1000024,0.0,0.0,M6527402,0,0,0,2026-01-08T12:36:44.980497,
TXN-00003185,204,TRANSFER,41110.49,C1000012,0.0,0.0,M8910110,0,0,0,2026-01-08T12:36:44.980550,
TXN-00003186,204,PAYMENT,7087.29,C1000054,20399.33,13312.04,M5167780,0,0,0,2026-01-08T12:36:44.980602,
TXN-00003187,204,PAYMENT,1302.72,C1000008,283963.32,282660.6,M9795390,0,0,0,2026-01-08T12:36:44.980656,
TXN-00003188,192,CASH_OUT,36939.78,C1000089,248816.14,211876.35,M1729726,0,0,1,2026-01-08T12:36:44.980687,rapid_succession
TXN-00003189,204,TRANSFER,10071.04,C1000092,157881.92,147810.89,M1794940,0,0,0,2026-01-08T12:36:44.980755,
TXN-00003190,204,DEBIT,173240.43,C1000050,0.0,0.0,M7375546,0,0,0,2026-01-08T12:36:44.980827,
TXN-00003191,200,CASH_OUT,196795.97,C1000028,49986.28,0.0,M5233454,0,0,1,2026-01-08T12:36:44.980861,large_amount
TXN-00003192,204,CASH_OUT,1398.45,C1000001,121796.76,120398.31,M1944752,0,0,0,2026-01-08T12:36:44.980926,
TXN-00003193,204,PAYMENT,4346.18,C1000027,0.0,0.0,M3380739,0,0,0,2026-01-08T12:36:44.980985,
TXN-00003194,204,TRANSFER,1744.68,C1000030,116506.37,114761.69,M9033096,0,0,0,2026-01-08T12:36:44.981042,
TXN-00003195,204,TRANSFER,6208.76,C1000046,5244.28,0.0,M8673833,0,0,0,2026-01-08T12:36:44.981097,
TXN-00003196,204,PAYMENT,10.0,C1000038,0.0,0.0,M6312965,0,0,0,2026-01-08T12:36:44.981158,
TXN-00003197,204,PAYMENT,10.0,C1000055,238824.99,238814.99,M4044929,0,0,0,2026-01-08T12:36:44.981220,
TXN-00003198,204,PAYMENT,8240.42,C1000039,69488.27,61247.85,M7549579,0,0,0,2026-01-08T12:36:44.981271,
TXN-00003199,204,PAYMENT,10.0,C1000048,248588.49,248578.49,M8036713,0,0,0,2026-01-08T12:36:44.981326,
TXN-00003200,204,DEBIT,10.0,C1000041,324197.36,324187.36,M9190090,0,0,0,2026-01-08T12:36:44.981389,
TXN-00003201,204,CASH_OUT,4471.76,C1000027,0.0,0.0,M2022217,0,0,0,2026-01-08T12:36:44.981445,
TXN-00003202,204,CASH_OUT,8648.02,C1000080,170004.74,161356.72,M7854446,0,0,0,2026-01-08T12:36:44.981496,
TXN-00003203,204,TRANSFER,3270.36,C1000091,0.0,0.0,M3734008,0,0,0,2026-01-08T12:36:44.981555,
TXN-00003204,204,DEBIT,1061.17,C1000043,144001.25,142940.09,M7178569,0,0,0,2026-01-08T12:36:44.981607,
TXN-00003205,208,TRANSFER,65976.0,C1000095,21740.52,-40691.8,M8569772,0,0,1,2026-01-08T12:36:44.981638,balance_mismatch
TXN-00003206,204,PAYMENT,897.24,C1000004,241160.85,240263.61,M7271384,0,0,0,2026-01-08T12:36:44.981700,
TXN-00003207,205,CASH_OUT,41943.11,C1000008,282660.6,240717.49,M6641482,0,0,1,2026-01-08T12:36:44.981733,rapid_succession
TXN-00003208,204,PAYMENT,18813.78,C1000079,0.0,0.0,M6349445,0,0,0,2026-01-08T12:36:44.981802,
TXN-00003209,195,CASH_OUT,108524.8,C1000091,0.0,0.0,M7982361,0,0,1,2026-01-08T12:36:44.981834,large_amount
TXN-00003210,204,DEBIT,994.37,C1000066,13130.09,12135.73,M5040943,0,0,0,2026-01-08T12:36:44.982056,
TXN-00003211,210,TRANSFER,36983.72,C1000076,58645.97,21662.25,M2181937,0,0,1,2026-01-08T12:36:44.982191,rapid_succession
TXN-00003212,194,CASH_OUT,62471.26,C1000068,155973.49,93502.22,M5209581,0,0,1,2026-01-08T12:36:44.982225,night_transaction
TXN-00003213,192,CASH_OUT,93141.05,C1000028,49986.28,0.0,M4838746,0,0,1,2026-01-08T12:36:44.982250,unusual_type
TXN-00003214,204,PAYMENT,19710.28,C1000019,0.0,0.0,M4951465,0,0,0,2026-01-08T12:36:44.982429,
TXN-00003215,196,CASH_OUT,96319.51,C1000023,84887.04,0.0,M8954933,0,0,1,2026-01-08T12:36:44.982517,night_transaction
TXN-00003216,204,CASH_OUT,10.0,C1000038,0.0,0.0,M6426830,0,0,0,2026-01-08T12:36:44.982629,
TXN-00003217,204,CASH_OUT,10183.87,C1000092,147810.89,137627.01,M9621938,0,0,0,2026-01-08T12:36:44.982724,
TXN-00003218,204,PAYMENT,8346.27,C1000011,6697.94,0.0,M6343461,0,0,0,2026-01-08T12:36:44.982833,
TXN-00003219,204,PAYMENT,6518.53,C1000088,74691.41,68172.88,M5527941,0,0,0,2026-01-08T12:36:44.982925,
TXN-00003220,204,PAYMENT,20950.85,C1000024,0.0,0.0,M2923350,0,0,0,2026-01-08T12:36:44.983017,
TXN-00003221,204,TRANSFER,7622.06,C1000011,0.0,0.0,M5105423,0,0,0,2026-01-08T12:36:44.983110,
TXN-00003222,195,TRANSFER,140511.89,C1000034,98283.91,-38310.26,M8262845,0,0,1,2026-01-08T12:36:44.983154,balance_mismatch
TXN-00003223,203,TRANSFER,92939.85,C1000034,98283.91,7169.78,M1802195,0,0,1,2026-01-08T12:36:44.983194,balance_mismatch
TXN-00003224,204,DEBIT,1969.61,C1000055,238814.99,236845.39,M6341340,0,0,0,2026-01-08T12:36:44.983274,
TXN-00003225,204,TRANSFER,3184.72,C1000096,391677.04,388492.33,M7087344,0,0,0,2026-01-08T12:36:44.983350,
TXN-00003226,204,TRANSFER,6510.75,C1000088,68172.88,61662.13,M5477734,0,0,0,2026-01-08T12:36:44.983424,
TXN-00003227,204,PAYMENT,317.79,C1000008,282660.6,282342.81,M5703137,0,0,0,2026-01-08T12:36:44.983493,
TXN-00003228,204,DEBIT,49450.99,C1000053,0.0,0.0,M9004070,0,0,0,2026-01-08T12:36:44.983567,
TXN-00003229,204,PAYMENT,7361.31,C1000099,245499.04,238137.73,M8101258,0,0,0,2026-01-08T12:36:44.983634,
TXN-00003230,204,CASH_OUT,10.0,C1000078,19178.41,19168.41,M3810637,0,0,0,2026-01-08T12:36:44.983723,
TXN-00003231,198,CASH_OUT,95693.18,C1000018,222245.79,126552.61,M9470996,0,0,1,2026-01-08T12:36:44.983770,large_amount
TXN-00003232,194,TRANSFER,63968.38,C1000089,248816.14,184847.76,M1376819,0,0,1,2026-01-08T12:36:44.983816,night_transaction
TXN-00003233,204,CASH_OUT,5099.47,C1000049,175314.18,170214.7,M9490594,0,0,0,2026-01-08T12:36:44.983920,
TXN-00003234,197,CASH_OUT,55016.51,C1000089,248816.14,193799.63,M7228497,0,0,1,2026-01-08T12:36:44.983969,night_transaction
TXN-00003235,204,PAYMENT,5695.7,C1000052,148067.92,142372.22,M8283644,0,0,0,2026-01-08T12:36:44.984056,
TXN-00003236,195,TRANSFER,81144.06,C1000072,8332.13,0.0,M8142119,0,0,1,2026-01-08T12:36:44.984105,night_transaction
TXN-00003237,195,CASH_OUT,27973.02,C1000027,0.0,0.0,M9504539,0,0,1,2026-01-08T12:36:44.984152,night_transaction
TXN-00003238,204,CASH_OUT,4969.68,C1000049,170214.7,165245.03,M9476583,0,0,0,2026-01-08T12:36:44.984230,
TXN-00003239,204,PAYMENT,713.97,C1000040,96814.05,96100.08,M1097696,0,0,0,2026-01-08T12:36:44.984302,
TXN-00003240,204,TRANSFER,1210.89,C1000070,0.0,0.0,M4107931,0,0,0,2026-01-08T12:36:44.984380,
TXN-00003241,204,TRANSFER,5597.13,C1000029,5989.44,392.31,M8525655,0,0,0,2026-01-08T12:36:44.984458,
TXN-00003242,204,CASH_IN,1467.71,C1000040,96100.08,97567.79,M7852722,0,0,0,2026-01-08T12:36:44.984534,
TXN-00003243,204,PAYMENT,553.44,C1000021,0.0,0.0,M8115215,0,0,0,2026-01-08T12:36:44.984607,
TXN-00003244,204,PAYMENT,10.0,C1000057,0.0,0.0,M1987037,0,0,0,2026-01-08T12:36:44.984676,
TXN-00003245,204,TRANSFER,13702.99,C1000063,18473.58,4770.59,M4553991,0,0,0,2026-01-08T12:36:44.984744,
TXN-00003246,204,CASH_OUT,10.0,C1000041,324187.36,324177.36,M2508878,0,0,0,2026-01-08T12:36:44.984813,
TXN-00003247,204,CASH_IN,17430.41,C1000093,0.0,17430.41,M9517909,0,0,0,2026-01-08T12:36:44.984879,
TXN-00003248,204,TRANSFER,10.0,C1000022,60459.4,60449.4,M1792544,0,0,0,2026-01-08T12:36:44.984943,
TXN-00003249,209,CASH_OUT,20763.98,C1000058,0.0,0.0,M9095700,0,0,1,2026-01-08T12:36:44.984977,rapid_succession
TXN-00003250,204,DEBIT,7624.42,C1000099,238137.73,230513.32,M6532964,0,0,0,2026-01-08T12:36:44.985046,
TXN-00003251,204,CASH_OUT,48703.13,C1000053,0.0,0.0,M2305591,0,0,0,2026-01-08T12:36:44.985110,
TXN-00003252,197,TRANSFER,32924.44,C1000025,148298.47,115374.04,M5384884,0,0,1,2026-01-08T12:36:44.985143,night_transaction
TXN-00003253,204,TRANSFER,10.0,C1000072,8332.13,8322.13,M9322255,0,0,0,2026-01-08T12:36:44.985209,
TXN-00003254,204,DEBIT,1857.09,C1000044,113499.46,111642.37,M8828984,0,0,0,2026-01-08T12:36:44.985294,
TXN-00003255,192,CASH_OUT,42380.91,C1000066,12135.73,0.0,M1540088,0,0,1,2026-01-08T12:36:44.985343,rapid_succession
TXN-00003256,214,CASH_OUT,191028.62,C1000006,341353.02,150324.4,M1269665,0,0,1,2026-01-08T12:36:44.985384,large_amount
TXN-00003257,204,CASH_OUT,1453.55,C1000070,0.0,0.0,M2833080,0,0,0,2026-01-08T12:36:44.985489,
TXN-00003258,204,PAYMENT,1006.6,C1000016,228776.64,227770.04,M4908766,0,0,0,2026-01-08T12:36:44.985580,
TXN-00003259,204,CASH_OUT,2990.6,C1000047,57366.5,54375.9,M4808597,0,0,0,2026-01-08T12:36:44.985671,
TXN-00003260,204,PAYMENT,3644.23,C1000087,369089.09,365444.86,M5462744,0,0,0,2026-01-08T12:36:44.985771,
TXN-00003261,204,TRANSFER,10.0,C1000042,129682.74,129672.74,M8946640,0,0,0,2026-01-08T12:36:44.985861,
TXN-00003262,204,PAYMENT,12140.7,C1000005,28864.31,16723.61,M6317278,0,0,0,2026-01-08T12:36:44.985935,
TXN-00003263,204,PAYMENT,6731.9,C1000052,142372.22,135640.32,M4341660,0,0,0,2026-01-08T12:36:44.986018,
TXN-00003264,213,CASH_OUT,23015.79,C1000026,282135.31,259119.52,M8832407,0,0,1,2026-01-08T12:36:44.986058,rapid_succession
TXN-00003265,204,TRANSFER,107.14,C1000055,236845.39,236738.24,M1984004,0,0,0,2026-01-08T12:36:44.986125,
TXN-00003266,195,CASH_OUT,151596.18,C1000022,60449.4,0.0,M9803131,0,0,1,2026-01-08T12:36:44.986210,large_amount
TXN-00003267,204,TRANSFER,9713.95,C1000054,13312.04,3598.08,M3233179,0,0,0,2026-01-08T12:36:44.986348,
TXN-00003268,204,PAYMENT,2943.13,C1000055,236738.24,233795.11,M9024932,0,0,0,2026-01-08T12:36:44.986426,
TXN-00003269,204,PAYMENT,2019.59,C1000021,0.0,0.0,M1503693,0,0,0,2026-01-08T12:36:44.986589,
TXN-00003270,204,DEBIT,13428.75,C1000005,16723.61,3294.86,M4308216,0,0,0,2026-01-08T12:36:44.986714,
TXN-00003271,198,CASH_OUT,53186.73,C1000093,17430.41,0.0,M2031384,0,0,1,2026-01-08T12:36:44.986759,unusual_type
TXN-00003272,211,TRANSFER,140583.31,C1000005,3294.86,-132413.17,M4285219,0,0,1,2026-01-08T12:36:44.986843,balance_mismatch
TXN-00003273,204,DEBIT,24007.6,C1000067,0.0,0.0,M1030660,0,0,0,2026-01-08T12:36:44.986941,
TXN-00003274,204,TRANSFER,2096.16,C1000066,12135.73,10039.56,M2077176,0,0,0,2026-01-08T12:36:44.987070,
TXN-00003275,204,TRANSFER,3576.02,C1000096,388492.33,384916.31,M8690070,0,0,0,2026-01-08T12:36:44.987162,
TXN-00003276,204,TRANSFER,3099.62,C1000028,49986.28,46886.66,M7190930,0,0,0,2026-01-08T12:36:44.987234,
TXN-00003277,204,PAYMENT,13426.79,C1000063,4770.59,0.0,M6961044,0,0,0,2026-01-08T12:36:44.987306,
TXN-00003278,204,TRANSFER,2010.84,C1000017,190175.09,188164.25,M9695585,0,0,0,2026-01-08T12:36:44.987362,
TXN-00003279,204,TRANSFER,3443.11,C1000074,104076.22,100633.11,M6797889,0,0,0,2026-01-08T12:36:44.987436,
TXN-00003280,204,CASH_OUT,4146.4,C1000065,0.0,0.0,M7034806,0,0,0,2026-01-08T12:36:44.987517,
TXN-00003281,204,CASH_IN,318.8,C1000002,357992.48,358311.28,M8613258,0,0,0,2026-01-08T12:36:44.987589,
TXN-00003282,200,TRANSFER,44700.86,C1000046,0.0,-43560.23,M6364214,0,0,1,2026-01-08T12:36:44.987628,balance_mismatch
TXN-00003283,195,CASH_OUT,88295.14,C1000000,0.0,0.0,M5129161,0,0,1,2026-01-08T12:36:44.987743,night_transaction
TXN-00003284,204,TRANSFER,2573.92,C1000020,423907.99,421334.07,M2724515,0,0,0,2026-01-08T12:36:44.987804,
TXN-00003285,195,TRANSFER,20107.04,C1000060,65177.01,45069.97,M2770675,0,0,1,2026-01-08T12:36:44.987832,night_transaction
TXN-00003286,204,CASH_OUT,2275.85,C1000090,318675.36,316399.51,M9507498,0,0,0,2026-01-08T12:36:44.987886,
TXN-00003287,194,CASH_OUT,98162.2,C1000062,27876.73,0.0,M2037939,0,0,1,2026-01-08T12:36:44.987913,night_transaction
TXN-00003288,204,PAYMENT,13466.77,C1000063,0.0,0.0,M3914988,0,0,0,2026-01-08T12:36:44.987964,
TXN-00003289,204,PAYMENT,374.2,C1000055,233795.11,233420.91,M2607494,0,0,0,2026-01-08T12:36:44.988016,
TXN-00003290,204,TRANSFER,11316.03,C1000074,100633.11,89317.09,M2207850,0,0,0,2026-01-08T12:36:44.988073,
TXN-00003291,204,CASH_OUT,1992.72,C1000085,14605.3,12612.57,M5834923,0,0,0,2026-01-08T12:36:44.988124,
TXN-00003292,200,TRANSFER,22152.37,C1000000,0.0,0.0,M9977139,0,0,1,2026-01-08T12:36:44.988152,rapid_succession
TXN-00003293,204,TRANSFER,2403.94,C1000028,46886.66,44482.72,M1931810,0,0,0,2026-01-08T12:36:44.988207,
TXN-00003294,204,TRANSFER,5880.96,C1000062,27876.73,21995.76,M3353163,0,0,0,2026-01-08T12:36:44.988264,
TXN-00003295,192,CASH_OUT,54152.35,C1000049,165245.03,111092.68,M6453892,0,0,1,2026-01-08T12:36:44.988294,large_amount
TXN-00003296,204,CASH_OUT,20647.82,C1000024,0.0,0.0,M3900160,0,0,0,2026-01-08T12:36:44.988345,
TXN-00003297,204,TRANSFER,1736.19,C1000068,155973.49,154237.29,M7827560,0,0,0,2026-01-08T12:36:44.988398,
TXN-00003298,202,TRANSFER,29587.01,C1000007,90303.62,60716.62,M3279884,0,0,1,2026-01-08T12:36:44.988425,rapid_succession
TXN-00003299,204,PAYMENT,6002.59,C1000088,61662.13,55659.55,M3056706,0,0,0,2026-01-08T12:36:44.988476,
TXN-00003300,204,DEBIT,2321.56,C1000049,165245.03,162923.46,M7479283,0,0,0,2026-01-08T12:36:44.988531,
TXN-00003301,204,DEBIT,6220.73,C1000096,384916.31,378695.58,M9678788,0,0,0,2026-01-08T12:36:44.988583,
TXN-00003302,204,PAYMENT,179.3,C1000007,90303.62,90124.32,M1043586,0,0,0,2026-01-08T12:36:44.988666,
TXN-00003303,204,CASH_OUT,348.74,C1000033,256549.78,256201.04,M6406884,0,0,0,2026-01-08T12:36:44.988736,
TXN-00003304,204,PAYMENT,389.07,C1000022,60449.4,60060.33,M6444857,0,0,0,2026-01-08T12:36:44.988807,
TXN-00003305,204,TRANSFER,4310.53,C1000032,128377.79,124067.26,M5752210,0,0,0,2026-01-08T12:36:44.988868,
TXN-00003306,212,TRANSFER,93834.23,C1000014,347407.98,252771.86,M3672550,0,0,1,2026-01-08T12:36:44.988900,balance_mismatch
TXN-00003307,204,PAYMENT,10.0,C1000023,84887.04,84877.04,M7267802,0,0,0,2026-01-08T12:36:44.988965,
TXN-00003308,204,CASH_OUT,4421.48,C1000098,304766.74,300345.25,M9150883,0,0,0,2026-01-08T12:36:45.005020,
TXN-00003309,204,PAYMENT,8702.54,C1000057,0.0,0.0,M6235960,0,0,0,2026-01-08T12:36:45.005098,
TXN-00003310,197,TRANSFER,34755.1,C1000016,227770.04,193014.94,M4007465,0,0,1,2026-01-08T12:36:45.005131,night_transaction
TXN-00003311,204,CASH_OUT,10.0,C1000009,140210.29,140200.29,M4115939,0,0,0,2026-01-08T12:36:45.005205,
TXN-00003312,205,CASH_OUT,41624.97,C1000018,222245.79,180620.83,M7894869,0,0,1,2026-01-08T12:36:45.005237,rapid_succession
TXN-00003313,204,DEBIT,5241.43,C1000080,161356.72,156115.29,M2208177,0,0,0,2026-01-08T12:36:45.005294,
TXN-00003314,196,CASH_OUT,85913.29,C1000045,97590.43,11677.14,M1598174,0,0,1,2026-01-08T12:36:45.005321,night_transaction
TXN-00003315,204,TRANSFER,36559.0,C1000012,0.0,0.0,M3912610,0,0,0,2026-01-08T12:36:45.005374,
TXN-00003316,214,TRANSFER,93539.39,C1000041,324177.36,233205.67,M1847503,0,0,1,2026-01-08T12:36:45.005400,balance_mismatch
TXN-00003317,204,PAYMENT,5058.51,C1000010,0.0,0.0,M1784483,0,0,0,2026-01-08T12:36:45.005464,
TXN-00003318,204,PAYMENT,5724.23,C1000052,135640.32,129916.09,M7738470,0,0,0,2026-01-08T12:36:45.005515,
TXN-00003319,204,TRANSFER,4775.96,C1000027,0.0,0.0,M9804614,0,0,0,2026-01-08T12:36:45.005568,
TXN-00003320,204,PAYMENT,1779.84,C1000016,227770.04,225990.21,M9574940,0,0,0,2026-01-08T12:36:45.005625,
TXN-00003321,204,PAYMENT,1094.57,C1000070,0.0,0.0,M2847075,0,0,0,2026-01-08T12:36:45.005758,
TXN-00003322,204,TRANSFER,877.29,C1000083,245412.21,244534.92,M9528671,0,0,0,2026-01-08T12:36:45.005825,
TXN-00003323,204,TRANSFER,34050.87,C1000073,0.0,0.0,M5783150,0,0,0,2026-01-08T12:36:45.005879,
TXN-00003324,195,TRANSFER,105048.17,C1000050,0.0,-108844.29,M3521456,0,0,1,2026-01-08T12:36:45.005912,balance_mismatch
TXN-00003325,204,PAYMENT,736.99,C1000081,120438.09,119701.09,M7437100,0,0,0,2026-01-08T12:36:45.005974,
TXN-00003326,204,PAYMENT,1653.56,C1000021,0.0,0.0,M5750595,0,0,0,2026-01-08T12:36:45.006035,
TXN-00003327,204,CASH_OUT,20103.0,C1000019,0.0,0.0,M8541920,0,0,0,2026-01-08T12:36:45.006125,
TXN-00003328,204,CASH_OUT,4470.75,C1000065,0.0,0.0,M9079652,0,0,0,2026-01-08T12:36:45.006223,
TXN-00003329,204,PAYMENT,4519.03,C1000045,97590.43,93071.39,M6630239,0,0,0,2026-01-08T12:36:45.006293,
TXN-00003330,204,CASH_OUT,33640.9,C1000067,0.0,0.0,M5180885,0,0,0,2026-01-08T12:36:45.006390,
TXN-00003331,204,CASH_OUT,7297.03,C1000099,230513.32,223216.29,M3122027,0,0,0,2026-01-08T12:36:45.006478,
TXN-00003332,201,CASH_OUT,117778.66,C1000030,114761.69,0.0,M2156934,0,0,1,2026-01-08T12:36:45.006528,unusual_type
TXN-00003333,200,TRANSFER,128388.77,C1000085,12612.57,-120684.47,M8095827,0,0,1,2026-01-08T12:36:45.006573,balance_mismatch
TXN-00003334,204,DEBIT,4351.61,C1000057,0.0,0.0,M1310917,0,0,0,2026-01-08T12:36:45.006675,
TXN-00003335,204,PAYMENT,1964.08,C1000069,165678.07,163713.98,M3159929,0,0,0,2026-01-08T12:36:45.006772,
TXN-00003336,204,TRANSFER,375.12,C1000016,225990.21,225615.08,M7029010,0,0,0,2026-01-08T12:36:45.006854,
TXN-00003337,196,TRANSFER,36753.17,C1000065,0.0,-39077.52,M8303723,0,0,1,2026-01-08T12:36:45.006900,balance_mismatch
TXN-00003338,204,CASH_OUT,2123.27,C1000030,114761.69,112638.42,M6447282,0,0,0,2026-01-08T12:36:45.007003,
TXN-00003339,209,CASH_OUT,76454.98,C1000013,45950.0,0.0,M1299599,0,0,1,2026-01-08T12:36:45.007041,large_amount
TXN-00003340,204,PAYMENT,505.12,C1000022,60060.33,59555.21,M5593989,0,0,0,2026-01-08T12:36:45.007120,
TXN-00003341,204,PAYMENT,7045.13,C1000088,55659.55,48614.42,M7279710,0,0,0,2026-01-08T12:36:45.007214,
TXN-00003342,199,CASH_OUT,34182.71,C1000005,3294.86,0.0,M9264906,0,0,1,2026-01-08T12:36:45.007257,rapid_succession
TXN-00003343,204,CASH_OUT,5543.78,C1000052,129916.09,124372.31,M1767356,0,0,0,2026-01-08T12:36:45.007331,
TXN-00003344,213,CASH_OUT,46016.5,C1000029,392.31,0.0,M1748448,0,0,1,2026-01-08T12:36:45.007375,rapid_succession
TXN-00003345,204,PAYMENT,2864.91,C1000082,268082.76,265217.85,M5401923,0,0,0,2026-01-08T12:36:45.007449,
TXN-00003346,204,PAYMENT,6805.74,C1000049,162923.46,156117.72,M1095160,0,0,0,2026-01-08T12:36:45.007521,
TXN-00003347,204,CASH_OUT,21558.09,C1000074,89317.09,67759.0,M7368033,0,0,0,2026-01-08T12:36:45.007593,
TXN-00003348,196,TRANSFER,75411.79,C1000026,282135.31,206723.52,M1819052,0,0,1,2026-01-08T12:36:45.007630,night_transaction
TXN-00003349,204,PAYMENT,2972.32,C1000038,0.0,0.0,M9462291,0,0,0,2026-01-08T12:36:45.007696,
TXN-00003350,204,PAYMENT,2963.23,C1000030,112638.42,109675.19,M9663098,0,0,0,2026-01-08T12:36:45.007765,
TXN-00003351,193,TRANSFER,111168.33,C1000055,233420.91,123582.45,M8480124,0,0,1,2026-01-08T12:36:45.007797,balance_mismatch
TXN-00003352,204,TRANSFER,4077.12,C1000027,0.0,0.0,M7382038,0,0,0,2026-01-08T12:36:45.007866,
TXN-00003353,204,TRANSFER,789.87,C1000061,270050.85,269260.97,M2797971,0,0,0,2026-01-08T12:36:45.007926,
TXN-00003354,203,TRANSFER,86454.23,C1000008,282342.81,200649.03,M9467130,0,0,1,2026-01-08T12:36:45.007955,balance_mismatch
TXN-00003355,204,PAYMENT,38505.88,C1000012,0.0,0.0,M7527322,0,0,0,2026-01-08T12:36:45.008032,
TXN-00003356,204,CASH_OUT,921.73,C1000004,240263.61,239341.88,M3656406,0,0,0,2026-01-08T12:36:45.008112,
TXN-00003357,204,CASH_OUT,345.79,C1000066,10039.56,9693.77,M4495865,0,0,0,2026-01-08T12:36:45.008210,
TXN-00003358,204,TRANSFER,10.0,C1000085,12612.57,12602.57,M7487669,0,0,0,2026-01-08T12:36:45.008294,
TXN-00003359,204,PAYMENT,12522.17,C1000014,347407.98,334885.81,M5916670,0,0,0,2026-01-08T12:36:45.008386,
TXN-00003360,204,TRANSFER,74.4,C1000094,241086.32,241011.92,M1272776,0,0,0,2026-01-08T12:36:45.008482,
TXN-00003361,198,CASH_OUT,93735.44,C1000037,0.0,0.0,M6216162,0,0,1,2026-01-08T12:36:45.008528,unusual_type
TXN-00003362,204,TRANSFER,11811.05,C1000054,3598.08,0.0,M2286815,0,0,0,2026-01-08T12:36:45.008615,
TXN-00003363,206,CASH_OUT,130756.92,C1000036,0.0,0.0,M1118707,0,0,1,2026-01-08T12:36:45.008823,large_amount
TXN-00003364,204,TRANSFER,16779.25,C1000079,0.0,0.0,M7262905,0,0,0,2026-01-08T12:36:45.010618,
TXN-00003365,194,CASH_OUT,61076.77,C1000038,0.0,0.0,M4255253,0,0,1,2026-01-08T12:36:45.010746,night_transaction
TXN-00003366,204,CASH_OUT,48764.78,C1000053,0.0,0.0,M2557457,0,0,0,2026-01-08T12:36:45.011428,
TXN-00003367,204,TRANSFER,4070.36,C1000062,21995.76,17925.4,M3853985,0,0,0,2026-01-08T12:36:45.011687,
TXN-00003368,204,TRANSFER,512.25,C1000041,324177.36,323665.12,M4667164,0,0,0,2026-01-08T12:36:45.011832,
TXN-00003369,204,PAYMENT,572.9,C1000009,140200.29,139627.39,M6782561,0,0,0,2026-01-08T12:36:45.012087,
TXN-00003370,194,CASH_OUT,24069.87,C1000077,136484.57,112414.7,M7445743,0,0,1,2026-01-08T12:36:45.012229,rapid_succession
TXN-00003371,204,PAYMENT,376.16,C1000072,8322.13,7945.98,M1097129,0,0,0,2026-01-08T12:36:45.012452,
TXN-00003372,203,TRANSFER,39625.32,C1000097,128385.58,89732.48,M4406941,0,0,1,2026-01-08T12:36:45.012514,balance_mismatch
TXN-00003373,204,CASH_IN,27509.55,C1000095,21740.52,49250.07,M9761870,0,0,0,2026-01-08T12:36:45.013080,
TXN-00003374,204,PAYMENT,5073.2,C1000003,88648.92,83575.72,M8549279,0,0,0,2026-01-08T12:36:45.013423,
TXN-00003375,204,PAYMENT,17141.77,C1000042,129672.74,112530.98,M2957767,0,0,0,2026-01-08T12:36:45.013583,
TXN-00003376,204,CASH_OUT,4311.3,C1000065,0.0,0.0,M2277807,0,0,0,2026-01-08T12:36:45.013685,
TXN-00003377,204,PAYMENT,25048.31,C1000067,0.0,0.0,M5836333,0,0,0,2026-01-08T12:36:45.013763,
TXN-00003378,204,DEBIT,6618.3,C1000059,240603.32,233985.01,M2120593,0,0,0,2026-01-08T12:36:45.013834,
TXN-00003379,205,CASH_OUT,83430.17,C1000064,29688.03,0.0,M2982970,0,0,1,2026-01-08T12:36:45.013868,large_amount
TXN-00003380,204,PAYMENT,4533.58,C1000033,256201.04,251667.46,M6433513,0,0,0,2026-01-08T12:36:45.013939,
TXN-00003381,204,CASH_IN,958.48,C1000023,84877.04,85835.52,M7805706,0,0,0,2026-01-08T12:36:45.014006,
TXN-00003382,204,TRANSFER,670.94,C1000034,98283.91,97612.98,M7968086,0,0,0,2026-01-08T12:36:45.014071,
TXN-00003383,204,PAYMENT,67.83,C1000004,239341.88,239274.05,M4654293,0,0,0,2026-01-08T12:36:45.014196,
TXN-00003384,204,TRANSFER,13536.25,C1000063,0.0,0.0,M8225313,0,0,0,2026-01-08T12:36:45.014286,
TXN-00003385,204,CASH_OUT,1932.09,C1000043,142940.09,141008.0,M9351282,0,0,0,2026-01-08T12:36:45.014380,
TXN-00003386,204,PAYMENT,7775.5,C1000099,223216.29,215440.79,M1263965,0,0,0,2026-01-08T12:36:45.014447,
TXN-00003387,210,CASH_OUT,147741.47,C1000073,0.0,0.0,M9373468,0,0,1,2026-01-08T12:36:45.014487,large_amount
TXN-00003388,204,TRANSFER,2526.77,C1000055,233420.91,230894.14,M7018563,0,0,0,2026-01-08T12:36:45.014554,
TXN-00003389,195,CASH_OUT,46313.07,C1000006,341353.02,295039.95,M2517539,0,0,1,2026-01-08T12:36:45.014590,rapid_succession
TXN-00003390,204,DEBIT,1855.45,C1000086,233236.89,231381.45,M4311637,0,0,0,2026-01-08T12:36:45.014655,
TXN-00003391,204,PAYMENT,596.62,C1000004,239274.05,238677.43,M3862839,0,0,0,2026-01-08T12:36:45.014731,
TXN-00003392,204,TRANSFER,1602.09,C1000018,222245.79,220643.7,M4701700,0,0,0,2026-01-08T12:36:45.014794,
TXN-00003393,207,CASH_OUT,61864.14,C1000009,139627.39,77763.24,M3672644,0,0,1,2026-01-08T12:36:45.014828,unusual_type
TXN-00003394,215,CASH_OUT,114433.1,C1000030,109675.19,0.0,M8493317,0,0,1,2026-01-08T12:36:45.014858,large_amount
TXN-00003395,201,CASH_OUT,192690.99,C1000007,90124.32,0.0,M1568380,0,0,1,2026-01-08T12:36:45.014887,large_amount
TXN-00003396,196,TRANSFER,96449.78,C1000021,0.0,0.0,M7882139,0,0,1,2026-01-08T12:36:45.014918,night_transaction
TXN-00003397,204,DEBIT,1010.62,C1000083,244534.92,243524.29,M9865290,0,0,0,2026-01-08T12:36:45.014982,
TXN-00003398,201,TRANSFER,49381.26,C1000058,0.0,-50883.1,M8721823,0,0,1,2026-01-08T12:36:45.015016,balance_mismatch
TXN-00003399,199,TRANSFER,103066.28,C1000052,124372.31,21250.19,M4150963,0,0,1,2026-01-08T12:36:45.015050,balance_mismatch
TXN-00003400,204,TRANSFER,2370.73,C1000041,323665.12,321294.38,M8482899,0,0,0,2026-01-08T12:36:45.015122,
TXN-00003401,204,CASH_IN,10.0,C1000040,97567.79,97577.79,M6682432,0,0,0,2026-01-08T12:36:45.015190,
TXN-00003402,204,CASH_OUT,6810.46,C1000013,45950.0,39139.54,M3356019,0,0,0,2026-01-08T12:36:45.015253,
TXN-00003403,204,TRANSFER,2197.94,C1000040,97577.79,95379.85,M1292642,0,0,0,2026-01-08T12:36:45.015321,
TXN-00003404,204,TRANSFER,7326.09,C1000078,19168.41,11842.32,M7613450,0,0,0,2026-01-08T12:36:45.015386,
TXN-00003405,204,CASH_OUT,2239.62,C1000096,378695.58,376455.96,M7559097,0,0,0,2026-01-08T12:36:45.015462,
TXN-00003406,204,PAYMENT,8637.16,C1000039,61247.85,52610.69,M6408768,0,0,0,2026-01-08T12:36:45.015527,
TXN-00003407,204,TRANSFER,10.0,C1000023,85835.52,85825.52,M6329832,0,0,0,2026-01-08T12:36:45.015593,
TXN-00003408,204,CASH_OUT,1943.84,C1000017,188164.25,186220.42,M6697134,0,0,0,2026-01-08T12:36:45.015663,
TXN-00003409,204,TRANSFER,18662.91,C1000024,0.0,0.0,M1477171,0,0,0,2026-01-08T12:36:45.015739,
TXN-00003410,204,DEBIT,17659.52,C1000093,17430.41,0.0,M7773960,0,0,0,2026-01-08T12:36:45.015807,
TXN-00003411,204,CASH_IN,1181.11,C1000083,243524.29,244705.4,M6854615,0,0,0,2026-01-08T12:36:45.015876,
TXN-00003412,196,CASH_OUT,81675.43,C1000096,376455.96,294780.54,M6159884,0,0,1,2026-01-08T12:36:45.015946,night_transaction
TXN-00003413,204,PAYMENT,7196.6,C1000080,156115.29,148918.69,M3121628,0,0,0,2026-01-08T12:36:45.016029,
TXN-00003414,211,CASH_OUT,183674.76,C1000052,124372.31,0.0,M7237147,0,0,1,2026-01-08T12:36:45.016061,large_amount
TXN-00003415,204,TRANSFER,2136.42,C1000070,0.0,0.0,M8779078,0,0,0,2026-01-08T12:36:45.016123,
TXN-00003416,204,PAYMENT,1262.49,C1000077,136484.57,135222.08,M1436995,0,0,0,2026-01-08T12:36:45.016181,
TXN-00003417,204,TRANSFER,5103.23,C1000059,233985.01,228881.78,M2824348,0,0,0,2026-01-08T12:36:45.016236,
TXN-00003418,204,CASH_OUT,2782.66,C1000018,220643.7,217861.04,M2222434,0,0,0,2026-01-08T12:36:45.016292,
TXN-00003419,193,TRANSFER,106924.52,C1000035,0.0,-103605.58,M6981492,0,0,1,2026-01-08T12:36:45.016321,balance_mismatch
TXN-00003420,204,PAYMENT,1585.62,C1000045,93071.39,91485.77,M2779146,0,0,0,2026-01-08T12:36:45.016384,
TXN-00003421,204,TRANSFER,10.0,C1000098,300345.25,300335.25,M4687102,0,0,0,2026-01-08T12:36:45.016440,
TXN-00003422,194,TRANSFER,87707.63,C1000019,0.0,0.0,M1582077,0,0,1,2026-01-08T12:36:45.016469,night_transaction
TXN-00003423,204,PAYMENT,435.01,C1000085,12602.57,12167.56,M1353594,0,0,0,2026-01-08T12:36:45.016520,
TXN-00003424,204,PAYMENT,8681.56,C1000039,52610.69,43929.13,M6962995,0,0,0,2026-01-08T12:36:45.016571,
TXN-00003425,204,CASH_OUT,1821.45,C1000018,217861.04,216039.59,M1354284,0,0,0,2026-01-08T12:36:45.016623,
TXN-00003426,204,PAYMENT,2056.17,C1000086,231381.45,229325.28,M6807258,0,0,0,2026-01-08T12:36:45.016673,
TXN-00003427,204,PAYMENT,697.46,C1000034,97612.98,96915.51,M5439100,0,0,0,2026-01-08T12:36:45.016734,
TXN-00003428,204,TRANSFER,788.5,C1000034,96915.51,96127.01,M9720213,0,0,0,2026-01-08T12:36:45.016784,
TXN-00003429,204,TRANSFER,609.1,C1000077,135222.08,134612.98,M5123612,0,0,0,2026-01-08T12:36:45.016836,
TXN-00003430,204,DEBIT,955.37,C1000081,119701.09,118745.73,M5472912,0,0,0,2026-01-08T12:36:45.016893,
TXN-00003431,207,CASH_OUT,10964.18,C1000090,316399.51,305435.33,M1964788,0,0,1,2026-01-08T12:36:45.016920,rapid_succession
TXN-00003432,204,CASH_OUT,10.0,C1000029,392.31,382.31,M3822329,0,0,0,2026-01-08T12:36:45.016973,
TXN-00003433,202,CASH_OUT,55236.18,C1000072,7945.98,0.0,M5306864,0,0,1,2026-01-08T12:36:45.017006,large_amount
TXN-00003434,204,TRANSFER,10.0,C1000066,9693.77,9683.77,M7205476,0,0,0,2026-01-08T12:36:45.017060,
TXN-00003435,204,TRANSFER,39718.11,C1000012,0.0,0.0,M3898677,0,0,0,2026-01-08T12:36:45.017112,
TXN-00003436,204,CASH_OUT,6889.74,C1000059,228881.78,221992.04,M4936941,0,0,0,2026-01-08T12:36:45.017161,
TXN-00003437,204,TRANSFER,10.0,C1000081,118745.73,118735.73,M5413324,0,0,0,2026-01-08T12:36:45.017212,
TXN-00003438,204,PAYMENT,10.0,C1000047,54375.9,54365.9,M2838778,0,0,0,2026-01-08T12:36:45.017262,
TXN-00003439,204,TRANSFER,703.56,C1000071,241550.3,240846.75,M8986653,0,0,0,2026-01-08T12:36:45.017319,
TXN-00003440,200,CASH_OUT,31359.9,C1000038,0.0,0.0,M6141212,0,0,1,2026-01-08T12:36:45.017348,rapid_succession
TXN-00003441,197,TRANSFER,36851.09,C1000095,49250.07,12398.97,M2399135,0,0,1,2026-01-08T12:36:45.017373,rapid_succession
TXN-00003442,204,CASH_OUT,148865.32,C1000088,48614.42,0.0,M1455415,0,0,1,2026-01-08T12:36:45.017395,large_amount
TXN-00003443,204,CASH_OUT,4391.35,C1000025,148298.47,143907.12,M6059451,0,0,0,2026-01-08T12:36:45.017445,
TXN-00003444,204,PAYMENT,26595.32,C1000056,0.0,0.0,M1033928,0,0,0,2026-01-08T12:36:45.017496,
TXN-00003445,204,CASH_OUT,2681.95,C1000071,240846.75,238164.79,M5398570,0,0,0,2026-01-08T12:36:45.017554,
TXN-00003446,204,TRANSFER,6421.5,C1000013,39139.54,32718.04,M9826945,0,0,0,2026-01-08T12:36:45.017611,
TXN-00003447,204,TRANSFER,69.36,C1000018,216039.59,215970.23,M4322194,0,0,0,2026-01-08T12:36:45.017660,
TXN-00003448,204,CASH_OUT,1462.24,C1000090,316399.51,314937.27,M2430142,0,0,0,2026-01-08T12:36:45.017709,
TXN-00003449,204,PAYMENT,10117.63,C1000092,137627.01,127509.39,M9821515,0,0,0,2026-01-08T12:36:45.017761,
TXN-00003450,199,TRANSFER,132307.7,C1000002,358311.28,222887.65,M8604760,0,0,1,2026-01-08T12:36:45.017806,balance_mismatch
TXN-00003451,204,CASH_OUT,5488.56,C1000062,17925.4,12436.84,M3924742,0,0,0,2026-01-08T12:36:45.017866,
TXN-00003452,204,TRANSFER,17157.99,C1000079,0.0,0.0,M5605385,0,0,0,2026-01-08T12:36:45.017918,
TXN-00003453,204,TRANSFER,16518.54,C1000042,112530.98,96012.44,M3868381,0,0,0,2026-01-08T12:36:45.018046,
TXN-00003454,214,CASH_OUT,189357.96,C1000066,9683.77,0.0,M4178009,0,0,1,2026-01-08T12:36:45.018109,large_amount
TXN-00003455,206,TRANSFER,35428.03,C1000027,0.0,0.0,M3604436,0,0,1,2026-01-08T12:36:45.018155,rapid_succession
TXN-00003456,204,TRANSFER,29.5,C1000034,96127.01,96097.52,M2183466,0,0,0,2026-01-08T12:36:45.018250,
TXN-00003457,204,CASH_OUT,6432.72,C1000052,124372.31,117939.58,M4399592,0,0,0,2026-01-08T12:36:45.018332,
TXN-00003458,204,CASH_OUT,4009.89,C1000052,117939.58,113929.69,M2179008,0,0,0,2026-01-08T12:36:45.018403,
TXN-00003459,204,CASH_OUT,4768.07,C1000065,0.0,0.0,M1612813,0,0,0,2026-01-08T12:36:45.018474,
TXN-00003460,204,DEBIT,34836.41,C1000073,0.0,0.0,M6560184,0,0,0,2026-01-08T12:36:45.018545,
TXN-00003461,204,PAYMENT,10301.86,C1000092,127509.39,117207.53,M7592193,0,0,0,2026-01-08T12:36:45.018610,
TXN-00003462,195,CASH_OUT,23447.31,C1000060,65177.01,41729.71,M5755238,0,0,1,2026-01-08T12:36:45.018644,night_transaction
TXN-00003463,205,CASH_OUT,56177.92,C1000078,11842.32,0.0,M7446614,0,0,1,2026-01-08T12:36:45.018672,unusual_type
TXN-00003464,204,TRANSFER,1465.36,C1000070,0.0,0.0,M1739509,0,0,0,2026-01-08T12:36:45.018822,
TXN-00003465,204,TRANSFER,34.81,C1000094,241011.92,240977.1,M4637644,0,0,0,2026-01-08T12:36:45.018919,
TXN-00003466,204,PAYMENT,6968.98,C1000025,143907.12,136938.14,M4163623,0,0,0,2026-01-08T12:36:45.018986,
TXN-00003467,204,PAYMENT,25194.8,C1000037,0.0,0.0,M5698372,0,0,0,2026-01-08T12:36:45.019041,
TXN-00003468,204,DEBIT,1577.85,C1000086,229325.28,227747.44,M7286853,0,0,0,2026-01-08T12:36:45.019092,
TXN-00003469,204,TRANSFER,13393.81,C1000063,0.0,0.0,M7835841,0,0,0,2026-01-08T12:36:45.019150,
TXN-00003470,204,TRANSFER,3987.25,C1000010,0.0,0.0,M5179289,0,0,0,2026-01-08T12:36:45.019235,
TXN-00003471,204,PAYMENT,1989.81,C1000017,186220.42,184230.6,M9265689,0,0,0,2026-01-08T12:36:45.019304,
TXN-00003472,206,CASH_OUT,44263.87,C1000069,163713.98,119450.11,M6846524,0,0,1,2026-01-08T12:36:45.019335,rapid_succession
TXN-00003473,204,PAYMENT,1198.43,C1000022,59555.21,58356.78,M5184375,0,0,0,2026-01-08T12:36:45.019384,
TXN-00003474,204,PAYMENT,1375.56,C1000097,128385.58,127010.02,M6384341,0,0,0,2026-01-08T12:36:45.019433,
TXN-00003475,204,TRANSFER,10.0,C1000061,269260.97,269250.97,M6060180,0,0,0,2026-01-08T12:36:45.019483,
TXN-00003476,204,CASH_OUT,2027.57,C1000017,184230.6,182203.03,M6684110,0,0,0,2026-01-08T12:36:45.019531,
TXN-00003477,204,TRANSFER,1374.24,C1000085,12167.56,10793.32,M5680613,0,0,0,2026-01-08T12:36:45.019581,
TXN-00003478,204,PAYMENT,112.5,C1000023,85825.52,85713.02,M1103544,0,0,0,2026-01-08T12:36:45.019630,
TXN-00003479,205,CASH_OUT,51401.34,C1000010,0.0,0.0,M7420126,0,0,1,2026-01-08T12:36:45.019654,unusual_type
TXN-00003480,204,TRANSFER,1216.48,C1000022,58356.78,57140.29,M2633359,0,0,0,2026-01-08T12:36:45.019704,
TXN-00003481,200,CASH_OUT,121654.7,C1000064,29688.03,0.0,M5623326,0,0,1,2026-01-08T12:36:45.019729,large_amount
TXN-00003482,204,PAYMENT,6321.05,C1000088,48614.42,42293.37,M3718004,0,0,0,2026-01-08T12:36:45.019777,
TXN-00003483,204,PAYMENT,21752.02,C1000024,0.0,0.0,M6224707,0,0,0,2026-01-08T12:36:45.019825,
TXN-00003484,204,TRANSFER,3042.63,C1000074,67759.0,64716.37,M9065727,0,0,0,2026-01-08T12:36:45.019873,
TXN-00003485,204,DEBIT,10971.59,C1000080,148918.69,137947.1,M8808581,0,0,0,2026-01-08T12:36:45.019925,
TXN-00003486,204,CASH_OUT,4630.5,C1000010,0.0,0.0,M9528925,0,0,0,2026-01-08T12:36:45.019982,
TXN-00003487,204,PAYMENT,2361.52,C1000086,227747.44,225385.91,M3260414,0,0,0,2026-01-08T12:36:45.020031,
TXN-00003488,204,PAYMENT,2557.49,C1000028,44482.72,41925.23,M1657243,0,0,0,2026-01-08T12:36:45.020080,
TXN-00003489,204,CASH_IN,4293.51,C1000003,83575.72,87869.23,M5711497,0,0,0,2026-01-08T12:36:45.020129,
TXN-00003490,204,PAYMENT,5485.03,C1000082,265217.85,259732.82,M1893447,0,0,0,2026-01-08T12:36:45.020182,
TXN-00003491,204,PAYMENT,2544.61,C1000045,91485.77,88941.16,M1555319,0,0,0,2026-01-08T12:36:45.020231,
TXN-00003492,197,CASH_OUT,23979.49,C1000086,225385.91,201406.42,M3968725,0,0,1,2026-01-08T12:36:45.020257,rapid_succession
TXN-00003493,207,TRANSFER,32214.79,C1000075,470040.4,434361.57,M5945095,0,0,1,2026-01-08T12:36:45.020280,balance_mismatch
TXN-00003494,205,TRANSFER,44139.97,C1000086,225385.91,181245.94,M2179834,0,0,1,2026-01-08T12:36:45.020310,rapid_succession
TXN-00003495,204,PAYMENT,3751.17,C1000062,12436.84,8685.67,M1636067,0,0,0,2026-01-08T12:36:45.020358,
TXN-00003496,204,PAYMENT,19930.12,C1000035,0.0,0.0,M1867575,0,0,0,2026-01-08T12:36:45.020408,
TXN-00003497,204,PAYMENT,2045.7,C1000029,382.31,0.0,M7918471,0,0,0,2026-01-08T12:36:45.020459,
TXN-00003498,204,CASH_OUT,10.0,C1000078,11842.32,11832.32,M2759906,0,0,0,2026-01-08T12:36:45.020508,
TXN-00003499,204,PAYMENT,5325.75,C1000013,32718.04,27392.28,M6974280,0,0,0,2026-01-08T12:36:45.020557,
TXN-00003500,204,CASH_OUT,173473.5,C1000050,0.0,0.0,M1601250,0,0,0,2026-01-08T12:36:45.020612,
TXN-00003501,202,CASH_OUT,50296.0,C1000000,0.0,0.0,M4348859,0,0,1,2026-01-08T12:36:45.020639,unusual_type
TXN-00003502,204,CASH_OUT,350.0,C1000022,57140.29,56790.29,M6580426,0,0,0,2026-01-08T12:36:45.020689,
TXN-00003503,204,CASH_OUT,5058.97,C1000029,0.0,0.0,M6155142,0,0,0,2026-01-08T12:36:45.020738,
TXN-00003504,197,TRANSFER,47973.07,C1000034,96097.52,48124.44,M6693028,0,0,1,2026-01-08T12:36:45.020761,rapid_succession
TXN-00003505,192,CASH_OUT,111475.12,C1000025,136938.14,25463.02,M4445311,0,0,1,2026-01-08T12:36:45.020784,unusual_type
TXN-00003506,204,PAYMENT,10.0,C1000068,154237.29,154227.29,M1997187,0,0,0,2026-01-08T12:36:45.020834,
TXN-00003507,195,CASH_OUT,97520.64,C1000082,259732.82,162212.17,M4742778,0,0,1,2026-01-08T12:36:45.020858,unusual_type
TXN-00003508,204,PAYMENT,5940.33,C1000003,87869.23,81928.89,M9157268,0,0,0,2026-01-08T12:36:45.020907,
TXN-00003509,204,PAYMENT,840.53,C1000008,282342.81,281502.28,M8322414,0,0,0,2026-01-08T12:36:45.020956,
TXN-00003510,204,TRANSFER,52772.05,C1000042,96012.44,43240.39,M7636840,0,0,0,2026-01-08T12:36:45.021017,
TXN-00003511,204,PAYMENT,3268.24,C1000049,156117.72,152849.48,M3328470,0,0,0,2026-01-08T12:36:45.021077,
TXN-00003512,204,PAYMENT,1489.53,C1000016,225615.08,224125.55,M6343248,0,0,0,2026-01-08T12:36:45.021126,
TXN-00003513,213,CASH_OUT,58442.14,C1000013,27392.28,0.0,M8033125,0,0,1,2026-01-08T12:36:45.021150,unusual_type
TXN-00003514,204,TRANSFER,3615.21,C1000078,11832.32,8217.12,M4599722,0,0,0,2026-01-08T12:36:45.021203,
TXN-00003515,204,PAYMENT,5891.76,C1000052,113929.69,108037.93,M8865084,0,0,0,2026-01-08T12:36:45.021255,
TXN-00003516,204,CASH_IN,10.0,C1000078,8217.12,8227.12,M6954584,0,0,0,2026-01-08T12:36:45.021306,
TXN-00003517,204,PAYMENT,4900.31,C1000032,124067.26,119166.95,M9825474,0,0,0,2026-01-08T12:36:45.021357,
TXN-00003518,204,CASH_OUT,1530.99,C1000086,225385.91,223854.92,M3583121,0,0,0,2026-01-08T12:36:45.021407,
TXN-00003519,204,TRANSFER,65920.91,C1000064,29688.03,0.0,M4866292,0,0,0,2026-01-08T12:36:45.021456,
TXN-00003520,204,PAYMENT,278.77,C1000060,65177.01,64898.24,M8858576,0,0,0,2026-01-08T12:36:45.021508,
TXN-00003521,204,PAYMENT,570.52,C1000077,134612.98,134042.46,M4427122,0,0,0,2026-01-08T12:36:45.021557,
TXN-00003522,204,PAYMENT,1762.0,C1000028,41925.23,40163.23,M3410544,0,0,0,2026-01-08T12:36:45.021604,
TXN-00003523,204,PAYMENT,4377.92,C1000065,0.0,0.0,M2771437,0,0,0,2026-01-08T12:36:45.021653,
TXN-00003524,211,CASH_OUT,79735.8,C1000061,269250.97,189515.18,M2059614,0,0,1,2026-01-08T12:36:45.021679,unusual_type
TXN-00003525,204,TRANSFER,1160.29,C1000001,120398.31,119238.02,M1282539,0,0,0,2026-01-08T12:36:45.021731,
TXN-00003526,193,CASH_OUT,65937.23,C1000036,0.0,0.0,M8637416,0,0,1,2026-01-08T12:36:45.021756,unusual_type
TXN-00003527,204,CASH_OUT,26526.96,C1000056,0.0,0.0,M4991053,0,0,0,2026-01-08T12:36:45.021809,
TXN-00003528,208,TRANSFER,24593.79,C1000003,81928.89,57335.11,M3109274,0,0,1,2026-01-08T12:36:45.021836,rapid_succession
TXN-00003529,204,CASH_OUT,10.0,C1000008,281502.28,281492.28,M2194032,0,0,0,2026-01-08T12:36:45.021886,
TXN-00003530,204,TRANSFER,2744.39,C1000045,88941.16,86196.77,M1440633,0,0,0,2026-01-08T12:36:45.021941,
TXN-00003531,204,PAYMENT,10.0,C1000018,215970.23,215960.23,M7376196,0,0,0,2026-01-08T12:36:45.022000,
TXN-00003532,196,TRANSFER,26877.33,C1000038,0.0,0.0,M5814663,0,0,1,2026-01-08T12:36:45.022032,night_transaction
TXN-00003533,204,CASH_IN,3614.25,C1000084,218212.58,221826.82,M7528871,0,0,0,2026-01-08T12:36:45.022100,
TXN-00003534,204,CASH_OUT,334.4,C1000081,118735.73,118401.33,M3657830,0,0,0,2026-01-08T12:36:45.022170,
TXN-00003535,194,CASH_OUT,34296.61,C1000078,8227.12,0.0,M9818050,0,0,1,2026-01-08T12:36:45.022203,night_transaction
TXN-00003536,204,TRANSFER,17569.65,C1000093,0.0,0.0,M5538859,0,0,0,2026-01-08T12:36:45.022266,
TXN-00003537,204,CASH_OUT,5860.96,C1000052,108037.93,102176.97,M9924039,0,0,0,2026-01-08T12:36:45.022321,
TXN-00003538,204,PAYMENT,10.0,C1000055,230894.14,230884.14,M1536598,0,0,0,2026-01-08T12:36:45.022371,
TXN-00003539,202,CASH_OUT,127662.11,C1000064,0.0,0.0,M8306333,0,0,1,2026-01-08T12:36:45.022397,large_amount
TXN-00003540,194,CASH_OUT,83574.55,C1000060,64898.24,0.0,M4858636,0,0,1,2026-01-08T12:36:45.022426,night_transaction
TXN-00003541,204,TRANSFER,6889.22,C1000052,102176.97,95287.75,M6883288,0,0,0,2026-01-08T12:36:45.022501,
TXN-00003542,204,CASH_OUT,340.83,C1000072,7945.98,7605.14,M6363183,0,0,0,2026-01-08T12:36:45.022571,
TXN-00003543,204,CASH_OUT,41098.41,C1000012,0.0,0.0,M2175018,0,0,0,2026-01-08T12:36:45.022628,
TXN-00003544,204,CASH_OUT,3875.38,C1000002,358311.28,354435.9,M4739693,0,0,0,2026-01-08T12:36:45.022686,
TXN-00003545,204,PAYMENT,23608.34,C1000037,0.0,0.0,M8987873,0,0,0,2026-01-08T12:36:45.022757,
TXN-00003546,204,PAYMENT,1185.21,C1000081,118401.33,117216.12,M3672518,0,0,0,2026-01-08T12:36:45.022801,
TXN-00003547,204,TRANSFER,18115.32,C1000093,0.0,0.0,M9121416,0,0,0,2026-01-08T12:36:45.022841,
TXN-00003548,204,TRANSFER,10849.4,C1000054,0.0,0.0,M9944528,0,0,0,2026-01-08T12:36:45.022879,
TXN-00003549,204,CASH_OUT,7277.1,C1000036,0.0,0.0,M4390406,0,0,0,2026-01-08T12:36:45.022917,
TXN-00003550,196,CASH_OUT,86825.67,C1000016,224125.55,137299.88,M8978931,0,0,1,2026-01-08T12:36:45.022941,night_transaction
TXN-00003551,194,TRANSFER,53820.22,C1000015,278583.35,221476.19,M1662164,0,0,1,2026-01-08T12:36:45.022963,balance_mismatch
TXN-00003552,204,PAYMENT,6581.67,C1000011,0.0,0.0,M6537945,0,0,0,2026-01-08T12:36:45.023025,
TXN-00003553,204,TRANSFER,497.88,C1000077,134042.46,133544.58,M7272606,0,0,0,2026-01-08T12:36:45.023084,
TXN-00003554,197,TRANSFER,96989.78,C1000042,43240.39,-53730.16,M9220677,0,0,1,2026-01-08T12:36:45.023114,balance_mismatch
TXN-00003555,204,TRANSFER,2195.56,C1000085,10793.32,8597.76,M3707622,0,0,0,2026-01-08T12:36:45.023195,
TXN-00003556,204,PAYMENT,5858.24,C1000006,341353.02,335494.78,M8111223,0,0,0,2026-01-08T12:36:45.023268,
TXN-00003557,195,TRANSFER,40513.75,C1000028,40163.23,90.13,M6625091,0,0,1,2026-01-08T12:36:45.023301,balance_mismatch
TXN-00003558,204,PAYMENT,1020.88,C1000007,90124.32,89103.44,M9536959,0,0,0,2026-01-08T12:36:45.023366,
TXN-00003559,204,TRANSFER,1159.71,C1000098,300335.25,299175.54,M8611380,0,0,0,2026-01-08T12:36:45.023408,
TXN-00003560,204,CASH_OUT,294.29,C1000002,354435.9,354141.62,M3734733,0,0,0,2026-01-08T12:36:45.023450,
TXN-00003561,204,PAYMENT,34294.67,C1000073,0.0,0.0,M8242522,0,0,0,2026-01-08T12:36:45.023489,
TXN-00003562,204,CASH_OUT,6774.88,C1000088,42293.37,35518.49,M9891185,0,0,0,2026-01-08T12:36:45.023527,
TXN-00003563,204,PAYMENT,2500.27,C1000044,111642.37,109142.1,M3719556,0,0,0,2026-01-08T12:36:45.023581,
TXN-00003564,204,CASH_OUT,1384.72,C1000078,8227.12,6842.39,M5776241,0,0,0,2026-01-08T12:36:45.023622,
TXN-00003565,201,CASH_OUT,46098.56,C1000033,251667.46,205568.9,M5710697,0,0,1,2026-01-08T12:36:45.023641,unusual_type
TXN-00003566,204,PAYMENT,5793.32,C1000058,0.0,0.0,M8155680,0,0,0,2026-01-08T12:36:45.023679,
TXN-00003567,204,CASH_OUT,6679.63,C1000049,152849.48,146169.85,M3901042,0,0,0,2026-01-08T12:36:45.023717,
TXN-00003568,204,TRANSFER,132.54,C1000077,133544.58,133412.04,M7630730,0,0,0,2026-01-08T12:36:45.023754,
TXN-00003569,204,DEBIT,1225.49,C1000083,244705.4,243479.91,M6255097,0,0,0,2026-01-08T12:36:45.023792,
TXN-00003570,204,PAYMENT,2542.48,C1000002,354141.62,351599.14,M9431709,0,0,0,2026-01-08T12:36:45.023850,
TXN-00003571,207,CASH_OUT,90474.04,C1000015,278583.35,188109.31,M1836893,0,0,1,2026-01-08T12:36:45.023877,large_amount
TXN-00003572,204,CASH_IN,3057.36,C1000040,95379.85,98437.21,M4171920,0,0,0,2026-01-08T12:36:45.023917,
TXN-00003573,209,CASH_OUT,69648.58,C1000069,163713.98,94065.4,M2328212,0,0,1,2026-01-08T12:36:45.023937,unusual_type
TXN-00003574,204,DEBIT,17373.86,C1000093,0.0,0.0,M5790212,0,0,0,2026-01-08T12:36:45.023975,
TXN-00003575,204,PAYMENT,2022.53,C1000041,321294.38,319271.85,M1919863,0,0,0,2026-01-08T12:36:45.024012,
TXN-00003576,204,PAYMENT,20225.96,C1000024,0.0,0.0,M4043649,0,0,0,2026-01-08T12:36:45.024050,
TXN-00003577,204,PAYMENT,1171.37,C1000098,299175.54,298004.17,M5565399,0,0,0,2026-01-08T12:36:45.024087,
TXN-00003578,200,CASH_OUT,60379.57,C1000094,240977.1,180597.53,M5764471,0,0,1,2026-01-08T12:36:45.024105,large_amount
TXN-00003579,204,PAYMENT,4364.2,C1000045,86196.77,81832.58,M6071117,0,0,0,2026-01-08T12:36:45.024145,
TXN-00003580,194,CASH_OUT,55979.77,C1000074,64716.37,8736.6,M2103314,0,0,1,2026-01-08T12:36:45.024166,night_transaction
TXN-00003581,204,PAYMENT,1120.56,C1000048,248578.49,247457.93,M4738379,0,0,0,2026-01-08T12:36:45.024202,
TXN-00003582,204,PAYMENT,2392.55,C1000098,298004.17,295611.62,M9072430,0,0,0,2026-01-08T12:36:45.024240,
TXN-00003583,204,DEBIT,15566.05,C1000074,64716.37,49150.32,M6031575,0,0,0,2026-01-08T12:36:45.024285,
TXN-00003584,204,CASH_OUT,40172.61,C1000012,0.0,0.0,M9286774,0,0,0,2026-01-08T12:36:45.024325,
TXN-00003585,204,PAYMENT,39730.61,C1000012,0.0,0.0,M6403602,0,0,0,2026-01-08T12:36:45.024369,
TXN-00003586,204,PAYMENT,172813.38,C1000050,0.0,0.0,M4307975,0,0,0,2026-01-08T12:36:45.024418,
TXN-00003587,212,CASH_OUT,32075.88,C1000098,295611.62,263535.74,M9981250,0,0,1,2026-01-08T12:36:45.024445,rapid_succession
TXN-00003588,204,PAYMENT,3946.33,C1000027,0.0,0.0,M1803480,0,0,0,2026-01-08T12:36:45.024497,
TXN-00003589,206,TRANSFER,35511.86,C1000028,40163.23,4651.37,M8248276,0,0,1,2026-01-08T12:36:45.024523,rapid_succession
TXN-00003590,204,PAYMENT,1798.81,C1000026,282135.31,280336.5,M6832264,0,0,0,2026-01-08T12:36:45.024583,
TXN-00003591,194,CASH_OUT,41721.52,C1000007,89103.44,47381.93,M8406338,0,0,1,2026-01-08T12:36:45.024611,night_transaction
TXN-00003592,204,CASH_OUT,5120.69,C1000010,0.0,0.0,M7304681,0,0,0,2026-01-08T12:36:45.024667,
TXN-00003593,204,CASH_OUT,17615.28,C1000019,0.0,0.0,M8824308,0,0,0,2026-01-08T12:36:45.024723,
TXN-00003594,204,PAYMENT,4843.14,C1000027,0.0,0.0,M3679290,0,0,0,2026-01-08T12:36:45.024781,
TXN-00003595,204,PAYMENT,40024.68,C1000012,0.0,0.0,M8218698,0,0,0,2026-01-08T12:36:45.024843,
TXN-00003596,204,PAYMENT,1331.49,C1000040,98437.21,97105.72,M8236241,0,0,0,2026-01-08T12:36:45.024912,
TXN-00003597,204,PAYMENT,2621.28,C1000041,319271.85,316650.56,M1398041,0,0,0,2026-01-08T12:36:45.024980,
TXN-00003598,204,PAYMENT,13781.04,C1000005,3294.86,0.0,M1342755,0,0,0,2026-01-08T12:36:45.025050,
TXN-00003599,204,DEBIT,7712.28,C1000099,215440.79,207728.51,M8893084,0,0,0,2026-01-08T12:36:45.025120,
TXN-00003600,204,PAYMENT,3311.56,C1000038,0.0,0.0,M5704761,0,0,0,2026-01-08T12:36:45.025196,
TXN-00003601,204,DEBIT,10.0,C1000042,43240.39,43230.39,M9241775,0,0,0,2026-01-08T12:36:45.025264,
TXN-00003602,204,DEBIT,2060.67,C1000048,247457.93,245397.26,M5269932,0,0,0,2026-01-08T12:36:45.025322,
TXN-00003603,194,CASH_OUT,39742.83,C1000023,85713.02,45970.19,M8721595,0,0,1,2026-01-08T12:36:45.025345,night_transaction
TXN-00003604,214,CASH_OUT,14617.33,C1000040,97105.72,82488.39,M3037755,0,0,1,2026-01-08T12:36:45.025367,rapid_succession
TXN-00003605,215,CASH_OUT,127979.09,C1000095,49250.07,0.0,M1886700,0,0,1,2026-01-08T12:36:45.025385,large_amount
TXN-00003606,195,TRANSFER,55391.82,C1000051,441058.59,385666.77,M2926955,0,0,1,2026-01-08T12:36:45.025402,night_transaction
TXN-00003607,204,PAYMENT,2857.64,C1000080,137947.1,135089.46,M8081446,0,0,0,2026-01-08T12:36:45.025843,
TXN-00003608,204,CASH_OUT,1403.58,C1000082,259732.82,258329.23,M6118740,0,0,0,2026-01-08T12:36:45.025984,
TXN-00003609,204,PAYMENT,8894.78,C1000036,0.0,0.0,M1680612,0,0,0,2026-01-08T12:36:45.026070,
TXN-00003610,204,TRANSFER,5874.64,C1000046,0.0,0.0,M8025623,0,0,0,2026-01-08T12:36:45.026161,
TXN-00003611,204,CASH_IN,2176.93,C1000026,280336.5,282513.43,M3472149,0,0,0,2026-01-08T12:36:45.026236,
TXN-00003612,204,PAYMENT,4185.36,C1000065,0.0,0.0,M6893343,0,0,0,2026-01-08T12:36:45.026610,
TXN-00003613,204,PAYMENT,270.22,C1000034,96097.52,95827.29,M8101784,0,0,0,2026-01-08T12:36:45.026720,
TXN-00003614,195,TRANSFER,86115.83,C1000024,0.0,0.0,M3560847,0,0,1,2026-01-08T12:36:45.026758,night_transaction
TXN-00003615,197,CASH_OUT,107767.81,C1000057,0.0,0.0,M3158210,0,0,1,2026-01-08T12:36:45.026782,large_amount
TXN-00003616,204,DEBIT,10.0,C1000061,269250.97,269240.97,M2185491,0,0,0,2026-01-08T12:36:45.026864,
TXN-00003617,197,TRANSFER,45653.26,C1000024,0.0,0.0,M5994475,0,0,1,2026-01-08T12:36:45.026923,night_transaction
TXN-00003618,204,TRANSFER,17646.43,C1000005,0.0,0.0,M2219417,0,0,0,2026-01-08T12:36:45.026997,
TXN-00003619,204,DEBIT,2179.64,C1000052,95287.75,93108.1,M4030190,0,0,0,2026-01-08T12:36:45.027080,
TXN-00003620,204,TRANSFER,8640.74,C1000031,0.0,0.0,M2950575,0,0,0,2026-01-08T12:36:45.027172,
TXN-00003621,204,PAYMENT,4232.67,C1000027,0.0,0.0,M5098616,0,0,0,2026-01-08T12:36:45.027251,
TXN-00003622,204,CASH_OUT,1158.83,C1000016,224125.55,222966.72,M9270907,0,0,0,2026-01-08T12:36:45.027324,
TXN-00003623,204,CASH_IN,2286.21,C1000086,223854.92,226141.13,M2223936,0,0,0,2026-01-08T12:36:45.027449,
TXN-00003624,197,TRANSFER,88391.94,C1000014,334885.81,246493.87,M3066361,0,0,1,2026-01-08T12:36:45.027729,night_transaction
TXN-00003625,204,PAYMENT,2882.87,C1000029,0.0,0.0,M3124050,0,0,0,2026-01-08T12:36:45.027934,
TXN-00003626,204,PAYMENT,10.0,C1000075,470040.4,470030.4,M8571219,0,0,0,2026-01-08T12:36:45.028061,
TXN-00003627,204,PAYMENT,1835.6,C1000071,238164.79,236329.2,M5119174,0,0,0,2026-01-08T12:36:45.028120,
TXN-00003628,204,PAYMENT,878.57,C1000048,245397.26,244518.69,M5211631,0,0,0,2026-01-08T12:36:45.028174,
TXN-00003629,204,PAYMENT,10.0,C1000089,248816.14,248806.14,M1874692,0,0,0,2026-01-08T12:36:45.028226,
TXN-00003630,204,PAYMENT,4302.14,C1000010,0.0,0.0,M2873191,0,0,0,2026-01-08T12:36:45.028287,
TXN-00003631,204,PAYMENT,4474.21,C1000049,146169.85,141695.63,M3119889,0,0,0,2026-01-08T12:36:45.028338,
TXN-00003632,201,CASH_OUT,185137.17,C1000018,215960.23,30823.06,M3459542,0,0,1,2026-01-08T12:36:45.028371,large_amount
TXN-00003633,209,CASH_OUT,37010.85,C1000055,230884.14,193873.29,M9309571,0,0,1,2026-01-08T12:36:45.028404,rapid_succession
TXN-00003634,204,DEBIT,12546.5,C1000005,0.0,0.0,M5063870,0,0,0,2026-01-08T12:36:45.028483,
TXN-00003635,204,PAYMENT,172753.41,C1000050,0.0,0.0,M5917025,0,0,0,2026-01-08T12:36:45.028555,
TXN-00003636,204,TRANSFER,2474.06,C1000089,248806.14,246332.08,M4817875,0,0,0,2026-01-08T12:36:45.028685,
TXN-00003637,204,PAYMENT,30478.74,C1000067,0.0,0.0,M5416602,0,0,0,2026-01-08T12:36:45.028780,
TXN-00003638,204,CASH_IN,25645.46,C1000095,49250.07,74895.52,M2834586,0,0,0,2026-01-08T12:36:45.028911,
TXN-00003639,204,CASH_OUT,5047.56,C1000032,119166.95,114119.4,M8287567,0,0,0,2026-01-08T12:36:45.029010,
TXN-00003640,204,CASH_OUT,10.0,C1000022,56790.29,56780.29,M2115112,0,0,0,2026-01-08T12:36:45.029122,
TXN-00003641,204,CASH_OUT,2788.12,C1000030,109675.19,106887.07,M2763546,0,0,0,2026-01-08T12:36:45.029198,
TXN-00003642,204,DEBIT,5669.41,C1000052,93108.1,87438.69,M4851370,0,0,0,2026-01-08T12:36:45.029272,
TXN-00003643,204,TRANSFER,393.8,C1000034,95827.29,95433.49,M2311604,0,0,0,2026-01-08T12:36:45.029350,
TXN-00003644,204,TRANSFER,6342.74,C1000082,258329.23,251986.5,M6136365,0,0,0,2026-01-08T12:36:45.029483,
TXN-00003645,204,PAYMENT,1149.17,C1000048,244518.69,243369.52,M4805181,0,0,0,2026-01-08T12:36:45.029571,
TXN-00003646,204,DEBIT,8644.43,C1000039,43929.13,35284.7,M3208237,0,0,0,2026-01-08T12:36:45.030620,
TXN-00003647,204,TRANSFER,6272.4,C1000059,221992.04,215719.64,M4522170,0,0,0,2026-01-08T12:36:45.030790,
TXN-00003648,204,PAYMENT,1297.83,C1000077,133412.04,132114.21,M7367573,0,0,0,2026-01-08T12:36:45.030862,
TXN-00003649,204,PAYMENT,6148.69,C1000059,215719.64,209570.95,M6647359,0,0,0,2026-01-08T12:36:45.030915,
TXN-00003650,204,PAYMENT,934.4,C1000077,132114.21,131179.8,M3554515,0,0,0,2026-01-08T12:36:45.031036,
TXN-00003651,204,TRANSFER,2987.72,C1000041,316650.56,313662.84,M4721262,0,0,0,2026-01-08T12:36:45.031127,
TXN-00003652,204,PAYMENT,3941.38,C1000089,246332.08,242390.7,M8467875,0,0,0,2026-01-08T12:36:45.031200,
TXN-00003653,204,PAYMENT,2090.8,C1000041,313662.84,311572.04,M1394284,0,0,0,2026-01-08T12:36:45.031271,
TXN-00003654,204,TRANSFER,173285.21,C1000050,0.0,0.0,M1625687,0,0,0,2026-01-08T12:36:45.031339,
TXN-00003655,204,TRANSFER,4053.68,C1000045,81832.58,77778.9,M4042596,0,0,0,2026-01-08T12:36:45.031404,
TXN-00003656,197,CASH_OUT,91899.52,C1000002,351599.14,259699.61,M3233034,0,0,1,2026-01-08T12:36:45.031444,night_transaction
TXN-00003657,194,CASH_OUT,95926.19,C1000088,35518.49,0.0,M3731760,0,0,1,2026-01-08T12:36:45.031477,night_transaction
TXN-00003658,204,DEBIT,10.0,C1000066,9683.77,9673.77,M1597620,0,0,0,2026-01-08T12:36:45.031544,
TXN-00003659,204,PAYMENT,5108.29,C1000021,0.0,0.0,M4992699,0,0,0,2026-01-08T12:36:45.031613,
TXN-00003660,193,TRANSFER,20970.51,C1000038,0.0,0.0,M6303568,0,0,1,2026-01-08T12:36:45.031652,rapid_succession
TXN-00003661,204,PAYMENT,1797.5,C1000040,97105.72,95308.23,M5977318,0,0,0,2026-01-08T12:36:45.031719,
TXN-00003662,204,TRANSFER,34796.92,C1000073,0.0,0.0,M1013003,0,0,0,2026-01-08T12:36:45.031785,
TXN-00003663,204,PAYMENT,1570.0,C1000090,314937.27,313367.26,M2575559,0,0,0,2026-01-08T12:36:45.031854,
TXN-00003664,204,PAYMENT,1262.59,C1000001,119238.02,117975.44,M2320956,0,0,0,2026-01-08T12:36:45.031923,
TXN-00003665,204,CASH_OUT,16725.3,C1000005,0.0,0.0,M2213298,0,0,0,2026-01-08T12:36:45.031989,
TXN-00003666,204,PAYMENT,5872.01,C1000046,0.0,0.0,M9582503,0,0,0,2026-01-08T12:36:45.032058,
TXN-00003667,204,CASH_OUT,10.0,C1000042,43230.39,43220.39,M9270727,0,0,0,2026-01-08T12:36:45.032125,
TXN-00003668,204,PAYMENT,2034.34,C1000017,182203.03,180168.7,M4825690,0,0,0,2026-01-08T12:36:45.032192,
TXN-00003669,196,CASH_OUT,83821.52,C1000011,0.0,0.0,M5934031,0,0,1,2026-01-08T12:36:45.032231,night_transaction
TXN-00003670,204,PAYMENT,10.0,C1000060,64898.24,64888.24,M8079703,0,0,0,2026-01-08T12:36:45.032296,
TXN-00003671,192,TRANSFER,96114.21,C1000077,131179.8,39776.83,M8827610,0,0,1,2026-01-08T12:36:45.032330,balance_mismatch
TXN-00003672,194,TRANSFER,117151.18,C1000016,222966.72,109379.39,M4052744,0,0,1,2026-01-08T12:36:45.032367,balance_mismatch
TXN-00003673,204,CASH_OUT,7710.5,C1000011,0.0,0.0,M1595431,0,0,0,2026-01-08T12:36:45.032440,
TXN-00003674,204,TRANSFER,23825.37,C1000095,74895.52,51070.15,M2233673,0,0,0,2026-01-08T12:36:45.032507,
TXN-00003675,204,CASH_OUT,2400.05,C1000026,282513.43,280113.38,M6328233,0,0,0,2026-01-08T12:36:45.032571,
TXN-00003676,204,TRANSFER,1920.56,C1000070,0.0,0.0,M1247068,0,0,0,2026-01-08T12:36:45.032636,
TXN-00003677,204,PAYMENT,172526.13,C1000050,0.0,0.0,M6843534,0,0,0,2026-01-08T12:36:45.032701,
TXN-00003678,196,TRANSFER,53890.53,C1000050,0.0,0.0,M7574528,0,0,1,2026-01-08T12:36:45.032735,night_transaction
TXN-00003679,204,TRANSFER,20577.51,C1000035,0.0,0.0,M5135573,0,0,0,2026-01-08T12:36:45.032799,
TXN-00003680,197,TRANSFER,84713.6,C1000098,295611.62,210898.02,M6306774,0,0,1,2026-01-08T12:36:45.032835,night_transaction
TXN-00003681,192,CASH_OUT,100375.78,C1000083,243479.91,143104.13,M9464664,0,0,1,2026-01-08T12:36:45.032867,large_amount
TXN-00003682,204,TRANSFER,6172.3,C1000040,95308.23,89135.93,M2117179,0,0,0,2026-01-08T12:36:45.032932,
TXN-00003683,204,TRANSFER,3068.28,C1000087,365444.86,362376.58,M1546900,0,0,0,2026-01-08T12:36:45.033003,
TXN-00003684,204,TRANSFER,2306.04,C1000043,141008.0,138701.96,M9141074,0,0,0,2026-01-08T12:36:45.033070,
TXN-00003685,204,TRANSFER,1570.79,C1000026,280113.38,278542.58,M9380354,0,0,0,2026-01-08T12:36:45.033139,
TXN-00003686,204,DEBIT,9556.71,C1000080,135089.46,125532.75,M3791061,0,0,0,2026-01-08T12:36:45.033206,
TXN-00003687,199,CASH_OUT,23183.29,C1000073,0.0,0.0,M3009767,0,0,1,2026-01-08T12:36:45.033241,rapid_succession
TXN-00003688,204,CASH_IN,2168.6,C1000013,27392.28,29560.88,M7853812,0,0,0,2026-01-08T12:36:45.033305,
TXN-00003689,204,TRANSFER,26527.64,C1000056,0.0,0.0,M7664944,0,0,0,2026-01-08T12:36:45.033382,
TXN-00003690,204,CASH_OUT,18617.73,C1000079,0.0,0.0,M2772239,0,0,0,2026-01-08T12:36:45.033463,
TXN-00003691,204,PAYMENT,5237.97,C1000010,0.0,0.0,M7303893,0,0,0,2026-01-08T12:36:45.033528,
TXN-00003692,204,PAYMENT,1975.81,C1000002,351599.14,349623.33,M3820013,0,0,0,2026-01-08T12:36:45.033590,
TXN-00003693,204,TRANSFER,35881.76,C1000073,0.0,0.0,M4443896,0,0,0,2026-01-08T12:36:45.033652,
TXN-00003694,203,CASH_OUT,84694.75,C1000016,222966.72,138271.97,M3318301,0,0,1,2026-01-08T12:36:45.033685,unusual_type
TXN-00003695,203,CASH_OUT,64935.99,C1000010,0.0,0.0,M4901351,0,0,1,2026-01-08T12:36:45.033716,unusual_type
TXN-00003696,204,PAYMENT,633.42,C1000007,89103.44,88470.03,M7872709,0,0,0,2026-01-08T12:36:45.033780,
TXN-00003697,204,CASH_IN,3697.53,C1000087,362376.58,366074.11,M9623767,0,0,0,2026-01-08T12:36:45.033853,
TXN-00003698,204,CASH_IN,54829.15,C1000000,0.0,54829.15,M1686751,0,0,0,2026-01-08T12:36:45.033965,
TXN-00003699,204,PAYMENT,864.72,C1000020,421334.07,420469.35,M4953946,0,0,0,2026-01-08T12:36:45.034052,
TXN-00003700,204,PAYMENT,1032.82,C1000070,0.0,0.0,M8965135,0,0,0,2026-01-08T12:36:45.034122,
TXN-00003701,204,TRANSFER,172625.45,C1000050,0.0,0.0,M1435505,0,0,0,2026-01-08T12:36:45.034186,
TXN-00003702,204,PAYMENT,4747.29,C1000025,136938.14,132190.86,M5645699,0,0,0,2026-01-08T12:36:45.034251,
TXN-00003703,207,TRANSFER,73770.57,C1000028,40163.23,-31472.6,M8153495,0,0,1,2026-01-08T12:36:45.034284,balance_mismatch
TXN-00003704,204,CASH_OUT,26564.34,C1000056,0.0,0.0,M8897771,0,0,0,2026-01-08T12:36:45.034352,
TXN-00003705,204,PAYMENT,1530.78,C1000038,0.0,0.0,M9375059,0,0,0,2026-01-08T12:36:45.034413,
TXN-00003706,204,CASH_OUT,19076.6,C1000093,0.0,0.0,M9591252,0,0,0,2026-01-08T12:36:45.034514,
TXN-00003707,204,TRANSFER,36291.82,C1000012,0.0,0.0,M4530998,0,0,0,2026-01-08T12:36:45.034595,
TXN-00003708,210,CASH_OUT,98019.44,C1000093,0.0,0.0,M1856250,0,0,1,2026-01-08T12:36:45.034634,large_amount
TXN-00003709,204,PAYMENT,49945.29,C1000053,0.0,0.0,M5967284,0,0,0,2026-01-08T12:36:45.034710,
TXN-00003710,204,CASH_OUT,5315.54,C1000003,81928.89,76613.35,M6100249,0,0,0,2026-01-08T12:36:45.034797,
TXN-00003711,204,PAYMENT,1945.3,C1000017,180168.7,178223.4,M1963841,0,0,0,2026-01-08T12:36:45.034884,
TXN-00003712,204,PAYMENT,2172.17,C1000002,349623.33,347451.16,M7507571,0,0,0,2026-01-08T12:36:45.034968,
TXN-00003713,204,CASH_IN,282.92,C1000018,215960.23,216243.15,M9768473,0,0,0,2026-01-08T12:36:45.035049,
TXN-00003714,204,PAYMENT,512.63,C1000077,131179.8,130667.17,M3828989,0,0,0,2026-01-08T12:36:45.035133,
TXN-00003715,204,PAYMENT,1568.54,C1000071,236329.2,234760.66,M7939694,0,0,0,2026-01-08T12:36:45.035209,
TXN-00003716,204,CASH_OUT,12654.62,C1000015,278583.35,265928.73,M9353252,0,0,0,2026-01-08T12:36:45.035268,
TXN-00003717,204,TRANSFER,10.0,C1000075,470030.4,470020.4,M4624741,0,0,0,2026-01-08T12:36:45.035329,
TXN-00003718,197,CASH_OUT,21500.26,C1000078,6842.39,0.0,M1303574,0,0,1,2026-01-08T12:36:45.035365,rapid_succession
TXN-00003719,204,TRANSFER,10.0,C1000033,251667.46,251657.46,M7918306,0,0,0,2026-01-08T12:36:45.035426,
TXN-00003720,204,PAYMENT,47586.59,C1000053,0.0,0.0,M6576792,0,0,0,2026-01-08T12:36:45.035481,
TXN-00003721,196,CASH_OUT,55861.17,C1000075,470020.4,414159.23,M2009104,0,0,1,2026-01-08T12:36:45.035504,night_transaction
TXN-00003722,204,PAYMENT,3040.69,C1000089,242390.7,239350.0,M9695389,0,0,0,2026-01-08T12:36:45.035547,
TXN-00003723,204,TRANSFER,134.39,C1000002,347451.16,347316.77,M1517142,0,0,0,2026-01-08T12:36:45.035588,
TXN-00003724,206,CASH_OUT,173931.08,C1000094,240977.1,67046.02,M7980053,0,0,1,2026-01-08T12:36:45.035609,large_amount
TXN-00003725,204,TRANSFER,2130.01,C1000017,178223.4,176093.39,M4659844,0,0,0,2026-01-08T12:36:45.035645,
TXN-00003726,204,PAYMENT,1151.84,C1000075,470020.4,468868.56,M6491875,0,0,0,2026-01-08T12:36:45.035683,
TXN-00003727,200,CASH_OUT,85029.45,C1000055,230884.14,145854.69,M9776018,0,0,1,2026-01-08T12:36:45.035706,unusual_type
TXN-00003728,210,TRANSFER,103836.86,C1000064,0.0,-106379.67,M1413606,0,0,1,2026-01-08T12:36:45.035722,balance_mismatch
TXN-00003729,204,PAYMENT,46895.68,C1000053,0.0,0.0,M6725577,0,0,0,2026-01-08T12:36:45.035762,
TXN-00003730,204,CASH_IN,989.16,C1000007,88470.03,89459.19,M2681473,0,0,0,2026-01-08T12:36:45.035802,
TXN-00003731,204,TRANSFER,2677.26,C1000028,40163.23,37485.97,M5066803,0,0,0,2026-01-08T12:36:45.035841,
TXN-00003732,203,TRANSFER,13411.88,C1000083,243479.91,230068.03,M4950355,0,0,1,2026-01-08T12:36:45.035860,rapid_succession
TXN-00003733,204,TRANSFER,40527.11,C1000050,0.0,-36725.94,M4905585,0,0,1,2026-01-08T12:36:45.035877,balance_mismatch
TXN-00003734,204,PAYMENT,5671.68,C1000025,132190.86,126519.17,M1751562,0,0,0,2026-01-08T12:36:45.035916,
TXN-00003735,204,CASH_IN,911.62,C1000069,163713.98,164625.6,M7976698,0,0,0,2026-01-08T12:36:45.035954,
TXN-00003736,204,PAYMENT,7579.8,C1000011,0.0,0.0,M7466651,0,0,0,2026-01-08T12:36:45.035992,
TXN-00003737,211,CASH_OUT,192280.15,C1000032,114119.4,0.0,M3487449,0,0,1,2026-01-08T12:36:45.036010,large_amount
TXN-00003738,204,TRANSFER,18919.05,C1000024,0.0,0.0,M4353271,0,0,0,2026-01-08T12:36:45.036046,
TXN-00003739,204,DEBIT,5424.58,C1000032,114119.4,108694.82,M5330579,0,0,0,2026-01-08T12:36:45.036084,
TXN-00003740,204,TRANSFER,17511.02,C1000005,0.0,0.0,M7763848,0,0,0,2026-01-08T12:36:45.036123,
TXN-00003741,204,TRANSFER,5168.39,C1000040,89135.93,83967.54,M1895987,0,0,0,2026-01-08T12:36:45.036160,
TXN-00003742,204,TRANSFER,25745.65,C1000095,51070.15,25324.5,M1755205,0,0,0,2026-01-08T12:36:45.036197,
TXN-00003743,209,CASH_OUT,175185.19,C1000012,0.0,0.0,M8765698,0,0,1,2026-01-08T12:36:45.036216,large_amount
TXN-00003744,209,CASH_OUT,101604.26,C1000067,0.0,0.0,M1210137,0,0,1,2026-01-08T12:36:45.036232,large_amount
TXN-00003745,204,PAYMENT,17655.44,C1000019,0.0,0.0,M1118347,0,0,0,2026-01-08T12:36:45.036267,
TXN-00003746,204,TRANSFER,10.0,C1000081,117216.12,117206.12,M2403803,0,0,0,2026-01-08T12:36:45.036304,
TXN-00003747,196,CASH_OUT,93537.71,C1000038,0.0,0.0,M2253821,0,0,1,2026-01-08T12:36:45.036323,night_transaction
TXN-00003748,204,CASH_OUT,4905.25,C1000027,0.0,0.0,M3940084,0,0,0,2026-01-08T12:36:45.036359,
TXN-00003749,204,CASH_OUT,2146.84,C1000028,37485.97,35339.13,M7524931,0,0,0,2026-01-08T12:36:45.036397,
TXN-00003750,204,TRANSFER,13700.24,C1000063,0.0,0.0,M3244587,0,0,0,2026-01-08T12:36:45.036436,
TXN-00003751,197,CASH_OUT,92188.55,C1000018,216243.15,124054.6,M2514157,0,0,1,2026-01-08T12:36:45.036454,unusual_type
TXN-00003752,204,TRANSFER,6760.26,C1000013,29560.88,22800.63,M5317353,0,0,0,2026-01-08T12:36:45.036490,
TXN-00003753,204,CASH_OUT,144.15,C1000023,85713.02,85568.86,M4646868,0,0,0,2026-01-08T12:36:45.036528,
TXN-00003754,205,CASH_OUT,79203.87,C1000040,83967.54,4763.67,M3223330,0,0,1,2026-01-08T12:36:45.036546,unusual_type
TXN-00003755,204,TRANSFER,10.0,C1000072,7605.14,7595.14,M1074553,0,0,0,2026-01-08T12:36:45.036582,
TXN-00003756,204,TRANSFER,4836.19,C1000025,126519.17,121682.98,M7390942,0,0,0,2026-01-08T12:36:45.036620,
TXN-00003757,204,PAYMENT,2136.34,C1000096,376455.96,374319.62,M7138726,0,0,0,2026-01-08T12:36:45.036658,
TXN-00003758,204,PAYMENT,30616.81,C1000067,0.0,0.0,M4020344,0,0,0,2026-01-08T12:36:45.036698,
TXN-00003759,204,CASH_OUT,2615.77,C1000068,154227.29,151611.52,M9005055,0,0,0,2026-01-08T12:36:45.036734,
TXN-00003760,194,CASH_OUT,130534.6,C1000061,269240.97,138706.37,M7096706,0,0,1,2026-01-08T12:36:45.036754,large_amount
TXN-00003761,204,PAYMENT,1099.6,C1000077,130667.17,129567.57,M7032530,0,0,0,2026-01-08T12:36:45.036790,
TXN-00003762,204,PAYMENT,828.01,C1000068,151611.52,150783.51,M5894993,0,0,0,2026-01-08T12:36:45.036828,
TXN-00003763,204,PAYMENT,328.3,C1000022,56780.29,56451.99,M2902176,0,0,0,2026-01-08T12:36:45.036865,
TXN-00003764,204,PAYMENT,2339.19,C1000075,468868.56,466529.37,M8758463,0,0,0,2026-01-08T12:36:45.036901,
TXN-00003765,204,PAYMENT,34534.5,C1000073,0.0,0.0,M1254993,0,0,0,2026-01-08T12:36:45.036938,
TXN-00003766,204,PAYMENT,5433.55,C1000025,121682.98,116249.43,M8634519,0,0,0,2026-01-08T12:36:45.036974,
TXN-00003767,204,DEBIT,1635.44,C1000082,251986.5,250351.06,M4038383,0,0,0,2026-01-08T12:36:45.037011,
TXN-00003768,204,CASH_OUT,10.0,C1000007,89459.19,89449.19,M1926248,0,0,0,2026-01-08T12:36:45.037048,
TXN-00003769,204,TRANSFER,87.59,C1000066,9673.77,9586.17,M1813538,0,0,0,2026-01-08T12:36:45.037085,
TXN-00003770,204,TRANSFER,646.74,C1000021,0.0,0.0,M6470176,0,0,0,2026-01-08T12:36:45.037131,
TXN-00003771,204,DEBIT,1587.85,C1000016,222966.72,221378.87,M9113526,0,0,0,2026-01-08T12:36:45.037190,
TXN-00003772,204,PAYMENT,34921.4,C1000073,0.0,0.0,M1225129,0,0,0,2026-01-08T12:36:45.037251,
TXN-00003773,204,CASH_IN,17893.83,C1000035,0.0,17893.83,M5761809,0,0,0,2026-01-08T12:36:45.037306,
TXN-00003774,204,TRANSFER,54035.04,C1000000,54829.15,794.11,M9872666,0,0,0,2026-01-08T12:36:45.037361,
TXN-00003775,214,CASH_OUT,113827.65,C1000004,238677.43,124849.78,M3555258,0,0,1,2026-01-08T12:36:45.037390,large_amount
TXN-00003776,198,CASH_OUT,24949.39,C1000097,127010.02,102060.63,M8493456,0,0,1,2026-01-08T12:36:45.037417,rapid_succession
TXN-00003777,204,PAYMENT,4984.43,C1000062,8685.67,3701.24,M7771193,0,0,0,2026-01-08T12:36:45.037476,
TXN-00003778,198,TRANSFER,49704.15,C1000016,221378.87,171674.71,M3551943,0,0,1,2026-01-08T12:36:45.037506,rapid_succession
TXN-00003779,204,CASH_OUT,2015.64,C1000080,125532.75,123517.11,M1520980,0,0,0,2026-01-08T12:36:45.037564,
TXN-00003780,204,TRANSFER,10.0,C1000055,230884.14,230874.14,M5337606,0,0,0,2026-01-08T12:36:45.037610,
TXN-00003781,204,PAYMENT,10.0,C1000014,334885.81,334875.81,M1721889,0,0,0,2026-01-08T12:36:45.037650,
TXN-00003782,204,CASH_OUT,9935.84,C1000092,117207.53,107271.69,M6763754,0,0,0,2026-01-08T12:36:45.037694,
TXN-00003783,195,CASH_OUT,85402.62,C1000061,269240.97,183838.35,M9036498,0,0,1,2026-01-08T12:36:45.037725,unusual_type
TXN-00003784,204,CASH_IN,3380.37,C1000043,138701.96,142082.32,M2430935,0,0,0,2026-01-08T12:36:45.037778,
TXN-00003785,204,CASH_OUT,673.66,C1000029,0.0,0.0,M5598473,0,0,0,2026-01-08T12:36:45.037836,
TXN-00003786,204,TRANSFER,4787.19,C1000032,108694.82,103907.63,M6350594,0,0,0,2026-01-08T12:36:45.037886,
TXN-00003787,195,TRANSFER,37570.44,C1000061,269240.97,231670.53,M8413339,0,0,1,2026-01-08T12:36:45.037913,night_transaction
TXN-00003788,204,CASH_OUT,3637.36,C1000047,54365.9,50728.54,M3372398,0,0,0,2026-01-08T12:36:45.037969,
TXN-00003789,204,CASH_OUT,4409.72,C1000062,3701.24,0.0,M6461085,0,0,0,2026-01-08T12:36:45.038037,
TXN-00003790,204,PAYMENT,683.11,C1000022,56451.99,55768.88,M4468295,0,0,0,2026-01-08T12:36:45.038102,
TXN-00003791,211,TRANSFER,66200.17,C1000034,95433.49,26464.18,M2807237,0,0,1,2026-01-08T12:36:45.038138,balance_mismatch
TXN-00003792,212,CASH_OUT,44100.56,C1000044,109142.1,65041.55,M4931287,0,0,1,2026-01-08T12:36:45.038172,unusual_type
TXN-00003793,204,TRANSFER,56375.87,C1000064,0.0,0.0,M7497704,0,0,0,2026-01-08T12:36:45.038234,
TXN-00003794,204,PAYMENT,2284.29,C1000026,278542.58,276258.3,M4291019,0,0,0,2026-01-08T12:36:45.038287,
TXN-00003795,207,CASH_OUT,149725.33,C1000048,243369.52,93644.19,M4505976,0,0,1,2026-01-08T12:36:45.038313,large_amount
TXN-00003796,204,CASH_OUT,10.0,C1000055,230874.14,230864.14,M1816163,0,0,0,2026-01-08T12:36:45.038363,
TXN-00003797,204,CASH_OUT,2950.35,C1000030,106887.07,103936.72,M2940525,0,0,0,2026-01-08T12:36:45.038417,
TXN-00003798,204,CASH_OUT,477.94,C1000057,0.0,0.0,M7291581,0,0,0,2026-01-08T12:36:45.038468,
TXN-00003799,204,TRANSFER,10.0,C1000029,0.0,0.0,M4836778,0,0,0,2026-01-08T12:36:45.038519,
TXN-00003800,204,PAYMENT,20703.33,C1000024,0.0,0.0,M6253439,0,0,0,2026-01-08T12:36:45.038576,
TXN-00003801,203,TRANSFER,46788.45,C1000073,0.0,-42023.74,M5179973,0,0,1,2026-01-08T12:36:45.038602,balance_mismatch
TXN-00003802,204,PAYMENT,22851.8,C1000067,0.0,0.0,M3045918,0,0,0,2026-01-08T12:36:45.038656,
TXN-00003803,204,CASH_OUT,1388.33,C1000020,420469.35,419081.01,M2954566,0,0,0,2026-01-08T12:36:45.038704,
TXN-00003804,194,TRANSFER,85929.79,C1000076,58645.97,0.0,M5623470,0,0,1,2026-01-08T12:36:45.038732,night_transaction
TXN-00003805,204,PAYMENT,4501.27,C1000006,335494.78,330993.5,M1389954,0,0,0,2026-01-08T12:36:45.038797,
TXN-00003806,204,PAYMENT,10.0,C1000023,85568.86,85558.86,M4837759,0,0,0,2026-01-08T12:36:45.038851,
TXN-00003807,204,PAYMENT,6353.61,C1000091,0.0,0.0,M7909842,0,0,0,2026-01-08T12:36:45.038904,
TXN-00003808,204,PAYMENT,4467.71,C1000032,103907.63,99439.93,M7654891,0,0,0,2026-01-08T12:36:45.038955,
TXN-00003809,204,CASH_IN,2464.93,C1000026,276258.3,278723.22,M7703862,0,0,0,2026-01-08T12:36:45.039008,
TXN-00003810,204,CASH_IN,7638.06,C1000049,141695.63,149333.7,M7466998,0,0,0,2026-01-08T12:36:45.039066,
TXN-00003811,204,TRANSFER,10.0,C1000007,89449.19,89439.19,M5541845,0,0,0,2026-01-08T12:36:45.039118,
TXN-00003812,197,CASH_OUT,40671.8,C1000077,129567.57,88895.76,M3585179,0,0,1,2026-01-08T12:36:45.039148,night_transaction
TXN-00003813,204,TRANSFER,787.85,C1000034,95433.49,94645.65,M5391232,0,0,0,2026-01-08T12:36:45.039198,
TXN-00003814,203,CASH_OUT,39880.33,C1000070,0.0,0.0,M4083266,0,0,1,2026-01-08T12:36:45.039225,rapid_succession
TXN-00003815,204,CASH_OUT,6657.63,C1000088,35518.49,28860.86,M8178491,0,0,0,2026-01-08T12:36:45.039278,
TXN-00003816,204,PAYMENT,3156.97,C1000049,149333.7,146176.72,M2133790,0,0,0,2026-01-08T12:36:45.039328,
TXN-00003817,203,CASH_OUT,12101.27,C1000035,17893.83,5792.56,M7000309,0,0,1,2026-01-08T12:36:45.039353,rapid_succession
TXN-00003818,204,TRANSFER,20355.42,C1000035,17893.83,0.0,M7991903,0,0,0,2026-01-08T12:36:45.039401,
TXN-00003819,204,CASH_OUT,686.31,C1000094,240977.1,240290.79,M5695854,0,0,0,2026-01-08T12:36:45.039449,
TXN-00003820,200,TRANSFER,128510.73,C1000007,89439.19,-38090.34,M7406426,0,0,1,2026-01-08T12:36:45.039476,balance_mismatch
TXN-00003821,199,TRANSFER,121577.64,C1000097,127010.02,2337.08,M8030650,0,0,1,2026-01-08T12:36:45.039502,balance_mismatch
TXN-00003822,193,CASH_OUT,30045.59,C1000016,221378.87,191333.28,M9591918,0,0,1,2026-01-08T12:36:45.039528,rapid_succession
TXN-00003823,204,PAYMENT,6331.44,C1000088,28860.86,22529.42,M2012981,0,0,0,2026-01-08T12:36:45.039577,
TXN-00003824,208,TRANSFER,16245.69,C1000042,43220.39,26974.7,M2418422,0,0,1,2026-01-08T12:36:45.039601,rapid_succession
TXN-00003825,204,CASH_OUT,2771.7,C1000062,0.0,0.0,M2408413,0,0,0,2026-01-08T12:36:45.039649,
TXN-00003826,213,CASH_OUT,45333.85,C1000032,99439.93,54106.08,M8227811,0,0,1,2026-01-08T12:36:45.039673,unusual_type
TXN-00003827,204,PAYMENT,13732.03,C1000063,0.0,0.0,M8808490,0,0,0,2026-01-08T12:36:45.039722,
TXN-00003828,211,CASH_OUT,22126.19,C1000097,127010.02,104883.83,M2725483,0,0,1,2026-01-08T12:36:45.039747,rapid_succession
TXN-00003829,204,PAYMENT,10.0,C1000029,0.0,0.0,M6977325,0,0,0,2026-01-08T12:36:45.039796,
TXN-00003830,204,PAYMENT,646.89,C1000018,216243.15,215596.26,M5638973,0,0,0,2026-01-08T12:36:45.039858,
TXN-00003831,200,CASH_OUT,147679.17,C1000091,0.0,0.0,M3128272,0,0,1,2026-01-08T12:36:45.039891,large_amount
TXN-00003832,204,CASH_OUT,737.6,C1000016,221378.87,220641.26,M2238833,0,0,0,2026-01-08T12:36:45.039940,
TXN-00003833,204,PAYMENT,26063.14,C1000056,0.0,0.0,M2167841,0,0,0,2026-01-08T12:36:45.039990,
TXN-00003834,204,PAYMENT,12855.84,C1000031,0.0,0.0,M8014254,0,0,0,2026-01-08T12:36:45.040041,
TXN-00003835,204,PAYMENT,4258.57,C1000065,0.0,0.0,M1567946,0,0,0,2026-01-08T12:36:45.040090,
TXN-00003836,204,TRANSFER,10.0,C1000098,295611.62,295601.62,M1820340,0,0,0,2026-01-08T12:36:45.040138,
TXN-00003837,204,TRANSFER,6037.83,C1000046,0.0,0.0,M5351802,0,0,0,2026-01-08T12:36:45.040189,
TXN-00003838,204,CASH_OUT,2227.3,C1000017,176093.39,173866.09,M1302011,0,0,0,2026-01-08T12:36:45.040240,
TXN-00003839,204,CASH_OUT,6172.57,C1000046,0.0,0.0,M1466202,0,0,0,2026-01-08T12:36:45.040291,
TXN-00003840,204,PAYMENT,7406.09,C1000013,22800.63,15394.54,M2540727,0,0,0,2026-01-08T12:36:45.040346,
TXN-00003841,204,PAYMENT,3606.89,C1000087,366074.11,362467.22,M8683112,0,0,0,2026-01-08T12:36:45.040400,
TXN-00003842,202,TRANSFER,55960.97,C1000039,35284.7,-18249.24,M1701215,0,0,1,2026-01-08T12:36:45.040427,balance_mismatch
TXN-00003843,204,TRANSFER,2424.07,C1000072,7595.14,5171.07,M1936351,0,0,0,2026-01-08T12:36:45.040484,
TXN-00003844,195,CASH_OUT,152802.06,C1000063,0.0,0.0,M2061360,0,0,1,2026-01-08T12:36:45.040514,large_amount
TXN-00003845,204,PAYMENT,16221.46,C1000074,49150.32,32928.86,M4349030,0,0,0,2026-01-08T12:36:45.040572,
TXN-00003846,207,TRANSFER,30692.3,C1000024,0.0,-31836.06,M1586492,0,0,1,2026-01-08T12:36:45.040602,balance_mismatch
TXN-00003847,206,CASH_OUT,44686.72,C1000030,103936.72,59250.0,M4547935,0,0,1,2026-01-08T12:36:45.040630,unusual_type
TXN-00003848,203,TRANSFER,79946.52,C1000078,6842.39,-75620.97,M7123251,0,0,1,2026-01-08T12:36:45.040652,balance_mismatch
TXN-00003849,204,TRANSFER,2475.95,C1000016,220641.26,218165.31,M4985930,0,0,0,2026-01-08T12:36:45.040716,
TXN-00003850,195,CASH_OUT,80097.04,C1000083,243479.91,163382.87,M5820300,0,0,1,2026-01-08T12:36:45.040752,night_transaction
TXN-00003851,204,PAYMENT,10.0,C1000055,230864.14,230854.14,M3632279,0,0,0,2026-01-08T12:36:45.040807,
TXN-00003852,204,PAYMENT,2789.65,C1000097,127010.02,124220.37,M3719606,0,0,0,2026-01-08T12:36:45.040860,
TXN-00003853,204,PAYMENT,3508.46,C1000084,221826.82,218318.37,M1181472,0,0,0,2026-01-08T12:36:45.040910,
TXN-00003854,213,CASH_OUT,64155.31,C1000072,5171.07,0.0,M6214736,0,0,1,2026-01-08T12:36:45.040943,unusual_type
TXN-00003855,212,CASH_OUT,170076.42,C1000049,146176.72,0.0,M6372650,0,0,1,2026-01-08T12:36:45.040973,large_amount
TXN-00003856,204,PAYMENT,4982.45,C1000084,218318.37,213335.92,M9594290,0,0,0,2026-01-08T12:36:45.041020,
TXN-00003857,204,PAYMENT,4238.97,C1000087,362467.22,358228.25,M4461313,0,0,0,2026-01-08T12:36:45.041072,
TXN-00003858,204,PAYMENT,3927.83,C1000065,0.0,0.0,M4296857,0,0,0,2026-01-08T12:36:45.041122,
TXN-00003859,204,PAYMENT,5830.59,C1000025,116249.43,110418.84,M4784724,0,0,0,2026-01-08T12:36:45.041171,
TXN-00003860,204,TRANSFER,10.0,C1000047,50728.54,50718.54,M6915718,0,0,0,2026-01-08T12:36:45.041222,
TXN-00003861,204,DEBIT,2498.41,C1000020,419081.01,416582.6,M7151697,0,0,0,2026-01-08T12:36:45.041271,
TXN-00003862,204,DEBIT,9403.91,C1000080,123517.11,114113.2,M9655140,0,0,0,2026-01-08T12:36:45.041319,
TXN-00003863,210,CASH_OUT,96887.68,C1000017,173866.09,76978.41,M1999798,0,0,1,2026-01-08T12:36:45.041344,unusual_type
TXN-00003864,209,CASH_OUT,32225.35,C1000063,0.0,0.0,M2975841,0,0,1,2026-01-08T12:36:45.041369,rapid_succession
TXN-00003865,198,CASH_OUT,74893.27,C1000064,0.0,0.0,M2381267,0,0,1,2026-01-08T12:36:45.041392,unusual_type
TXN-00003866,204,DEBIT,9460.57,C1000080,114113.2,104652.63,M1453050,0,0,0,2026-01-08T12:36:45.041443,
TXN-00003867,204,CASH_OUT,908.77,C1000071,234760.66,233851.89,M2577505,0,0,0,2026-01-08T12:36:45.041497,
TXN-00003868,204,CASH_OUT,4548.49,C1000025,110418.84,105870.35,M8588745,0,0,0,2026-01-08T12:36:45.041548,
TXN-00003869,204,CASH_OUT,59.45,C1000075,466529.37,466469.91,M6403014,0,0,0,2026-01-08T12:36:45.041604,
TXN-00003870,204,CASH_OUT,10.0,C1000009,139627.39,139617.39,M7557960,0,0,0,2026-01-08T12:36:45.041669,
TXN-00003871,204,PAYMENT,7051.92,C1000033,251657.46,244605.54,M1686067,0,0,0,2026-01-08T12:36:45.041727,
TXN-00003872,204,PAYMENT,1913.84,C1000040,83967.54,82053.7,M9152673,0,0,0,2026-01-08T12:36:45.041783,
TXN-00003873,204,TRANSFER,15157.6,C1000005,0.0,0.0,M3741064,0,0,0,2026-01-08T12:36:45.041835,
TXN-00003874,204,PAYMENT,22009.51,C1000035,0.0,0.0,M8275252,0,0,0,2026-01-08T12:36:45.041889,
TXN-00003875,195,TRANSFER,23674.67,C1000035,0.0,0.0,M5381018,0,0,1,2026-01-08T12:36:45.041920,rapid_succession
TXN-00003876,204,TRANSFER,2946.16,C1000069,164625.6,161679.44,M4382142,0,0,0,2026-01-08T12:36:45.041977,
TXN-00003877,204,PAYMENT,24086.41,C1000067,0.0,0.0,M3542764,0,0,0,2026-01-08T12:36:45.042034,
TXN-00003878,204,PAYMENT,10893.89,C1000031,0.0,0.0,M1282408,0,0,0,2026-01-08T12:36:45.042089,
TXN-00003879,204,PAYMENT,1219.35,C1000034,94645.65,93426.3,M6025138,0,0,0,2026-01-08T12:36:45.043718,
TXN-00003880,204,CASH_IN,1138.4,C1000077,129567.57,130705.97,M6551028,0,0,0,2026-01-08T12:36:45.043857,
TXN-00003881,205,CASH_OUT,68934.07,C1000097,124220.37,55286.3,M4637921,0,0,1,2026-01-08T12:36:45.043923,unusual_type
TXN-00003882,202,CASH_OUT,164761.69,C1000058,0.0,0.0,M5901856,0,0,1,2026-01-08T12:36:45.043970,large_amount
TXN-00003883,204,DEBIT,10.0,C1000009,139617.39,139607.39,M4260261,0,0,0,2026-01-08T12:36:45.044065,
TXN-00003884,204,CASH_OUT,4421.52,C1000023,85558.86,81137.35,M4826166,0,0,0,2026-01-08T12:36:45.044150,
TXN-00003885,194,CASH_OUT,143149.73,C1000031,0.0,0.0,M7483105,0,0,1,2026-01-08T12:36:45.044190,large_amount
TXN-00003886,204,TRANSFER,17919.15,C1000019,0.0,0.0,M6099962,0,0,0,2026-01-08T12:36:45.044269,
TXN-00003887,204,TRANSFER,356.82,C1000055,230854.14,230497.33,M9411723,0,0,0,2026-01-08T12:36:45.044346,
TXN-00003888,204,TRANSFER,55025.07,C1000000,794.11,0.0,M8732212,0,0,0,2026-01-08T12:36:45.044423,
TXN-00003889,210,TRANSFER,65261.07,C1000074,32928.86,-30775.91,M4718768,0,0,1,2026-01-08T12:36:45.044516,balance_mismatch
TXN-00003890,204,PAYMENT,10.0,C1000021,0.0,0.0,M4213689,0,0,0,2026-01-08T12:36:45.044952,
TXN-00003891,197,CASH_OUT,116562.85,C1000004,238677.43,122114.58,M9294325,0,0,1,2026-01-08T12:36:45.045066,unusual_type
TXN-00003892,204,DEBIT,2836.68,C1000085,8597.76,5761.08,M2136914,0,0,0,2026-01-08T12:36:45.045204,
TXN-00003893,204,CASH_OUT,2263.94,C1000089,239350.0,237086.06,M1762316,0,0,0,2026-01-08T12:36:45.045401,
TXN-00003894,208,TRANSFER,44085.87,C1000084,213335.92,169250.04,M1784918,0,0,1,2026-01-08T12:36:45.045469,rapid_succession
TXN-00003895,204,PAYMENT,2754.37,C1000045,77778.9,75024.53,M5116356,0,0,0,2026-01-08T12:36:45.045660,
TXN-00003896,204,PAYMENT,4416.97,C1000096,374319.62,369902.65,M6138741,0,0,0,2026-01-08T12:36:45.045898,
TXN-00003897,204,CASH_OUT,46726.51,C1000053,0.0,0.0,M7717776,0,0,0,2026-01-08T12:36:45.046272,
TXN-00003898,194,TRANSFER,80166.03,C1000080,104652.63,24486.6,M5757944,0,0,1,2026-01-08T12:36:45.046524,night_transaction
TXN-00003899,208,CASH_OUT,32272.8,C1000068,150783.51,118510.71,M1275482,0,0,1,2026-01-08T12:36:45.046679,rapid_succession
TXN-00003900,204,TRANSFER,1453.54,C1000066,9586.17,8132.63,M3957557,0,0,0,2026-01-08T12:36:45.046954,
TXN-00003901,195,CASH_OUT,20648.11,C1000096,369902.65,349254.53,M2354385,0,0,1,2026-01-08T12:36:45.047011,night_transaction
TXN-00003902,203,TRANSFER,22402.45,C1000099,207728.51,185326.06,M4596327,0,0,1,2026-01-08T12:36:45.047047,rapid_succession
TXN-00003903,204,PAYMENT,2256.09,C1000016,218165.31,215909.22,M1334026,0,0,0,2026-01-08T12:36:45.047236,
TXN-00003904,204,TRANSFER,9096.01,C1000054,0.0,0.0,M7765517,0,0,0,2026-01-08T12:36:45.047334,
TXN-00003905,204,PAYMENT,8112.68,C1000013,15394.54,7281.85,M8198260,0,0,0,2026-01-08T12:36:45.047410,
TXN-00003906,204,PAYMENT,4905.62,C1000058,0.0,0.0,M5548310,0,0,0,2026-01-08T12:36:45.047481,
TXN-00003907,208,CASH_OUT,18211.52,C1000038,0.0,0.0,M8353888,0,0,1,2026-01-08T12:36:45.047514,rapid_succession
TXN-00003908,204,TRANSFER,10.0,C1000078,6842.39,6832.39,M8212698,0,0,0,2026-01-08T12:36:45.047573,
TXN-00003909,204,CASH_IN,4347.12,C1000065,0.0,4347.12,M4658310,0,0,0,2026-01-08T12:36:45.047632,
TXN-00003910,204,PAYMENT,9477.77,C1000013,7281.85,0.0,M3878377,0,0,0,2026-01-08T12:36:45.047690,
TXN-00003911,204,DEBIT,26900.31,C1000056,0.0,0.0,M1393466,0,0,0,2026-01-08T12:36:45.047748,
TXN-00003912,204,CASH_OUT,24484.74,C1000024,0.0,0.0,M2758250,0,0,0,2026-01-08T12:36:45.047805,
TXN-00003913,198,TRANSFER,86281.33,C1000033,244605.54,160385.86,M7393265,0,0,1,2026-01-08T12:36:45.047836,balance_mismatch
TXN-00003914,204,CASH_OUT,8247.94,C1000049,146176.72,137928.79,M6950220,0,0,0,2026-01-08T12:36:45.047902,
TXN-00003915,207,TRANSFER,14159.95,C1000062,0.0,0.0,M7894112,0,0,1,2026-01-08T12:36:45.047933,rapid_succession
TXN-00003916,207,TRANSFER,29919.75,C1000060,64888.24,34968.49,M3190441,0,0,1,2026-01-08T12:36:45.047961,rapid_succession
TXN-00003917,195,TRANSFER,46017.1,C1000041,311572.04,265554.93,M6824183,0,0,1,2026-01-08T12:36:45.047988,night_transaction
TXN-00003918,197,TRANSFER,60909.57,C1000029,0.0,-65051.67,M7528819,0,0,1,2026-01-08T12:36:45.048014,balance_mismatch
TXN-00003919,198,CASH_OUT,119214.54,C1000005,0.0,0.0,M4097876,0,0,1,2026-01-08T12:36:45.048048,unusual_type
TXN-00003920,204,DEBIT,27621.63,C1000067,0.0,0.0,M5336206,0,0,0,2026-01-08T12:36:45.048115,
TXN-00003921,204,CASH_OUT,1473.29,C1000061,269240.97,267767.68,M6984062,0,0,0,2026-01-08T12:36:45.048179,
TXN-00003922,204,PAYMENT,40310.4,C1000012,0.0,0.0,M6949192,0,0,0,2026-01-08T12:36:45.048243,
TXN-00003923,192,CASH_OUT,99025.48,C1000060,64888.24,0.0,M2176038,0,0,1,2026-01-08T12:36:45.048275,unusual_type
TXN-00003924,204,CASH_OUT,10957.36,C1000015,265928.73,254971.37,M3667300,0,0,0,2026-01-08T12:36:45.048336,
TXN-00003925,208,TRANSFER,23846.19,C1000087,358228.25,334382.06,M8032809,0,0,1,2026-01-08T12:36:45.048369,rapid_succession
TXN-00003926,211,CASH_OUT,71399.62,C1000031,0.0,0.0,M1844051,0,0,1,2026-01-08T12:36:45.048396,unusual_type
TXN-00003927,204,PAYMENT,33743.68,C1000073,0.0,0.0,M3963896,0,0,0,2026-01-08T12:36:45.048457,
TXN-00003928,204,PAYMENT,10.0,C1000066,8132.63,8122.63,M8193604,0,0,0,2026-01-08T12:36:45.048520,
TXN-00003929,204,PAYMENT,1332.03,C1000066,8122.63,6790.61,M9652107,0,0,0,2026-01-08T12:36:45.048582,
TXN-00003930,204,CASH_OUT,26711.76,C1000056,0.0,0.0,M1858372,0,0,0,2026-01-08T12:36:45.048646,
TXN-00003931,204,PAYMENT,5816.31,C1000049,137928.79,132112.48,M7086388,0,0,0,2026-01-08T12:36:45.048707,
TXN-00003932,204,TRANSFER,1448.45,C1000008,281492.28,280043.83,M5943885,0,0,0,2026-01-08T12:36:45.048768,
TXN-00003933,204,PAYMENT,5800.17,C1000074,32928.86,27128.69,M7264926,0,0,0,2026-01-08T12:36:45.048828,
TXN-00003934,204,PAYMENT,10.0,C1000047,50718.54,50708.54,M3656348,0,0,0,2026-01-08T12:36:45.048885,
TXN-00003935,204,CASH_OUT,1650.11,C1000030,103936.72,102286.61,M9618420,0,0,0,2026-01-08T12:36:45.048940,
TXN-00003936,209,CASH_OUT,111098.01,C1000031,0.0,0.0,M5340855,0,0,1,2026-01-08T12:36:45.048970,unusual_type
TXN-00003937,196,CASH_OUT,26153.41,C1000045,75024.53,48871.11,M4425560,0,0,1,2026-01-08T12:36:45.048994,night_transaction
TXN-00003938,204,TRANSFER,12064.63,C1000082,250351.06,238286.43,M4664119,0,0,0,2026-01-08T12:36:45.049050,
TXN-00003939,204,PAYMENT,30458.87,C1000067,0.0,0.0,M5592964,0,0,0,2026-01-08T12:36:45.049105,
TXN-00003940,194,CASH_OUT,29512.37,C1000013,0.0,0.0,M8274256,0,0,1,2026-01-08T12:36:45.049136,rapid_succession
TXN-00003941,204,PAYMENT,10.0,C1000078,6832.39,6822.39,M6261749,0,0,0,2026-01-08T12:36:45.049191,
TXN-00003942,204,PAYMENT,622.47,C1000077,130705.97,130083.5,M8228079,0,0,0,2026-01-08T12:36:45.049248,
TXN-00003943,204,DEBIT,7557.74,C1000036,0.0,0.0,M4006238,0,0,0,2026-01-08T12:36:45.049310,
TXN-00003944,204,PAYMENT,10292.64,C1000092,107271.69,96979.05,M6733383,0,0,0,2026-01-08T12:36:45.049371,
TXN-00003945,204,TRANSFER,3111.91,C1000030,102286.61,99174.7,M9403358,0,0,0,2026-01-08T12:36:45.049433,
TXN-00003946,199,TRANSFER,27906.26,C1000017,173866.09,145959.83,M7585000,0,0,1,2026-01-08T12:36:45.049466,rapid_succession
TXN-00003947,204,PAYMENT,4798.55,C1000010,0.0,0.0,M3175400,0,0,0,2026-01-08T12:36:45.049528,
TXN-00003948,204,TRANSFER,10.0,C1000066,6790.61,6780.61,M5868453,0,0,0,2026-01-08T12:36:45.049587,
TXN-00003949,204,PAYMENT,9959.91,C1000080,104652.63,94692.72,M7735644,0,0,0,2026-01-08T12:36:45.049653,
TXN-00003950,204,TRANSFER,14303.11,C1000033,244605.54,230302.43,M8829246,0,0,0,2026-01-08T12:36:45.049718,
TXN-00003951,204,DEBIT,120.33,C1000038,0.0,0.0,M2933420,0,0,0,2026-01-08T12:36:45.049784,
TXN-00003952,213,TRANSFER,90049.19,C1000078,6822.39,-86176.05,M7628973,0,0,1,2026-01-08T12:36:45.049815,balance_mismatch
TXN-00003953,204,PAYMENT,10.0,C1000014,334875.81,334865.81,M5010739,0,0,0,2026-01-08T12:36:45.049881,
TXN-00003954,204,TRANSFER,54724.55,C1000000,0.0,0.0,M4156253,0,0,0,2026-01-08T12:36:45.049943,
TXN-00003955,204,TRANSFER,1042.06,C1000077,130083.5,129041.44,M3268825,0,0,0,2026-01-08T12:36:45.050003,
TXN-00003956,202,CASH_OUT,50966.2,C1000044,109142.1,58175.9,M5517725,0,0,1,2026-01-08T12:36:45.050036,unusual_type
TXN-00003957,204,PAYMENT,1104.46,C1000002,347316.77,346212.31,M1072454,0,0,0,2026-01-08T12:36:45.050100,
TXN-00003958,204,PAYMENT,22988.26,C1000078,6822.39,0.0,M2755280,0,0,0,2026-01-08T12:36:45.050162,
TXN-00003959,204,PAYMENT,39841.76,C1000064,0.0,0.0,M2119296,0,0,0,2026-01-08T12:36:45.050218,
TXN-00003960,204,PAYMENT,10.0,C1000033,230302.43,230292.43,M3578290,0,0,0,2026-01-08T12:36:45.050274,
TXN-00003961,204,CASH_IN,10.0,C1000002,346212.31,346222.31,M8407516,0,0,0,2026-01-08T12:36:45.050351,
TXN-00003962,204,PAYMENT,6367.57,C1000059,209570.95,203203.37,M7104885,0,0,0,2026-01-08T12:36:45.050407,
TXN-00003963,204,PAYMENT,10.0,C1000002,346222.31,346212.31,M9049289,0,0,0,2026-01-08T12:36:45.050462,
TXN-00003964,197,TRANSFER,67091.9,C1000043,142082.32,74990.42,M5022892,0,0,1,2026-01-08T12:36:45.050493,night_transaction
TXN-00003965,204,DEBIT,2727.46,C1000028,35339.13,32611.67,M2815645,0,0,0,2026-01-08T12:36:45.050550,
TXN-00003966,204,PAYMENT,2137.9,C1000043,142082.32,139944.42,M9363037,0,0,0,2026-01-08T12:36:45.050614,
TXN-00003967,204,TRANSFER,16446.44,C1000079,0.0,0.0,M1821343,0,0,0,2026-01-08T12:36:45.050675,
TXN-00003968,204,CASH_OUT,10.0,C1000009,139607.39,139597.39,M4459122,0,0,0,2026-01-08T12:36:45.050736,
TXN-00003969,207,CASH_OUT,45406.89,C1000051,441058.59,395651.7,M3408827,0,0,1,2026-01-08T12:36:45.050767,unusual_type
TXN-00003970,204,CASH_OUT,6511.75,C1000046,0.0,0.0,M4646041,0,0,0,2026-01-08T12:36:45.050888,
TXN-00003971,204,PAYMENT,1660.93,C1000090,313367.26,311706.33,M4628572,0,0,0,2026-01-08T12:36:45.050981,
TXN-00003972,204,CASH_OUT,10.0,C1000081,117206.12,117196.12,M1038902,0,0,0,2026-01-08T12:36:45.051049,
TXN-00003973,202,TRANSFER,112020.6,C1000056,0.0,-110636.66,M5526957,0,0,1,2026-01-08T12:36:45.051084,balance_mismatch
TXN-00003974,204,DEBIT,2133.71,C1000090,311706.33,309572.62,M7596401,0,0,0,2026-01-08T12:36:45.051156,
TXN-00003975,204,TRANSFER,2616.54,C1000096,369902.65,367286.11,M1688336,0,0,0,2026-01-08T12:36:45.051216,
TXN-00003976,204,CASH_OUT,28802.56,C1000095,25324.5,0.0,M1923579,0,0,0,2026-01-08T12:36:45.051274,
TXN-00003977,204,TRANSFER,743.1,C1000016,215909.22,215166.12,M7318208,0,0,0,2026-01-08T12:36:45.051331,
TXN-00003978,204,TRANSFER,19002.18,C1000074,27128.69,8126.51,M7898753,0,0,0,2026-01-08T12:36:45.051388,
TXN-00003979,204,PAYMENT,1984.82,C1000055,230497.33,228512.51,M8986995,0,0,0,2026-01-08T12:36:45.051444,
TXN-00003980,204,PAYMENT,44103.17,C1000053,0.0,0.0,M2445353,0,0,0,2026-01-08T12:36:45.051505,
TXN-00003981,197,CASH_OUT,156738.2,C1000055,228512.51,71774.3,M3324735,0,0,1,2026-01-08T12:36:45.051532,large_amount
TXN-00003982,204,PAYMENT,3891.39,C1000087,358228.25,354336.86,M8328218,0,0,0,2026-01-08T12:36:45.051586,
TXN-00003983,201,CASH_OUT,61013.26,C1000092,96979.05,35965.8,M8194599,0,0,1,2026-01-08T12:36:45.051613,large_amount
TXN-00003984,209,TRANSFER,56143.1,C1000057,0.0,-60756.65,M7949854,0,0,1,2026-01-08T12:36:45.051636,balance_mismatch
TXN-00003985,204,CASH_IN,1366.69,C1000081,117196.12,118562.81,M8401696,0,0,0,2026-01-08T12:36:45.051692,
TXN-00003986,204,TRANSFER,1848.78,C1000017,173866.09,172017.31,M3061321,0,0,0,2026-01-08T12:36:45.051744,
TXN-00003987,204,TRANSFER,4917.34,C1000010,0.0,0.0,M1439962,0,0,0,2026-01-08T12:36:45.051796,
TXN-00003988,204,PAYMENT,1954.82,C1000028,32611.67,30656.84,M2420392,0,0,0,2026-01-08T12:36:45.051848,
TXN-00003989,196,TRANSFER,93361.31,C1000050,0.0,0.0,M2518977,0,0,1,2026-01-08T12:36:45.051875,night_transaction
TXN-00003990,204,DEBIT,2921.39,C1000098,295601.62,292680.23,M9664524,0,0,0,2026-01-08T12:36:45.051927,
TXN-00003991,204,CASH_IN,24947.83,C1000024,0.0,24947.83,M1411337,0,0,0,2026-01-08T12:36:45.051980,
TXN-00003992,204,TRANSFER,1331.49,C1000029,0.0,0.0,M5173600,0,0,0,2026-01-08T12:36:45.052032,
TXN-00003993,204,TRANSFER,1675.64,C1000044,109142.1,107466.46,M6017767,0,0,0,2026-01-08T12:36:45.052083,
TXN-00003994,204,CASH_OUT,1274.56,C1000069,161679.44,160404.88,M3821202,0,0,0,2026-01-08T12:36:45.052137,
TXN-00003995,204,PAYMENT,3039.2,C1000080,94692.72,91653.52,M4912769,0,0,0,2026-01-08T12:36:45.052193,
TXN-00003996,204,TRANSFER,9253.28,C1000005,0.0,0.0,M7318713,0,0,0,2026-01-08T12:36:45.052244,
TXN-00003997,204,PAYMENT,217.16,C1000004,238677.43,238460.27,M5167817,0,0,0,2026-01-08T12:36:45.052295,
TXN-00003998,204,PAYMENT,35717.65,C1000012,0.0,0.0,M5119361,0,0,0,2026-01-08T12:36:45.052348,
TXN-00003999,204,DEBIT,12473.12,C1000078,0.0,0.0,M5251435,0,0,0,2026-01-08T12:36:45.052397,
