transaction_id,step,type,amount,nameOrig,oldbalanceOrg,newbalanceOrig,nameDest,oldbalanceDest,newbalanceDest,isFraud,timestamp,fraud_pattern
TXN-00004000,204,PAYMENT,4290.55,C1000002,346212.31,341921.76,M7001949,0,0,0,2026-01-08T12:36:45.091175,
TXN-00004001,204,CASH_OUT,11861.14,C1000082,238286.43,226425.29,M2153388,0,0,0,2026-01-08T12:36:45.091291,
TXN-00004002,627,TRANSFER,111810.73,C1000001,117975.44,5970.5,M8645247,0,0,1,2026-01-08T12:36:45.091337,night_transaction
TXN-00004003,204,PAYMENT,38744.49,C1000012,0.0,0.0,M7018399,0,0,0,2026-01-08T12:36:45.091771,
TXN-00004004,204,CASH_OUT,804.66,C1000004,238460.27,237655.61,M5482617,0,0,0,2026-01-08T12:36:45.091905,
TXN-00004005,204,PAYMENT,10.0,C1000033,230292.43,230282.43,M3309734,0,0,0,2026-01-08T12:36:45.091999,
TXN-00004006,204,CASH_OUT,54687.05,C1000000,0.0,0.0,M8423279,0,0,0,2026-01-08T12:36:45.092103,
TXN-00004007,204,DEBIT,1157.68,C1000094,240290.79,239133.1,M7331364,0,0,0,2026-01-08T12:36:45.092532,
TXN-00004008,204,TRANSFER,7554.59,C1000099,207728.51,200173.93,M3098108,0,0,0,2026-01-08T12:36:45.092643,
TXN-00004009,204,TRANSFER,397.88,C1000041,311572.04,311174.15,M5347899,0,0,0,2026-01-08T12:36:45.092724,
TXN-00004010,219,CASH_OUT,33557.77,C1000015,254971.37,221413.6,M6598520,0,0,1,2026-01-08T12:36:45.092768,night_transaction
TXN-00004011,204,PAYMENT,4422.42,C1000027,0.0,0.0,M6894594,0,0,0,2026-01-08T12:36:45.092844,
TXN-00004012,204,CASH_OUT,4304.29,C1000087,354336.86,350032.57,M1761984,0,0,0,2026-01-08T12:36:45.092909,
TXN-00004013,204,DEBIT,4169.59,C1000010,0.0,0.0,M7381576,0,0,0,2026-01-08T12:36:45.092976,
TXN-00004014,204,CASH_OUT,1656.92,C1000071,233851.89,232194.97,M1908432,0,0,0,2026-01-08T12:36:45.093053,
TXN-00004015,204,DEBIT,701.38,C1000055,228512.51,227811.12,M3600154,0,0,0,2026-01-08T12:36:45.093399,
TXN-00004016,204,PAYMENT,9591.53,C1000051,441058.59,431467.06,M6938876,0,0,0,2026-01-08T12:36:45.094927,
TXN-00004017,204,DEBIT,13951.71,C1000063,0.0,0.0,M5731695,0,0,0,2026-01-08T12:36:45.095116,
TXN-00004018,27,TRANSFER,107364.07,C1000064,0.0,-112182.5,M5944876,0,0,1,2026-01-08T12:36:45.095168,night_transaction
TXN-00004019,724,CASH_OUT,113386.19,C1000022,55768.88,0.0,M7489445,0,0,1,2026-01-08T12:36:45.095208,night_transaction
TXN-00004020,483,CASH_OUT,92401.01,C1000067,0.0,0.0,M9877476,0,0,1,2026-01-08T12:36:45.095329,night_transaction
TXN-00004021,204,DEBIT,10.0,C1000098,292680.23,292670.23,M8149030,0,0,0,2026-01-08T12:36:45.095464,
TXN-00004022,204,PAYMENT,4036.36,C1000006,330993.5,326957.15,M6813890,0,0,0,2026-01-08T12:36:45.095549,
TXN-00004023,204,TRANSFER,5820.7,C1000046,0.0,0.0,M7858587,0,0,0,2026-01-08T12:36:45.096018,
TXN-00004024,243,TRANSFER,73545.54,C1000056,0.0,-70426.35,M7484261,0,0,1,2026-01-08T12:36:45.096191,night_transaction
TXN-00004025,204,TRANSFER,3355.25,C1000087,350032.57,346677.32,M8180674,0,0,0,2026-01-08T12:36:45.096569,
TXN-00004026,204,PAYMENT,173405.2,C1000050,0.0,0.0,M6977638,0,0,0,2026-01-08T12:36:45.096661,
TXN-00004027,204,CASH_OUT,18233.83,C1000019,0.0,0.0,M9732529,0,0,0,2026-01-08T12:36:45.096732,
TXN-00004028,204,CASH_OUT,489.06,C1000018,215596.26,215107.19,M4881364,0,0,0,2026-01-08T12:36:45.096797,
TXN-00004029,204,TRANSFER,19271.63,C1000035,0.0,0.0,M9166828,0,0,0,2026-01-08T12:36:45.096864,
TXN-00004030,388,CASH_OUT,23920.48,C1000031,0.0,0.0,M2412751,0,0,1,2026-01-08T12:36:45.096901,night_transaction
TXN-00004031,100,TRANSFER,60710.2,C1000025,105870.35,43463.78,M7643434,0,0,1,2026-01-08T12:36:45.096933,night_transaction
TXN-00004032,204,PAYMENT,11869.75,C1000082,226425.29,214555.55,M5460469,0,0,0,2026-01-08T12:36:45.097007,
TXN-00004033,204,TRANSFER,597.43,C1000075,466469.91,465872.48,M3267808,0,0,0,2026-01-08T12:36:45.097193,
TXN-00004034,204,TRANSFER,5047.92,C1000085,5761.08,713.16,M4950201,0,0,0,2026-01-08T12:36:45.097345,
TXN-00004035,204,PAYMENT,6238.48,C1000058,0.0,0.0,M7920194,0,0,0,2026-01-08T12:36:45.097428,
TXN-00004036,204,PAYMENT,1393.76,C1000001,117975.44,116581.67,M1199866,0,0,0,2026-01-08T12:36:45.097496,
TXN-00004037,221,TRANSFER,136461.31,C1000022,55768.88,-77548.68,M9193484,0,0,1,2026-01-08T12:36:45.097531,night_transaction
TXN-00004038,204,CASH_OUT,108.06,C1000061,267767.68,267659.62,M2291247,0,0,0,2026-01-08T12:36:45.097604,
TXN-00004039,204,CASH_OUT,700.03,C1000034,93426.3,92726.27,M2100331,0,0,0,2026-01-08T12:36:45.097669,
TXN-00004040,204,PAYMENT,8193.62,C1000042,43220.39,35026.77,M8260852,0,0,0,2026-01-08T12:36:45.097733,
TXN-00004041,204,PAYMENT,34637.72,C1000073,0.0,0.0,M4291135,0,0,0,2026-01-08T12:36:45.097799,
TXN-00004042,204,PAYMENT,924.04,C1000071,232194.97,231270.93,M3147615,0,0,0,2026-01-08T12:36:45.097864,
TXN-00004043,314,CASH_OUT,71060.58,C1000059,203203.37,132142.8,M1281771,0,0,1,2026-01-08T12:36:45.097900,night_transaction
TXN-00004044,204,CASH_OUT,54193.76,C1000000,0.0,0.0,M6409988,0,0,0,2026-01-08T12:36:45.097970,
TXN-00004045,204,PAYMENT,19.72,C1000066,6780.61,6760.89,M1892797,0,0,0,2026-01-08T12:36:45.098033,
TXN-00004046,204,TRANSFER,35318.0,C1000073,0.0,0.0,M5148851,0,0,0,2026-01-08T12:36:45.098114,
TXN-00004047,204,TRANSFER,2335.66,C1000023,81137.35,78801.69,M1459491,0,0,0,2026-01-08T12:36:45.098180,
TXN-00004048,411,CASH_OUT,71324.59,C1000086,226141.13,154816.55,M9348489,0,0,1,2026-01-08T12:36:45.098214,night_transaction
TXN-00004049,204,CASH_OUT,624.53,C1000094,239133.1,238508.57,M2735954,0,0,0,2026-01-08T12:36:45.098280,
TXN-00004050,204,TRANSFER,3328.87,C1000026,278723.22,275394.35,M5582417,0,0,0,2026-01-08T12:36:45.098344,
TXN-00004051,204,TRANSFER,1670.17,C1000077,129041.44,127371.27,M5097973,0,0,0,2026-01-08T12:36:45.098408,
TXN-00004052,204,CASH_IN,36580.9,C1000012,0.0,36580.9,M9686283,0,0,0,2026-01-08T12:36:45.098471,
TXN-00004053,204,PAYMENT,1143.54,C1000082,214555.55,213412.0,M5724823,0,0,0,2026-01-08T12:36:45.098534,
TXN-00004054,653,CASH_OUT,48821.4,C1000005,0.0,0.0,M7168933,0,0,1,2026-01-08T12:36:45.098567,night_transaction
TXN-00004055,204,CASH_OUT,4902.1,C1000091,0.0,0.0,M7691836,0,0,0,2026-01-08T12:36:45.098630,
TXN-00004056,204,TRANSFER,8423.16,C1000097,124220.37,115797.21,M6684236,0,0,0,2026-01-08T12:36:45.098691,
TXN-00004057,204,CASH_OUT,1799.8,C1000023,78801.69,77001.89,M9689768,0,0,0,2026-01-08T12:36:45.098754,
TXN-00004058,460,CASH_OUT,38918.29,C1000066,6760.89,0.0,M5374231,0,0,1,2026-01-08T12:36:45.098790,night_transaction
TXN-00004059,204,CASH_IN,2915.23,C1000057,0.0,2915.23,M8044416,0,0,0,2026-01-08T12:36:45.098856,
TXN-00004060,204,PAYMENT,3479.0,C1000047,50708.54,47229.54,M5752836,0,0,0,2026-01-08T12:36:45.098917,
TXN-00004061,204,PAYMENT,7325.69,C1000036,0.0,0.0,M4356904,0,0,0,2026-01-08T12:36:45.098980,
TXN-00004062,204,DEBIT,1596.7,C1000020,416582.6,414985.89,M8080476,0,0,0,2026-01-08T12:36:45.099043,
TXN-00004063,204,PAYMENT,1622.38,C1000043,139944.42,138322.04,M8844378,0,0,0,2026-01-08T12:36:45.099107,
TXN-00004064,204,TRANSFER,8587.36,C1000039,35284.7,26697.34,M4736118,0,0,0,2026-01-08T12:36:45.099175,
TXN-00004065,204,CASH_OUT,1240.89,C1000097,115797.21,114556.32,M6269624,0,0,0,2026-01-08T12:36:45.099240,
TXN-00004066,204,TRANSFER,2204.16,C1000043,138322.04,136117.88,M6977194,0,0,0,2026-01-08T12:36:45.099303,
TXN-00004067,204,CASH_OUT,10.0,C1000060,64888.24,64878.24,M9702295,0,0,0,2026-01-08T12:36:45.099366,
TXN-00004068,204,TRANSFER,4495.98,C1000065,4347.12,0.0,M8753094,0,0,0,2026-01-08T12:36:45.099427,
TXN-00004069,204,CASH_OUT,3005.64,C1000089,237086.06,234080.41,M4730398,0,0,0,2026-01-08T12:36:45.099488,
TXN-00004070,204,TRANSFER,22350.16,C1000067,0.0,0.0,M6347772,0,0,0,2026-01-08T12:36:45.099549,
TXN-00004071,204,PAYMENT,24903.39,C1000037,0.0,0.0,M3987841,0,0,0,2026-01-08T12:36:45.099612,
TXN-00004072,204,TRANSFER,3626.98,C1000062,0.0,0.0,M1500348,0,0,0,2026-01-08T12:36:45.099673,
TXN-00004073,204,TRANSFER,518.35,C1000072,5171.07,4652.72,M1182334,0,0,0,2026-01-08T12:36:45.099732,
TXN-00004074,204,TRANSFER,4466.23,C1000027,0.0,0.0,M5462059,0,0,0,2026-01-08T12:36:45.099792,
TXN-00004075,204,PAYMENT,257.12,C1000007,89439.19,89182.07,M7121595,0,0,0,2026-01-08T12:36:45.099852,
TXN-00004076,204,PAYMENT,49740.3,C1000053,0.0,0.0,M8212581,0,0,0,2026-01-08T12:36:45.099916,
TXN-00004077,27,TRANSFER,81279.84,C1000048,243369.52,162089.68,M7096852,0,0,1,2026-01-08T12:36:45.099958,night_transaction
TXN-00004078,204,CASH_IN,2591.09,C1000030,99174.7,101765.79,M1483918,0,0,0,2026-01-08T12:36:45.100033,
TXN-00004079,204,PAYMENT,5430.06,C1000003,76613.35,71183.3,M8561849,0,0,0,2026-01-08T12:36:45.100108,
TXN-00004080,195,CASH_OUT,199825.87,C1000060,64878.24,0.0,M9784712,0,0,1,2026-01-08T12:36:45.100145,night_transaction
TXN-00004081,204,PAYMENT,2690.81,C1000026,275394.35,272703.55,M7842984,0,0,0,2026-01-08T12:36:45.100217,
TXN-00004082,204,PAYMENT,4392.05,C1000027,0.0,0.0,M2956942,0,0,0,2026-01-08T12:36:45.100288,
TXN-00004083,204,DEBIT,898.67,C1000009,139597.39,138698.72,M7642691,0,0,0,2026-01-08T12:36:45.100549,
TXN-00004084,204,PAYMENT,9234.04,C1000039,26697.34,17463.3,M2016101,0,0,0,2026-01-08T12:36:45.100654,
TXN-00004085,204,DEBIT,10.0,C1000040,82053.7,82043.7,M2427179,0,0,0,2026-01-08T12:36:45.100736,
TXN-00004086,204,TRANSFER,13984.23,C1000082,213412.0,199427.78,M9343901,0,0,0,2026-01-08T12:36:45.100806,
TXN-00004087,485,TRANSFER,28994.4,C1000039,17463.3,0.0,M4175752,0,0,1,2026-01-08T12:36:45.100845,night_transaction
TXN-00004088,204,TRANSFER,18210.31,C1000079,0.0,0.0,M1885861,0,0,0,2026-01-08T12:36:45.100913,
TXN-00004089,204,CASH_OUT,6019.81,C1000046,0.0,0.0,M8122840,0,0,0,2026-01-08T12:36:45.100977,
TXN-00004090,204,PAYMENT,1282.56,C1000089,234080.41,232797.85,M3415152,0,0,0,2026-01-08T12:36:45.101040,
TXN-00004091,204,CASH_OUT,18949.92,C1000024,24947.83,5997.91,M3627601,0,0,0,2026-01-08T12:36:45.101105,
TXN-00004092,204,PAYMENT,6316.73,C1000025,105870.35,99553.62,M9814946,0,0,0,2026-01-08T12:36:45.101184,
TXN-00004093,204,PAYMENT,1355.37,C1000086,226141.13,224785.77,M2121903,0,0,0,2026-01-08T12:36:45.101252,
TXN-00004094,267,TRANSFER,38099.16,C1000074,8126.51,0.0,M4799545,0,0,1,2026-01-08T12:36:45.101285,night_transaction
TXN-00004095,365,TRANSFER,27542.79,C1000090,309572.62,282029.83,M8422262,0,0,1,2026-01-08T12:36:45.101314,night_transaction
TXN-00004096,204,PAYMENT,4596.58,C1000023,77001.89,72405.31,M1541556,0,0,0,2026-01-08T12:36:45.101373,
TXN-00004097,204,PAYMENT,34410.99,C1000073,0.0,0.0,M3689039,0,0,0,2026-01-08T12:36:45.101430,
TXN-00004098,204,TRANSFER,19803.17,C1000035,0.0,0.0,M7585816,0,0,0,2026-01-08T12:36:45.101486,
TXN-00004099,204,PAYMENT,4531.58,C1000027,0.0,0.0,M1553453,0,0,0,2026-01-08T12:36:45.101539,
TXN-00004100,204,PAYMENT,4700.55,C1000003,71183.3,66482.75,M1229219,0,0,0,2026-01-08T12:36:45.101593,
TXN-00004101,204,PAYMENT,537.48,C1000098,292670.23,292132.76,M5005380,0,0,0,2026-01-08T12:36:45.101648,
TXN-00004102,204,CASH_OUT,412.45,C1000020,414985.89,414573.44,M6460249,0,0,0,2026-01-08T12:36:45.101707,
TXN-00004103,204,PAYMENT,1678.22,C1000061,267659.62,265981.4,M3246023,0,0,0,2026-01-08T12:36:45.101796,
TXN-00004104,204,PAYMENT,2067.36,C1000085,713.16,0.0,M6838258,0,0,0,2026-01-08T12:36:45.101995,
TXN-00004105,204,TRANSFER,10.0,C1000082,199427.78,199417.78,M8695285,0,0,0,2026-01-08T12:36:45.102158,
TXN-00004106,204,PAYMENT,3850.86,C1000006,326957.15,323106.29,M9627917,0,0,0,2026-01-08T12:36:45.102277,
TXN-00004107,204,PAYMENT,10235.74,C1000092,96979.05,86743.31,M2788665,0,0,0,2026-01-08T12:36:45.102350,
TXN-00004108,204,PAYMENT,10.0,C1000002,341921.76,341911.76,M9180641,0,0,0,2026-01-08T12:36:45.102462,
TXN-00004109,204,TRANSFER,4322.26,C1000003,66482.75,62160.49,M1389112,0,0,0,2026-01-08T12:36:45.102540,
TXN-00004110,204,TRANSFER,10.0,C1000038,0.0,0.0,M2361359,0,0,0,2026-01-08T12:36:45.102610,
TXN-00004111,314,CASH_OUT,84051.6,C1000086,224785.77,140734.16,M4670373,0,0,1,2026-01-08T12:36:45.102644,night_transaction
TXN-00004112,435,TRANSFER,47290.9,C1000031,0.0,0.0,M3373046,0,0,1,2026-01-08T12:36:45.102681,night_transaction
TXN-00004113,204,TRANSFER,2285.92,C1000030,101765.79,99479.87,M6848828,0,0,0,2026-01-08T12:36:45.102748,
TXN-00004114,204,CASH_OUT,165.49,C1000022,55768.88,55603.4,M9751579,0,0,0,2026-01-08T12:36:45.102815,
TXN-00004115,204,CASH_IN,2312.71,C1000080,91653.52,93966.23,M1983777,0,0,0,2026-01-08T12:36:45.102879,
TXN-00004116,204,TRANSFER,10224.35,C1000074,8126.51,0.0,M6727675,0,0,0,2026-01-08T12:36:45.102942,
TXN-00004117,204,CASH_IN,1341.0,C1000034,92726.27,94067.28,M1770301,0,0,0,2026-01-08T12:36:45.102999,
TXN-00004118,204,TRANSFER,5583.71,C1000013,0.0,0.0,M2288873,0,0,0,2026-01-08T12:36:45.103061,
TXN-00004119,204,TRANSFER,10.0,C1000082,199417.78,199407.78,M3875600,0,0,0,2026-01-08T12:36:45.103116,
TXN-00004120,204,PAYMENT,4851.43,C1000010,0.0,0.0,M8338683,0,0,0,2026-01-08T12:36:45.103172,
TXN-00004121,204,DEBIT,1615.54,C1000018,215107.19,213491.65,M5733754,0,0,0,2026-01-08T12:36:45.103226,
TXN-00004122,204,DEBIT,1062.08,C1000041,311174.15,310112.07,M8898240,0,0,0,2026-01-08T12:36:45.103284,
TXN-00004123,204,PAYMENT,1033.26,C1000040,82043.7,81010.44,M5993597,0,0,0,2026-01-08T12:36:45.103344,
TXN-00004124,204,TRANSFER,1353.44,C1000043,136117.88,134764.44,M3005980,0,0,0,2026-01-08T12:36:45.103405,
TXN-00004125,204,CASH_OUT,173571.96,C1000050,0.0,0.0,M2796854,0,0,0,2026-01-08T12:36:45.103466,
TXN-00004126,204,TRANSFER,2736.84,C1000040,81010.44,78273.6,M5372777,0,0,0,2026-01-08T12:36:45.103527,
TXN-00004127,204,TRANSFER,13597.46,C1000063,0.0,0.0,M8046174,0,0,0,2026-01-08T12:36:45.103593,
TXN-00004128,204,TRANSFER,775.1,C1000047,47229.54,46454.43,M9468876,0,0,0,2026-01-08T12:36:45.103656,
TXN-00004129,204,PAYMENT,505.18,C1000038,0.0,0.0,M1807846,0,0,0,2026-01-08T12:36:45.103721,
TXN-00004130,556,TRANSFER,67888.03,C1000067,0.0,-65773.61,M3605699,0,0,1,2026-01-08T12:36:45.103754,night_transaction
TXN-00004131,508,TRANSFER,82903.23,C1000087,346677.32,267633.79,M7496987,0,0,1,2026-01-08T12:36:45.103790,night_transaction
TXN-00004132,204,CASH_OUT,25.14,C1000075,465872.48,465847.34,M3120768,0,0,0,2026-01-08T12:36:45.103859,
TXN-00004133,204,PAYMENT,10.0,C1000023,72405.31,72395.31,M6191561,0,0,0,2026-01-08T12:36:45.103922,
TXN-00004134,204,TRANSFER,4431.89,C1000006,323106.29,318674.4,M8083536,0,0,0,2026-01-08T12:36:45.103984,
TXN-00004135,204,PAYMENT,1823.68,C1000017,172017.31,170193.63,M7239948,0,0,0,2026-01-08T12:36:45.104046,
TXN-00004136,204,CASH_OUT,4195.94,C1000027,0.0,0.0,M8200313,0,0,0,2026-01-08T12:36:45.104107,
TXN-00004137,204,TRANSFER,5189.07,C1000057,2915.23,0.0,M7200290,0,0,0,2026-01-08T12:36:45.104166,
TXN-00004138,204,CASH_OUT,2080.14,C1000017,170193.63,168113.49,M1605661,0,0,0,2026-01-08T12:36:45.104226,
TXN-00004139,204,CASH_OUT,3851.75,C1000040,78273.6,74421.85,M4503052,0,0,0,2026-01-08T12:36:45.104284,
TXN-00004140,530,TRANSFER,36209.19,C1000077,127371.27,91162.08,M9930181,0,0,1,2026-01-08T12:36:45.104317,night_transaction
TXN-00004141,292,CASH_OUT,110773.41,C1000011,0.0,0.0,M5697410,0,0,1,2026-01-08T12:36:45.104344,night_transaction
TXN-00004142,204,CASH_OUT,3341.81,C1000002,341911.76,338569.95,M1522944,0,0,0,2026-01-08T12:36:45.104402,
TXN-00004143,204,CASH_IN,46222.78,C1000064,0.0,46222.78,M2058393,0,0,0,2026-01-08T12:36:45.104459,
TXN-00004144,204,TRANSFER,1693.05,C1000080,93966.23,92273.18,M9031022,0,0,0,2026-01-08T12:36:45.104514,
TXN-00004145,204,TRANSFER,10.0,C1000061,265981.4,265971.4,M3206258,0,0,0,2026-01-08T12:36:45.104568,
TXN-00004146,204,CASH_OUT,2887.31,C1000006,318674.4,315787.08,M3805024,0,0,0,2026-01-08T12:36:45.104627,
TXN-00004147,204,CASH_IN,1066.74,C1000084,213335.92,214402.66,M7266083,0,0,0,2026-01-08T12:36:45.104688,
TXN-00004148,204,PAYMENT,13659.87,C1000063,0.0,0.0,M2335566,0,0,0,2026-01-08T12:36:45.104748,
TXN-00004149,362,TRANSFER,127267.0,C1000017,168113.49,36295.89,M5599006,0,0,1,2026-01-08T12:36:45.104780,night_transaction
TXN-00004150,698,TRANSFER,122415.25,C1000050,0.0,-121494.55,M4553129,0,0,1,2026-01-08T12:36:45.104815,night_transaction
TXN-00004151,204,CASH_OUT,10.0,C1000060,64878.24,64868.24,M2893888,0,0,0,2026-01-08T12:36:45.104885,
TXN-00004152,204,CASH_OUT,396.75,C1000023,72395.31,71998.56,M9413694,0,0,0,2026-01-08T12:36:45.104948,
TXN-00004153,204,PAYMENT,1490.29,C1000077,127371.27,125880.98,M5335666,0,0,0,2026-01-08T12:36:45.105010,
TXN-00004154,204,CASH_OUT,17977.95,C1000076,58645.97,40668.02,M7528481,0,0,0,2026-01-08T12:36:45.105072,
TXN-00004155,204,CASH_OUT,10.0,C1000072,4652.72,4642.72,M9433765,0,0,0,2026-01-08T12:36:45.105133,
TXN-00004156,204,PAYMENT,2123.64,C1000017,168113.49,165989.85,M6229487,0,0,0,2026-01-08T12:36:45.105195,
TXN-00004157,204,PAYMENT,13478.75,C1000063,0.0,0.0,M6945098,0,0,0,2026-01-08T12:36:45.105256,
TXN-00004158,388,TRANSFER,84658.26,C1000093,0.0,0.0,M7300727,0,0,1,2026-01-08T12:36:45.105288,night_transaction
TXN-00004159,204,DEBIT,1079.46,C1000026,272703.55,271624.08,M3038180,0,0,0,2026-01-08T12:36:45.105349,
TXN-00004160,204,TRANSFER,10.0,C1000048,243369.52,243359.52,M2509292,0,0,0,2026-01-08T12:36:45.105411,
TXN-00004161,204,TRANSFER,2153.81,C1000084,214402.66,212248.84,M3697360,0,0,0,2026-01-08T12:36:45.105476,
TXN-00004162,204,PAYMENT,4149.9,C1000058,0.0,0.0,M4078561,0,0,0,2026-01-08T12:36:45.105539,
TXN-00004163,204,PAYMENT,19032.27,C1000093,0.0,0.0,M8352480,0,0,0,2026-01-08T12:36:45.105600,
TXN-00004164,26,TRANSFER,44151.41,C1000075,465847.34,421077.31,M9154571,0,0,1,2026-01-08T12:36:45.105630,night_transaction
TXN-00004165,204,TRANSFER,2073.81,C1000070,0.0,0.0,M8180186,0,0,0,2026-01-08T12:36:45.105700,
TXN-00004166,204,DEBIT,10.0,C1000042,35026.77,35016.77,M6109200,0,0,0,2026-01-08T12:36:45.105756,
TXN-00004167,76,TRANSFER,57003.28,C1000022,55603.4,0.0,M3565327,0,0,1,2026-01-08T12:36:45.105785,night_transaction
TXN-00004168,204,TRANSFER,19.2,C1000060,64868.24,64849.05,M5013118,0,0,0,2026-01-08T12:36:45.105840,
TXN-00004169,204,DEBIT,1478.3,C1000061,265971.4,264493.1,M6016242,0,0,0,2026-01-08T12:36:45.105895,
TXN-00004170,204,PAYMENT,2284.9,C1000014,334865.81,332580.91,M6162733,0,0,0,2026-01-08T12:36:45.105949,
TXN-00004171,204,PAYMENT,5774.56,C1000003,62160.49,56385.93,M8095574,0,0,0,2026-01-08T12:36:45.106006,
TXN-00004172,204,PAYMENT,3112.51,C1000047,46454.43,43341.93,M9872703,0,0,0,2026-01-08T12:36:45.106062,
TXN-00004173,204,TRANSFER,49.49,C1000068,150783.51,150734.03,M5518758,0,0,0,2026-01-08T12:36:45.106124,
TXN-00004174,204,PAYMENT,16975.19,C1000076,40668.02,23692.83,M1245407,0,0,0,2026-01-08T12:36:45.106185,
TXN-00004175,204,CASH_OUT,3397.7,C1000087,346677.32,343279.62,M4075378,0,0,0,2026-01-08T12:36:45.106246,
TXN-00004176,701,CASH_OUT,189214.12,C1000035,0.0,0.0,M2532189,0,0,1,2026-01-08T12:36:45.106277,night_transaction
TXN-00004177,204,TRANSFER,1379.12,C1000047,43341.93,41962.81,M4415839,0,0,0,2026-01-08T12:36:45.106338,
TXN-00004178,204,PAYMENT,3037.61,C1000030,99479.87,96442.27,M9588613,0,0,0,2026-01-08T12:36:45.106399,
TXN-00004179,204,PAYMENT,19078.59,C1000035,0.0,0.0,M6542885,0,0,0,2026-01-08T12:36:45.106458,
TXN-00004180,435,TRANSFER,120935.59,C1000018,213491.65,89691.43,M8026838,0,0,1,2026-01-08T12:36:45.106490,night_transaction
TXN-00004181,204,PAYMENT,11346.98,C1000074,0.0,0.0,M7051410,0,0,0,2026-01-08T12:36:45.106558,
TXN-00004182,204,CASH_IN,1388.72,C1000047,41962.81,43351.52,M8079672,0,0,0,2026-01-08T12:36:45.106617,
TXN-00004183,204,PAYMENT,4460.93,C1000062,0.0,0.0,M9746491,0,0,0,2026-01-08T12:36:45.106679,
TXN-00004184,3,TRANSFER,81056.06,C1000076,23692.83,-60650.05,M1368193,0,0,1,2026-01-08T12:36:45.106712,night_transaction
TXN-00004185,204,TRANSFER,1815.01,C1000081,118562.81,116747.8,M1310725,0,0,0,2026-01-08T12:36:45.106779,
TXN-00004186,204,DEBIT,18281.17,C1000093,0.0,0.0,M8385866,0,0,0,2026-01-08T12:36:45.106842,
TXN-00004187,204,TRANSFER,2148.88,C1000026,271624.08,269475.21,M6994041,0,0,0,2026-01-08T12:36:45.106901,
TXN-00004188,204,TRANSFER,10.0,C1000020,414573.44,414563.44,M1555032,0,0,0,2026-01-08T12:36:45.106963,
TXN-00004189,204,TRANSFER,2075.08,C1000038,0.0,0.0,M7792563,0,0,0,2026-01-08T12:36:45.107022,
TXN-00004190,204,PAYMENT,55043.77,C1000000,0.0,0.0,M5950916,0,0,0,2026-01-08T12:36:45.107077,
TXN-00004191,698,TRANSFER,31944.64,C1000042,35016.77,3072.12,M1943735,0,0,1,2026-01-08T12:36:45.107106,night_transaction
TXN-00004192,204,PAYMENT,399.73,C1000018,213491.65,213091.92,M5397786,0,0,0,2026-01-08T12:36:45.107167,
TXN-00004193,204,CASH_OUT,1629.6,C1000069,160404.88,158775.27,M1764781,0,0,0,2026-01-08T12:36:45.107221,
TXN-00004194,204,TRANSFER,12168.22,C1000015,254971.37,242803.15,M1608135,0,0,0,2026-01-08T12:36:45.107276,
TXN-00004195,204,CASH_OUT,715.08,C1000071,231270.93,230555.85,M7104976,0,0,0,2026-01-08T12:36:45.107336,
TXN-00004196,204,PAYMENT,801.37,C1000030,96442.27,95640.9,M7855172,0,0,0,2026-01-08T12:36:45.107396,
TXN-00004197,204,CASH_IN,3297.96,C1000084,212248.84,215546.81,M5648173,0,0,0,2026-01-08T12:36:45.107458,
TXN-00004198,204,CASH_OUT,1933.26,C1000017,165989.85,164056.59,M1000800,0,0,0,2026-01-08T12:36:45.107519,
TXN-00004199,204,CASH_OUT,10.0,C1000071,230555.85,230545.85,M4083159,0,0,0,2026-01-08T12:36:45.107571,
TXN-00004200,204,PAYMENT,820.92,C1000034,94067.28,93246.35,M1356021,0,0,0,2026-01-08T12:36:45.107626,
TXN-00004201,364,CASH_OUT,28464.02,C1000067,0.0,0.0,M3948351,0,0,1,2026-01-08T12:36:45.107668,night_transaction
TXN-00004202,204,CASH_OUT,22354.7,C1000024,5997.91,0.0,M8773909,0,0,0,2026-01-08T12:36:45.107718,
TXN-00004203,629,CASH_OUT,76023.51,C1000054,0.0,0.0,M8641406,0,0,1,2026-01-08T12:36:45.107748,night_transaction
TXN-00004204,204,PAYMENT,733.27,C1000029,0.0,0.0,M2158037,0,0,0,2026-01-08T12:36:45.107798,
TXN-00004205,204,TRANSFER,1986.81,C1000017,164056.59,162069.78,M1471962,0,0,0,2026-01-08T12:36:45.107848,
TXN-00004206,204,PAYMENT,812.88,C1000048,243359.52,242546.64,M9886274,0,0,0,2026-01-08T12:36:45.107899,
TXN-00004207,204,PAYMENT,820.49,C1000069,158775.27,157954.78,M1356573,0,0,0,2026-01-08T12:36:45.107947,
TXN-00004208,204,TRANSFER,6097.94,C1000046,0.0,0.0,M5194382,0,0,0,2026-01-08T12:36:45.107996,
TXN-00004209,204,CASH_OUT,1622.14,C1000018,213091.92,211469.78,M9274349,0,0,0,2026-01-08T12:36:45.108044,
TXN-00004210,204,TRANSFER,18117.81,C1000076,23692.83,5575.03,M7011951,0,0,0,2026-01-08T12:36:45.108093,
TXN-00004211,204,TRANSFER,121.6,C1000002,338569.95,338448.34,M1453572,0,0,0,2026-01-08T12:36:45.108144,
TXN-00004212,170,TRANSFER,58495.55,C1000049,132112.48,75706.38,M2280478,0,0,1,2026-01-08T12:36:45.108169,night_transaction
TXN-00004213,204,PAYMENT,5111.08,C1000040,74421.85,69310.76,M3270686,0,0,0,2026-01-08T12:36:45.108223,
TXN-00004214,204,PAYMENT,10.0,C1000064,46222.78,46212.78,M1388589,0,0,0,2026-01-08T12:36:45.108274,
TXN-00004215,204,DEBIT,19625.46,C1000019,0.0,0.0,M3533291,0,0,0,2026-01-08T12:36:45.108322,
TXN-00004216,204,PAYMENT,1632.5,C1000026,269475.21,267842.71,M3883855,0,0,0,2026-01-08T12:36:45.108370,
TXN-00004217,554,CASH_OUT,111411.07,C1000013,0.0,0.0,M5170603,0,0,1,2026-01-08T12:36:45.108396,night_transaction
TXN-00004218,204,PAYMENT,13518.67,C1000063,0.0,0.0,M9464350,0,0,0,2026-01-08T12:36:45.108446,
TXN-00004219,204,PAYMENT,10.0,C1000040,69310.76,69300.76,M3088858,0,0,0,2026-01-08T12:36:45.108499,
TXN-00004220,204,PAYMENT,8949.79,C1000015,242803.15,233853.35,M2985152,0,0,0,2026-01-08T12:36:45.108550,
TXN-00004221,204,CASH_IN,6119.13,C1000046,0.0,6119.13,M2949031,0,0,0,2026-01-08T12:36:45.108600,
TXN-00004222,204,TRANSFER,5844.0,C1000046,6119.13,275.13,M5831337,0,0,0,2026-01-08T12:36:45.108649,
TXN-00004223,149,CASH_OUT,174565.25,C1000048,242546.64,67981.38,M1814923,0,0,1,2026-01-08T12:36:45.108674,night_transaction
TXN-00004224,204,PAYMENT,660.2,C1000034,93246.35,92586.15,M3313532,0,0,0,2026-01-08T12:36:45.108728,
TXN-00004225,204,CASH_OUT,2767.83,C1000028,30656.84,27889.02,M7607851,0,0,0,2026-01-08T12:36:45.108791,
TXN-00004226,204,TRANSFER,1790.33,C1000026,267842.71,266052.38,M3779325,0,0,0,2026-01-08T12:36:45.110974,
TXN-00004227,204,TRANSFER,19111.75,C1000024,0.0,0.0,M7801206,0,0,0,2026-01-08T12:36:45.111648,
TXN-00004228,484,TRANSFER,60865.64,C1000028,27889.02,-36492.02,M8729179,0,0,1,2026-01-08T12:36:45.111727,night_transaction
TXN-00004229,204,PAYMENT,11326.82,C1000033,230282.43,218955.6,M7274800,0,0,0,2026-01-08T12:36:45.111895,
TXN-00004230,204,CASH_IN,10.0,C1000014,332580.91,332590.91,M9415524,0,0,0,2026-01-08T12:36:45.112261,
TXN-00004231,204,CASH_OUT,1444.2,C1000055,227811.12,226366.92,M8332033,0,0,0,2026-01-08T12:36:45.112478,
TXN-00004232,204,CASH_OUT,3174.05,C1000010,0.0,0.0,M3967700,0,0,0,2026-01-08T12:36:45.113076,
TXN-00004233,204,CASH_OUT,10.0,C1000080,92273.18,92263.18,M9059714,0,0,0,2026-01-08T12:36:45.113358,
TXN-00004234,204,PAYMENT,2417.56,C1000008,280043.83,277626.28,M1407543,0,0,0,2026-01-08T12:36:45.113569,
TXN-00004235,204,PAYMENT,10.0,C1000064,46212.78,46202.78,M8347407,0,0,0,2026-01-08T12:36:45.113705,
TXN-00004236,204,TRANSFER,16549.98,C1000095,0.0,0.0,M8319026,0,0,0,2026-01-08T12:36:45.113811,
TXN-00004237,603,TRANSFER,46762.4,C1000059,203203.37,160152.93,M3324104,0,0,1,2026-01-08T12:36:45.113863,night_transaction
TXN-00004238,204,CASH_OUT,564.56,C1000034,92586.15,92021.59,M7090837,0,0,0,2026-01-08T12:36:45.113977,
TXN-00004239,204,TRANSFER,13686.7,C1000063,0.0,0.0,M4418095,0,0,0,2026-01-08T12:36:45.114059,
TXN-00004240,268,CASH_OUT,72678.97,C1000036,0.0,0.0,M7214154,0,0,1,2026-01-08T12:36:45.114097,night_transaction
TXN-00004241,204,PAYMENT,10.0,C1000098,292132.76,292122.76,M7649600,0,0,0,2026-01-08T12:36:45.114174,
TXN-00004242,699,TRANSFER,55462.38,C1000036,0.0,-57280.61,M9474275,0,0,1,2026-01-08T12:36:45.114213,night_transaction
TXN-00004243,204,PAYMENT,56.11,C1000071,230545.85,230489.74,M1705295,0,0,0,2026-01-08T12:36:45.114295,
TXN-00004244,146,TRANSFER,47821.3,C1000033,218955.6,171134.31,M1643264,0,0,1,2026-01-08T12:36:45.114331,night_transaction
TXN-00004245,204,TRANSFER,9478.68,C1000054,0.0,0.0,M5997416,0,0,0,2026-01-08T12:36:45.114398,
TXN-00004246,204,CASH_OUT,10.0,C1000089,232797.85,232787.85,M4154792,0,0,0,2026-01-08T12:36:45.114471,
TXN-00004247,204,PAYMENT,13658.69,C1000063,0.0,0.0,M7998978,0,0,0,2026-01-08T12:36:45.114533,
TXN-00004248,204,CASH_OUT,6167.62,C1000058,0.0,0.0,M2402223,0,0,0,2026-01-08T12:36:45.114611,
TXN-00004249,204,PAYMENT,10.0,C1000082,199407.78,199397.78,M2979474,0,0,0,2026-01-08T12:36:45.114672,
TXN-00004250,204,TRANSFER,19610.53,C1000079,0.0,0.0,M8340708,0,0,0,2026-01-08T12:36:45.114730,
TXN-00004251,28,TRANSFER,117016.91,C1000004,237655.61,118530.17,M1801808,0,0,1,2026-01-08T12:36:45.114761,night_transaction
TXN-00004252,204,TRANSFER,3237.4,C1000098,292122.76,288885.35,M1798448,0,0,0,2026-01-08T12:36:45.114829,
TXN-00004253,170,CASH_OUT,83202.43,C1000004,237655.61,154453.18,M9706681,0,0,1,2026-01-08T12:36:45.114863,night_transaction
TXN-00004254,204,TRANSFER,964.42,C1000096,367286.11,366321.69,M4549849,0,0,0,2026-01-08T12:36:45.114928,
TXN-00004255,579,CASH_OUT,21697.35,C1000052,87438.69,65741.34,M2794393,0,0,1,2026-01-08T12:36:45.114961,night_transaction
TXN-00004256,204,PAYMENT,4162.25,C1000027,0.0,0.0,M5359085,0,0,0,2026-01-08T12:36:45.115023,
TXN-00004257,204,PAYMENT,10.0,C1000022,55603.4,55593.4,M5764267,0,0,0,2026-01-08T12:36:45.115083,
TXN-00004258,204,PAYMENT,8701.68,C1000039,17463.3,8761.62,M9407716,0,0,0,2026-01-08T12:36:45.115145,
TXN-00004259,170,CASH_OUT,198703.34,C1000058,0.0,0.0,M9384277,0,0,1,2026-01-08T12:36:45.115177,night_transaction
TXN-00004260,204,CASH_OUT,11664.92,C1000015,233853.35,222188.44,M2494008,0,0,0,2026-01-08T12:36:45.115237,
TXN-00004261,532,CASH_OUT,23951.97,C1000017,162069.78,138117.81,M8372665,0,0,1,2026-01-08T12:36:45.115270,night_transaction
TXN-00004262,204,PAYMENT,1464.48,C1000043,134764.44,133299.96,M5106214,0,0,0,2026-01-08T12:36:45.115332,
TXN-00004263,204,DEBIT,902.84,C1000083,243479.91,242577.07,M4794315,0,0,0,2026-01-08T12:36:45.115393,
TXN-00004264,204,PAYMENT,5936.57,C1000059,203203.37,197266.81,M8238529,0,0,0,2026-01-08T12:36:45.115454,
TXN-00004265,204,TRANSFER,5259.77,C1000052,87438.69,82178.92,M4956945,0,0,0,2026-01-08T12:36:45.115513,
TXN-00004266,204,TRANSFER,10.0,C1000051,431467.06,431457.06,M8118836,0,0,0,2026-01-08T12:36:45.115574,
TXN-00004267,204,DEBIT,18842.44,C1000019,0.0,0.0,M1316814,0,0,0,2026-01-08T12:36:45.115635,
TXN-00004268,204,TRANSFER,613.11,C1000075,465847.34,465234.24,M6567580,0,0,0,2026-01-08T12:36:45.115698,
TXN-00004269,204,PAYMENT,34262.1,C1000073,0.0,0.0,M4941666,0,0,0,2026-01-08T12:36:45.115763,
TXN-00004270,204,PAYMENT,522.38,C1000004,237655.61,237133.24,M4586520,0,0,0,2026-01-08T12:36:45.115823,
TXN-00004271,204,PAYMENT,10.0,C1000004,237133.24,237123.24,M4451370,0,0,0,2026-01-08T12:36:45.115885,
TXN-00004272,204,PAYMENT,411.98,C1000055,226366.92,225954.94,M8530071,0,0,0,2026-01-08T12:36:45.115948,
TXN-00004273,204,PAYMENT,3407.25,C1000087,343279.62,339872.38,M5880196,0,0,0,2026-01-08T12:36:45.116012,
TXN-00004274,204,PAYMENT,18053.52,C1000076,5575.03,0.0,M2956514,0,0,0,2026-01-08T12:36:45.116075,
TXN-00004275,204,CASH_OUT,3090.21,C1000021,0.0,0.0,M6953330,0,0,0,2026-01-08T12:36:45.116137,
TXN-00004276,204,PAYMENT,402.2,C1000094,238508.57,238106.37,M5937656,0,0,0,2026-01-08T12:36:45.116198,
TXN-00004277,204,PAYMENT,38749.29,C1000012,36580.9,0.0,M4794487,0,0,0,2026-01-08T12:36:45.116261,
TXN-00004278,204,PAYMENT,1656.35,C1000041,310112.07,308455.73,M5560608,0,0,0,2026-01-08T12:36:45.116323,
TXN-00004279,204,CASH_IN,812.63,C1000083,242577.07,243389.7,M1360915,0,0,0,2026-01-08T12:36:45.116387,
TXN-00004280,204,DEBIT,5689.44,C1000096,366321.69,360632.24,M5721080,0,0,0,2026-01-08T12:36:45.116452,
TXN-00004281,204,TRANSFER,11411.76,C1000054,0.0,0.0,M2973516,0,0,0,2026-01-08T12:36:45.116515,
TXN-00004282,204,TRANSFER,2058.89,C1000070,0.0,0.0,M8924096,0,0,0,2026-01-08T12:36:45.116579,
TXN-00004283,204,TRANSFER,10.0,C1000042,35016.77,35006.77,M7529591,0,0,0,2026-01-08T12:36:45.116642,
TXN-00004284,204,PAYMENT,17599.53,C1000093,0.0,0.0,M1269148,0,0,0,2026-01-08T12:36:45.116705,
TXN-00004285,204,DEBIT,65156.21,C1000064,46202.78,0.0,M3482865,0,0,0,2026-01-08T12:36:45.116768,
TXN-00004286,531,TRANSFER,45787.53,C1000061,264493.1,218705.57,M9478549,0,0,1,2026-01-08T12:36:45.116803,night_transaction
TXN-00004287,204,CASH_OUT,10226.78,C1000015,222188.44,211961.66,M9178627,0,0,0,2026-01-08T12:36:45.116872,
TXN-00004288,204,TRANSFER,19754.78,C1000019,0.0,0.0,M7057050,0,0,0,2026-01-08T12:36:45.116937,
TXN-00004289,204,PAYMENT,17994.98,C1000019,0.0,0.0,M9780752,0,0,0,2026-01-08T12:36:45.117000,
TXN-00004290,204,CASH_OUT,4464.08,C1000025,99553.62,95089.55,M4964270,0,0,0,2026-01-08T12:36:45.117062,
TXN-00004291,204,TRANSFER,18027.82,C1000076,0.0,0.0,M8229004,0,0,0,2026-01-08T12:36:45.117126,
TXN-00004292,204,PAYMENT,19148.95,C1000035,0.0,0.0,M3286429,0,0,0,2026-01-08T12:36:45.117189,
TXN-00004293,317,TRANSFER,31287.7,C1000066,6760.89,0.0,M6756657,0,0,1,2026-01-08T12:36:45.117224,night_transaction
TXN-00004294,204,DEBIT,2809.47,C1000010,0.0,0.0,M9120423,0,0,0,2026-01-08T12:36:45.117288,
TXN-00004295,204,PAYMENT,1196.02,C1000030,95640.9,94444.88,M4217084,0,0,0,2026-01-08T12:36:45.117352,
TXN-00004296,204,CASH_OUT,828.73,C1000007,89182.07,88353.33,M3650594,0,0,0,2026-01-08T12:36:45.117418,
TXN-00004297,483,CASH_OUT,139378.17,C1000077,125880.98,0.0,M1628404,0,0,1,2026-01-08T12:36:45.117451,night_transaction
TXN-00004298,204,PAYMENT,85.92,C1000022,55593.4,55507.47,M5483333,0,0,0,2026-01-08T12:36:45.117518,
TXN-00004299,204,PAYMENT,554.72,C1000055,225954.94,225400.23,M1339354,0,0,0,2026-01-08T12:36:45.117582,
TXN-00004300,204,PAYMENT,7976.13,C1000013,0.0,0.0,M1752102,0,0,0,2026-01-08T12:36:45.117646,
TXN-00004301,204,CASH_OUT,6517.62,C1000091,0.0,0.0,M1855694,0,0,0,2026-01-08T12:36:45.117710,
TXN-00004302,204,PAYMENT,3886.4,C1000040,69300.76,65414.36,M8409362,0,0,0,2026-01-08T12:36:45.117774,
TXN-00004303,204,PAYMENT,24852.87,C1000037,0.0,0.0,M4490173,0,0,0,2026-01-08T12:36:45.117841,
TXN-00004304,293,TRANSFER,123131.87,C1000037,0.0,-119742.32,M4546895,0,0,1,2026-01-08T12:36:45.117874,night_transaction
TXN-00004305,204,TRANSFER,6038.74,C1000025,95089.55,89050.81,M7739280,0,0,0,2026-01-08T12:36:45.117951,
TXN-00004306,204,TRANSFER,11982.08,C1000054,0.0,0.0,M4317618,0,0,0,2026-01-08T12:36:45.118020,
TXN-00004307,204,CASH_OUT,18109.39,C1000076,0.0,0.0,M9215894,0,0,0,2026-01-08T12:36:45.118091,
TXN-00004308,204,PAYMENT,773.9,C1000070,0.0,0.0,M3973523,0,0,0,2026-01-08T12:36:45.118152,
TXN-00004309,204,TRANSFER,7853.7,C1000099,200173.93,192320.22,M2539418,0,0,0,2026-01-08T12:36:45.118256,
TXN-00004310,204,TRANSFER,5589.17,C1000058,0.0,0.0,M8850118,0,0,0,2026-01-08T12:36:45.118323,
TXN-00004311,204,CASH_OUT,6912.68,C1000088,22529.42,15616.74,M2635798,0,0,0,2026-01-08T12:36:45.118413,
TXN-00004312,204,PAYMENT,4909.62,C1000003,56385.93,51476.31,M3085863,0,0,0,2026-01-08T12:36:45.118478,
TXN-00004313,204,PAYMENT,739.23,C1000021,0.0,0.0,M6326981,0,0,0,2026-01-08T12:36:45.118538,
TXN-00004314,204,PAYMENT,325.49,C1000066,6760.89,6435.4,M8822226,0,0,0,2026-01-08T12:36:45.118595,
TXN-00004315,204,CASH_OUT,6149.74,C1000046,275.13,0.0,M8320236,0,0,0,2026-01-08T12:36:45.118659,
TXN-00004316,204,PAYMENT,3183.71,C1000040,65414.36,62230.65,M1217888,0,0,0,2026-01-08T12:36:45.118721,
TXN-00004317,204,DEBIT,2580.96,C1000008,277626.28,275045.32,M5125083,0,0,0,2026-01-08T12:36:45.118789,
TXN-00004318,204,PAYMENT,2474.12,C1000069,157954.78,155480.66,M6700621,0,0,0,2026-01-08T12:36:45.118908,
TXN-00004319,204,PAYMENT,4268.74,C1000013,0.0,0.0,M3042985,0,0,0,2026-01-08T12:36:45.118998,
TXN-00004320,245,CASH_OUT,30171.87,C1000008,275045.32,244873.45,M9540718,0,0,1,2026-01-08T12:36:45.119040,night_transaction
TXN-00004321,204,PAYMENT,2198.26,C1000071,230489.74,228291.48,M5485572,0,0,0,2026-01-08T12:36:45.119121,
TXN-00004322,204,TRANSFER,6249.81,C1000059,197266.81,191017.0,M1538139,0,0,0,2026-01-08T12:36:45.119214,
TXN-00004323,204,CASH_IN,17807.32,C1000035,0.0,17807.32,M9383312,0,0,0,2026-01-08T12:36:45.119288,
TXN-00004324,196,CASH_OUT,35443.5,C1000067,0.0,0.0,M3223588,0,0,1,2026-01-08T12:36:45.119325,night_transaction
TXN-00004325,196,TRANSFER,47376.25,C1000053,0.0,0.0,M9893390,0,0,1,2026-01-08T12:36:45.119358,night_transaction
TXN-00004326,204,CASH_OUT,545.2,C1000016,215166.12,214620.92,M3302988,0,0,0,2026-01-08T12:36:45.119429,
TXN-00004327,204,DEBIT,3152.18,C1000085,0.0,0.0,M9003001,0,0,0,2026-01-08T12:36:45.119505,
TXN-00004328,204,CASH_IN,28501.79,C1000067,0.0,28501.79,M1029123,0,0,0,2026-01-08T12:36:45.119585,
TXN-00004329,204,CASH_OUT,613.47,C1000081,116747.8,116134.33,M6482091,0,0,0,2026-01-08T12:36:45.119660,
TXN-00004330,204,CASH_OUT,18719.33,C1000095,0.0,0.0,M1503693,0,0,0,2026-01-08T12:36:45.119729,
TXN-00004331,77,CASH_OUT,48358.15,C1000072,4642.72,0.0,M5329151,0,0,1,2026-01-08T12:36:45.119764,night_transaction
TXN-00004332,204,PAYMENT,3215.23,C1000010,0.0,0.0,M7732917,0,0,0,2026-01-08T12:36:45.119834,
TXN-00004333,204,PAYMENT,1706.54,C1000090,309572.62,307866.08,M9765539,0,0,0,2026-01-08T12:36:45.119899,
TXN-00004334,266,TRANSFER,148657.04,C1000016,214620.92,67480.79,M1112376,0,0,1,2026-01-08T12:36:45.119932,night_transaction
TXN-00004335,506,CASH_OUT,73535.78,C1000052,82178.92,8643.14,M8340922,0,0,1,2026-01-08T12:36:45.119970,night_transaction
TXN-00004336,204,PAYMENT,725.3,C1000029,0.0,0.0,M4302961,0,0,0,2026-01-08T12:36:45.120046,
TXN-00004337,77,CASH_OUT,19195.11,C1000019,0.0,0.0,M9331545,0,0,1,2026-01-08T12:36:45.120080,night_transaction
TXN-00004338,204,TRANSFER,173496.73,C1000050,0.0,0.0,M8243964,0,0,0,2026-01-08T12:36:45.120157,
TXN-00004339,204,TRANSFER,10.0,C1000022,55507.47,55497.47,M6067607,0,0,0,2026-01-08T12:36:45.120234,
TXN-00004340,341,CASH_OUT,57327.12,C1000071,228291.48,170964.36,M4858895,0,0,1,2026-01-08T12:36:45.120270,night_transaction
TXN-00004341,204,TRANSFER,5357.77,C1000084,215546.81,210189.03,M5163387,0,0,0,2026-01-08T12:36:45.120347,
TXN-00004342,204,TRANSFER,2091.98,C1000090,307866.08,305774.11,M3561889,0,0,0,2026-01-08T12:36:45.120422,
TXN-00004343,204,PAYMENT,10.0,C1000038,0.0,0.0,M9206703,0,0,0,2026-01-08T12:36:45.120507,
TXN-00004344,204,CASH_OUT,1936.57,C1000041,308455.73,306519.16,M7518973,0,0,0,2026-01-08T12:36:45.120607,
TXN-00004345,204,CASH_OUT,5205.82,C1000059,191017.0,185811.18,M7674701,0,0,0,2026-01-08T12:36:45.120692,
TXN-00004346,204,CASH_OUT,5819.88,C1000003,51476.31,45656.43,M3111587,0,0,0,2026-01-08T12:36:45.120754,
TXN-00004347,204,TRANSFER,10248.39,C1000092,86743.31,76494.92,M6610699,0,0,0,2026-01-08T12:36:45.120799,
TXN-00004348,204,TRANSFER,16994.74,C1000093,0.0,0.0,M6865852,0,0,0,2026-01-08T12:36:45.120839,
TXN-00004349,3,CASH_OUT,46042.2,C1000011,0.0,0.0,M6040124,0,0,1,2026-01-08T12:36:45.120861,night_transaction
TXN-00004350,626,CASH_OUT,103866.1,C1000048,242546.64,138680.53,M7447397,0,0,1,2026-01-08T12:36:45.120880,night_transaction
TXN-00004351,204,PAYMENT,713.38,C1000094,238106.37,237393.0,M8846343,0,0,0,2026-01-08T12:36:45.120920,
TXN-00004352,204,TRANSFER,4083.48,C1000038,0.0,0.0,M6509878,0,0,0,2026-01-08T12:36:45.120959,
TXN-00004353,204,PAYMENT,5014.75,C1000032,99439.93,94425.18,M7944289,0,0,0,2026-01-08T12:36:45.120999,
TXN-00004354,204,TRANSFER,221.84,C1000055,225400.23,225178.39,M5609226,0,0,0,2026-01-08T12:36:45.121038,
TXN-00004355,204,CASH_OUT,4912.55,C1000040,62230.65,57318.1,M5064572,0,0,0,2026-01-08T12:36:45.121076,
TXN-00004356,204,TRANSFER,18732.85,C1000079,0.0,0.0,M6148648,0,0,0,2026-01-08T12:36:45.121114,
TXN-00004357,204,PAYMENT,24550.62,C1000037,0.0,0.0,M2909347,0,0,0,2026-01-08T12:36:45.121176,
TXN-00004358,204,TRANSFER,2076.55,C1000086,224785.77,222709.22,M9055340,0,0,0,2026-01-08T12:36:45.121216,
TXN-00004359,204,PAYMENT,1947.59,C1000089,232787.85,230840.26,M4886927,0,0,0,2026-01-08T12:36:45.121254,
TXN-00004360,204,CASH_OUT,2001.62,C1000030,94444.88,92443.26,M5673644,0,0,0,2026-01-08T12:36:45.121292,
TXN-00004361,602,TRANSFER,114313.22,C1000023,71998.56,-38104.82,M4024394,0,0,1,2026-01-08T12:36:45.121311,night_transaction
TXN-00004362,204,PAYMENT,3498.22,C1000018,211469.78,207971.56,M3755659,0,0,0,2026-01-08T12:36:45.121351,
TXN-00004363,204,DEBIT,7639.11,C1000099,192320.22,184681.11,M7830360,0,0,0,2026-01-08T12:36:45.121390,
TXN-00004364,75,TRANSFER,62912.66,C1000019,0.0,-63268.06,M4723631,0,0,1,2026-01-08T12:36:45.121409,night_transaction
TXN-00004365,204,TRANSFER,10.0,C1000081,116134.33,116124.33,M1560881,0,0,0,2026-01-08T12:36:45.121449,
TXN-00004366,204,CASH_OUT,18303.29,C1000076,0.0,0.0,M3502629,0,0,0,2026-01-08T12:36:45.121487,
TXN-00004367,204,TRANSFER,472.18,C1000071,228291.48,227819.3,M9111697,0,0,0,2026-01-08T12:36:45.121524,
TXN-00004368,204,CASH_OUT,7310.22,C1000054,0.0,0.0,M6955210,0,0,0,2026-01-08T12:36:45.121561,
TXN-00004369,362,TRANSFER,129778.82,C1000016,214620.92,81001.82,M2668836,0,0,1,2026-01-08T12:36:45.121579,night_transaction
TXN-00004370,204,PAYMENT,9099.56,C1000036,0.0,0.0,M1546351,0,0,0,2026-01-08T12:36:45.121618,
TXN-00004371,204,DEBIT,5978.89,C1000059,185811.18,179832.29,M8055661,0,0,0,2026-01-08T12:36:45.121655,
TXN-00004372,204,PAYMENT,1353.68,C1000083,243389.7,242036.02,M1234794,0,0,0,2026-01-08T12:36:45.121693,
TXN-00004373,204,PAYMENT,2011.85,C1000020,414563.44,412551.59,M2731629,0,0,0,2026-01-08T12:36:45.121729,
TXN-00004374,204,CASH_OUT,2051.83,C1000030,92443.26,90391.44,M7823043,0,0,0,2026-01-08T12:36:45.121766,
TXN-00004375,204,CASH_OUT,10.0,C1000082,199397.78,199387.78,M1290941,0,0,0,2026-01-08T12:36:45.121803,
TXN-00004376,204,CASH_OUT,3986.65,C1000097,114556.32,110569.67,M3410221,0,0,0,2026-01-08T12:36:45.121840,
TXN-00004377,204,CASH_IN,504.3,C1000066,6435.4,6939.7,M9205088,0,0,0,2026-01-08T12:36:45.121877,
TXN-00004378,204,PAYMENT,54077.39,C1000000,0.0,0.0,M5572254,0,0,0,2026-01-08T12:36:45.121915,
TXN-00004379,204,TRANSFER,13071.09,C1000005,0.0,0.0,M8969934,0,0,0,2026-01-08T12:36:45.121952,
TXN-00004380,204,DEBIT,54791.68,C1000000,0.0,0.0,M1365242,0,0,0,2026-01-08T12:36:45.121988,
TXN-00004381,123,CASH_OUT,61065.1,C1000031,0.0,0.0,M5242721,0,0,1,2026-01-08T12:36:45.122007,night_transaction
TXN-00004382,204,DEBIT,7316.79,C1000011,0.0,0.0,M4712946,0,0,0,2026-01-08T12:36:45.122043,
TXN-00004383,204,CASH_IN,1109.73,C1000016,214620.92,215730.64,M3248693,0,0,0,2026-01-08T12:36:45.122080,
TXN-00004384,204,CASH_OUT,18414.77,C1000079,0.0,0.0,M6656768,0,0,0,2026-01-08T12:36:45.122118,
TXN-00004385,204,PAYMENT,4553.12,C1000032,94425.18,89872.06,M2409440,0,0,0,2026-01-08T12:36:45.122155,
TXN-00004386,204,TRANSFER,5474.11,C1000051,431457.06,425982.95,M6427830,0,0,0,2026-01-08T12:36:45.122193,
TXN-00004387,98,CASH_OUT,90359.47,C1000087,339872.38,249512.9,M3622679,0,0,1,2026-01-08T12:36:45.122212,night_transaction
TXN-00004388,204,DEBIT,10850.03,C1000015,211961.66,201111.63,M5855725,0,0,0,2026-01-08T12:36:45.122250,
TXN-00004389,204,PAYMENT,4660.27,C1000065,0.0,0.0,M8806897,0,0,0,2026-01-08T12:36:45.122286,
TXN-00004390,204,TRANSFER,469.48,C1000022,55497.47,55027.99,M7465829,0,0,0,2026-01-08T12:36:45.122323,
TXN-00004391,204,PAYMENT,524.4,C1000022,55027.99,54503.6,M2295796,0,0,0,2026-01-08T12:36:45.122359,
TXN-00004392,204,TRANSFER,526.69,C1000016,215730.64,215203.95,M6416165,0,0,0,2026-01-08T12:36:45.122396,
TXN-00004393,204,CASH_OUT,10864.22,C1000031,0.0,0.0,M5523325,0,0,0,2026-01-08T12:36:45.122432,
TXN-00004394,604,CASH_OUT,103204.38,C1000025,89050.81,0.0,M2539327,0,0,1,2026-01-08T12:36:45.122451,night_transaction
TXN-00004395,204,DEBIT,9597.45,C1000054,0.0,0.0,M9425433,0,0,0,2026-01-08T12:36:45.122488,
TXN-00004396,204,PAYMENT,411.93,C1000016,215203.95,214792.02,M5356015,0,0,0,2026-01-08T12:36:45.122524,
TXN-00004397,204,CASH_OUT,2005.0,C1000017,162069.78,160064.78,M7974684,0,0,0,2026-01-08T12:36:45.122561,
TXN-00004398,204,PAYMENT,1725.8,C1000040,57318.1,55592.3,M2172421,0,0,0,2026-01-08T12:36:45.122598,
TXN-00004399,204,TRANSFER,10.0,C1000080,92263.18,92253.18,M9597622,0,0,0,2026-01-08T12:36:45.122635,
TXN-00004400,204,PAYMENT,54107.61,C1000000,0.0,0.0,M1440486,0,0,0,2026-01-08T12:36:45.122688,
TXN-00004401,204,CASH_OUT,1214.63,C1000057,0.0,0.0,M5749930,0,0,0,2026-01-08T12:36:45.122732,
TXN-00004402,204,PAYMENT,2512.75,C1000097,110569.67,108056.92,M8793504,0,0,0,2026-01-08T12:36:45.122770,
TXN-00004403,204,PAYMENT,683.99,C1000055,225178.39,224494.4,M9697957,0,0,0,2026-01-08T12:36:45.122807,
TXN-00004404,484,CASH_OUT,160720.62,C1000083,242036.02,81315.4,M2851454,0,0,1,2026-01-08T12:36:45.122826,night_transaction
TXN-00004405,204,PAYMENT,1161.39,C1000090,305774.11,304612.72,M4952516,0,0,0,2026-01-08T12:36:45.122863,
TXN-00004406,580,TRANSFER,132854.72,C1000053,0.0,-128616.8,M6559575,0,0,1,2026-01-08T12:36:45.122882,night_transaction
TXN-00004407,204,PAYMENT,10.0,C1000033,218955.6,218945.6,M4935782,0,0,0,2026-01-08T12:36:45.122921,
TXN-00004408,204,TRANSFER,10.0,C1000081,116124.33,116114.33,M5763588,0,0,0,2026-01-08T12:36:45.122959,
TXN-00004409,204,TRANSFER,1058.04,C1000008,275045.32,273987.28,M2567279,0,0,0,2026-01-08T12:36:45.122996,
TXN-00004410,204,PAYMENT,3995.19,C1000043,133299.96,129304.77,M1553359,0,0,0,2026-01-08T12:36:45.123033,
TXN-00004411,204,CASH_OUT,891.42,C1000068,150734.03,149842.6,M6910672,0,0,0,2026-01-08T12:36:45.123070,
TXN-00004412,204,DEBIT,7550.35,C1000099,184681.11,177130.76,M2913266,0,0,0,2026-01-08T12:36:45.123107,
TXN-00004413,204,PAYMENT,4229.68,C1000062,0.0,0.0,M3310585,0,0,0,2026-01-08T12:36:45.123144,
TXN-00004414,204,TRANSFER,744.93,C1000061,264493.1,263748.17,M2668677,0,0,0,2026-01-08T12:36:45.123180,
TXN-00004415,204,TRANSFER,53613.69,C1000000,0.0,0.0,M2627354,0,0,0,2026-01-08T12:36:45.123218,
TXN-00004416,204,CASH_OUT,10.0,C1000080,92253.18,92243.18,M4445519,0,0,0,2026-01-08T12:36:45.123255,
TXN-00004417,204,CASH_OUT,719.95,C1000034,92021.59,91301.64,M8327286,0,0,0,2026-01-08T12:36:45.123292,
TXN-00004418,204,TRANSFER,9399.33,C1000057,0.0,0.0,M4809029,0,0,0,2026-01-08T12:36:45.123329,
TXN-00004419,700,CASH_OUT,185612.2,C1000045,75024.53,0.0,M1276134,0,0,1,2026-01-08T12:36:45.123347,night_transaction
TXN-00004420,204,CASH_OUT,6369.96,C1000058,0.0,0.0,M9382332,0,0,0,2026-01-08T12:36:45.123384,
TXN-00004421,52,CASH_OUT,66418.67,C1000074,0.0,0.0,M5124648,0,0,1,2026-01-08T12:36:45.123403,night_transaction
TXN-00004422,204,DEBIT,18108.47,C1000093,0.0,0.0,M3724350,0,0,0,2026-01-08T12:36:45.123440,
TXN-00004423,204,DEBIT,783.03,C1000002,338448.34,337665.31,M8705055,0,0,0,2026-01-08T12:36:45.123478,
TXN-00004424,204,DEBIT,1304.18,C1000094,237393.0,236088.82,M3071876,0,0,0,2026-01-08T12:36:45.123515,
TXN-00004425,204,TRANSFER,845.41,C1000002,337665.31,336819.9,M5109230,0,0,0,2026-01-08T12:36:45.123553,
TXN-00004426,204,TRANSFER,10.0,C1000029,0.0,0.0,M7338327,0,0,0,2026-01-08T12:36:45.123591,
TXN-00004427,204,TRANSFER,928.99,C1000089,230840.26,229911.26,M1520421,0,0,0,2026-01-08T12:36:45.123627,
TXN-00004428,204,PAYMENT,48421.9,C1000053,0.0,0.0,M2326534,0,0,0,2026-01-08T12:36:45.123664,
TXN-00004429,204,CASH_OUT,10.0,C1000061,263748.17,263738.17,M7926669,0,0,0,2026-01-08T12:36:45.123701,
TXN-00004430,204,PAYMENT,26227.79,C1000042,35006.77,8778.98,M8473771,0,0,0,2026-01-08T12:36:45.123738,
TXN-00004431,204,PAYMENT,132.76,C1000022,54503.6,54370.83,M7617518,0,0,0,2026-01-08T12:36:45.123775,
TXN-00004432,204,CASH_OUT,26562.24,C1000056,0.0,0.0,M3427131,0,0,0,2026-01-08T12:36:45.123812,
TXN-00004433,204,CASH_IN,10.0,C1000002,336819.9,336829.9,M9552136,0,0,0,2026-01-08T12:36:45.123848,
TXN-00004434,204,PAYMENT,2454.89,C1000044,107466.46,105011.57,M9084687,0,0,0,2026-01-08T12:36:45.123885,
TXN-00004435,204,TRANSFER,197.53,C1000055,224494.4,224296.87,M1522677,0,0,0,2026-01-08T12:36:45.123922,
TXN-00004436,580,CASH_OUT,190305.36,C1000007,88353.33,0.0,M6203895,0,0,1,2026-01-08T12:36:45.123941,night_transaction
TXN-00004437,650,TRANSFER,97604.48,C1000014,332590.91,234986.43,M3625303,0,0,1,2026-01-08T12:36:45.123959,night_transaction
TXN-00004438,204,CASH_IN,8493.07,C1000054,0.0,8493.07,M6790545,0,0,0,2026-01-08T12:36:45.123995,
TXN-00004439,204,TRANSFER,2439.29,C1000070,0.0,0.0,M3720288,0,0,0,2026-01-08T12:36:45.124032,
TXN-00004440,204,PAYMENT,173325.14,C1000050,0.0,0.0,M1113598,0,0,0,2026-01-08T12:36:45.124069,
TXN-00004441,555,TRANSFER,35740.93,C1000060,64849.05,29108.12,M1071990,0,0,1,2026-01-08T12:36:45.124088,night_transaction
TXN-00004442,204,CASH_OUT,1755.08,C1000049,132112.48,130357.4,M9042789,0,0,0,2026-01-08T12:36:45.124124,
TXN-00004443,204,DEBIT,2044.9,C1000086,222709.22,220664.32,M6091476,0,0,0,2026-01-08T12:36:45.124162,
TXN-00004444,204,PAYMENT,1888.31,C1000090,304612.72,302724.41,M9656536,0,0,0,2026-01-08T12:36:45.124199,
TXN-00004445,204,CASH_OUT,7702.32,C1000099,177130.76,169428.44,M8523722,0,0,0,2026-01-08T12:36:45.124236,
TXN-00004446,204,DEBIT,4683.35,C1000065,0.0,0.0,M7496628,0,0,0,2026-01-08T12:36:45.124273,
TXN-00004447,204,TRANSFER,83.5,C1000004,237123.24,237039.73,M5341999,0,0,0,2026-01-08T12:36:45.124310,
TXN-00004448,204,DEBIT,765.56,C1000083,242036.02,241270.46,M2961650,0,0,0,2026-01-08T12:36:45.124347,
TXN-00004449,204,PAYMENT,7700.23,C1000036,0.0,0.0,M7485126,0,0,0,2026-01-08T12:36:45.124383,
TXN-00004450,204,PAYMENT,7573.75,C1000099,169428.44,161854.69,M8196799,0,0,0,2026-01-08T12:36:45.124420,
TXN-00004451,27,CASH_OUT,196799.97,C1000098,288885.35,92085.38,M8588099,0,0,1,2026-01-08T12:36:45.124439,night_transaction
TXN-00004452,4,CASH_OUT,93595.49,C1000072,4642.72,0.0,M1712410,0,0,1,2026-01-08T12:36:45.124456,night_transaction
TXN-00004453,204,PAYMENT,12507.19,C1000042,8778.98,0.0,M2203298,0,0,0,2026-01-08T12:36:45.124493,
TXN-00004454,204,PAYMENT,6420.94,C1000046,0.0,0.0,M2731121,0,0,0,2026-01-08T12:36:45.124530,
TXN-00004455,204,PAYMENT,6651.16,C1000014,332590.91,325939.75,M8262346,0,0,0,2026-01-08T12:36:45.124567,
TXN-00004456,204,TRANSFER,2909.83,C1000044,105011.57,102101.74,M2849242,0,0,0,2026-01-08T12:36:45.124604,
TXN-00004457,204,DEBIT,34406.45,C1000073,0.0,0.0,M4855358,0,0,0,2026-01-08T12:36:45.124643,
TXN-00004458,204,CASH_OUT,10.0,C1000029,0.0,0.0,M3204744,0,0,0,2026-01-08T12:36:45.124679,
TXN-00004459,204,PAYMENT,260.41,C1000048,242546.64,242286.23,M5860769,0,0,0,2026-01-08T12:36:45.124714,
TXN-00004460,204,CASH_OUT,3926.7,C1000087,339872.38,335945.68,M2275715,0,0,0,2026-01-08T12:36:45.124751,
TXN-00004461,204,PAYMENT,8627.0,C1000049,130357.4,121730.4,M4527815,0,0,0,2026-01-08T12:36:45.124789,
TXN-00004462,204,TRANSFER,232.1,C1000081,116114.33,115882.23,M8112285,0,0,0,2026-01-08T12:36:45.124826,
TXN-00004463,204,CASH_IN,458.96,C1000094,236088.82,236547.77,M4441408,0,0,0,2026-01-08T12:36:45.124863,
TXN-00004464,204,PAYMENT,10.0,C1000057,0.0,0.0,M9541695,0,0,0,2026-01-08T12:36:45.124899,
TXN-00004465,316,CASH_OUT,162839.5,C1000014,325939.75,163100.24,M2470781,0,0,1,2026-01-08T12:36:45.124916,night_transaction
TXN-00004466,204,TRANSFER,5700.86,C1000003,45656.43,39955.57,M7365618,0,0,0,2026-01-08T12:36:45.124954,
TXN-00004467,204,PAYMENT,4200.01,C1000045,75024.53,70824.52,M4772806,0,0,0,2026-01-08T12:36:45.124991,
TXN-00004468,204,TRANSFER,14045.58,C1000074,0.0,0.0,M5221047,0,0,0,2026-01-08T12:36:45.125028,
TXN-00004469,204,PAYMENT,10.0,C1000061,263738.17,263728.17,M6864881,0,0,0,2026-01-08T12:36:45.125065,
TXN-00004470,204,PAYMENT,4755.99,C1000065,0.0,0.0,M8497582,0,0,0,2026-01-08T12:36:45.125102,
TXN-00004471,204,TRANSFER,10.0,C1000029,0.0,0.0,M5841228,0,0,0,2026-01-08T12:36:45.125138,
TXN-00004472,204,PAYMENT,10.0,C1000075,465234.24,465224.24,M8532572,0,0,0,2026-01-08T12:36:45.125174,
TXN-00004473,204,TRANSFER,994.57,C1000061,263728.17,262733.6,M8418447,0,0,0,2026-01-08T12:36:45.125234,
TXN-00004474,204,PAYMENT,3513.77,C1000087,335945.68,332431.91,M7949099,0,0,0,2026-01-08T12:36:45.125287,
TXN-00004475,204,CASH_OUT,1301.29,C1000071,227819.3,226518.0,M2332617,0,0,0,2026-01-08T12:36:45.125335,
TXN-00004476,364,CASH_OUT,91827.57,C1000011,0.0,0.0,M5666744,0,0,1,2026-01-08T12:36:45.125363,night_transaction
TXN-00004477,555,CASH_OUT,68766.34,C1000055,224296.87,155530.54,M1288750,0,0,1,2026-01-08T12:36:45.125886,night_transaction
TXN-00004478,204,PAYMENT,1582.38,C1000016,214792.02,213209.64,M8320294,0,0,0,2026-01-08T12:36:45.126076,
TXN-00004479,204,PAYMENT,1259.24,C1000094,236547.77,235288.53,M4979618,0,0,0,2026-01-08T12:36:45.126182,
TXN-00004480,204,PAYMENT,5176.8,C1000003,39955.57,34778.77,M4374505,0,0,0,2026-01-08T12:36:45.126265,
TXN-00004481,459,CASH_OUT,113787.14,C1000014,325939.75,212152.61,M5530754,0,0,1,2026-01-08T12:36:45.126309,night_transaction
TXN-00004482,204,CASH_OUT,387.97,C1000040,55592.3,55204.33,M8443078,0,0,0,2026-01-08T12:36:45.126391,
TXN-00004483,204,PAYMENT,10.0,C1000040,55204.33,55194.33,M5660912,0,0,0,2026-01-08T12:36:45.128256,
TXN-00004484,204,PAYMENT,5035.1,C1000021,0.0,0.0,M5227813,0,0,0,2026-01-08T12:36:45.128423,
TXN-00004485,365,CASH_OUT,133147.87,C1000008,273987.28,140839.41,M2235811,0,0,1,2026-01-08T12:36:45.128480,night_transaction
TXN-00004486,204,TRANSFER,10.0,C1000034,91301.64,91291.64,M3037596,0,0,0,2026-01-08T12:36:45.128728,
TXN-00004487,204,PAYMENT,1352.7,C1000016,213209.64,211856.94,M1872126,0,0,0,2026-01-08T12:36:45.128887,
TXN-00004488,204,PAYMENT,1557.32,C1000089,229911.26,228353.95,M1760309,0,0,0,2026-01-08T12:36:45.128987,
TXN-00004489,204,CASH_OUT,16201.2,C1000079,0.0,0.0,M7945763,0,0,0,2026-01-08T12:36:45.129067,
TXN-00004490,204,TRANSFER,24572.98,C1000037,0.0,0.0,M2657921,0,0,0,2026-01-08T12:36:45.129171,
TXN-00004491,204,PAYMENT,9005.96,C1000013,0.0,0.0,M6740384,0,0,0,2026-01-08T12:36:45.129242,
TXN-00004492,204,PAYMENT,10272.9,C1000092,76494.92,66222.02,M5408514,0,0,0,2026-01-08T12:36:45.129312,
TXN-00004493,204,CASH_IN,46765.84,C1000053,0.0,46765.84,M6962104,0,0,0,2026-01-08T12:36:45.129408,
TXN-00004494,204,PAYMENT,2768.66,C1000084,210189.03,207420.38,M5022156,0,0,0,2026-01-08T12:36:45.129479,
TXN-00004495,27,CASH_OUT,64146.09,C1000014,325939.75,261793.66,M3760265,0,0,1,2026-01-08T12:36:45.129519,night_transaction
TXN-00004496,204,PAYMENT,10.0,C1000014,325939.75,325929.75,M4150276,0,0,0,2026-01-08T12:36:45.129604,
TXN-00004497,204,PAYMENT,12442.01,C1000074,0.0,0.0,M4147616,0,0,0,2026-01-08T12:36:45.130588,
TXN-00004498,507,CASH_OUT,115016.93,C1000079,0.0,0.0,M9651824,0,0,1,2026-01-08T12:36:45.130673,night_transaction
TXN-00004499,204,PAYMENT,529.26,C1000008,273987.28,273458.02,M7906460,0,0,0,2026-01-08T12:36:45.130805,
TXN-00004500,27,CASH_OUT,54294.49,C1000069,155480.66,101186.17,M8619557,0,0,1,2026-01-08T12:36:45.130848,night_transaction
TXN-00004501,204,CASH_OUT,2788.14,C1000068,149842.6,147054.46,M9985349,0,0,0,2026-01-08T12:36:45.130933,
TXN-00004502,204,CASH_IN,1838.35,C1000029,0.0,1838.35,M2471740,0,0,0,2026-01-08T12:36:45.131003,
TXN-00004503,204,TRANSFER,670.54,C1000022,54370.83,53700.29,M9434338,0,0,0,2026-01-08T12:36:45.131065,
TXN-00004504,204,PAYMENT,207.83,C1000068,147054.46,146846.63,M1129345,0,0,0,2026-01-08T12:36:45.131133,
TXN-00004505,204,CASH_OUT,1037.2,C1000094,235288.53,234251.33,M1041886,0,0,0,2026-01-08T12:36:45.131194,
TXN-00004506,204,DEBIT,20860.76,C1000024,0.0,0.0,M2715904,0,0,0,2026-01-08T12:36:45.131316,
TXN-00004507,204,DEBIT,6678.3,C1000091,0.0,0.0,M4431385,0,0,0,2026-01-08T12:36:45.131386,
TXN-00004508,204,TRANSFER,4859.73,C1000062,0.0,0.0,M9497320,0,0,0,2026-01-08T12:36:45.131447,
TXN-00004509,204,TRANSFER,26391.98,C1000056,0.0,0.0,M8307009,0,0,0,2026-01-08T12:36:45.131532,
TXN-00004510,204,TRANSFER,1123.48,C1000077,125880.98,124757.5,M8293846,0,0,0,2026-01-08T12:36:45.131615,
TXN-00004511,204,PAYMENT,2313.51,C1000044,102101.74,99788.24,M3751059,0,0,0,2026-01-08T12:36:45.131678,
TXN-00004512,204,DEBIT,2621.14,C1000014,325929.75,323308.61,M1150538,0,0,0,2026-01-08T12:36:45.131738,
TXN-00004513,204,DEBIT,9982.63,C1000031,0.0,0.0,M1694270,0,0,0,2026-01-08T12:36:45.131797,
TXN-00004514,204,DEBIT,27147.25,C1000056,0.0,0.0,M3189034,0,0,0,2026-01-08T12:36:45.131856,
TXN-00004515,170,TRANSFER,123841.61,C1000053,46765.84,-75234.26,M7334060,0,0,1,2026-01-08T12:36:45.131892,night_transaction
TXN-00004516,204,PAYMENT,54373.27,C1000000,0.0,0.0,M2123693,0,0,0,2026-01-08T12:36:45.131970,
TXN-00004517,204,PAYMENT,32274.1,C1000064,0.0,0.0,M2751348,0,0,0,2026-01-08T12:36:45.132032,
TXN-00004518,482,CASH_OUT,67479.33,C1000014,323308.61,255829.28,M9772173,0,0,1,2026-01-08T12:36:45.132062,night_transaction
TXN-00004519,204,TRANSFER,14321.88,C1000074,0.0,0.0,M6483024,0,0,0,2026-01-08T12:36:45.132124,
TXN-00004520,204,TRANSFER,10.0,C1000061,262733.6,262723.6,M1504858,0,0,0,2026-01-08T12:36:45.132186,
TXN-00004521,204,CASH_OUT,2941.42,C1000098,288885.35,285943.93,M6103143,0,0,0,2026-01-08T12:36:45.132256,
TXN-00004522,204,PAYMENT,9809.33,C1000092,66222.02,56412.69,M3275913,0,0,0,2026-01-08T12:36:45.132365,
TXN-00004523,29,CASH_OUT,128133.72,C1000000,0.0,0.0,M6347282,0,0,1,2026-01-08T12:36:45.132508,night_transaction
TXN-00004524,578,CASH_OUT,75030.48,C1000075,465224.24,390193.76,M1633959,0,0,1,2026-01-08T12:36:45.132627,night_transaction
TXN-00004525,204,DEBIT,20124.61,C1000035,17807.32,0.0,M5629915,0,0,0,2026-01-08T12:36:45.132964,
TXN-00004526,204,DEBIT,855.28,C1000094,234251.33,233396.05,M3799812,0,0,0,2026-01-08T12:36:45.133273,
TXN-00004527,204,PAYMENT,1412.82,C1000023,71998.56,70585.74,M3432978,0,0,0,2026-01-08T12:36:45.133596,
TXN-00004528,204,PAYMENT,6226.19,C1000088,15616.74,9390.55,M8351489,0,0,0,2026-01-08T12:36:45.133806,
TXN-00004529,204,CASH_OUT,6348.99,C1000046,0.0,0.0,M9725776,0,0,0,2026-01-08T12:36:45.133903,
TXN-00004530,204,TRANSFER,56530.96,C1000000,0.0,0.0,M5704961,0,0,0,2026-01-08T12:36:45.133976,
TXN-00004531,204,CASH_OUT,740.56,C1000022,53700.29,52959.73,M1417264,0,0,0,2026-01-08T12:36:45.134038,
TXN-00004532,204,CASH_IN,4967.49,C1000003,34778.77,39746.26,M7225032,0,0,0,2026-01-08T12:36:45.134100,
TXN-00004533,204,PAYMENT,1973.88,C1000017,160064.78,158090.91,M4053986,0,0,0,2026-01-08T12:36:45.134163,
TXN-00004534,204,DEBIT,961.79,C1000094,233396.05,232434.25,M2240580,0,0,0,2026-01-08T12:36:45.134226,
TXN-00004535,461,TRANSFER,33852.77,C1000017,158090.91,124238.13,M5284520,0,0,1,2026-01-08T12:36:45.134261,night_transaction
TXN-00004536,204,CASH_OUT,17927.66,C1000095,0.0,0.0,M8393806,0,0,0,2026-01-08T12:36:45.134323,
TXN-00004537,204,TRANSFER,1936.44,C1000098,285943.93,284007.49,M9658013,0,0,0,2026-01-08T12:36:45.134381,
TXN-00004538,204,PAYMENT,11017.51,C1000015,201111.63,190094.12,M6135422,0,0,0,2026-01-08T12:36:45.134441,
TXN-00004539,204,PAYMENT,7840.32,C1000011,0.0,0.0,M4319149,0,0,0,2026-01-08T12:36:45.134517,
TXN-00004540,204,PAYMENT,17677.44,C1000076,0.0,0.0,M3172213,0,0,0,2026-01-08T12:36:45.134580,
TXN-00004541,204,DEBIT,3401.16,C1000051,425982.95,422581.79,M6959066,0,0,0,2026-01-08T12:36:45.134645,
TXN-00004542,204,CASH_OUT,1097.1,C1000089,228353.95,227256.85,M7856778,0,0,0,2026-01-08T12:36:45.134712,
TXN-00004543,204,TRANSFER,6914.95,C1000091,0.0,0.0,M3699488,0,0,0,2026-01-08T12:36:45.134778,
TXN-00004544,204,PAYMENT,1225.85,C1000070,0.0,0.0,M9699102,0,0,0,2026-01-08T12:36:45.134837,
TXN-00004545,204,PAYMENT,3012.44,C1000062,0.0,0.0,M3410489,0,0,0,2026-01-08T12:36:45.134904,
TXN-00004546,147,TRANSFER,18575.04,C1000086,220664.32,202089.28,M2448878,0,0,1,2026-01-08T12:36:45.134938,night_transaction
TXN-00004547,700,CASH_OUT,86977.68,C1000048,242286.23,155308.55,M7921922,0,0,1,2026-01-08T12:36:45.134972,night_transaction
TXN-00004548,204,TRANSFER,7471.47,C1000099,161854.69,154383.23,M2332731,0,0,0,2026-01-08T12:36:45.135037,
TXN-00004549,204,DEBIT,5821.3,C1000062,0.0,0.0,M1996097,0,0,0,2026-01-08T12:36:45.135100,
TXN-00004550,204,DEBIT,5348.11,C1000059,179832.29,174484.18,M4891784,0,0,0,2026-01-08T12:36:45.135163,
TXN-00004551,204,CASH_OUT,55472.73,C1000000,0.0,0.0,M6087693,0,0,0,2026-01-08T12:36:45.135227,
TXN-00004552,204,PAYMENT,1641.68,C1000020,412551.59,410909.91,M9674621,0,0,0,2026-01-08T12:36:45.135290,
TXN-00004553,204,TRANSFER,1937.28,C1000071,226518.0,224580.73,M4293930,0,0,0,2026-01-08T12:36:45.135354,
TXN-00004554,204,PAYMENT,34113.3,C1000073,0.0,0.0,M4378209,0,0,0,2026-01-08T12:36:45.135418,
TXN-00004555,204,CASH_OUT,3199.61,C1000043,129304.77,126105.17,M3150767,0,0,0,2026-01-08T12:36:45.135479,
TXN-00004556,204,PAYMENT,208.01,C1000034,91291.64,91083.63,M8854725,0,0,0,2026-01-08T12:36:45.135537,
TXN-00004557,204,CASH_OUT,5447.79,C1000059,174484.18,169036.39,M6278592,0,0,0,2026-01-08T12:36:45.135601,
TXN-00004558,204,PAYMENT,10.0,C1000009,138698.72,138688.72,M7825717,0,0,0,2026-01-08T12:36:45.135657,
TXN-00004559,204,DEBIT,10.0,C1000075,465224.24,465214.24,M3001545,0,0,0,2026-01-08T12:36:45.135716,
TXN-00004560,204,DEBIT,10.0,C1000048,242286.23,242276.23,M9705856,0,0,0,2026-01-08T12:36:45.135776,
TXN-00004561,204,PAYMENT,9519.07,C1000015,190094.12,180575.06,M6514642,0,0,0,2026-01-08T12:36:45.135837,
TXN-00004562,411,TRANSFER,115621.65,C1000035,0.0,-114142.78,M3178284,0,0,1,2026-01-08T12:36:45.135872,night_transaction
TXN-00004563,204,PAYMENT,1518.84,C1000090,302724.41,301205.58,M5056394,0,0,0,2026-01-08T12:36:45.135940,
TXN-00004564,291,TRANSFER,120574.7,C1000049,121730.4,1052.35,M7911337,0,0,1,2026-01-08T12:36:45.135974,night_transaction
TXN-00004565,204,PAYMENT,1644.11,C1000071,224580.73,222936.61,M4106978,0,0,0,2026-01-08T12:36:45.136042,
TXN-00004566,204,TRANSFER,1257.79,C1000080,92243.18,90985.39,M1332402,0,0,0,2026-01-08T12:36:45.136105,
TXN-00004567,204,CASH_OUT,345.04,C1000022,52959.73,52614.7,M4460139,0,0,0,2026-01-08T12:36:45.136168,
TXN-00004568,204,PAYMENT,7234.16,C1000011,0.0,0.0,M3126389,0,0,0,2026-01-08T12:36:45.136231,
TXN-00004569,204,DEBIT,6505.68,C1000058,0.0,0.0,M9434012,0,0,0,2026-01-08T12:36:45.136293,
TXN-00004570,204,TRANSFER,7440.22,C1000013,0.0,0.0,M9018083,0,0,0,2026-01-08T12:36:45.136354,
TXN-00004571,204,CASH_OUT,5973.68,C1000097,108056.92,102083.25,M7091505,0,0,0,2026-01-08T12:36:45.136416,
TXN-00004572,204,TRANSFER,14603.56,C1000095,0.0,0.0,M8079959,0,0,0,2026-01-08T12:36:45.136480,
TXN-00004573,204,PAYMENT,6500.13,C1000006,315787.08,309286.95,M3551659,0,0,0,2026-01-08T12:36:45.136542,
TXN-00004574,204,PAYMENT,3838.53,C1000065,0.0,0.0,M2987415,0,0,0,2026-01-08T12:36:45.136606,
TXN-00004575,204,PAYMENT,13089.76,C1000074,0.0,0.0,M2603078,0,0,0,2026-01-08T12:36:45.136670,
TXN-00004576,204,PAYMENT,34754.75,C1000073,0.0,0.0,M6945765,0,0,0,2026-01-08T12:36:45.136736,
TXN-00004577,204,CASH_OUT,5741.52,C1000080,90985.39,85243.87,M6868849,0,0,0,2026-01-08T12:36:45.136799,
TXN-00004578,204,PAYMENT,26525.92,C1000056,0.0,0.0,M9538423,0,0,0,2026-01-08T12:36:45.136862,
TXN-00004579,204,TRANSFER,588.66,C1000022,52614.7,52026.04,M5494491,0,0,0,2026-01-08T12:36:45.136924,
TXN-00004580,204,DEBIT,15299.03,C1000074,0.0,0.0,M3007311,0,0,0,2026-01-08T12:36:45.136989,
TXN-00004581,204,CASH_OUT,1098.13,C1000047,43351.52,42253.39,M4977942,0,0,0,2026-01-08T12:36:45.137052,
TXN-00004582,204,PAYMENT,10.0,C1000071,222936.61,222926.61,M9537437,0,0,0,2026-01-08T12:36:45.137116,
TXN-00004583,204,TRANSFER,907.16,C1000098,284007.49,283100.33,M6754188,0,0,0,2026-01-08T12:36:45.137180,
TXN-00004584,204,DEBIT,299.24,C1000089,227256.85,226957.61,M7964035,0,0,0,2026-01-08T12:36:45.137244,
TXN-00004585,204,CASH_OUT,5420.3,C1000058,0.0,0.0,M4684563,0,0,0,2026-01-08T12:36:45.137308,
TXN-00004586,204,CASH_OUT,19248.79,C1000079,0.0,0.0,M2340165,0,0,0,2026-01-08T12:36:45.137371,
TXN-00004587,204,PAYMENT,5793.41,C1000010,0.0,0.0,M1165075,0,0,0,2026-01-08T12:36:45.137433,
TXN-00004588,147,CASH_OUT,17414.27,C1000094,232434.25,215019.98,M4078488,0,0,1,2026-01-08T12:36:45.137469,night_transaction
TXN-00004589,204,TRANSFER,1681.99,C1000071,222926.61,221244.63,M4712690,0,0,0,2026-01-08T12:36:45.137536,
TXN-00004590,204,DEBIT,18053.36,C1000076,0.0,0.0,M6379211,0,0,0,2026-01-08T12:36:45.137602,
TXN-00004591,204,PAYMENT,2920.58,C1000045,70824.52,67903.94,M5040564,0,0,0,2026-01-08T12:36:45.137666,
TXN-00004592,204,PAYMENT,88.54,C1000060,64849.05,64760.51,M8159909,0,0,0,2026-01-08T12:36:45.137730,
TXN-00004593,605,CASH_OUT,161961.13,C1000084,207420.38,45459.24,M2740202,0,0,1,2026-01-08T12:36:45.137774,night_transaction
TXN-00004594,533,TRANSFER,99568.92,C1000089,226957.61,126984.38,M5744202,0,0,1,2026-01-08T12:36:45.137808,night_transaction
TXN-00004595,204,TRANSFER,13274.0,C1000078,0.0,0.0,M6016239,0,0,0,2026-01-08T12:36:45.137880,
TXN-00004596,204,TRANSFER,235.26,C1000009,138688.72,138453.46,M7591003,0,0,0,2026-01-08T12:36:45.137944,
TXN-00004597,204,TRANSFER,1492.37,C1000071,221244.63,219752.26,M4916675,0,0,0,2026-01-08T12:36:45.138008,
TXN-00004598,204,PAYMENT,5051.31,C1000047,42253.39,37202.08,M1463651,0,0,0,2026-01-08T12:36:45.138071,
TXN-00004599,204,TRANSFER,10.0,C1000016,211856.94,211846.94,M7518598,0,0,0,2026-01-08T12:36:45.138134,
TXN-00004600,204,TRANSFER,10.0,C1000014,323308.61,323298.61,M6150554,0,0,0,2026-01-08T12:36:45.138196,
TXN-00004601,204,DEBIT,10.0,C1000029,1838.35,1828.35,M8274646,0,0,0,2026-01-08T12:36:45.138258,
TXN-00004602,147,TRANSFER,10876.47,C1000059,169036.39,158159.92,M7866199,0,0,1,2026-01-08T12:36:45.138292,night_transaction
TXN-00004603,533,TRANSFER,98771.06,C1000000,0.0,0.0,M1122115,0,0,1,2026-01-08T12:36:45.138326,night_transaction
TXN-00004604,204,TRANSFER,19322.58,C1000035,0.0,0.0,M5238102,0,0,0,2026-01-08T12:36:45.138388,
TXN-00004605,204,PAYMENT,37862.05,C1000012,0.0,0.0,M4461493,0,0,0,2026-01-08T12:36:45.138451,
TXN-00004606,204,CASH_OUT,3358.29,C1000087,332431.91,329073.62,M4415132,0,0,0,2026-01-08T12:36:45.138514,
TXN-00004607,204,PAYMENT,10.0,C1000082,199387.78,199377.78,M1675157,0,0,0,2026-01-08T12:36:45.138579,
TXN-00004608,204,DEBIT,7768.59,C1000011,0.0,0.0,M2975243,0,0,0,2026-01-08T12:36:45.138653,
TXN-00004609,204,TRANSFER,37264.83,C1000012,0.0,0.0,M1595861,0,0,0,2026-01-08T12:36:45.138713,
TXN-00004610,204,PAYMENT,10.0,C1000004,237039.73,237029.73,M2384610,0,0,0,2026-01-08T12:36:45.138770,
TXN-00004611,507,TRANSFER,84808.8,C1000091,0.0,0.0,M5557978,0,0,1,2026-01-08T12:36:45.138810,night_transaction
TXN-00004612,204,PAYMENT,11217.63,C1000054,8493.07,0.0,M6230761,0,0,0,2026-01-08T12:36:45.138874,
TXN-00004613,204,PAYMENT,10.0,C1000014,323298.61,323288.61,M5386531,0,0,0,2026-01-08T12:36:45.138937,
TXN-00004614,124,CASH_OUT,77146.3,C1000031,0.0,0.0,M3305855,0,0,1,2026-01-08T12:36:45.138970,night_transaction
TXN-00004615,204,PAYMENT,10.0,C1000002,336829.9,336819.9,M2972859,0,0,0,2026-01-08T12:36:45.139036,
TXN-00004616,204,CASH_OUT,1835.86,C1000008,273458.02,271622.16,M6208504,0,0,0,2026-01-08T12:36:45.139099,
TXN-00004617,245,CASH_OUT,34256.65,C1000099,154383.23,120126.57,M4295582,0,0,1,2026-01-08T12:36:45.139132,night_transaction
TXN-00004618,204,PAYMENT,2397.16,C1000090,301205.58,298808.42,M4473862,0,0,0,2026-01-08T12:36:45.139309,
TXN-00004619,410,TRANSFER,23747.25,C1000096,360632.24,336885.0,M6202910,0,0,1,2026-01-08T12:36:45.139413,night_transaction
TXN-00004620,204,CASH_OUT,10.0,C1000061,262723.6,262713.6,M4789054,0,0,0,2026-01-08T12:36:45.139606,
TXN-00004621,204,PAYMENT,10443.78,C1000005,0.0,0.0,M6540815,0,0,0,2026-01-08T12:36:45.139927,
TXN-00004622,204,DEBIT,5303.38,C1000059,169036.39,163733.01,M6448375,0,0,0,2026-01-08T12:36:45.140085,
TXN-00004623,204,TRANSFER,12491.98,C1000031,0.0,0.0,M2010454,0,0,0,2026-01-08T12:36:45.140204,
TXN-00004624,204,TRANSFER,197.01,C1000018,207971.56,207774.55,M3920814,0,0,0,2026-01-08T12:36:45.140296,
TXN-00004625,204,CASH_OUT,10.0,C1000061,262713.6,262703.6,M5735726,0,0,0,2026-01-08T12:36:45.140374,
TXN-00004626,435,CASH_OUT,108531.79,C1000047,37202.08,0.0,M8690800,0,0,1,2026-01-08T12:36:45.140419,night_transaction
TXN-00004627,204,PAYMENT,10.0,C1000034,91083.63,91073.63,M6256297,0,0,0,2026-01-08T12:36:45.140497,
TXN-00004628,204,PAYMENT,8445.34,C1000039,8761.62,316.28,M8855799,0,0,0,2026-01-08T12:36:45.140563,
TXN-00004629,204,PAYMENT,19036.9,C1000079,0.0,0.0,M8412398,0,0,0,2026-01-08T12:36:45.140626,
TXN-00004630,204,DEBIT,19371.1,C1000033,218945.6,199574.5,M1493974,0,0,0,2026-01-08T12:36:45.140686,
TXN-00004631,204,TRANSFER,4410.33,C1000065,0.0,0.0,M4090370,0,0,0,2026-01-08T12:36:45.140751,
TXN-00004632,204,CASH_OUT,3770.76,C1000047,37202.08,33431.32,M2002305,0,0,0,2026-01-08T12:36:45.140811,
TXN-00004633,204,PAYMENT,10.0,C1000089,226957.61,226947.61,M7238803,0,0,0,2026-01-08T12:36:45.141025,
TXN-00004634,204,TRANSFER,7144.49,C1000036,0.0,0.0,M9570439,0,0,0,2026-01-08T12:36:45.141180,
TXN-00004635,204,CASH_OUT,3843.22,C1000010,0.0,0.0,M2796514,0,0,0,2026-01-08T12:36:45.141262,
TXN-00004636,204,CASH_IN,2372.03,C1000044,99788.24,102160.27,M8949354,0,0,0,2026-01-08T12:36:45.141338,
TXN-00004637,204,TRANSFER,2430.21,C1000020,410909.91,408479.7,M9642460,0,0,0,2026-01-08T12:36:45.141408,
TXN-00004638,204,PAYMENT,30959.5,C1000067,28501.79,0.0,M8593249,0,0,0,2026-01-08T12:36:45.141480,
TXN-00004639,204,CASH_IN,4750.0,C1000032,89872.06,94622.06,M1688634,0,0,0,2026-01-08T12:36:45.141549,
TXN-00004640,204,PAYMENT,4616.13,C1000023,70585.74,65969.62,M5314792,0,0,0,2026-01-08T12:36:45.141619,
TXN-00004641,204,CASH_OUT,1901.15,C1000086,220664.32,218763.17,M6488706,0,0,0,2026-01-08T12:36:45.141754,
TXN-00004642,204,TRANSFER,916.6,C1000094,232434.25,231517.65,M7308491,0,0,0,2026-01-08T12:36:45.141835,
TXN-00004643,204,PAYMENT,3997.89,C1000010,0.0,0.0,M3301735,0,0,0,2026-01-08T12:36:45.142016,
TXN-00004644,204,PAYMENT,3319.07,C1000097,102083.25,98764.18,M7624795,0,0,0,2026-01-08T12:36:45.142176,
TXN-00004645,204,CASH_IN,3951.08,C1000002,336819.9,340770.98,M7628261,0,0,0,2026-01-08T12:36:45.142969,
TXN-00004646,204,TRANSFER,517.48,C1000030,90391.44,89873.96,M3628561,0,0,0,2026-01-08T12:36:45.143118,
TXN-00004647,204,PAYMENT,4437.56,C1000030,89873.96,85436.39,M8523036,0,0,0,2026-01-08T12:36:45.143209,
TXN-00004648,204,CASH_IN,1603.76,C1000016,211846.94,213450.71,M8343838,0,0,0,2026-01-08T12:36:45.143796,
TXN-00004649,204,PAYMENT,2122.28,C1000020,408479.7,406357.41,M7703156,0,0,0,2026-01-08T12:36:45.143988,
TXN-00004650,204,DEBIT,2770.16,C1000028,27889.02,25118.85,M4108966,0,0,0,2026-01-08T12:36:45.144083,
TXN-00004651,204,TRANSFER,6092.89,C1000046,0.0,0.0,M5253195,0,0,0,2026-01-08T12:36:45.144159,
TXN-00004652,204,TRANSFER,2522.53,C1000069,155480.66,152958.13,M1995021,0,0,0,2026-01-08T12:36:45.144248,
TXN-00004653,724,CASH_OUT,89908.02,C1000024,0.0,0.0,M8787007,0,0,1,2026-01-08T12:36:45.144291,night_transaction
TXN-00004654,204,PAYMENT,17881.35,C1000019,0.0,0.0,M2438196,0,0,0,2026-01-08T12:36:45.144370,
TXN-00004655,204,PAYMENT,3715.69,C1000041,306519.16,302803.47,M2313024,0,0,0,2026-01-08T12:36:45.144464,
TXN-00004656,204,PAYMENT,14522.27,C1000078,0.0,0.0,M3409375,0,0,0,2026-01-08T12:36:45.144602,
TXN-00004657,204,CASH_OUT,5513.48,C1000003,39746.26,34232.78,M1495801,0,0,0,2026-01-08T12:36:45.144728,
TXN-00004658,204,TRANSFER,10.0,C1000077,124757.5,124747.5,M9559520,0,0,0,2026-01-08T12:36:45.144820,
TXN-00004659,204,TRANSFER,330.57,C1000034,91073.63,90743.06,M6974462,0,0,0,2026-01-08T12:36:45.144965,
TXN-00004660,204,PAYMENT,47514.39,C1000053,46765.84,0.0,M2060966,0,0,0,2026-01-08T12:36:45.145233,
TXN-00004661,388,CASH_OUT,47616.64,C1000030,85436.39,37819.75,M6096951,0,0,1,2026-01-08T12:36:45.145391,night_transaction
TXN-00004662,204,PAYMENT,2698.12,C1000028,25118.85,22420.74,M4844956,0,0,0,2026-01-08T12:36:45.145583,
TXN-00004663,204,TRANSFER,10.0,C1000081,115882.23,115872.23,M9351754,0,0,0,2026-01-08T12:36:45.145726,
TXN-00004664,204,TRANSFER,2007.47,C1000017,158090.91,156083.43,M1144000,0,0,0,2026-01-08T12:36:45.145855,
TXN-00004665,484,CASH_OUT,68699.2,C1000073,0.0,0.0,M9875420,0,0,1,2026-01-08T12:36:45.145901,night_transaction
TXN-00004666,204,DEBIT,24676.18,C1000037,0.0,0.0,M5199668,0,0,0,2026-01-08T12:36:45.145990,
TXN-00004667,204,CASH_OUT,903.07,C1000018,207774.55,206871.48,M1600859,0,0,0,2026-01-08T12:36:45.146083,
TXN-00004668,204,PAYMENT,7204.96,C1000046,0.0,0.0,M4092898,0,0,0,2026-01-08T12:36:45.146181,
TXN-00004669,204,DEBIT,1958.0,C1000017,156083.43,154125.43,M4813332,0,0,0,2026-01-08T12:36:45.146268,
TXN-00004670,204,CASH_OUT,1194.4,C1000008,271622.16,270427.76,M7561967,0,0,0,2026-01-08T12:36:45.146349,
TXN-00004671,204,TRANSFER,34841.23,C1000073,0.0,0.0,M2633868,0,0,0,2026-01-08T12:36:45.146418,
TXN-00004672,204,TRANSFER,26399.77,C1000056,0.0,0.0,M7260331,0,0,0,2026-01-08T12:36:45.146483,
TXN-00004673,204,PAYMENT,5170.82,C1000078,0.0,0.0,M9857571,0,0,0,2026-01-08T12:36:45.146563,
TXN-00004674,204,CASH_OUT,2561.93,C1000040,55194.33,52632.4,M8657243,0,0,0,2026-01-08T12:36:45.146633,
TXN-00004675,674,CASH_OUT,16699.12,C1000072,4642.72,0.0,M2613394,0,0,1,2026-01-08T12:36:45.146676,night_transaction
TXN-00004676,459,CASH_OUT,72485.6,C1000084,207420.38,134934.77,M4522295,0,0,1,2026-01-08T12:36:45.146724,night_transaction
TXN-00004677,204,TRANSFER,6393.15,C1000011,0.0,0.0,M1297714,0,0,0,2026-01-08T12:36:45.146811,
TXN-00004678,204,TRANSFER,4046.84,C1000027,0.0,0.0,M2506008,0,0,0,2026-01-08T12:36:45.146906,
TXN-00004679,204,PAYMENT,6053.27,C1000088,9390.55,3337.29,M8403511,0,0,0,2026-01-08T12:36:45.146988,
TXN-00004680,580,TRANSFER,127355.36,C1000055,224296.87,100820.79,M3448931,0,0,1,2026-01-08T12:36:45.147030,night_transaction
TXN-00004681,581,TRANSFER,36123.74,C1000014,323288.61,287164.87,M5653202,0,0,1,2026-01-08T12:36:45.147072,night_transaction
TXN-00004682,204,TRANSFER,7799.48,C1000036,0.0,0.0,M8362233,0,0,0,2026-01-08T12:36:45.147155,
TXN-00004683,508,CASH_OUT,69158.64,C1000016,213450.71,144292.07,M1104091,0,0,1,2026-01-08T12:36:45.147186,night_transaction
TXN-00004684,204,DEBIT,1543.87,C1000030,85436.39,83892.53,M7267193,0,0,0,2026-01-08T12:36:45.147306,
TXN-00004685,204,CASH_OUT,10.0,C1000048,242276.23,242266.23,M1562628,0,0,0,2026-01-08T12:36:45.147504,
TXN-00004686,204,CASH_OUT,927.44,C1000061,262703.6,261776.16,M9748231,0,0,0,2026-01-08T12:36:45.147703,
TXN-00004687,204,TRANSFER,10.0,C1000042,0.0,0.0,M6023700,0,0,0,2026-01-08T12:36:45.148052,
TXN-00004688,204,CASH_OUT,506.14,C1000006,309286.95,308780.81,M4751470,0,0,0,2026-01-08T12:36:45.148161,
TXN-00004689,101,CASH_OUT,15199.32,C1000099,154383.23,139183.9,M8113116,0,0,1,2026-01-08T12:36:45.148222,night_transaction
TXN-00004690,460,CASH_OUT,75458.31,C1000082,199377.78,123919.47,M1652035,0,0,1,2026-01-08T12:36:45.148296,night_transaction
TXN-00004691,204,PAYMENT,17610.69,C1000076,0.0,0.0,M2498523,0,0,0,2026-01-08T12:36:45.148505,
TXN-00004692,204,CASH_IN,8057.32,C1000031,0.0,8057.32,M9254767,0,0,0,2026-01-08T12:36:45.148641,
TXN-00004693,204,CASH_OUT,3320.12,C1000082,199377.78,196057.66,M2891676,0,0,0,2026-01-08T12:36:45.148701,
TXN-00004694,204,CASH_IN,3722.67,C1000057,0.0,3722.67,M1677048,0,0,0,2026-01-08T12:36:45.148753,
TXN-00004695,482,TRANSFER,31971.73,C1000048,242266.23,210294.49,M6755663,0,0,1,2026-01-08T12:36:45.148780,night_transaction
TXN-00004696,204,CASH_OUT,6340.87,C1000052,82178.92,75838.06,M5771747,0,0,0,2026-01-08T12:36:45.148831,
TXN-00004697,387,TRANSFER,36448.22,C1000072,4642.72,0.0,M9023605,0,0,1,2026-01-08T12:36:45.148858,night_transaction
TXN-00004698,204,TRANSFER,1557.6,C1000002,340770.98,339213.37,M3061018,0,0,0,2026-01-08T12:36:45.148909,
TXN-00004699,204,DEBIT,2800.1,C1000014,323288.61,320488.51,M2912956,0,0,0,2026-01-08T12:36:45.148960,
TXN-00004700,204,CASH_OUT,4770.86,C1000010,0.0,0.0,M1497413,0,0,0,2026-01-08T12:36:45.149019,
TXN-00004701,204,TRANSFER,4555.36,C1000003,34232.78,29677.42,M5936064,0,0,0,2026-01-08T12:36:45.149071,
TXN-00004702,204,PAYMENT,3429.5,C1000045,67903.94,64474.44,M9355788,0,0,0,2026-01-08T12:36:45.149120,
TXN-00004703,204,DEBIT,3991.67,C1000027,0.0,0.0,M4875335,0,0,0,2026-01-08T12:36:45.149167,
TXN-00004704,291,TRANSFER,86697.49,C1000051,422581.79,335816.48,M4836376,0,0,1,2026-01-08T12:36:45.149190,night_transaction
TXN-00004705,204,CASH_IN,33257.38,C1000067,0.0,33257.38,M3529721,0,0,0,2026-01-08T12:36:45.149244,
TXN-00004706,340,CASH_OUT,73577.33,C1000064,0.0,0.0,M7878936,0,0,1,2026-01-08T12:36:45.149268,night_transaction
TXN-00004707,204,PAYMENT,5772.53,C1000091,0.0,0.0,M4115209,0,0,0,2026-01-08T12:36:45.149318,
TXN-00004708,204,PAYMENT,2156.16,C1000044,102160.27,100004.11,M3552233,0,0,0,2026-01-08T12:36:45.149367,
TXN-00004709,204,CASH_OUT,544.98,C1000009,138453.46,137908.48,M8674665,0,0,0,2026-01-08T12:36:45.149418,
TXN-00004710,204,CASH_OUT,10711.16,C1000005,0.0,0.0,M9151595,0,0,0,2026-01-08T12:36:45.149471,
TXN-00004711,204,CASH_OUT,10.0,C1000002,339213.37,339203.37,M8258350,0,0,0,2026-01-08T12:36:45.149521,
TXN-00004712,204,PAYMENT,10.0,C1000022,52026.04,52016.04,M6658877,0,0,0,2026-01-08T12:36:45.149572,
TXN-00004713,204,PAYMENT,8678.34,C1000039,316.28,0.0,M7824218,0,0,0,2026-01-08T12:36:45.149620,
TXN-00004714,204,PAYMENT,1837.04,C1000020,406357.41,404520.38,M7307909,0,0,0,2026-01-08T12:36:45.149670,
TXN-00004715,204,PAYMENT,64.06,C1000055,224296.87,224232.81,M4661813,0,0,0,2026-01-08T12:36:45.149723,
TXN-00004716,204,PAYMENT,8672.91,C1000005,0.0,0.0,M2995356,0,0,0,2026-01-08T12:36:45.149795,
TXN-00004717,204,PAYMENT,1973.08,C1000084,207420.38,205447.29,M7360690,0,0,0,2026-01-08T12:36:45.149869,
TXN-00004718,204,PAYMENT,26368.78,C1000056,0.0,0.0,M2856685,0,0,0,2026-01-08T12:36:45.149943,
TXN-00004719,204,PAYMENT,3260.69,C1000028,22420.74,19160.04,M2272560,0,0,0,2026-01-08T12:36:45.150015,
TXN-00004720,338,CASH_OUT,12878.92,C1000036,0.0,0.0,M8104140,0,0,1,2026-01-08T12:36:45.150050,night_transaction
TXN-00004721,290,CASH_OUT,17150.55,C1000000,0.0,0.0,M5079876,0,0,1,2026-01-08T12:36:45.150133,night_transaction
TXN-00004722,204,CASH_OUT,2928.99,C1000069,152958.13,150029.14,M8809159,0,0,0,2026-01-08T12:36:45.150220,
TXN-00004723,204,TRANSFER,2191.79,C1000090,298808.42,296616.63,M6650721,0,0,0,2026-01-08T12:36:45.150285,
TXN-00004724,204,PAYMENT,17720.98,C1000076,0.0,0.0,M7000913,0,0,0,2026-01-08T12:36:45.150377,
TXN-00004725,204,TRANSFER,10.0,C1000002,339203.37,339193.37,M2228437,0,0,0,2026-01-08T12:36:45.150454,
TXN-00004726,218,TRANSFER,32315.09,C1000029,1828.35,0.0,M2917659,0,0,1,2026-01-08T12:36:45.150491,night_transaction
TXN-00004727,29,TRANSFER,78448.16,C1000070,0.0,-74408.33,M1286525,0,0,1,2026-01-08T12:36:45.150522,night_transaction
TXN-00004728,99,TRANSFER,137422.93,C1000035,0.0,-139176.54,M6065884,0,0,1,2026-01-08T12:36:45.150556,night_transaction
TXN-00004729,580,CASH_OUT,193986.47,C1000039,0.0,0.0,M5342935,0,0,1,2026-01-08T12:36:45.150588,night_transaction
TXN-00004730,293,TRANSFER,55709.58,C1000028,19160.04,0.0,M9422911,0,0,1,2026-01-08T12:36:45.150617,night_transaction
TXN-00004731,204,CASH_IN,11505.27,C1000054,0.0,11505.27,M9659856,0,0,0,2026-01-08T12:36:45.150686,
TXN-00004732,204,PAYMENT,873.86,C1000034,90743.06,89869.2,M5818112,0,0,0,2026-01-08T12:36:45.150752,
TXN-00004733,204,TRANSFER,6883.24,C1000033,199574.5,192691.26,M9147746,0,0,0,2026-01-08T12:36:45.150815,
TXN-00004734,204,PAYMENT,10.0,C1000060,64760.51,64750.51,M6400310,0,0,0,2026-01-08T12:36:45.150879,
TXN-00004735,204,CASH_OUT,4509.68,C1000049,121730.4,117220.72,M8351296,0,0,0,2026-01-08T12:36:45.150941,
TXN-00004736,204,PAYMENT,2905.39,C1000045,64474.44,61569.05,M2668342,0,0,0,2026-01-08T12:36:45.151003,
TXN-00004737,410,CASH_OUT,96729.33,C1000048,242266.23,145536.89,M6465339,0,0,1,2026-01-08T12:36:45.151035,night_transaction
TXN-00004738,204,PAYMENT,2972.8,C1000045,61569.05,58596.24,M5471566,0,0,0,2026-01-08T12:36:45.151100,
TXN-00004739,204,TRANSFER,17937.57,C1000076,0.0,0.0,M7985794,0,0,0,2026-01-08T12:36:45.151162,
TXN-00004740,204,CASH_OUT,10.0,C1000002,339193.37,339183.37,M6824868,0,0,0,2026-01-08T12:36:45.151219,
TXN-00004741,204,DEBIT,10.0,C1000068,146846.63,146836.63,M7371838,0,0,0,2026-01-08T12:36:45.151273,
TXN-00004742,204,PAYMENT,33222.29,C1000073,0.0,0.0,M5236939,0,0,0,2026-01-08T12:36:45.151326,
TXN-00004743,204,TRANSFER,150.53,C1000034,89869.2,89718.67,M7820802,0,0,0,2026-01-08T12:36:45.151378,
TXN-00004744,204,PAYMENT,5049.74,C1000062,0.0,0.0,M8101870,0,0,0,2026-01-08T12:36:45.151430,
TXN-00004745,204,DEBIT,2904.95,C1000070,0.0,0.0,M9948192,0,0,0,2026-01-08T12:36:45.151483,
TXN-00004746,204,TRANSFER,1873.95,C1000080,85243.87,83369.92,M1579642,0,0,0,2026-01-08T12:36:45.151537,
TXN-00004747,204,TRANSFER,3564.76,C1000062,0.0,0.0,M8987264,0,0,0,2026-01-08T12:36:45.151591,
TXN-00004748,700,CASH_OUT,89489.04,C1000078,0.0,0.0,M7178536,0,0,1,2026-01-08T12:36:45.151620,night_transaction
TXN-00004749,204,TRANSFER,371.57,C1000080,83369.92,82998.35,M2555675,0,0,0,2026-01-08T12:36:45.151674,
TXN-00004750,204,TRANSFER,16432.65,C1000093,0.0,0.0,M5837118,0,0,0,2026-01-08T12:36:45.151728,
TXN-00004751,204,CASH_OUT,20775.89,C1000035,0.0,0.0,M4710032,0,0,0,2026-01-08T12:36:45.151779,
TXN-00004752,173,CASH_OUT,188546.64,C1000089,226947.61,38400.97,M6276135,0,0,1,2026-01-08T12:36:45.151805,night_transaction
TXN-00004753,204,DEBIT,10.0,C1000029,1828.35,1818.35,M2784363,0,0,0,2026-01-08T12:36:45.151858,
TXN-00004754,204,TRANSFER,5765.28,C1000091,0.0,0.0,M2995761,0,0,0,2026-01-08T12:36:45.151910,
TXN-00004755,204,PAYMENT,2961.33,C1000021,0.0,0.0,M3204673,0,0,0,2026-01-08T12:36:45.151961,
TXN-00004756,242,CASH_OUT,125807.56,C1000088,3337.29,0.0,M3519975,0,0,1,2026-01-08T12:36:45.151988,night_transaction
TXN-00004757,204,CASH_OUT,1840.56,C1000040,52632.4,50791.85,M5013254,0,0,0,2026-01-08T12:36:45.152041,
TXN-00004758,204,TRANSFER,751.27,C1000007,88353.33,87602.06,M9268573,0,0,0,2026-01-08T12:36:45.152093,
TXN-00004759,204,CASH_OUT,10.0,C1000008,270427.76,270417.76,M3156744,0,0,0,2026-01-08T12:36:45.152150,
TXN-00004760,204,TRANSFER,4663.24,C1000003,29677.42,25014.18,M2738247,0,0,0,2026-01-08T12:36:45.152207,
TXN-00004761,204,PAYMENT,172160.47,C1000050,0.0,0.0,M7828270,0,0,0,2026-01-08T12:36:45.152277,
TXN-00004762,204,CASH_OUT,5828.53,C1000046,0.0,0.0,M7373406,0,0,0,2026-01-08T12:36:45.152325,
TXN-00004763,99,CASH_OUT,107363.21,C1000025,89050.81,0.0,M8829223,0,0,1,2026-01-08T12:36:45.152351,night_transaction
TXN-00004764,204,TRANSFER,12708.51,C1000054,11505.27,0.0,M4522412,0,0,0,2026-01-08T12:36:45.152403,
TXN-00004765,204,CASH_OUT,4649.33,C1000027,0.0,0.0,M4413927,0,0,0,2026-01-08T12:36:45.152454,
TXN-00004766,204,PAYMENT,10.0,C1000066,6939.7,6929.7,M9670171,0,0,0,2026-01-08T12:36:45.152505,
TXN-00004767,204,TRANSFER,10.0,C1000023,65969.62,65959.62,M3220835,0,0,0,2026-01-08T12:36:45.152556,
TXN-00004768,204,TRANSFER,10.0,C1000061,261776.16,261766.16,M1339150,0,0,0,2026-01-08T12:36:45.152607,
TXN-00004769,204,DEBIT,1601.74,C1000044,100004.11,98402.37,M7185207,0,0,0,2026-01-08T12:36:45.152658,
TXN-00004770,204,TRANSFER,10.0,C1000047,33431.32,33421.32,M7905684,0,0,0,2026-01-08T12:36:45.152709,
TXN-00004771,204,PAYMENT,2181.05,C1000044,98402.37,96221.33,M9333091,0,0,0,2026-01-08T12:36:45.152760,
TXN-00004772,204,CASH_OUT,24423.1,C1000037,0.0,0.0,M6577993,0,0,0,2026-01-08T12:36:45.152811,
TXN-00004773,204,TRANSFER,4672.6,C1000065,0.0,0.0,M7467274,0,0,0,2026-01-08T12:36:45.152861,
TXN-00004774,204,DEBIT,20907.9,C1000095,0.0,0.0,M8334275,0,0,0,2026-01-08T12:36:45.152910,
TXN-00004775,204,PAYMENT,26411.32,C1000056,0.0,0.0,M6740530,0,0,0,2026-01-08T12:36:45.152960,
TXN-00004776,204,CASH_OUT,4655.17,C1000027,0.0,0.0,M9207551,0,0,0,2026-01-08T12:36:45.153010,
TXN-00004777,204,CASH_OUT,431.36,C1000068,146836.63,146405.27,M3572135,0,0,0,2026-01-08T12:36:45.153059,
TXN-00004778,204,CASH_IN,2138.14,C1000018,206871.48,209009.63,M5210703,0,0,0,2026-01-08T12:36:45.153110,
TXN-00004779,204,TRANSFER,10.0,C1000078,0.0,0.0,M3139957,0,0,0,2026-01-08T12:36:45.153161,
TXN-00004780,204,PAYMENT,2024.02,C1000017,154125.43,152101.41,M7972660,0,0,0,2026-01-08T12:36:45.153217,
TXN-00004781,204,PAYMENT,8443.48,C1000042,0.0,0.0,M8797374,0,0,0,2026-01-08T12:36:45.153276,
TXN-00004782,204,TRANSFER,10.0,C1000061,261766.16,261756.16,M8108279,0,0,0,2026-01-08T12:36:45.153335,
TXN-00004783,204,PAYMENT,605.09,C1000060,64750.51,64145.41,M3754344,0,0,0,2026-01-08T12:36:45.153394,
TXN-00004784,204,TRANSFER,2332.66,C1000044,96221.33,93888.67,M9152462,0,0,0,2026-01-08T12:36:45.153454,
TXN-00004785,460,CASH_OUT,49538.48,C1000088,3337.29,0.0,M1787040,0,0,1,2026-01-08T12:36:45.153485,night_transaction
TXN-00004786,204,PAYMENT,11001.42,C1000005,0.0,0.0,M8381873,0,0,0,2026-01-08T12:36:45.153546,
TXN-00004787,204,CASH_IN,6643.57,C1000058,0.0,6643.57,M7213628,0,0,0,2026-01-08T12:36:45.153606,
TXN-00004788,204,PAYMENT,10.0,C1000055,224232.81,224222.81,M2406902,0,0,0,2026-01-08T12:36:45.153666,
TXN-00004789,204,PAYMENT,3431.73,C1000028,19160.04,15728.32,M3325417,0,0,0,2026-01-08T12:36:45.153730,
TXN-00004790,204,TRANSFER,8266.24,C1000031,8057.32,0.0,M6810399,0,0,0,2026-01-08T12:36:45.153783,
TXN-00004791,204,CASH_OUT,17121.7,C1000076,0.0,0.0,M2150139,0,0,0,2026-01-08T12:36:45.153832,
TXN-00004792,204,PAYMENT,10.0,C1000021,0.0,0.0,M4888988,0,0,0,2026-01-08T12:36:45.153881,
TXN-00004793,204,CASH_OUT,1814.19,C1000096,360632.24,358818.05,M5815219,0,0,0,2026-01-08T12:36:45.153928,
TXN-00004794,204,TRANSFER,289.93,C1000021,0.0,0.0,M7680283,0,0,0,2026-01-08T12:36:45.153978,
TXN-00004795,204,TRANSFER,914.16,C1000068,146405.27,145491.11,M7880818,0,0,0,2026-01-08T12:36:45.154026,
TXN-00004796,204,TRANSFER,10.0,C1000082,196057.66,196047.66,M5254781,0,0,0,2026-01-08T12:36:45.154075,
TXN-00004797,484,TRANSFER,71365.35,C1000059,163733.01,93869.73,M4969296,0,0,1,2026-01-08T12:36:45.154101,night_transaction
TXN-00004798,149,CASH_OUT,169544.11,C1000006,308780.81,139236.7,M2036905,0,0,1,2026-01-08T12:36:45.154130,night_transaction
TXN-00004799,204,PAYMENT,2026.22,C1000026,266052.38,264026.16,M3176433,0,0,0,2026-01-08T12:36:45.154181,
TXN-00004800,204,CASH_OUT,5949.98,C1000046,0.0,0.0,M8157948,0,0,0,2026-01-08T12:36:45.154232,
TXN-00004801,204,TRANSFER,2729.6,C1000072,4642.72,1913.12,M2311218,0,0,0,2026-01-08T12:36:45.154280,
TXN-00004802,204,PAYMENT,10.0,C1000009,137908.48,137898.48,M4307926,0,0,0,2026-01-08T12:36:45.154328,
TXN-00004803,204,TRANSFER,17255.37,C1000095,0.0,0.0,M5157989,0,0,0,2026-01-08T12:36:45.154376,
TXN-00004804,204,TRANSFER,470.1,C1000071,219752.26,219282.16,M8587336,0,0,0,2026-01-08T12:36:45.154430,
TXN-00004805,722,CASH_OUT,85536.22,C1000016,213450.71,127914.49,M3553113,0,0,1,2026-01-08T12:36:45.154455,night_transaction
TXN-00004806,204,TRANSFER,7491.56,C1000099,154383.23,146891.66,M5988232,0,0,0,2026-01-08T12:36:45.154504,
TXN-00004807,508,TRANSFER,45482.04,C1000094,231517.65,188537.5,M9152652,0,0,1,2026-01-08T12:36:45.154530,night_transaction
TXN-00004808,204,CASH_OUT,7571.17,C1000099,146891.66,139320.49,M7555112,0,0,0,2026-01-08T12:36:45.154583,
TXN-00004809,204,DEBIT,4370.06,C1000057,3722.67,0.0,M1203715,0,0,0,2026-01-08T12:36:45.154632,
TXN-00004810,204,PAYMENT,789.01,C1000077,124747.5,123958.49,M1349170,0,0,0,2026-01-08T12:36:45.154680,
TXN-00004811,204,TRANSFER,2661.86,C1000055,224222.81,221560.95,M7032121,0,0,0,2026-01-08T12:36:45.154731,
TXN-00004812,267,TRANSFER,141066.94,C1000037,0.0,-136917.02,M1320389,0,0,1,2026-01-08T12:36:45.154759,night_transaction
TXN-00004813,204,CASH_OUT,8436.76,C1000039,0.0,0.0,M3486381,0,0,0,2026-01-08T12:36:45.154814,
TXN-00004814,204,DEBIT,49358.52,C1000053,0.0,0.0,M9053382,0,0,0,2026-01-08T12:36:45.154863,
TXN-00004815,413,CASH_OUT,71862.78,C1000047,33421.32,0.0,M8051861,0,0,1,2026-01-08T12:36:45.154888,night_transaction
TXN-00004816,204,DEBIT,10.0,C1000051,422581.79,422571.79,M1652474,0,0,0,2026-01-08T12:36:45.154938,
TXN-00004817,204,PAYMENT,617.31,C1000094,231517.65,230900.34,M1827216,0,0,0,2026-01-08T12:36:45.154987,
TXN-00004818,436,CASH_OUT,38351.46,C1000040,50791.85,12440.39,M7993425,0,0,1,2026-01-08T12:36:45.155013,night_transaction
TXN-00004819,437,CASH_OUT,63630.99,C1000056,0.0,0.0,M7556161,0,0,1,2026-01-08T12:36:45.155037,night_transaction
TXN-00004820,204,TRANSFER,2965.43,C1000040,50791.85,47826.42,M6229555,0,0,0,2026-01-08T12:36:45.155086,
TXN-00004821,204,CASH_IN,3255.44,C1000097,98764.18,102019.62,M4832170,0,0,0,2026-01-08T12:36:45.155138,
TXN-00004822,204,CASH_OUT,3859.92,C1000006,308780.81,304920.89,M2765903,0,0,0,2026-01-08T12:36:45.155188,
TXN-00004823,204,DEBIT,2977.08,C1000044,93888.67,90911.59,M2077464,0,0,0,2026-01-08T12:36:45.155239,
TXN-00004824,204,PAYMENT,10.0,C1000094,230900.34,230890.34,M4818660,0,0,0,2026-01-08T12:36:45.155290,
TXN-00004825,204,TRANSFER,30260.28,C1000067,33257.38,2997.1,M8506418,0,0,0,2026-01-08T12:36:45.155341,
TXN-00004826,269,CASH_OUT,110636.91,C1000029,1818.35,0.0,M5332427,0,0,1,2026-01-08T12:36:45.155367,night_transaction
TXN-00004827,204,PAYMENT,7913.89,C1000036,0.0,0.0,M2045865,0,0,0,2026-01-08T12:36:45.155418,
TXN-00004828,204,PAYMENT,10.0,C1000033,192691.26,192681.26,M6350325,0,0,0,2026-01-08T12:36:45.155474,
TXN-00004829,204,PAYMENT,26082.76,C1000056,0.0,0.0,M3070027,0,0,0,2026-01-08T12:36:45.155526,
TXN-00004830,204,TRANSFER,10.0,C1000029,1818.35,1808.35,M8913538,0,0,0,2026-01-08T12:36:45.155577,
TXN-00004831,204,CASH_OUT,4217.32,C1000027,0.0,0.0,M9301683,0,0,0,2026-01-08T12:36:45.155628,
TXN-00004832,204,CASH_OUT,16871.86,C1000019,0.0,0.0,M5070464,0,0,0,2026-01-08T12:36:45.155679,
TXN-00004833,204,CASH_OUT,29432.41,C1000067,2997.1,0.0,M1946893,0,0,0,2026-01-08T12:36:45.155730,
TXN-00004834,204,PAYMENT,2785.13,C1000020,404520.38,401735.24,M7818505,0,0,0,2026-01-08T12:36:45.155786,
TXN-00004835,204,PAYMENT,2967.62,C1000043,126105.17,123137.54,M1391247,0,0,0,2026-01-08T12:36:45.155847,
TXN-00004836,204,PAYMENT,10.0,C1000029,1808.35,1798.35,M4977217,0,0,0,2026-01-08T12:36:45.155900,
TXN-00004837,204,CASH_OUT,17991.0,C1000093,0.0,0.0,M9792749,0,0,0,2026-01-08T12:36:45.157237,
TXN-00004838,204,CASH_OUT,2436.27,C1000023,65959.62,63523.34,M5848295,0,0,0,2026-01-08T12:36:45.157420,
TXN-00004839,204,PAYMENT,1160.91,C1000029,1798.35,637.44,M8270613,0,0,0,2026-01-08T12:36:45.157512,
TXN-00004840,204,CASH_OUT,2086.2,C1000086,218763.17,216676.98,M6776021,0,0,0,2026-01-08T12:36:45.157588,
TXN-00004841,204,PAYMENT,1888.94,C1000043,123137.54,121248.6,M3120694,0,0,0,2026-01-08T12:36:45.157658,
TXN-00004842,628,CASH_OUT,163446.41,C1000083,241270.46,77824.05,M7480502,0,0,1,2026-01-08T12:36:45.157696,night_transaction
TXN-00004843,204,PAYMENT,993.6,C1000094,230890.34,229896.75,M4340535,0,0,0,2026-01-08T12:36:45.157797,
TXN-00004844,204,TRANSFER,10.0,C1000040,47826.42,47816.42,M4978252,0,0,0,2026-01-08T12:36:45.157916,
TXN-00004845,204,CASH_OUT,237.79,C1000038,0.0,0.0,M1987369,0,0,0,2026-01-08T12:36:45.158005,
TXN-00004846,204,CASH_IN,14013.11,C1000054,0.0,14013.11,M7631832,0,0,0,2026-01-08T12:36:45.158085,
TXN-00004847,204,DEBIT,5804.87,C1000059,163733.01,157928.14,M7210083,0,0,0,2026-01-08T12:36:45.158160,
TXN-00004848,204,TRANSFER,8771.61,C1000049,117220.72,108449.12,M6377319,0,0,0,2026-01-08T12:36:45.158228,
TXN-00004849,204,PAYMENT,1191.83,C1000054,14013.11,12821.28,M1305283,0,0,0,2026-01-08T12:36:45.158304,
TXN-00004850,148,CASH_OUT,34234.39,C1000094,229896.75,195662.36,M8853558,0,0,1,2026-01-08T12:36:45.158374,night_transaction
TXN-00004851,204,PAYMENT,10140.89,C1000092,56412.69,46271.81,M2656534,0,0,0,2026-01-08T12:36:45.158456,
TXN-00004852,204,DEBIT,20000.15,C1000024,0.0,0.0,M3281385,0,0,0,2026-01-08T12:36:45.158518,
TXN-00004853,204,PAYMENT,1044.19,C1000026,264026.16,262981.97,M1895000,0,0,0,2026-01-08T12:36:45.158579,
TXN-00004854,204,CASH_OUT,8153.24,C1000036,0.0,0.0,M7733245,0,0,0,2026-01-08T12:36:45.158635,
TXN-00004855,204,TRANSFER,82.37,C1000034,89718.67,89636.29,M6513424,0,0,0,2026-01-08T12:36:45.158691,
TXN-00004856,436,CASH_OUT,92471.73,C1000064,0.0,0.0,M1219916,0,0,1,2026-01-08T12:36:45.158722,night_transaction
TXN-00004857,204,TRANSFER,4692.42,C1000027,0.0,0.0,M8910749,0,0,0,2026-01-08T12:36:45.158803,
TXN-00004858,204,CASH_OUT,1686.14,C1000094,229896.75,228210.61,M3605831,0,0,0,2026-01-08T12:36:45.160476,
TXN-00004859,204,PAYMENT,13352.2,C1000063,0.0,0.0,M7028625,0,0,0,2026-01-08T12:36:45.160750,
TXN-00004860,204,TRANSFER,41313.21,C1000064,0.0,0.0,M9494963,0,0,0,2026-01-08T12:36:45.160843,
TXN-00004861,204,PAYMENT,42216.65,C1000053,0.0,0.0,M5010983,0,0,0,2026-01-08T12:36:45.160916,
TXN-00004862,204,PAYMENT,2987.25,C1000026,262981.97,259994.72,M8766532,0,0,0,2026-01-08T12:36:45.161003,
TXN-00004863,204,TRANSFER,3597.25,C1000010,0.0,0.0,M3080752,0,0,0,2026-01-08T12:36:45.161086,
TXN-00004864,269,TRANSFER,136007.55,C1000032,94622.06,-40320.15,M2410808,0,0,1,2026-01-08T12:36:45.161127,night_transaction
TXN-00004865,204,PAYMENT,10458.59,C1000092,46271.81,35813.21,M3776056,0,0,0,2026-01-08T12:36:45.161281,
TXN-00004866,204,DEBIT,10349.44,C1000082,196047.66,185698.22,M1685067,0,0,0,2026-01-08T12:36:45.161416,
TXN-00004867,204,DEBIT,2082.53,C1000096,358818.05,356735.52,M4989160,0,0,0,2026-01-08T12:36:45.161508,
TXN-00004868,204,TRANSFER,2866.44,C1000052,75838.06,72971.61,M4160926,0,0,0,2026-01-08T12:36:45.161650,
TXN-00004869,204,CASH_IN,10.0,C1000080,82998.35,83008.35,M1493974,0,0,0,2026-01-08T12:36:45.162122,
TXN-00004870,204,PAYMENT,1019.49,C1000066,6929.7,5910.21,M4282297,0,0,0,2026-01-08T12:36:45.162344,
TXN-00004871,204,CASH_IN,794.42,C1000007,87602.06,88396.48,M2650256,0,0,0,2026-01-08T12:36:45.162514,
TXN-00004872,204,CASH_OUT,172463.65,C1000050,0.0,0.0,M2782959,0,0,0,2026-01-08T12:36:45.162606,
TXN-00004873,204,CASH_OUT,10.0,C1000029,637.44,627.44,M3757377,0,0,0,2026-01-08T12:36:45.162680,
TXN-00004874,204,PAYMENT,5397.44,C1000032,94622.06,89224.61,M1394592,0,0,0,2026-01-08T12:36:45.162749,
TXN-00004875,604,TRANSFER,49119.97,C1000071,219282.16,170162.19,M1417789,0,0,1,2026-01-08T12:36:45.162786,night_transaction
TXN-00004876,204,PAYMENT,81.65,C1000068,145491.11,145409.46,M4622103,0,0,0,2026-01-08T12:36:45.162851,
TXN-00004877,3,TRANSFER,143514.51,C1000062,0.0,-143579.95,M6921655,0,0,1,2026-01-08T12:36:45.162883,night_transaction
TXN-00004878,204,TRANSFER,2349.25,C1000044,90911.59,88562.33,M3494539,0,0,0,2026-01-08T12:36:45.162957,
TXN-00004879,204,PAYMENT,17864.65,C1000076,0.0,0.0,M9141542,0,0,0,2026-01-08T12:36:45.163023,
TXN-00004880,204,TRANSFER,17821.32,C1000076,0.0,0.0,M2984016,0,0,0,2026-01-08T12:36:45.163083,
TXN-00004881,204,CASH_OUT,10.0,C1000004,237029.73,237019.73,M7140876,0,0,0,2026-01-08T12:36:45.163143,
TXN-00004882,204,TRANSFER,10.0,C1000075,465214.24,465204.24,M7680741,0,0,0,2026-01-08T12:36:45.163204,
TXN-00004883,204,TRANSFER,510.54,C1000049,108449.12,107938.58,M8565024,0,0,0,2026-01-08T12:36:45.163265,
TXN-00004884,204,TRANSFER,304.75,C1000034,89636.29,89331.54,M8030026,0,0,0,2026-01-08T12:36:45.163328,
TXN-00004885,204,PAYMENT,558.8,C1000060,64145.41,63586.61,M4539763,0,0,0,2026-01-08T12:36:45.163394,
TXN-00004886,700,TRANSFER,21546.4,C1000053,0.0,0.0,M6792048,0,0,1,2026-01-08T12:36:45.163430,night_transaction
TXN-00004887,204,CASH_IN,7798.24,C1000036,0.0,7798.24,M6479173,0,0,0,2026-01-08T12:36:45.163494,
TXN-00004888,557,CASH_OUT,101155.69,C1000039,0.0,0.0,M6122846,0,0,1,2026-01-08T12:36:45.163532,night_transaction
TXN-00004889,204,PAYMENT,10.0,C1000023,63523.34,63513.34,M7778977,0,0,0,2026-01-08T12:36:45.163595,
TXN-00004890,204,PAYMENT,7080.41,C1000011,0.0,0.0,M1766749,0,0,0,2026-01-08T12:36:45.163656,
TXN-00004891,204,PAYMENT,1809.29,C1000089,226947.61,225138.33,M1177516,0,0,0,2026-01-08T12:36:45.163714,
TXN-00004892,204,DEBIT,10068.07,C1000031,0.0,0.0,M9895175,0,0,0,2026-01-08T12:36:45.163774,
TXN-00004893,204,PAYMENT,616.65,C1000081,115872.23,115255.58,M4439144,0,0,0,2026-01-08T12:36:45.163835,
TXN-00004894,204,TRANSFER,34664.88,C1000073,0.0,0.0,M4715644,0,0,0,2026-01-08T12:36:45.163898,
TXN-00004895,172,TRANSFER,146537.53,C1000076,0.0,-145096.66,M3433676,0,0,1,2026-01-08T12:36:45.163929,night_transaction
TXN-00004896,204,PAYMENT,9285.39,C1000039,0.0,0.0,M6184091,0,0,0,2026-01-08T12:36:45.163998,
TXN-00004897,204,PAYMENT,5166.87,C1000025,89050.81,83883.95,M7443345,0,0,0,2026-01-08T12:36:45.164060,
TXN-00004898,204,PAYMENT,570.64,C1000043,121248.6,120677.96,M2969256,0,0,0,2026-01-08T12:36:45.164122,
TXN-00004899,204,TRANSFER,10.0,C1000055,221560.95,221550.95,M8926864,0,0,0,2026-01-08T12:36:45.164184,
TXN-00004900,204,CASH_OUT,312.64,C1000018,209009.63,208696.99,M2389598,0,0,0,2026-01-08T12:36:45.164247,
TXN-00004901,204,CASH_OUT,3754.91,C1000045,58596.24,54841.33,M1760399,0,0,0,2026-01-08T12:36:45.164310,
TXN-00004902,204,PAYMENT,12441.8,C1000015,180575.06,168133.26,M9462694,0,0,0,2026-01-08T12:36:45.164372,
TXN-00004903,220,TRANSFER,133792.7,C1000060,63586.61,-70932.49,M6591598,0,0,1,2026-01-08T12:36:45.164409,night_transaction
TXN-00004904,204,PAYMENT,10430.53,C1000074,0.0,0.0,M8071787,0,0,0,2026-01-08T12:36:45.164479,
TXN-00004905,204,CASH_OUT,4571.11,C1000058,6643.57,2072.46,M1613358,0,0,0,2026-01-08T12:36:45.164540,
TXN-00004906,147,CASH_OUT,94644.4,C1000061,261756.16,167111.76,M3826602,0,0,1,2026-01-08T12:36:45.164574,night_transaction
TXN-00004907,458,CASH_OUT,37733.92,C1000014,320488.51,282754.59,M4191686,0,0,1,2026-01-08T12:36:45.164610,night_transaction
TXN-00004908,204,CASH_OUT,1514.21,C1000070,0.0,0.0,M7556341,0,0,0,2026-01-08T12:36:45.164674,
TXN-00004909,204,TRANSFER,17982.38,C1000093,0.0,0.0,M4395848,0,0,0,2026-01-08T12:36:45.164738,
TXN-00004910,204,TRANSFER,530.85,C1000072,1913.12,1382.27,M6651875,0,0,0,2026-01-08T12:36:45.164800,
TXN-00004911,204,TRANSFER,1854.05,C1000090,296616.63,294762.57,M3527450,0,0,0,2026-01-08T12:36:45.164865,
TXN-00004912,204,CASH_OUT,1025.26,C1000018,208696.99,207671.72,M9996912,0,0,0,2026-01-08T12:36:45.164928,
TXN-00004913,204,PAYMENT,3032.6,C1000097,102019.62,98987.02,M9504036,0,0,0,2026-01-08T12:36:45.164992,
TXN-00004914,204,TRANSFER,1382.07,C1000086,216676.98,215294.9,M3856883,0,0,0,2026-01-08T12:36:45.165055,
TXN-00004915,204,PAYMENT,10.0,C1000082,185698.22,185688.22,M2423543,0,0,0,2026-01-08T12:36:45.165119,
TXN-00004916,204,PAYMENT,5840.76,C1000052,72971.61,67130.85,M5055240,0,0,0,2026-01-08T12:36:45.165183,
TXN-00004917,204,PAYMENT,2159.85,C1000043,120677.96,118518.12,M1438485,0,0,0,2026-01-08T12:36:45.165248,
TXN-00004918,389,TRANSFER,143901.7,C1000044,88562.33,-50707.62,M5671006,0,0,1,2026-01-08T12:36:45.165282,night_transaction
TXN-00004919,204,TRANSFER,54130.43,C1000000,0.0,0.0,M2696446,0,0,0,2026-01-08T12:36:45.165354,
TXN-00004920,698,TRANSFER,121605.92,C1000080,83008.35,-36350.23,M6105744,0,0,1,2026-01-08T12:36:45.165389,night_transaction
TXN-00004921,204,PAYMENT,6865.48,C1000088,3337.29,0.0,M2567691,0,0,0,2026-01-08T12:36:45.165461,
TXN-00004922,3,TRANSFER,38343.17,C1000094,228210.61,187924.02,M9481752,0,0,1,2026-01-08T12:36:45.165494,night_transaction
TXN-00004923,204,PAYMENT,1603.4,C1000016,213450.71,211847.31,M9014779,0,0,0,2026-01-08T12:36:45.165564,
TXN-00004924,204,CASH_IN,2124.35,C1000090,294762.57,296886.92,M2339071,0,0,0,2026-01-08T12:36:45.165630,
TXN-00004925,204,CASH_OUT,407.4,C1000061,261756.16,261348.76,M6949179,0,0,0,2026-01-08T12:36:45.165695,
TXN-00004926,204,PAYMENT,5492.22,C1000047,33421.32,27929.09,M7306303,0,0,0,2026-01-08T12:36:45.165759,
TXN-00004927,204,PAYMENT,7575.39,C1000036,7798.24,222.86,M9206925,0,0,0,2026-01-08T12:36:45.165822,
TXN-00004928,204,DEBIT,3311.38,C1000072,1382.27,0.0,M6541532,0,0,0,2026-01-08T12:36:45.165887,
TXN-00004929,204,PAYMENT,25155.48,C1000095,0.0,0.0,M5617566,0,0,0,2026-01-08T12:36:45.165953,
TXN-00004930,204,PAYMENT,1174.84,C1000016,211847.31,210672.47,M2804031,0,0,0,2026-01-08T12:36:45.166017,
TXN-00004931,204,PAYMENT,10.0,C1000018,207671.72,207661.72,M1275175,0,0,0,2026-01-08T12:36:45.166082,
TXN-00004932,204,DEBIT,13575.42,C1000063,0.0,0.0,M9891563,0,0,0,2026-01-08T12:36:45.166186,
TXN-00004933,204,CASH_OUT,2029.86,C1000017,152101.41,150071.55,M2787235,0,0,0,2026-01-08T12:36:45.166260,
TXN-00004934,389,CASH_OUT,111507.26,C1000051,422571.79,311064.53,M4596904,0,0,1,2026-01-08T12:36:45.166296,night_transaction
TXN-00004935,204,TRANSFER,3047.45,C1000045,54841.33,51793.88,M2247584,0,0,0,2026-01-08T12:36:45.166393,
TXN-00004936,204,CASH_OUT,13014.05,C1000095,0.0,0.0,M8346351,0,0,0,2026-01-08T12:36:45.166460,
TXN-00004937,204,CASH_IN,4074.56,C1000062,0.0,4074.56,M2540777,0,0,0,2026-01-08T12:36:45.166523,
TXN-00004938,650,TRANSFER,16266.99,C1000086,215294.9,199027.91,M2865940,0,0,1,2026-01-08T12:36:45.166557,night_transaction
TXN-00004939,204,CASH_OUT,1654.1,C1000018,207661.72,206007.62,M4461865,0,0,0,2026-01-08T12:36:45.166623,
TXN-00004940,204,DEBIT,10.0,C1000080,83008.35,82998.35,M9883788,0,0,0,2026-01-08T12:36:45.166686,
TXN-00004941,204,CASH_OUT,1921.31,C1000017,150071.55,148150.25,M4305458,0,0,0,2026-01-08T12:36:45.166749,
TXN-00004942,725,TRANSFER,75067.81,C1000090,296886.92,226712.19,M5418342,0,0,1,2026-01-08T12:36:45.166786,night_transaction
TXN-00004943,204,PAYMENT,1558.95,C1000066,5910.21,4351.26,M8403922,0,0,0,2026-01-08T12:36:45.166851,
TXN-00004944,204,PAYMENT,5373.36,C1000033,192681.26,187307.9,M6550165,0,0,0,2026-01-08T12:36:45.166912,
TXN-00004945,29,CASH_OUT,140150.42,C1000083,241270.46,101120.04,M7571216,0,0,1,2026-01-08T12:36:45.166943,night_transaction
TXN-00004946,204,CASH_OUT,10414.03,C1000031,0.0,0.0,M8232556,0,0,0,2026-01-08T12:36:45.167011,
TXN-00004947,204,PAYMENT,7062.73,C1000059,157928.14,150865.41,M7426562,0,0,0,2026-01-08T12:36:45.167074,
TXN-00004948,204,DEBIT,34196.72,C1000073,0.0,0.0,M4842225,0,0,0,2026-01-08T12:36:45.167142,
TXN-00004949,204,CASH_OUT,1448.43,C1000090,296886.92,295438.49,M4158199,0,0,0,2026-01-08T12:36:45.167205,
TXN-00004950,506,CASH_OUT,62536.62,C1000088,0.0,0.0,M8954824,0,0,1,2026-01-08T12:36:45.167282,night_transaction
TXN-00004951,204,PAYMENT,10.0,C1000080,82998.35,82988.35,M2908336,0,0,0,2026-01-08T12:36:45.167390,
TXN-00004952,204,DEBIT,7508.59,C1000057,0.0,0.0,M8048606,0,0,0,2026-01-08T12:36:45.167478,
TXN-00004953,204,TRANSFER,2807.28,C1000043,118518.12,115710.83,M6240878,0,0,0,2026-01-08T12:36:45.167559,
TXN-00004954,603,CASH_OUT,24260.42,C1000025,83883.95,59623.53,M6310636,0,0,1,2026-01-08T12:36:45.167666,night_transaction
TXN-00004955,204,CASH_OUT,3992.02,C1000084,205447.29,201455.27,M5901292,0,0,0,2026-01-08T12:36:45.167775,
TXN-00004956,204,PAYMENT,5778.68,C1000003,25014.18,19235.5,M7181855,0,0,0,2026-01-08T12:36:45.167910,
TXN-00004957,204,TRANSFER,22789.63,C1000095,0.0,0.0,M2462126,0,0,0,2026-01-08T12:36:45.167999,
TXN-00004958,204,PAYMENT,2165.72,C1000089,225138.33,222972.61,M5493650,0,0,0,2026-01-08T12:36:45.168125,
TXN-00004959,28,CASH_OUT,57646.5,C1000019,0.0,0.0,M4007032,0,0,1,2026-01-08T12:36:45.168171,night_transaction
TXN-00004960,204,DEBIT,10.0,C1000034,89331.54,89321.54,M6473310,0,0,0,2026-01-08T12:36:45.168256,
TXN-00004961,204,CASH_IN,5910.49,C1000046,0.0,5910.49,M3049662,0,0,0,2026-01-08T12:36:45.168331,
TXN-00004962,204,TRANSFER,7770.39,C1000052,67130.85,59360.46,M7529246,0,0,0,2026-01-08T12:36:45.168430,
TXN-00004963,204,TRANSFER,39.21,C1000060,63586.61,63547.41,M5835850,0,0,0,2026-01-08T12:36:45.168531,
TXN-00004964,204,PAYMENT,22186.07,C1000024,0.0,0.0,M3006144,0,0,0,2026-01-08T12:36:45.168614,
TXN-00004965,101,TRANSFER,72573.39,C1000095,0.0,0.0,M2075524,0,0,1,2026-01-08T12:36:45.168654,night_transaction
TXN-00004966,204,PAYMENT,591.51,C1000023,63513.34,62921.83,M2683188,0,0,0,2026-01-08T12:36:45.168727,
TXN-00004967,204,TRANSFER,4649.73,C1000032,89224.61,84574.88,M5618829,0,0,0,2026-01-08T12:36:45.168834,
TXN-00004968,204,DEBIT,10.0,C1000033,187307.9,187297.9,M1567141,0,0,0,2026-01-08T12:36:45.168930,
TXN-00004969,204,PAYMENT,1543.11,C1000016,210672.47,209129.36,M4394945,0,0,0,2026-01-08T12:36:45.169004,
TXN-00004970,204,TRANSFER,2929.02,C1000098,283100.33,280171.31,M8483259,0,0,0,2026-01-08T12:36:45.169085,
TXN-00004971,204,DEBIT,7339.34,C1000011,0.0,0.0,M7673634,0,0,0,2026-01-08T12:36:45.169162,
TXN-00004972,204,PAYMENT,59814.38,C1000064,0.0,0.0,M7786959,0,0,0,2026-01-08T12:36:45.169230,
TXN-00004973,204,DEBIT,7564.46,C1000036,222.86,0.0,M7082756,0,0,0,2026-01-08T12:36:45.169308,
TXN-00004974,204,CASH_OUT,54155.83,C1000000,0.0,0.0,M3177766,0,0,0,2026-01-08T12:36:45.169376,
TXN-00004975,204,PAYMENT,2227.81,C1000096,356735.52,354507.71,M8383318,0,0,0,2026-01-08T12:36:45.169460,
TXN-00004976,204,TRANSFER,4877.55,C1000025,83883.95,79006.4,M5639381,0,0,0,2026-01-08T12:36:45.169597,
TXN-00004977,204,PAYMENT,10.0,C1000033,187297.9,187287.9,M6208723,0,0,0,2026-01-08T12:36:45.169666,
TXN-00004978,204,DEBIT,1993.99,C1000017,148150.25,146156.26,M8896006,0,0,0,2026-01-08T12:36:45.169776,
TXN-00004979,204,TRANSFER,571.31,C1000072,0.0,0.0,M7465796,0,0,0,2026-01-08T12:36:45.169836,
TXN-00004980,204,PAYMENT,764.62,C1000068,145409.46,144644.84,M2999537,0,0,0,2026-01-08T12:36:45.169922,
TXN-00004981,148,CASH_OUT,100230.16,C1000005,0.0,0.0,M4521730,0,0,1,2026-01-08T12:36:45.169968,night_transaction
TXN-00004982,204,PAYMENT,5772.22,C1000059,150865.41,145093.18,M2058297,0,0,0,2026-01-08T12:36:45.170088,
TXN-00004983,204,PAYMENT,4620.03,C1000030,83892.53,79272.5,M1659391,0,0,0,2026-01-08T12:36:45.170167,
TXN-00004984,204,TRANSFER,1572.02,C1000089,222972.61,221400.59,M6081081,0,0,0,2026-01-08T12:36:45.170246,
TXN-00004985,204,PAYMENT,1563.4,C1000041,302803.47,301240.07,M3976929,0,0,0,2026-01-08T12:36:45.170319,
TXN-00004986,204,PAYMENT,2475.83,C1000022,52016.04,49540.21,M6221589,0,0,0,2026-01-08T12:36:45.170398,
TXN-00004987,204,CASH_OUT,17659.87,C1000024,0.0,0.0,M2443659,0,0,0,2026-01-08T12:36:45.170469,
TXN-00004988,204,PAYMENT,5736.15,C1000003,19235.5,13499.35,M7110839,0,0,0,2026-01-08T12:36:45.170543,
TXN-00004989,293,CASH_OUT,46342.52,C1000012,0.0,0.0,M5332437,0,0,1,2026-01-08T12:36:45.170604,night_transaction
TXN-00004990,204,PAYMENT,1680.42,C1000085,0.0,0.0,M4143175,0,0,0,2026-01-08T12:36:45.170681,
TXN-00004991,204,PAYMENT,320.64,C1000041,301240.07,300919.43,M8258688,0,0,0,2026-01-08T12:36:45.170961,
TXN-00004992,506,CASH_OUT,158967.77,C1000049,107938.58,0.0,M7184627,0,0,1,2026-01-08T12:36:45.171122,night_transaction
TXN-00004993,204,PAYMENT,3310.47,C1000087,329073.62,325763.15,M4631771,0,0,0,2026-01-08T12:36:45.171474,
TXN-00004994,204,TRANSFER,18822.34,C1000079,0.0,0.0,M8931560,0,0,0,2026-01-08T12:36:45.171611,
TXN-00004995,204,PAYMENT,4986.77,C1000065,0.0,0.0,M6858566,0,0,0,2026-01-08T12:36:45.171682,
TXN-00004996,204,DEBIT,2205.32,C1000038,0.0,0.0,M7201069,0,0,0,2026-01-08T12:36:45.171849,
TXN-00004997,204,CASH_OUT,3020.79,C1000043,115710.83,112690.05,M3471322,0,0,0,2026-01-08T12:36:45.171908,
TXN-00004998,204,PAYMENT,4721.9,C1000002,339183.37,334461.47,M9674106,0,0,0,2026-01-08T12:36:45.171962,
TXN-00004999,204,CASH_OUT,1746.35,C1000070,0.0,0.0,M4367579,0,0,0,2026-01-08T12:36:45.172014,
TXN-00005000,204,TRANSFER,9840.58,C1000013,0.0,0.0,M1283562,0,0,0,2026-01-08T12:36:45.172065,
TXN-00005001,204,DEBIT,1727.75,C1000086,215294.9,213567.15,M4482845,0,0,0,2026-01-08T12:36:45.172117,
TXN-00005002,204,CASH_OUT,19961.41,C1000095,0.0,0.0,M8320653,0,0,0,2026-01-08T12:36:45.172175,
TXN-00005003,204,CASH_OUT,1525.34,C1000085,0.0,0.0,M2182106,0,0,0,2026-01-08T12:36:45.172226,
TXN-00005004,204,PAYMENT,17876.77,C1000093,0.0,0.0,M8903420,0,0,0,2026-01-08T12:36:45.172277,
TXN-00005005,204,PAYMENT,54740.51,C1000000,0.0,0.0,M5502416,0,0,0,2026-01-08T12:36:45.172328,
TXN-00005006,204,CASH_OUT,7202.67,C1000036,0.0,0.0,M3520396,0,0,0,2026-01-08T12:36:45.172379,
TXN-00005007,204,TRANSFER,6791.96,C1000046,5910.49,0.0,M5984169,0,0,0,2026-01-08T12:36:45.172430,
TXN-00005008,204,PAYMENT,5890.51,C1000058,2072.46,0.0,M4717404,0,0,0,2026-01-08T12:36:45.172481,
TXN-00005009,204,DEBIT,274.83,C1000081,115255.58,114980.75,M1414518,0,0,0,2026-01-08T12:36:45.172532,
TXN-00005010,204,PAYMENT,10.0,C1000034,89321.54,89311.54,M3254086,0,0,0,2026-01-08T12:36:45.172584,
TXN-00005011,204,CASH_IN,4847.86,C1000032,84574.88,89422.75,M5029542,0,0,0,2026-01-08T12:36:45.172634,
TXN-00005012,204,TRANSFER,5952.27,C1000096,354507.71,348555.44,M5735390,0,0,0,2026-01-08T12:36:45.172686,
TXN-00005013,204,PAYMENT,10.0,C1000075,465204.24,465194.24,M3681501,0,0,0,2026-01-08T12:36:45.172738,
TXN-00005014,204,PAYMENT,4694.78,C1000052,59360.46,54665.68,M9634863,0,0,0,2026-01-08T12:36:45.172789,
TXN-00005015,204,PAYMENT,4899.19,C1000025,79006.4,74107.2,M6506921,0,0,0,2026-01-08T12:36:45.172841,
TXN-00005016,204,PAYMENT,6517.14,C1000046,0.0,0.0,M7155534,0,0,0,2026-01-08T12:36:45.172892,
TXN-00005017,204,PAYMENT,18303.11,C1000076,0.0,0.0,M6799183,0,0,0,2026-01-08T12:36:45.172971,
TXN-00005018,204,PAYMENT,16367.53,C1000074,0.0,0.0,M7612023,0,0,0,2026-01-08T12:36:45.173012,
TXN-00005019,204,PAYMENT,22098.25,C1000024,0.0,0.0,M7870987,0,0,0,2026-01-08T12:36:45.173049,
TXN-00005020,204,PAYMENT,36183.32,C1000067,0.0,0.0,M1316445,0,0,0,2026-01-08T12:36:45.173086,
TXN-00005021,204,PAYMENT,2470.11,C1000021,0.0,0.0,M7163383,0,0,0,2026-01-08T12:36:45.173124,
TXN-00005022,204,CASH_IN,2747.59,C1000068,144644.84,147392.43,M4540904,0,0,0,2026-01-08T12:36:45.173160,
TXN-00005023,204,PAYMENT,2669.67,C1000057,0.0,0.0,M4310321,0,0,0,2026-01-08T12:36:45.173197,
TXN-00005024,204,PAYMENT,38532.23,C1000012,0.0,0.0,M3409794,0,0,0,2026-01-08T12:36:45.173234,
TXN-00005025,204,PAYMENT,3158.05,C1000096,348555.44,345397.39,M3323159,0,0,0,2026-01-08T12:36:45.173271,
TXN-00005026,204,PAYMENT,34377.93,C1000073,0.0,0.0,M3391254,0,0,0,2026-01-08T12:36:45.173309,
TXN-00005027,204,TRANSFER,382.4,C1000060,63547.41,63165.01,M3997425,0,0,0,2026-01-08T12:36:45.173346,
TXN-00005028,204,CASH_OUT,4380.6,C1000027,0.0,0.0,M7021551,0,0,0,2026-01-08T12:36:45.173384,
TXN-00005029,204,TRANSFER,4846.05,C1000074,0.0,0.0,M4384013,0,0,0,2026-01-08T12:36:45.173421,
TXN-00005030,204,PAYMENT,4459.88,C1000030,79272.5,74812.62,M8448106,0,0,0,2026-01-08T12:36:45.173457,
TXN-00005031,204,TRANSFER,2155.71,C1000069,150029.14,147873.43,M2249487,0,0,0,2026-01-08T12:36:45.173494,
TXN-00005032,204,TRANSFER,2312.25,C1000096,345397.39,343085.14,M9941796,0,0,0,2026-01-08T12:36:45.173531,
TXN-00005033,204,TRANSFER,13492.12,C1000063,0.0,0.0,M3404020,0,0,0,2026-01-08T12:36:45.173568,
TXN-00005034,204,CASH_OUT,17374.86,C1000076,0.0,0.0,M4347383,0,0,0,2026-01-08T12:36:45.173604,
TXN-00005035,204,TRANSFER,1527.19,C1000044,88562.33,87035.14,M5734673,0,0,0,2026-01-08T12:36:45.173641,
TXN-00005036,204,CASH_OUT,15716.82,C1000095,0.0,0.0,M7488734,0,0,0,2026-01-08T12:36:45.173738,
TXN-00005037,204,DEBIT,9203.45,C1000031,0.0,0.0,M9774776,0,0,0,2026-01-08T12:36:45.173795,
TXN-00005038,204,CASH_OUT,4717.83,C1000003,13499.35,8781.52,M4976295,0,0,0,2026-01-08T12:36:45.173849,
TXN-00005039,204,PAYMENT,54481.32,C1000000,0.0,0.0,M5379933,0,0,0,2026-01-08T12:36:45.173904,
TXN-00005040,204,PAYMENT,8240.95,C1000013,0.0,0.0,M2209505,0,0,0,2026-01-08T12:36:45.173958,
TXN-00005041,266,CASH_OUT,90083.02,C1000074,0.0,0.0,M2560236,0,0,1,2026-01-08T12:36:45.173990,night_transaction
TXN-00005042,363,CASH_OUT,99735.8,C1000080,82988.35,0.0,M5872940,0,0,1,2026-01-08T12:36:45.174017,night_transaction
TXN-00005043,204,PAYMENT,5128.23,C1000032,89422.75,84294.51,M7733264,0,0,0,2026-01-08T12:36:45.174076,
TXN-00005044,204,TRANSFER,17637.91,C1000076,0.0,0.0,M7410196,0,0,0,2026-01-08T12:36:45.174137,
TXN-00005045,204,TRANSFER,10.0,C1000078,0.0,0.0,M9951131,0,0,0,2026-01-08T12:36:45.174199,
TXN-00005046,204,PAYMENT,2327.33,C1000008,270417.76,268090.43,M9454486,0,0,0,2026-01-08T12:36:45.174258,
TXN-00005047,204,CASH_OUT,4491.9,C1000065,0.0,0.0,M6300748,0,0,0,2026-01-08T12:36:45.174349,
TXN-00005048,204,TRANSFER,809.47,C1000094,228210.61,227401.14,M9914706,0,0,0,2026-01-08T12:36:45.174419,
TXN-00005049,204,PAYMENT,3355.9,C1000049,107938.58,104582.68,M4642257,0,0,0,2026-01-08T12:36:45.174467,
TXN-00005050,204,PAYMENT,36914.38,C1000067,0.0,0.0,M6614729,0,0,0,2026-01-08T12:36:45.174508,
TXN-00005051,196,CASH_OUT,127972.93,C1000025,74107.2,0.0,M4096427,0,0,1,2026-01-08T12:36:45.174529,night_transaction
TXN-00005052,204,DEBIT,1857.07,C1000090,295438.49,293581.42,M9676476,0,0,0,2026-01-08T12:36:45.174568,
TXN-00005053,204,DEBIT,19495.99,C1000024,0.0,0.0,M8074236,0,0,0,2026-01-08T12:36:45.174606,
TXN-00005054,204,PAYMENT,10.0,C1000002,334461.47,334451.47,M2653289,0,0,0,2026-01-08T12:36:45.174644,
TXN-00005055,204,CASH_IN,2197.59,C1000068,147392.43,149590.02,M2814877,0,0,0,2026-01-08T12:36:45.174682,
TXN-00005056,204,CASH_IN,2963.58,C1000082,185688.22,188651.79,M9183870,0,0,0,2026-01-08T12:36:45.174720,
TXN-00005057,204,TRANSFER,2971.81,C1000089,221400.59,218428.78,M2552146,0,0,0,2026-01-08T12:36:45.174758,
TXN-00005058,204,TRANSFER,4543.2,C1000098,280171.31,275628.11,M3164276,0,0,0,2026-01-08T12:36:45.174796,
TXN-00005059,204,CASH_OUT,5459.04,C1000003,8781.52,3322.48,M9922709,0,0,0,2026-01-08T12:36:45.174833,
TXN-00005060,204,CASH_OUT,5164.65,C1000091,0.0,0.0,M3849724,0,0,0,2026-01-08T12:36:45.174871,
TXN-00005061,204,TRANSFER,33283.55,C1000067,0.0,0.0,M5761014,0,0,0,2026-01-08T12:36:45.174908,
TXN-00005062,204,PAYMENT,4920.32,C1000032,84294.51,79374.19,M6780690,0,0,0,2026-01-08T12:36:45.174945,
TXN-00005063,578,TRANSFER,86266.47,C1000028,15728.32,0.0,M5432372,0,0,1,2026-01-08T12:36:45.174981,night_transaction
TXN-00005064,204,CASH_IN,3996.59,C1000027,0.0,3996.59,M1471507,0,0,0,2026-01-08T12:36:45.175043,
TXN-00005065,204,CASH_OUT,20910.06,C1000035,0.0,0.0,M8829210,0,0,0,2026-01-08T12:36:45.175098,
TXN-00005066,204,PAYMENT,11526.51,C1000015,168133.26,156606.74,M6104299,0,0,0,2026-01-08T12:36:45.175153,
TXN-00005067,204,TRANSFER,966.1,C1000077,123958.49,122992.39,M7681553,0,0,0,2026-01-08T12:36:45.175211,
TXN-00005068,204,TRANSFER,5167.74,C1000003,3322.48,0.0,M3928479,0,0,0,2026-01-08T12:36:45.175271,
TXN-00005069,204,CASH_OUT,1249.2,C1000077,122992.39,121743.19,M3786157,0,0,0,2026-01-08T12:36:45.175333,
TXN-00005070,204,CASH_OUT,2018.72,C1000084,201455.27,199436.55,M8962497,0,0,0,2026-01-08T12:36:45.175713,
TXN-00005071,204,CASH_OUT,1082.86,C1000061,261348.76,260265.9,M8538572,0,0,0,2026-01-08T12:36:45.175987,
TXN-00005072,204,PAYMENT,2708.56,C1000038,0.0,0.0,M8398502,0,0,0,2026-01-08T12:36:45.176073,
TXN-00005073,204,TRANSFER,7711.97,C1000099,139320.49,131608.53,M7942191,0,0,0,2026-01-08T12:36:45.176138,
TXN-00005074,204,PAYMENT,1931.1,C1000023,62921.83,60990.72,M2574941,0,0,0,2026-01-08T12:36:45.176203,
TXN-00005075,204,PAYMENT,36021.99,C1000073,0.0,0.0,M6551712,0,0,0,2026-01-08T12:36:45.176267,
TXN-00005076,204,PAYMENT,10.0,C1000057,0.0,0.0,M6590055,0,0,0,2026-01-08T12:36:45.176330,
TXN-00005077,204,DEBIT,458.17,C1000009,137898.48,137440.31,M5098841,0,0,0,2026-01-08T12:36:45.176392,
TXN-00005078,204,CASH_OUT,13098.51,C1000005,0.0,0.0,M2167189,0,0,0,2026-01-08T12:36:45.176455,
TXN-00005079,204,CASH_OUT,20899.24,C1000024,0.0,0.0,M8234641,0,0,0,2026-01-08T12:36:45.176516,
TXN-00005080,204,CASH_OUT,1238.31,C1000020,401735.24,400496.93,M8675261,0,0,0,2026-01-08T12:36:45.176578,
TXN-00005081,204,TRANSFER,4915.8,C1000003,0.0,0.0,M3640976,0,0,0,2026-01-08T12:36:45.176646,
TXN-00005082,204,PAYMENT,32511.58,C1000067,0.0,0.0,M7099914,0,0,0,2026-01-08T12:36:45.176718,
TXN-00005083,204,TRANSFER,332.7,C1000075,465194.24,464861.53,M3197518,0,0,0,2026-01-08T12:36:45.176800,
TXN-00005084,204,DEBIT,6742.7,C1000088,0.0,0.0,M5432638,0,0,0,2026-01-08T12:36:45.177142,
TXN-00005085,204,CASH_OUT,2902.16,C1000045,51793.88,48891.72,M2611293,0,0,0,2026-01-08T12:36:45.177265,
TXN-00005086,204,TRANSFER,1217.95,C1000069,147873.43,146655.48,M6915745,0,0,0,2026-01-08T12:36:45.177359,
TXN-00005087,204,CASH_OUT,4134.15,C1000049,104582.68,100448.53,M6187493,0,0,0,2026-01-08T12:36:45.177436,
TXN-00005088,365,TRANSFER,86441.86,C1000082,188651.79,102209.93,M6459866,0,0,1,2026-01-08T12:36:45.177618,night_transaction
TXN-00005089,204,PAYMENT,3558.74,C1000096,343085.14,339526.4,M1074063,0,0,0,2026-01-08T12:36:45.177970,
TXN-00005090,204,PAYMENT,35750.13,C1000073,0.0,0.0,M3681527,0,0,0,2026-01-08T12:36:45.178360,
TXN-00005091,204,CASH_OUT,10.0,C1000061,260265.9,260255.9,M7741842,0,0,0,2026-01-08T12:36:45.178525,
TXN-00005092,204,PAYMENT,3152.96,C1000089,218428.78,215275.82,M6641994,0,0,0,2026-01-08T12:36:45.178635,
TXN-00005093,148,CASH_OUT,20125.67,C1000011,0.0,0.0,M1298765,0,0,1,2026-01-08T12:36:45.178685,night_transaction
TXN-00005094,204,TRANSFER,3562.28,C1000062,4074.56,512.28,M4826621,0,0,0,2026-01-08T12:36:45.178778,
TXN-00005095,204,CASH_IN,1156.27,C1000072,0.0,1156.27,M9436171,0,0,0,2026-01-08T12:36:45.178864,
TXN-00005096,204,TRANSFER,10.0,C1000061,260255.9,260245.9,M1461318,0,0,0,2026-01-08T12:36:45.178950,
TXN-00005097,204,PAYMENT,1786.57,C1000072,1156.27,0.0,M3610938,0,0,0,2026-01-08T12:36:45.179028,
TXN-00005098,204,CASH_OUT,1577.48,C1000023,60990.72,59413.25,M6212045,0,0,0,2026-01-08T12:36:45.179119,
TXN-00005099,701,CASH_OUT,155698.98,C1000059,145093.18,0.0,M9696631,0,0,1,2026-01-08T12:36:45.179169,night_transaction
TXN-00005100,204,PAYMENT,1312.41,C1000094,227401.14,226088.73,M2342688,0,0,0,2026-01-08T12:36:45.179259,
TXN-00005101,204,CASH_OUT,1317.5,C1000075,464861.53,463544.04,M5911894,0,0,0,2026-01-08T12:36:45.179363,
TXN-00005102,204,PAYMENT,5409.96,C1000059,145093.18,139683.22,M7472433,0,0,0,2026-01-08T12:36:45.179634,
TXN-00005103,204,PAYMENT,4512.98,C1000091,0.0,0.0,M4477464,0,0,0,2026-01-08T12:36:45.179959,
TXN-00005104,204,TRANSFER,10.0,C1000071,219282.16,219272.16,M5522106,0,0,0,2026-01-08T12:36:45.180244,
TXN-00005105,204,PAYMENT,5709.45,C1000091,0.0,0.0,M1800174,0,0,0,2026-01-08T12:36:45.180329,
TXN-00005106,204,TRANSFER,3114.61,C1000098,275628.11,272513.51,M7978343,0,0,0,2026-01-08T12:36:45.180408,
TXN-00005107,204,PAYMENT,1184.41,C1000077,121743.19,120558.78,M3668617,0,0,0,2026-01-08T12:36:45.180477,
TXN-00005108,194,CASH_OUT,190043.87,C1000079,0.0,0.0,M4736731,0,0,1,2026-01-08T12:36:45.180514,night_transaction
TXN-00005109,204,TRANSFER,1850.56,C1000021,0.0,0.0,M7143228,0,0,0,2026-01-08T12:36:45.180580,
TXN-00005110,204,PAYMENT,172753.79,C1000050,0.0,0.0,M7052733,0,0,0,2026-01-08T12:36:45.180644,
TXN-00005111,204,TRANSFER,4175.99,C1000065,0.0,0.0,M5450808,0,0,0,2026-01-08T12:36:45.180706,
TXN-00005112,204,TRANSFER,39101.11,C1000012,0.0,0.0,M2416570,0,0,0,2026-01-08T12:36:45.180767,
TXN-00005113,204,PAYMENT,173480.22,C1000050,0.0,0.0,M9267306,0,0,0,2026-01-08T12:36:45.180825,
TXN-00005114,204,CASH_OUT,4270.69,C1000062,512.28,0.0,M9814141,0,0,0,2026-01-08T12:36:45.180890,
TXN-00005115,204,PAYMENT,10190.5,C1000092,35813.21,25622.71,M8600675,0,0,0,2026-01-08T12:36:45.180956,
TXN-00005116,724,CASH_OUT,113815.34,C1000090,293581.42,179766.08,M2771452,0,0,1,2026-01-08T12:36:45.180991,night_transaction
TXN-00005117,204,DEBIT,172803.16,C1000050,0.0,0.0,M3154506,0,0,0,2026-01-08T12:36:45.181057,
TXN-00005118,204,CASH_OUT,5898.31,C1000074,0.0,0.0,M9584622,0,0,0,2026-01-08T12:36:45.181118,
TXN-00005119,204,PAYMENT,1585.54,C1000026,259994.72,258409.17,M4302348,0,0,0,2026-01-08T12:36:45.181178,
TXN-00005120,204,TRANSFER,2124.12,C1000017,146156.26,144032.14,M7461139,0,0,0,2026-01-08T12:36:45.181239,
TXN-00005121,204,CASH_IN,5269.61,C1000032,79374.19,84643.8,M6257891,0,0,0,2026-01-08T12:36:45.181302,
TXN-00005122,204,TRANSFER,10.0,C1000061,260245.9,260235.9,M8744798,0,0,0,2026-01-08T12:36:45.181364,
TXN-00005123,204,CASH_OUT,5171.38,C1000059,139683.22,134511.84,M3492839,0,0,0,2026-01-08T12:36:45.181423,
TXN-00005124,204,TRANSFER,10.0,C1000081,114980.75,114970.75,M7308528,0,0,0,2026-01-08T12:36:45.181480,
TXN-00005125,204,TRANSFER,34813.97,C1000073,0.0,0.0,M3289768,0,0,0,2026-01-08T12:36:45.181536,
TXN-00005126,204,CASH_OUT,4932.57,C1000025,74107.2,69174.63,M9192482,0,0,0,2026-01-08T12:36:45.181590,
TXN-00005127,204,PAYMENT,4420.35,C1000027,3996.59,0.0,M9476153,0,0,0,2026-01-08T12:36:45.181645,
TXN-00005128,204,CASH_OUT,10.0,C1000014,320488.51,320478.51,M2009472,0,0,0,2026-01-08T12:36:45.181698,
TXN-00005129,204,CASH_OUT,11884.75,C1000033,187287.9,175403.15,M7680470,0,0,0,2026-01-08T12:36:45.181753,
TXN-00005130,204,CASH_OUT,10.0,C1000055,221550.95,221540.95,M1160147,0,0,0,2026-01-08T12:36:45.181835,
TXN-00005131,204,PAYMENT,1753.35,C1000038,0.0,0.0,M2828257,0,0,0,2026-01-08T12:36:45.181915,
TXN-00005132,338,TRANSFER,33285.51,C1000080,82988.35,49702.84,M8600401,0,0,1,2026-01-08T12:36:45.181968,night_transaction
TXN-00005133,204,CASH_OUT,10.0,C1000021,0.0,0.0,M1336390,0,0,0,2026-01-08T12:36:45.182053,
TXN-00005134,204,CASH_IN,2571.15,C1000044,87035.14,89606.29,M9745010,0,0,0,2026-01-08T12:36:45.182120,
TXN-00005135,204,PAYMENT,2384.06,C1000091,0.0,0.0,M9993086,0,0,0,2026-01-08T12:36:45.182224,
TXN-00005136,51,TRANSFER,30058.34,C1000035,0.0,0.0,M8108522,0,0,1,2026-01-08T12:36:45.182260,night_transaction
TXN-00005137,204,TRANSFER,5509.6,C1000046,0.0,0.0,M2554620,0,0,0,2026-01-08T12:36:45.182369,
TXN-00005138,204,CASH_OUT,10.0,C1000023,59413.25,59403.25,M5650308,0,0,0,2026-01-08T12:36:45.182447,
TXN-00005139,204,DEBIT,861.2,C1000075,463544.04,462682.84,M9984155,0,0,0,2026-01-08T12:36:45.182524,
TXN-00005140,204,CASH_OUT,6611.87,C1000052,54665.68,48053.81,M2038649,0,0,0,2026-01-08T12:36:45.182594,
TXN-00005141,204,PAYMENT,1217.14,C1000021,0.0,0.0,M3114515,0,0,0,2026-01-08T12:36:45.182660,
TXN-00005142,204,CASH_OUT,856.71,C1000094,226088.73,225232.02,M8398572,0,0,0,2026-01-08T12:36:45.182724,
TXN-00005143,204,TRANSFER,3959.66,C1000025,69174.63,65214.97,M6087310,0,0,0,2026-01-08T12:36:45.182789,
TXN-00005144,204,DEBIT,54321.89,C1000000,0.0,0.0,M6012763,0,0,0,2026-01-08T12:36:45.182851,
TXN-00005145,204,PAYMENT,40219.28,C1000012,0.0,0.0,M6168738,0,0,0,2026-01-08T12:36:45.182913,
TXN-00005146,204,PAYMENT,4425.23,C1000010,0.0,0.0,M9655465,0,0,0,2026-01-08T12:36:45.182975,
TXN-00005147,204,TRANSFER,4522.42,C1000059,134511.84,129989.43,M7904934,0,0,0,2026-01-08T12:36:45.183035,
TXN-00005148,204,TRANSFER,375.92,C1000072,0.0,0.0,M8353438,0,0,0,2026-01-08T12:36:45.183096,
TXN-00005149,204,PAYMENT,663.36,C1000047,27929.09,27265.74,M8142841,0,0,0,2026-01-08T12:36:45.183156,
TXN-00005150,724,CASH_OUT,69446.76,C1000084,199436.55,129989.79,M1029826,0,0,1,2026-01-08T12:36:45.183190,night_transaction
TXN-00005151,388,CASH_OUT,181294.21,C1000070,0.0,0.0,M8926061,0,0,1,2026-01-08T12:36:45.183220,night_transaction
TXN-00005152,204,CASH_OUT,3043.29,C1000097,98987.02,95943.73,M8276387,0,0,0,2026-01-08T12:36:45.183283,
TXN-00005153,204,CASH_OUT,10.0,C1000041,300919.43,300909.43,M7558912,0,0,0,2026-01-08T12:36:45.183343,
TXN-00005154,204,PAYMENT,26135.93,C1000056,0.0,0.0,M7562710,0,0,0,2026-01-08T12:36:45.183399,
TXN-00005155,204,PAYMENT,20938.27,C1000064,0.0,0.0,M7104765,0,0,0,2026-01-08T12:36:45.183454,
TXN-00005156,204,CASH_OUT,17647.58,C1000093,0.0,0.0,M7463174,0,0,0,2026-01-08T12:36:45.183507,
TXN-00005157,204,TRANSFER,3447.59,C1000049,100448.53,97000.94,M3825175,0,0,0,2026-01-08T12:36:45.183561,
TXN-00005158,204,TRANSFER,13732.06,C1000063,0.0,0.0,M2471851,0,0,0,2026-01-08T12:36:45.183616,
TXN-00005159,204,DEBIT,10.0,C1000034,89311.54,89301.54,M9900388,0,0,0,2026-01-08T12:36:45.183670,
TXN-00005160,204,CASH_IN,1672.73,C1000072,0.0,1672.73,M1419046,0,0,0,2026-01-08T12:36:45.183726,
TXN-00005161,603,CASH_OUT,64162.73,C1000099,131608.53,67445.8,M4527620,0,0,1,2026-01-08T12:36:45.183755,night_transaction
TXN-00005162,725,TRANSFER,33877.95,C1000073,0.0,0.0,M9799553,0,0,1,2026-01-08T12:36:45.183787,night_transaction
TXN-00005163,172,CASH_OUT,13257.62,C1000073,0.0,0.0,M4320809,0,0,1,2026-01-08T12:36:45.183814,night_transaction
TXN-00005164,204,TRANSFER,152.0,C1000055,221540.95,221388.95,M1986537,0,0,0,2026-01-08T12:36:45.183878,
TXN-00005165,204,TRANSFER,5356.0,C1000052,48053.81,42697.81,M8562378,0,0,0,2026-01-08T12:36:45.183944,
TXN-00005166,204,CASH_IN,5372.24,C1000096,339526.4,344898.65,M9295217,0,0,0,2026-01-08T12:36:45.184006,
TXN-00005167,204,PAYMENT,15645.62,C1000079,0.0,0.0,M8870922,0,0,0,2026-01-08T12:36:45.184069,
TXN-00005168,204,TRANSFER,2943.62,C1000080,82988.35,80044.73,M1025630,0,0,0,2026-01-08T12:36:45.184129,
TXN-00005169,204,CASH_OUT,5682.14,C1000059,129989.43,124307.28,M7926864,0,0,0,2026-01-08T12:36:45.184189,
TXN-00005170,204,CASH_OUT,310.45,C1000016,209129.36,208818.92,M7611821,0,0,0,2026-01-08T12:36:45.184250,
TXN-00005171,204,PAYMENT,2159.34,C1000030,74812.62,72653.28,M2770134,0,0,0,2026-01-08T12:36:45.184312,
TXN-00005172,204,CASH_IN,726.11,C1000018,206007.62,206733.72,M5607651,0,0,0,2026-01-08T12:36:45.184374,
TXN-00005173,204,CASH_OUT,8245.52,C1000051,422571.79,414326.27,M3471248,0,0,0,2026-01-08T12:36:45.184435,
TXN-00005174,204,TRANSFER,1832.92,C1000070,0.0,0.0,M9591040,0,0,0,2026-01-08T12:36:45.184498,
TXN-00005175,204,CASH_OUT,15424.13,C1000033,175403.15,159979.03,M3504968,0,0,0,2026-01-08T12:36:45.184559,
TXN-00005176,204,TRANSFER,497.16,C1000029,627.44,130.28,M1401342,0,0,0,2026-01-08T12:36:45.184620,
TXN-00005177,204,PAYMENT,5279.03,C1000051,414326.27,409047.24,M7254291,0,0,0,2026-01-08T12:36:45.184679,
TXN-00005178,204,CASH_OUT,53934.74,C1000000,0.0,0.0,M6057256,0,0,0,2026-01-08T12:36:45.184741,
TXN-00005179,204,PAYMENT,9775.38,C1000091,0.0,0.0,M5865651,0,0,0,2026-01-08T12:36:45.184798,
TXN-00005180,204,PAYMENT,10.0,C1000023,59403.25,59393.25,M8838196,0,0,0,2026-01-08T12:36:45.184853,
TXN-00005181,204,TRANSFER,10911.2,C1000031,0.0,0.0,M4342655,0,0,0,2026-01-08T12:36:45.184907,
TXN-00005182,388,CASH_OUT,29786.97,C1000004,237019.73,207232.76,M1741258,0,0,1,2026-01-08T12:36:45.184936,night_transaction
TXN-00005183,204,TRANSFER,10035.59,C1000051,409047.24,399011.65,M3875524,0,0,0,2026-01-08T12:36:45.184991,
TXN-00005184,204,TRANSFER,800.28,C1000068,149590.02,148789.74,M7263922,0,0,0,2026-01-08T12:36:45.185045,
TXN-00005185,204,PAYMENT,33653.25,C1000073,0.0,0.0,M3972961,0,0,0,2026-01-08T12:36:45.185102,
TXN-00005186,204,PAYMENT,1685.5,C1000041,300909.43,299223.93,M2260444,0,0,0,2026-01-08T12:36:45.185158,
TXN-00005187,101,CASH_OUT,100384.76,C1000022,49540.21,0.0,M9972094,0,0,1,2026-01-08T12:36:45.185188,night_transaction
TXN-00005188,204,TRANSFER,690.56,C1000001,116581.67,115891.11,M6288433,0,0,0,2026-01-08T12:36:45.185251,
TXN-00005189,204,PAYMENT,18956.87,C1000079,0.0,0.0,M2615127,0,0,0,2026-01-08T12:36:45.185313,
TXN-00005190,204,CASH_OUT,173164.74,C1000050,0.0,0.0,M2895561,0,0,0,2026-01-08T12:36:45.185375,
TXN-00005191,204,PAYMENT,18542.43,C1000035,0.0,0.0,M1068700,0,0,0,2026-01-08T12:36:45.185434,
TXN-00005192,204,TRANSFER,10215.55,C1000092,25622.71,15407.16,M5275567,0,0,0,2026-01-08T12:36:45.185493,
TXN-00005193,204,PAYMENT,10.0,C1000051,399011.65,399001.65,M6873860,0,0,0,2026-01-08T12:36:45.185558,
TXN-00005194,27,CASH_OUT,33328.24,C1000063,0.0,0.0,M2788808,0,0,1,2026-01-08T12:36:45.185601,night_transaction
TXN-00005195,204,TRANSFER,1842.4,C1000017,144032.14,142189.74,M8278401,0,0,0,2026-01-08T12:36:45.185665,
TXN-00005196,204,PAYMENT,2769.43,C1000082,188651.79,185882.36,M6622290,0,0,0,2026-01-08T12:36:45.185723,
TXN-00005197,204,PAYMENT,4318.02,C1000065,0.0,0.0,M1678970,0,0,0,2026-01-08T12:36:45.185778,
TXN-00005198,204,CASH_OUT,2017.01,C1000018,206733.72,204716.71,M4336010,0,0,0,2026-01-08T12:36:45.185830,
TXN-00005199,204,CASH_OUT,10.0,C1000029,130.28,120.28,M6084486,0,0,0,2026-01-08T12:36:45.185884,
TXN-00005200,413,CASH_OUT,174115.55,C1000030,72653.28,0.0,M9159480,0,0,1,2026-01-08T12:36:45.185911,night_transaction
TXN-00005201,204,PAYMENT,18249.59,C1000093,0.0,0.0,M7699124,0,0,0,2026-01-08T12:36:45.185962,
TXN-00005202,204,PAYMENT,1725.72,C1000016,208818.92,207093.2,M6845596,0,0,0,2026-01-08T12:36:45.186012,
TXN-00005203,651,CASH_OUT,198904.42,C1000019,0.0,0.0,M9701678,0,0,1,2026-01-08T12:36:45.186038,night_transaction
TXN-00005204,204,DEBIT,10.0,C1000060,63165.01,63155.01,M5964861,0,0,0,2026-01-08T12:36:45.186148,
TXN-00005205,204,PAYMENT,1204.94,C1000022,49540.21,48335.27,M4339859,0,0,0,2026-01-08T12:36:45.186249,
TXN-00005206,2,TRANSFER,45417.37,C1000082,185882.36,140464.99,M2415407,0,0,1,2026-01-08T12:36:45.186290,night_transaction
TXN-00005207,204,TRANSFER,1794.65,C1000016,207093.2,205298.54,M1111225,0,0,0,2026-01-08T12:36:45.186366,
TXN-00005208,204,CASH_OUT,10.0,C1000042,0.0,0.0,M7808109,0,0,0,2026-01-08T12:36:45.186438,
TXN-00005209,204,PAYMENT,146.31,C1000072,1672.73,1526.42,M4593084,0,0,0,2026-01-08T12:36:45.186502,
TXN-00005210,204,CASH_OUT,7652.45,C1000011,0.0,0.0,M4222315,0,0,0,2026-01-08T12:36:45.186565,
TXN-00005211,204,TRANSFER,595.85,C1000066,4351.26,3755.41,M2071403,0,0,0,2026-01-08T12:36:45.186625,
TXN-00005212,204,DEBIT,6735.91,C1000011,0.0,0.0,M9024452,0,0,0,2026-01-08T12:36:45.186688,
TXN-00005213,204,CASH_OUT,5821.44,C1000003,0.0,0.0,M1236587,0,0,0,2026-01-08T12:36:45.186748,
TXN-00005214,204,PAYMENT,4624.04,C1000074,0.0,0.0,M3074368,0,0,0,2026-01-08T12:36:45.186810,
TXN-00005215,204,TRANSFER,8496.52,C1000039,0.0,0.0,M3474035,0,0,0,2026-01-08T12:36:45.186873,
TXN-00005216,204,PAYMENT,6123.52,C1000059,124307.28,118183.76,M3430616,0,0,0,2026-01-08T12:36:45.186937,
TXN-00005217,204,PAYMENT,6531.02,C1000025,65214.97,58683.95,M5118526,0,0,0,2026-01-08T12:36:45.187004,
TXN-00005218,204,TRANSFER,3652.52,C1000002,334451.47,330798.95,M5111753,0,0,0,2026-01-08T12:36:45.187070,
TXN-00005219,204,DEBIT,10.0,C1000018,204716.71,204706.71,M3097119,0,0,0,2026-01-08T12:36:45.187135,
TXN-00005220,204,PAYMENT,1874.97,C1000001,115891.11,114016.14,M3905108,0,0,0,2026-01-08T12:36:45.187200,
TXN-00005221,204,CASH_OUT,2081.03,C1000002,330798.95,328717.92,M5011700,0,0,0,2026-01-08T12:36:45.187265,
TXN-00005222,204,CASH_OUT,6281.48,C1000059,118183.76,111902.28,M4808494,0,0,0,2026-01-08T12:36:45.187329,
TXN-00005223,204,PAYMENT,1042.15,C1000049,97000.94,95958.79,M6956203,0,0,0,2026-01-08T12:36:45.187394,
TXN-00005224,204,CASH_OUT,723.84,C1000008,268090.43,267366.6,M8160336,0,0,0,2026-01-08T12:36:45.187459,
TXN-00005225,204,TRANSFER,1008.77,C1000070,0.0,0.0,M7210535,0,0,0,2026-01-08T12:36:45.187524,
TXN-00005226,3,CASH_OUT,108975.28,C1000076,0.0,0.0,M5650758,0,0,1,2026-01-08T12:36:45.187558,night_transaction
TXN-00005227,204,PAYMENT,19395.57,C1000019,0.0,0.0,M4324709,0,0,0,2026-01-08T12:36:45.187623,
TXN-00005228,204,CASH_OUT,5822.37,C1000025,58683.95,52861.58,M7947129,0,0,0,2026-01-08T12:36:45.187688,
TXN-00005229,204,PAYMENT,1588.5,C1000020,400496.93,398908.43,M3790467,0,0,0,2026-01-08T12:36:45.187754,
TXN-00005230,204,PAYMENT,6288.2,C1000010,0.0,0.0,M3394889,0,0,0,2026-01-08T12:36:45.187819,
TXN-00005231,194,CASH_OUT,24317.0,C1000070,0.0,0.0,M6461820,0,0,1,2026-01-08T12:36:45.187852,night_transaction
TXN-00005232,435,CASH_OUT,53071.82,C1000065,0.0,0.0,M9653041,0,0,1,2026-01-08T12:36:45.187881,night_transaction
TXN-00005233,204,PAYMENT,4485.67,C1000065,0.0,0.0,M5321333,0,0,0,2026-01-08T12:36:45.187941,
TXN-00005234,204,TRANSFER,4996.36,C1000003,0.0,0.0,M7496902,0,0,0,2026-01-08T12:36:45.188000,
TXN-00005235,507,CASH_OUT,59407.91,C1000078,0.0,0.0,M4909005,0,0,1,2026-01-08T12:36:45.188028,night_transaction
TXN-00005236,204,CASH_OUT,10.0,C1000007,88396.48,88386.48,M1173519,0,0,0,2026-01-08T12:36:45.188087,
TXN-00005237,204,DEBIT,1317.08,C1000022,48335.27,47018.19,M2824826,0,0,0,2026-01-08T12:36:45.188146,
TXN-00005238,204,PAYMENT,3744.68,C1000069,146655.48,142910.79,M2665652,0,0,0,2026-01-08T12:36:45.188207,
TXN-00005239,204,PAYMENT,2092.26,C1000071,219272.16,217179.9,M9771894,0,0,0,2026-01-08T12:36:45.188269,
TXN-00005240,204,TRANSFER,4534.85,C1000049,95958.79,91423.94,M4647855,0,0,0,2026-01-08T12:36:45.188333,
TXN-00005241,204,TRANSFER,10.0,C1000089,215275.82,215265.82,M4757756,0,0,0,2026-01-08T12:36:45.188398,
TXN-00005242,204,CASH_IN,10378.28,C1000031,0.0,10378.28,M2405465,0,0,0,2026-01-08T12:36:45.188463,
TXN-00005243,204,CASH_OUT,514.12,C1000009,137440.31,136926.19,M5508710,0,0,0,2026-01-08T12:36:45.188528,
TXN-00005244,204,PAYMENT,3403.58,C1000002,328717.92,325314.34,M9086685,0,0,0,2026-01-08T12:36:45.188593,
TXN-00005245,204,PAYMENT,10.0,C1000047,27265.74,27255.74,M7096378,0,0,0,2026-01-08T12:36:45.188662,
TXN-00005246,123,CASH_OUT,75663.56,C1000087,325763.15,250099.59,M7395690,0,0,1,2026-01-08T12:36:45.188695,night_transaction
TXN-00005247,204,PAYMENT,9592.26,C1000005,0.0,0.0,M1507839,0,0,0,2026-01-08T12:36:45.188762,
TXN-00005248,204,PAYMENT,24833.36,C1000037,0.0,0.0,M3778975,0,0,0,2026-01-08T12:36:45.188826,
TXN-00005249,204,PAYMENT,413.29,C1000004,237019.73,236606.44,M9985251,0,0,0,2026-01-08T12:36:45.188892,
TXN-00005250,170,CASH_OUT,99552.3,C1000011,0.0,0.0,M7790381,0,0,1,2026-01-08T12:36:45.188926,night_transaction
TXN-00005251,204,PAYMENT,3443.63,C1000062,0.0,0.0,M7673651,0,0,0,2026-01-08T12:36:45.188991,
TXN-00005252,204,PAYMENT,738.18,C1000085,0.0,0.0,M1556770,0,0,0,2026-01-08T12:36:45.189056,
TXN-00005253,204,PAYMENT,461.29,C1000077,120558.78,120097.48,M1124197,0,0,0,2026-01-08T12:36:45.189119,
TXN-00005254,204,CASH_IN,19678.92,C1000019,0.0,19678.92,M9467316,0,0,0,2026-01-08T12:36:45.189185,
TXN-00005255,204,PAYMENT,173190.7,C1000050,0.0,0.0,M5917077,0,0,0,2026-01-08T12:36:45.189247,
TXN-00005256,204,PAYMENT,1870.82,C1000017,142189.74,140318.92,M4588747,0,0,0,2026-01-08T12:36:45.189306,
TXN-00005257,204,TRANSFER,4835.18,C1000003,0.0,0.0,M4311731,0,0,0,2026-01-08T12:36:45.189365,
TXN-00005258,579,CASH_OUT,25000.25,C1000034,89301.54,64301.29,M7767169,0,0,1,2026-01-08T12:36:45.189395,night_transaction
TXN-00005259,204,DEBIT,4797.03,C1000032,84643.8,79846.77,M7855179,0,0,0,2026-01-08T12:36:45.189456,
TXN-00005260,204,PAYMENT,32526.72,C1000012,0.0,0.0,M6402571,0,0,0,2026-01-08T12:36:45.189515,
TXN-00005261,204,CASH_OUT,1062.38,C1000071,217179.9,216117.52,M6396179,0,0,0,2026-01-08T12:36:45.189575,
TXN-00005262,204,CASH_OUT,1627.08,C1000021,0.0,0.0,M9967821,0,0,0,2026-01-08T12:36:45.189636,
TXN-00005263,204,TRANSFER,356.32,C1000071,216117.52,215761.19,M1782930,0,0,0,2026-01-08T12:36:45.189696,
TXN-00005264,204,TRANSFER,5214.6,C1000046,0.0,0.0,M3395861,0,0,0,2026-01-08T12:36:45.189772,
TXN-00005265,204,CASH_OUT,10.0,C1000041,299223.93,299213.93,M4514281,0,0,0,2026-01-08T12:36:45.189842,
TXN-00005266,204,PAYMENT,10161.19,C1000031,10378.28,217.09,M6151193,0,0,0,2026-01-08T12:36:45.189918,
TXN-00005267,204,CASH_OUT,6179.32,C1000013,0.0,0.0,M6668104,0,0,0,2026-01-08T12:36:45.189998,
TXN-00005268,386,CASH_OUT,33085.79,C1000099,131608.53,98522.73,M4048329,0,0,1,2026-01-08T12:36:45.190036,night_transaction
TXN-00005269,26,CASH_OUT,43305.03,C1000014,320478.51,277173.48,M1253577,0,0,1,2026-01-08T12:36:45.190070,night_transaction
TXN-00005270,725,TRANSFER,56880.63,C1000082,185882.36,131314.71,M2039731,0,0,1,2026-01-08T12:36:45.190100,night_transaction
TXN-00005271,204,PAYMENT,2188.48,C1000006,304920.89,302732.41,M6445329,0,0,0,2026-01-08T12:36:45.190177,
TXN-00005272,204,CASH_IN,1696.83,C1000058,0.0,1696.83,M2449912,0,0,0,2026-01-08T12:36:45.190246,
TXN-00005273,204,PAYMENT,12851.65,C1000015,156606.74,143755.09,M9427262,0,0,0,2026-01-08T12:36:45.190312,
TXN-00005274,204,PAYMENT,172.68,C1000009,136926.19,136753.51,M3246142,0,0,0,2026-01-08T12:36:45.190387,
TXN-00005275,204,PAYMENT,6100.07,C1000088,0.0,0.0,M3349856,0,0,0,2026-01-08T12:36:45.190440,
TXN-00005276,204,PAYMENT,2520.21,C1000091,0.0,0.0,M8182841,0,0,0,2026-01-08T12:36:45.190482,
TXN-00005277,204,PAYMENT,5576.4,C1000029,120.28,0.0,M5564420,0,0,0,2026-01-08T12:36:45.190522,
TXN-00005278,204,PAYMENT,1176.7,C1000077,120097.48,118920.78,M9307342,0,0,0,2026-01-08T12:36:45.190561,
TXN-00005279,204,DEBIT,6965.43,C1000011,0.0,0.0,M2063306,0,0,0,2026-01-08T12:36:45.190600,
TXN-00005280,204,CASH_IN,1035.23,C1000081,114970.75,116005.98,M7127296,0,0,0,2026-01-08T12:36:45.190639,
TXN-00005281,204,TRANSFER,1823.8,C1000017,140318.92,138495.12,M6455447,0,0,0,2026-01-08T12:36:45.190677,
TXN-00005282,204,CASH_OUT,183.12,C1000049,91423.94,91240.82,M4608895,0,0,0,2026-01-08T12:36:45.190715,
TXN-00005283,204,TRANSFER,4388.33,C1000096,344898.65,340510.32,M1348293,0,0,0,2026-01-08T12:36:45.190752,
TXN-00005284,204,TRANSFER,34436.25,C1000073,0.0,0.0,M7760856,0,0,0,2026-01-08T12:36:45.190790,
TXN-00005285,204,PAYMENT,18496.49,C1000035,0.0,0.0,M2569361,0,0,0,2026-01-08T12:36:45.190828,
TXN-00005286,204,PAYMENT,10.0,C1000023,59393.25,59383.25,M8048080,0,0,0,2026-01-08T12:36:45.190865,
TXN-00005287,204,CASH_OUT,10.0,C1000060,63155.01,63145.01,M9440879,0,0,0,2026-01-08T12:36:45.190902,
TXN-00005288,698,CASH_OUT,75954.35,C1000004,236606.44,160652.09,M6299125,0,0,1,2026-01-08T12:36:45.190923,night_transaction
TXN-00005289,204,PAYMENT,2845.16,C1000006,302732.41,299887.25,M5362163,0,0,0,2026-01-08T12:36:45.190962,
TXN-00005290,204,DEBIT,853.89,C1000043,112690.05,111836.15,M7968160,0,0,0,2026-01-08T12:36:45.191003,
TXN-00005291,204,TRANSFER,5543.53,C1000046,0.0,0.0,M9926744,0,0,0,2026-01-08T12:36:45.191041,
TXN-00005292,204,PAYMENT,5102.24,C1000049,91240.82,86138.57,M3823561,0,0,0,2026-01-08T12:36:45.191078,
TXN-00005293,204,PAYMENT,9426.99,C1000014,320478.51,311051.52,M8675410,0,0,0,2026-01-08T12:36:45.191116,
TXN-00005294,204,PAYMENT,34617.0,C1000012,0.0,0.0,M7194322,0,0,0,2026-01-08T12:36:45.191154,
TXN-00005295,204,PAYMENT,6357.42,C1000059,111902.28,105544.86,M1806338,0,0,0,2026-01-08T12:36:45.191191,
TXN-00005296,204,PAYMENT,732.77,C1000068,148789.74,148056.96,M1506981,0,0,0,2026-01-08T12:36:45.191229,
TXN-00005297,675,TRANSFER,20582.67,C1000002,325314.34,304731.67,M6791093,0,0,1,2026-01-08T12:36:45.191250,night_transaction
TXN-00005298,204,DEBIT,9957.02,C1000015,143755.09,133798.07,M8079268,0,0,0,2026-01-08T12:36:45.191288,
TXN-00005299,204,PAYMENT,26376.67,C1000056,0.0,0.0,M6127065,0,0,0,2026-01-08T12:36:45.191326,
TXN-00005300,628,CASH_OUT,97650.51,C1000042,0.0,0.0,M3326971,0,0,1,2026-01-08T12:36:45.191345,night_transaction
TXN-00005301,204,TRANSFER,813.37,C1000085,0.0,0.0,M6060008,0,0,0,2026-01-08T12:36:45.191383,
TXN-00005302,204,DEBIT,1389.19,C1000075,462682.84,461293.65,M6175045,0,0,0,2026-01-08T12:36:45.191420,
TXN-00005303,204,CASH_IN,10.0,C1000047,27255.74,27265.74,M3235603,0,0,0,2026-01-08T12:36:45.191458,
TXN-00005304,410,CASH_OUT,67945.41,C1000093,0.0,0.0,M9793060,0,0,1,2026-01-08T12:36:45.191477,night_transaction
TXN-00005305,204,DEBIT,12180.1,C1000015,133798.07,121617.97,M4589013,0,0,0,2026-01-08T12:36:45.191513,
TXN-00005306,204,CASH_IN,4289.3,C1000062,0.0,4289.3,M4795754,0,0,0,2026-01-08T12:36:45.191551,
TXN-00005307,674,CASH_OUT,32258.45,C1000050,0.0,0.0,M8607862,0,0,1,2026-01-08T12:36:45.191571,night_transaction
TXN-00005308,204,TRANSFER,13627.32,C1000063,0.0,0.0,M5628405,0,0,0,2026-01-08T12:36:45.191607,
TXN-00005309,204,TRANSFER,2128.63,C1000017,138495.12,136366.49,M7275030,0,0,0,2026-01-08T12:36:45.191644,
TXN-00005310,204,TRANSFER,1694.75,C1000086,213567.15,211872.41,M8652016,0,0,0,2026-01-08T12:36:45.191697,
TXN-00005311,651,TRANSFER,54620.72,C1000078,0.0,-58178.8,M1769014,0,0,1,2026-01-08T12:36:45.191725,night_transaction
TXN-00005312,204,PAYMENT,11584.26,C1000005,0.0,0.0,M9614896,0,0,0,2026-01-08T12:36:45.191785,
TXN-00005313,204,PAYMENT,26682.14,C1000056,0.0,0.0,M4402811,0,0,0,2026-01-08T12:36:45.191823,
TXN-00005314,204,PAYMENT,4497.24,C1000043,111836.15,107338.92,M1782488,0,0,0,2026-01-08T12:36:45.191861,
TXN-00005315,204,TRANSFER,5783.02,C1000025,52861.58,47078.56,M7476263,0,0,0,2026-01-08T12:36:45.191898,
TXN-00005316,204,CASH_OUT,3945.31,C1000052,42697.81,38752.5,M4352819,0,0,0,2026-01-08T12:36:45.191935,
TXN-00005317,204,PAYMENT,18421.75,C1000093,0.0,0.0,M2789786,0,0,0,2026-01-08T12:36:45.191973,
TXN-00005318,197,TRANSFER,62148.43,C1000022,47018.19,-16987.66,M6372266,0,0,1,2026-01-08T12:36:45.191992,night_transaction
TXN-00005319,204,PAYMENT,38800.25,C1000012,0.0,0.0,M3432186,0,0,0,2026-01-08T12:36:45.192032,
TXN-00005320,204,CASH_OUT,48059.95,C1000053,0.0,0.0,M6257304,0,0,0,2026-01-08T12:36:45.192072,
TXN-00005321,204,PAYMENT,375.89,C1000060,63145.01,62769.12,M6096638,0,0,0,2026-01-08T12:36:45.192133,
TXN-00005322,204,TRANSFER,15.02,C1000096,340510.32,340495.29,M1260452,0,0,0,2026-01-08T12:36:45.193542,
TXN-00005323,204,PAYMENT,571.53,C1000075,461293.65,460722.12,M4467713,0,0,0,2026-01-08T12:36:45.193972,
TXN-00005324,204,CASH_OUT,8437.95,C1000033,159979.03,151541.07,M4401648,0,0,0,2026-01-08T12:36:45.194243,
TXN-00005325,204,TRANSFER,2111.67,C1000038,0.0,0.0,M6605461,0,0,0,2026-01-08T12:36:45.194708,
TXN-00005326,170,TRANSFER,67472.16,C1000020,398908.43,335791.27,M2467637,0,0,1,2026-01-08T12:36:45.194821,night_transaction
TXN-00005327,204,CASH_OUT,1651.84,C1000026,258409.17,256757.33,M1089767,0,0,0,2026-01-08T12:36:45.194976,
TXN-00005328,204,TRANSFER,1859.14,C1000020,398908.43,397049.29,M7239679,0,0,0,2026-01-08T12:36:45.195097,
TXN-00005329,204,PAYMENT,16749.57,C1000019,19678.92,2929.35,M4842827,0,0,0,2026-01-08T12:36:45.195175,
TXN-00005330,204,PAYMENT,4813.53,C1000003,0.0,0.0,M6004265,0,0,0,2026-01-08T12:36:45.195498,
TXN-00005331,204,TRANSFER,2269.31,C1000020,397049.29,394779.98,M6339239,0,0,0,2026-01-08T12:36:45.195671,
TXN-00005332,204,TRANSFER,1582.2,C1000023,59383.25,57801.04,M6930073,0,0,0,2026-01-08T12:36:45.195806,
TXN-00005333,676,CASH_OUT,82066.93,C1000040,47816.42,0.0,M7781124,0,0,1,2026-01-08T12:36:45.195859,night_transaction
TXN-00005334,204,PAYMENT,5605.74,C1000013,0.0,0.0,M2935741,0,0,0,2026-01-08T12:36:45.195952,
TXN-00005335,173,CASH_OUT,78456.9,C1000068,148056.96,69600.06,M1790386,0,0,1,2026-01-08T12:36:45.195987,night_transaction
TXN-00005336,204,CASH_OUT,2150.59,C1000041,299213.93,297063.35,M3961946,0,0,0,2026-01-08T12:36:45.196063,
TXN-00005337,204,PAYMENT,3854.7,C1000087,325763.15,321908.45,M2018313,0,0,0,2026-01-08T12:36:45.196141,
TXN-00005338,204,PAYMENT,93155.12,C1000064,0.0,0.0,M9710196,0,0,0,2026-01-08T12:36:45.196206,
TXN-00005339,204,CASH_OUT,4765.07,C1000032,79846.77,75081.69,M4553503,0,0,0,2026-01-08T12:36:45.196268,
TXN-00005340,204,PAYMENT,1956.03,C1000017,136366.49,134410.45,M6057525,0,0,0,2026-01-08T12:36:45.196332,
TXN-00005341,204,PAYMENT,1452.61,C1000077,118920.78,117468.17,M9356926,0,0,0,2026-01-08T12:36:45.196393,
TXN-00005342,204,DEBIT,4226.4,C1000027,0.0,0.0,M1910039,0,0,0,2026-01-08T12:36:45.196455,
TXN-00005343,204,PAYMENT,4259.56,C1000065,0.0,0.0,M7177360,0,0,0,2026-01-08T12:36:45.196520,
TXN-00005344,204,PAYMENT,17652.63,C1000078,0.0,0.0,M7908333,0,0,0,2026-01-08T12:36:45.196585,
TXN-00005345,412,CASH_OUT,34008.67,C1000073,0.0,0.0,M8201203,0,0,1,2026-01-08T12:36:45.196623,night_transaction
TXN-00005346,204,PAYMENT,8916.94,C1000074,0.0,0.0,M5046743,0,0,0,2026-01-08T12:36:45.196695,
TXN-00005347,204,TRANSFER,37443.08,C1000012,0.0,0.0,M7930095,0,0,0,2026-01-08T12:36:45.196768,
TXN-00005348,204,TRANSFER,17755.02,C1000076,0.0,0.0,M1869312,0,0,0,2026-01-08T12:36:45.196839,
TXN-00005349,204,PAYMENT,731.44,C1000071,215761.19,215029.75,M4801575,0,0,0,2026-01-08T12:36:45.196911,
TXN-00005350,204,CASH_OUT,2403.51,C1000051,399001.65,396598.14,M6258613,0,0,0,2026-01-08T12:36:45.196984,
TXN-00005351,204,PAYMENT,6935.08,C1000011,0.0,0.0,M2237281,0,0,0,2026-01-08T12:36:45.197056,
TXN-00005352,204,TRANSFER,10.0,C1000082,185882.36,185872.36,M7343373,0,0,0,2026-01-08T12:36:45.197131,
TXN-00005353,204,CASH_OUT,9016.93,C1000054,12821.28,3804.34,M6243381,0,0,0,2026-01-08T12:36:45.197205,
TXN-00005354,204,TRANSFER,1094.95,C1000008,267366.6,266271.64,M4761138,0,0,0,2026-01-08T12:36:45.197277,
TXN-00005355,204,TRANSFER,1491.28,C1000001,114016.14,112524.86,M6333549,0,0,0,2026-01-08T12:36:45.197352,
TXN-00005356,204,CASH_IN,2549.85,C1000069,142910.79,145460.64,M1141351,0,0,0,2026-01-08T12:36:45.197424,
TXN-00005357,204,PAYMENT,1839.76,C1000020,394779.98,392940.22,M3535008,0,0,0,2026-01-08T12:36:45.197496,
TXN-00005358,204,TRANSFER,5540.23,C1000047,27265.74,21725.51,M6841594,0,0,0,2026-01-08T12:36:45.197568,
TXN-00005359,204,PAYMENT,4880.7,C1000032,75081.69,70200.99,M7250391,0,0,0,2026-01-08T12:36:45.197638,
TXN-00005360,204,TRANSFER,70929.59,C1000064,0.0,0.0,M3098134,0,0,0,2026-01-08T12:36:45.197710,
TXN-00005361,204,PAYMENT,219.43,C1000075,460722.12,460502.69,M8476171,0,0,0,2026-01-08T12:36:45.197781,
TXN-00005362,204,TRANSFER,7638.58,C1000054,3804.34,0.0,M9263146,0,0,0,2026-01-08T12:36:45.197854,
TXN-00005363,204,DEBIT,28528.65,C1000067,0.0,0.0,M6989532,0,0,0,2026-01-08T12:36:45.197928,
TXN-00005364,204,TRANSFER,10.0,C1000002,325314.34,325304.34,M8940956,0,0,0,2026-01-08T12:36:45.198017,
TXN-00005365,204,PAYMENT,3200.16,C1000089,215265.82,212065.67,M1475566,0,0,0,2026-01-08T12:36:45.198090,
TXN-00005366,204,PAYMENT,1598.16,C1000008,266271.64,264673.48,M8969092,0,0,0,2026-01-08T12:36:45.198173,
TXN-00005367,204,DEBIT,10298.79,C1000092,15407.16,5108.37,M8055389,0,0,0,2026-01-08T12:36:45.198316,
TXN-00005368,204,PAYMENT,6237.03,C1000049,86138.57,79901.55,M8488674,0,0,0,2026-01-08T12:36:45.198423,
TXN-00005369,204,DEBIT,3272.19,C1000030,72653.28,69381.09,M1199370,0,0,0,2026-01-08T12:36:45.198532,
TXN-00005370,204,PAYMENT,1780.84,C1000008,264673.48,262892.64,M9911921,0,0,0,2026-01-08T12:36:45.198610,
TXN-00005371,204,CASH_OUT,2626.04,C1000044,89606.29,86980.25,M2281146,0,0,0,2026-01-08T12:36:45.198673,
TXN-00005372,204,PAYMENT,2800.77,C1000006,299887.25,297086.48,M9840918,0,0,0,2026-01-08T12:36:45.198733,
TXN-00005373,204,CASH_OUT,8003.36,C1000011,0.0,0.0,M2813260,0,0,0,2026-01-08T12:36:45.198791,
TXN-00005374,605,CASH_OUT,71936.21,C1000098,272513.51,200577.3,M1496018,0,0,1,2026-01-08T12:36:45.198825,night_transaction
TXN-00005375,204,TRANSFER,8649.3,C1000031,217.09,0.0,M3488716,0,0,0,2026-01-08T12:36:45.198882,
TXN-00005376,204,PAYMENT,814.85,C1000021,0.0,0.0,M3087169,0,0,0,2026-01-08T12:36:45.198934,
TXN-00005377,204,TRANSFER,17809.06,C1000076,0.0,0.0,M3583417,0,0,0,2026-01-08T12:36:45.198984,
TXN-00005378,204,CASH_OUT,19747.4,C1000095,0.0,0.0,M6894627,0,0,0,2026-01-08T12:36:45.199040,
TXN-00005379,204,DEBIT,7894.59,C1000074,0.0,0.0,M1369816,0,0,0,2026-01-08T12:36:45.199090,
TXN-00005380,204,DEBIT,75445.81,C1000064,0.0,0.0,M1771870,0,0,0,2026-01-08T12:36:45.199147,
TXN-00005381,98,CASH_OUT,26267.98,C1000020,392940.22,366672.24,M1977020,0,0,1,2026-01-08T12:36:45.199175,night_transaction
TXN-00005382,204,PAYMENT,17931.77,C1000076,0.0,0.0,M4994405,0,0,0,2026-01-08T12:36:45.199228,
TXN-00005383,204,TRANSFER,1655.72,C1000044,86980.25,85324.53,M2571861,0,0,0,2026-01-08T12:36:45.199279,
TXN-00005384,204,TRANSFER,173616.51,C1000050,0.0,0.0,M4729643,0,0,0,2026-01-08T12:36:45.199331,
TXN-00005385,204,PAYMENT,9901.67,C1000031,0.0,0.0,M9517481,0,0,0,2026-01-08T12:36:45.199382,
TXN-00005386,556,CASH_OUT,11492.0,C1000000,0.0,0.0,M4519973,0,0,1,2026-01-08T12:36:45.199408,night_transaction
TXN-00005387,204,PAYMENT,1654.38,C1000089,212065.67,210411.29,M9979794,0,0,0,2026-01-08T12:36:45.199458,
TXN-00005388,204,PAYMENT,10.0,C1000022,47018.19,47008.19,M6355458,0,0,0,2026-01-08T12:36:45.199509,
TXN-00005389,204,DEBIT,528.49,C1000089,210411.29,209882.8,M2729378,0,0,0,2026-01-08T12:36:45.199562,
TXN-00005390,314,CASH_OUT,63084.82,C1000014,311051.52,247966.69,M3830856,0,0,1,2026-01-08T12:36:45.199589,night_transaction
TXN-00005391,204,CASH_IN,7703.9,C1000099,131608.53,139312.43,M8911077,0,0,0,2026-01-08T12:36:45.199642,
TXN-00005392,204,PAYMENT,10.0,C1000060,62769.12,62759.12,M1058349,0,0,0,2026-01-08T12:36:45.199694,
TXN-00005393,204,PAYMENT,10.0,C1000071,215029.75,215019.75,M6668628,0,0,0,2026-01-08T12:36:45.199745,
TXN-00005394,204,CASH_OUT,1916.72,C1000018,204706.71,202789.99,M6582917,0,0,0,2026-01-08T12:36:45.199802,
TXN-00005395,204,TRANSFER,1427.58,C1000016,205298.54,203870.97,M5627615,0,0,0,2026-01-08T12:36:45.199854,
TXN-00005396,204,CASH_IN,3823.39,C1000006,297086.48,300909.87,M5571347,0,0,0,2026-01-08T12:36:45.199906,
TXN-00005397,698,TRANSFER,50943.82,C1000038,0.0,0.0,M1573909,0,0,1,2026-01-08T12:36:45.199934,night_transaction
TXN-00005398,411,CASH_OUT,165858.21,C1000024,0.0,0.0,M8752967,0,0,1,2026-01-08T12:36:45.199958,night_transaction
TXN-00005399,204,PAYMENT,2728.7,C1000089,209882.8,207154.1,M2637331,0,0,0,2026-01-08T12:36:45.200010,
TXN-00005400,317,CASH_OUT,42530.34,C1000039,0.0,0.0,M3443413,0,0,1,2026-01-08T12:36:45.200036,night_transaction
TXN-00005401,204,PAYMENT,1958.98,C1000017,134410.45,132451.47,M9607709,0,0,0,2026-01-08T12:36:45.200087,
TXN-00005402,627,TRANSFER,28278.88,C1000049,79901.55,51622.66,M4449659,0,0,1,2026-01-08T12:36:45.200124,night_transaction
TXN-00005403,204,TRANSFER,18562.5,C1000093,0.0,0.0,M4775297,0,0,0,2026-01-08T12:36:45.200176,
TXN-00005404,531,CASH_OUT,71471.0,C1000012,0.0,0.0,M7615090,0,0,1,2026-01-08T12:36:45.200201,night_transaction
TXN-00005405,579,CASH_OUT,36185.29,C1000003,0.0,0.0,M3488392,0,0,1,2026-01-08T12:36:45.200230,night_transaction
TXN-00005406,204,DEBIT,1444.11,C1000018,202789.99,201345.89,M4516301,0,0,0,2026-01-08T12:36:45.200281,
TXN-00005407,204,TRANSFER,20940.31,C1000035,0.0,0.0,M9315853,0,0,0,2026-01-08T12:36:45.200334,
TXN-00005408,204,DEBIT,3309.86,C1000087,321908.45,318598.59,M3401184,0,0,0,2026-01-08T12:36:45.200384,
TXN-00005409,204,CASH_OUT,4758.38,C1000062,4289.3,0.0,M6574983,0,0,0,2026-01-08T12:36:45.200437,
TXN-00005410,204,PAYMENT,13517.48,C1000063,0.0,0.0,M3244536,0,0,0,2026-01-08T12:36:45.200488,
TXN-00005411,204,CASH_OUT,1939.2,C1000044,85324.53,83385.33,M7547464,0,0,0,2026-01-08T12:36:45.200540,
TXN-00005412,204,TRANSFER,3853.2,C1000045,48891.72,45038.52,M1466876,0,0,0,2026-01-08T12:36:45.200592,
TXN-00005413,204,PAYMENT,581.63,C1000060,62759.12,62177.49,M2736633,0,0,0,2026-01-08T12:36:45.200643,
TXN-00005414,204,TRANSFER,27829.93,C1000095,0.0,0.0,M4273858,0,0,0,2026-01-08T12:36:45.200694,
TXN-00005415,413,CASH_OUT,63441.41,C1000073,0.0,0.0,M6467494,0,0,1,2026-01-08T12:36:45.200718,night_transaction
TXN-00005416,204,PAYMENT,14403.92,C1000005,0.0,0.0,M7678307,0,0,0,2026-01-08T12:36:45.200771,
TXN-00005417,725,TRANSFER,45965.05,C1000025,47078.56,1113.52,M4912872,0,0,1,2026-01-08T12:36:45.200796,night_transaction
TXN-00005418,204,CASH_OUT,10.0,C1000040,47816.42,47806.42,M1365480,0,0,0,2026-01-08T12:36:45.200850,
TXN-00005419,204,PAYMENT,10228.43,C1000092,5108.37,0.0,M8013173,0,0,0,2026-01-08T12:36:45.200902,
TXN-00005420,204,TRANSFER,20677.07,C1000035,0.0,0.0,M5454511,0,0,0,2026-01-08T12:36:45.200953,
TXN-00005421,204,TRANSFER,173186.1,C1000050,0.0,0.0,M9882496,0,0,0,2026-01-08T12:36:45.201003,
TXN-00005422,204,CASH_IN,1178.79,C1000041,297063.35,298242.14,M8693397,0,0,0,2026-01-08T12:36:45.201053,
TXN-00005423,204,CASH_IN,1356.94,C1000020,392940.22,394297.16,M8477843,0,0,0,2026-01-08T12:36:45.201108,
TXN-00005424,533,CASH_OUT,108422.47,C1000079,0.0,0.0,M3753969,0,0,1,2026-01-08T12:36:45.201134,night_transaction
TXN-00005425,204,PAYMENT,10.0,C1000001,112524.86,112514.86,M2816132,0,0,0,2026-01-08T12:36:45.201196,
TXN-00005426,204,TRANSFER,3865.03,C1000006,300909.87,297044.85,M5565611,0,0,0,2026-01-08T12:36:45.201249,
TXN-00005427,204,TRANSFER,549.4,C1000020,394297.16,393747.76,M8542014,0,0,0,2026-01-08T12:36:45.201300,
TXN-00005428,204,TRANSFER,8289.87,C1000039,0.0,0.0,M1671811,0,0,0,2026-01-08T12:36:45.201352,
TXN-00005429,204,TRANSFER,5227.83,C1000003,0.0,0.0,M2948426,0,0,0,2026-01-08T12:36:45.201402,
TXN-00005430,204,CASH_OUT,10328.05,C1000095,0.0,0.0,M9443456,0,0,0,2026-01-08T12:36:45.201452,
TXN-00005431,204,PAYMENT,10.0,C1000072,1526.42,1516.42,M7766450,0,0,0,2026-01-08T12:36:45.201502,
TXN-00005432,204,PAYMENT,9621.25,C1000013,0.0,0.0,M8628854,0,0,0,2026-01-08T12:36:45.201553,
TXN-00005433,204,CASH_OUT,2033.47,C1000017,132451.47,130418.01,M8521603,0,0,0,2026-01-08T12:36:45.201603,
TXN-00005434,204,PAYMENT,10.0,C1000075,460502.69,460492.69,M8055450,0,0,0,2026-01-08T12:36:45.201655,
TXN-00005435,461,CASH_OUT,47555.8,C1000070,0.0,0.0,M2961414,0,0,1,2026-01-08T12:36:45.201682,night_transaction
TXN-00005436,556,TRANSFER,48462.87,C1000099,139312.43,90849.56,M7441304,0,0,1,2026-01-08T12:36:45.201707,night_transaction
TXN-00005437,204,TRANSFER,8003.21,C1000011,0.0,0.0,M9932941,0,0,0,2026-01-08T12:36:45.201759,
TXN-00005438,204,CASH_IN,17941.19,C1000076,0.0,17941.19,M6721763,0,0,0,2026-01-08T12:36:45.201810,
TXN-00005439,532,CASH_OUT,87286.12,C1000052,38752.5,0.0,M9022093,0,0,1,2026-01-08T12:36:45.201835,night_transaction
TXN-00005440,204,CASH_OUT,718.5,C1000026,256757.33,256038.83,M4076070,0,0,0,2026-01-08T12:36:45.201887,
TXN-00005441,204,CASH_OUT,353.15,C1000098,272513.51,272160.35,M3435724,0,0,0,2026-01-08T12:36:45.201939,
TXN-00005442,204,DEBIT,5932.17,C1000082,185872.36,179940.19,M4622042,0,0,0,2026-01-08T12:36:45.201989,
TXN-00005443,204,TRANSFER,17487.82,C1000093,0.0,0.0,M8955555,0,0,0,2026-01-08T12:36:45.202041,
TXN-00005444,204,CASH_IN,1706.69,C1000022,47008.19,48714.88,M1647629,0,0,0,2026-01-08T12:36:45.202093,
TXN-00005445,338,CASH_OUT,88902.19,C1000026,256038.83,167136.64,M4527039,0,0,1,2026-01-08T12:36:45.202118,night_transaction
TXN-00005446,725,TRANSFER,23664.69,C1000052,38752.5,15087.82,M3413917,0,0,1,2026-01-08T12:36:45.202150,night_transaction
TXN-00005447,204,PAYMENT,2229.69,C1000017,130418.01,128188.32,M3578456,0,0,0,2026-01-08T12:36:45.202209,
TXN-00005448,204,PAYMENT,7446.19,C1000080,80044.73,72598.54,M4702860,0,0,0,2026-01-08T12:36:45.202272,
TXN-00005449,204,TRANSFER,10.0,C1000060,62177.49,62167.49,M4017928,0,0,0,2026-01-08T12:36:45.202333,
TXN-00005450,99,TRANSFER,44987.46,C1000092,0.0,0.0,M2232570,0,0,1,2026-01-08T12:36:45.202365,night_transaction
TXN-00005451,204,CASH_OUT,515.19,C1000068,148056.96,147541.77,M6594649,0,0,0,2026-01-08T12:36:45.202425,
TXN-00005452,204,CASH_OUT,16372.61,C1000095,0.0,0.0,M7790944,0,0,0,2026-01-08T12:36:45.202486,
TXN-00005453,204,PAYMENT,2792.99,C1000057,0.0,0.0,M2367285,0,0,0,2026-01-08T12:36:45.202573,
TXN-00005454,77,CASH_OUT,196936.59,C1000094,225232.02,28295.43,M6486211,0,0,1,2026-01-08T12:36:45.202611,night_transaction
TXN-00005455,437,CASH_OUT,195763.42,C1000056,0.0,0.0,M7545677,0,0,1,2026-01-08T12:36:45.202643,night_transaction
TXN-00005456,204,PAYMENT,4553.3,C1000003,0.0,0.0,M1910787,0,0,0,2026-01-08T12:36:45.202712,
TXN-00005457,437,CASH_OUT,157339.3,C1000091,0.0,0.0,M6070821,0,0,1,2026-01-08T12:36:45.202741,night_transaction
TXN-00005458,204,TRANSFER,796.47,C1000098,272160.35,271363.88,M1935971,0,0,0,2026-01-08T12:36:45.202801,
TXN-00005459,204,PAYMENT,20402.08,C1000035,0.0,0.0,M4868980,0,0,0,2026-01-08T12:36:45.202863,
TXN-00005460,204,PAYMENT,342.08,C1000018,201345.89,201003.81,M5240777,0,0,0,2026-01-08T12:36:45.202940,
TXN-00005461,204,CASH_OUT,1425.73,C1000071,215019.75,213594.02,M2640510,0,0,0,2026-01-08T12:36:45.203289,
TXN-00005462,204,CASH_IN,10.0,C1000002,325304.34,325314.34,M4967398,0,0,0,2026-01-08T12:36:45.203428,
TXN-00005463,204,PAYMENT,77.54,C1000001,112514.86,112437.32,M4726452,0,0,0,2026-01-08T12:36:45.203513,
TXN-00005464,204,DEBIT,21150.37,C1000019,2929.35,0.0,M2256728,0,0,0,2026-01-08T12:36:45.203596,
TXN-00005465,651,CASH_OUT,184800.85,C1000056,0.0,0.0,M5797785,0,0,1,2026-01-08T12:36:45.203632,night_transaction
TXN-00005466,204,PAYMENT,55074.9,C1000000,0.0,0.0,M5967432,0,0,0,2026-01-08T12:36:45.203698,
TXN-00005467,204,DEBIT,7164.37,C1000013,0.0,0.0,M1423098,0,0,0,2026-01-08T12:36:45.203757,
TXN-00005468,204,PAYMENT,3256.97,C1000044,83385.33,80128.36,M7801656,0,0,0,2026-01-08T12:36:45.203815,
TXN-00005469,204,CASH_OUT,11006.43,C1000005,0.0,0.0,M8554140,0,0,0,2026-01-08T12:36:45.203874,
TXN-00005470,204,CASH_OUT,8497.81,C1000039,0.0,0.0,M3750107,0,0,0,2026-01-08T12:36:45.203929,
TXN-00005471,204,CASH_OUT,2066.06,C1000069,145460.64,143394.58,M6636084,0,0,0,2026-01-08T12:36:45.203983,
TXN-00005472,204,PAYMENT,1870.99,C1000043,107338.92,105467.92,M3364621,0,0,0,2026-01-08T12:36:45.204041,
TXN-00005473,204,PAYMENT,2571.26,C1000006,297044.85,294473.59,M1237556,0,0,0,2026-01-08T12:36:45.204102,
TXN-00005474,101,TRANSFER,24753.09,C1000069,143394.58,118641.49,M8285602,0,0,1,2026-01-08T12:36:45.204137,night_transaction
TXN-00005475,204,CASH_OUT,56112.5,C1000000,0.0,0.0,M4002626,0,0,0,2026-01-08T12:36:45.204203,
TXN-00005476,204,DEBIT,5012.99,C1000032,70200.99,65188.0,M2907958,0,0,0,2026-01-08T12:36:45.204310,
TXN-00005477,204,TRANSFER,5119.78,C1000046,0.0,0.0,M8660242,0,0,0,2026-01-08T12:36:45.204457,
TXN-00005478,204,TRANSFER,26111.03,C1000056,0.0,0.0,M5690229,0,0,0,2026-01-08T12:36:45.204576,
TXN-00005479,204,TRANSFER,10.0,C1000098,271363.88,271353.88,M9208443,0,0,0,2026-01-08T12:36:45.204671,
TXN-00005480,204,PAYMENT,5202.67,C1000084,199436.55,194233.88,M3097399,0,0,0,2026-01-08T12:36:45.204758,
TXN-00005481,204,DEBIT,9685.07,C1000054,0.0,0.0,M7083021,0,0,0,2026-01-08T12:36:45.204853,
TXN-00005482,204,CASH_OUT,4413.19,C1000098,271353.88,266940.69,M6993444,0,0,0,2026-01-08T12:36:45.204924,
TXN-00005483,204,DEBIT,10.0,C1000055,221388.95,221378.95,M5030444,0,0,0,2026-01-08T12:36:45.204999,
TXN-00005484,204,CASH_OUT,881.51,C1000075,460492.69,459611.17,M7976055,0,0,0,2026-01-08T12:36:45.205067,
TXN-00005485,204,DEBIT,4784.49,C1000032,65188.0,60403.52,M8339439,0,0,0,2026-01-08T12:36:45.205147,
TXN-00005486,204,TRANSFER,19482.93,C1000035,0.0,0.0,M8760999,0,0,0,2026-01-08T12:36:45.205230,
TXN-00005487,204,TRANSFER,5971.24,C1000046,0.0,0.0,M4920124,0,0,0,2026-01-08T12:36:45.205308,
TXN-00005488,204,PAYMENT,2835.63,C1000006,294473.59,291637.96,M9957054,0,0,0,2026-01-08T12:36:45.205378,
TXN-00005489,204,PAYMENT,693.13,C1000089,207154.1,206460.97,M6092910,0,0,0,2026-01-08T12:36:45.205442,
TXN-00005490,204,CASH_OUT,10.0,C1000075,459611.17,459601.17,M5865400,0,0,0,2026-01-08T12:36:45.205509,
TXN-00005491,204,DEBIT,10.0,C1000038,0.0,0.0,M6529372,0,0,0,2026-01-08T12:36:45.205648,
TXN-00005492,204,CASH_IN,19779.57,C1000035,0.0,19779.57,M3634741,0,0,0,2026-01-08T12:36:45.205961,
TXN-00005493,242,TRANSFER,21461.72,C1000060,62167.49,40705.77,M2947809,0,0,1,2026-01-08T12:36:45.206199,night_transaction
TXN-00005494,204,TRANSFER,2065.92,C1000030,69381.09,67315.18,M4766051,0,0,0,2026-01-08T12:36:45.206514,
TXN-00005495,204,CASH_OUT,101.9,C1000008,262892.64,262790.74,M4591899,0,0,0,2026-01-08T12:36:45.206699,
TXN-00005496,204,PAYMENT,546.38,C1000082,179940.19,179393.81,M5832157,0,0,0,2026-01-08T12:36:45.206832,
TXN-00005497,204,PAYMENT,1623.46,C1000038,0.0,0.0,M9046731,0,0,0,2026-01-08T12:36:45.206936,
TXN-00005498,204,TRANSFER,47865.03,C1000053,0.0,0.0,M3708976,0,0,0,2026-01-08T12:36:45.207008,
TXN-00005499,204,CASH_OUT,11316.95,C1000015,121617.97,110301.02,M7143314,0,0,0,2026-01-08T12:36:45.207087,
TXN-00005500,204,CASH_OUT,2319.13,C1000072,1516.42,0.0,M3838513,0,0,0,2026-01-08T12:36:45.207165,
TXN-00005501,204,TRANSFER,3238.33,C1000058,1696.83,0.0,M4822546,0,0,0,2026-01-08T12:36:45.207236,
TXN-00005502,204,TRANSFER,3742.3,C1000097,95943.73,92201.43,M4597347,0,0,0,2026-01-08T12:36:45.207303,
TXN-00005503,204,PAYMENT,1098.09,C1000041,298242.14,297144.05,M2907372,0,0,0,2026-01-08T12:36:45.207387,
TXN-00005504,204,TRANSFER,142.7,C1000060,62167.49,62024.79,M5323772,0,0,0,2026-01-08T12:36:45.207469,
TXN-00005505,204,CASH_OUT,3164.61,C1000080,72598.54,69433.93,M4885502,0,0,0,2026-01-08T12:36:45.207536,
TXN-00005506,204,TRANSFER,4917.06,C1000080,69433.93,64516.87,M7082809,0,0,0,2026-01-08T12:36:45.207604,
TXN-00005507,204,CASH_OUT,10.0,C1000082,179393.81,179383.81,M9373695,0,0,0,2026-01-08T12:36:45.207738,
TXN-00005508,148,CASH_OUT,63264.83,C1000066,3755.41,0.0,M7687481,0,0,1,2026-01-08T12:36:45.207781,night_transaction
TXN-00005509,204,PAYMENT,235.0,C1000022,48714.88,48479.88,M2047181,0,0,0,2026-01-08T12:36:45.207847,
TXN-00005510,204,PAYMENT,1951.56,C1000086,211872.41,209920.84,M8526037,0,0,0,2026-01-08T12:36:45.207905,
TXN-00005511,204,PAYMENT,6420.19,C1000059,105544.86,99124.67,M2470855,0,0,0,2026-01-08T12:36:45.207964,
TXN-00005512,204,PAYMENT,15145.07,C1000079,0.0,0.0,M5766642,0,0,0,2026-01-08T12:36:45.208020,
TXN-00005513,204,PAYMENT,1001.28,C1000038,0.0,0.0,M8941391,0,0,0,2026-01-08T12:36:45.208074,
TXN-00005514,147,TRANSFER,37248.42,C1000088,0.0,0.0,M6256130,0,0,1,2026-01-08T12:36:45.208103,night_transaction
TXN-00005515,204,CASH_IN,1961.45,C1000017,128188.32,130149.78,M2445404,0,0,0,2026-01-08T12:36:45.208156,
TXN-00005516,204,DEBIT,12518.52,C1000015,110301.02,97782.5,M2708868,0,0,0,2026-01-08T12:36:45.208207,
TXN-00005517,204,PAYMENT,876.12,C1000077,117468.17,116592.05,M1817291,0,0,0,2026-01-08T12:36:45.208258,
TXN-00005518,204,CASH_IN,2554.5,C1000006,291637.96,294192.46,M5774060,0,0,0,2026-01-08T12:36:45.208310,
TXN-00005519,204,PAYMENT,13881.18,C1000063,0.0,0.0,M7440782,0,0,0,2026-01-08T12:36:45.208361,
TXN-00005520,204,TRANSFER,11855.88,C1000054,0.0,0.0,M9404390,0,0,0,2026-01-08T12:36:45.208413,
TXN-00005521,204,TRANSFER,10.0,C1000008,262790.74,262780.74,M6055944,0,0,0,2026-01-08T12:36:45.208464,
TXN-00005522,204,TRANSFER,7402.17,C1000074,0.0,0.0,M2911064,0,0,0,2026-01-08T12:36:45.208515,
TXN-00005523,204,PAYMENT,5569.6,C1000046,0.0,0.0,M7912544,0,0,0,2026-01-08T12:36:45.208565,
TXN-00005524,204,CASH_IN,819.38,C1000089,206460.97,207280.35,M9408576,0,0,0,2026-01-08T12:36:45.208617,
TXN-00005525,204,PAYMENT,2252.1,C1000097,92201.43,89949.33,M5437405,0,0,0,2026-01-08T12:36:45.208668,
TXN-00005526,204,TRANSFER,10.0,C1000040,47806.42,47796.42,M7325276,0,0,0,2026-01-08T12:36:45.208718,
TXN-00005527,204,PAYMENT,3627.51,C1000087,318598.59,314971.08,M3181110,0,0,0,2026-01-08T12:36:45.209142,
TXN-00005528,204,CASH_OUT,7593.32,C1000036,0.0,0.0,M8361529,0,0,0,2026-01-08T12:36:45.209253,
TXN-00005529,204,PAYMENT,8794.27,C1000039,0.0,0.0,M1070050,0,0,0,2026-01-08T12:36:45.209331,
TXN-00005530,204,PAYMENT,18458.81,C1000079,0.0,0.0,M4398893,0,0,0,2026-01-08T12:36:45.209404,
TXN-00005531,204,TRANSFER,10.0,C1000055,221378.95,221368.95,M7709570,0,0,0,2026-01-08T12:36:45.209477,
TXN-00005532,204,CASH_OUT,758.72,C1000072,0.0,0.0,M9346786,0,0,0,2026-01-08T12:36:45.209550,
TXN-00005533,651,CASH_OUT,56771.41,C1000046,0.0,0.0,M8377704,0,0,1,2026-01-08T12:36:45.209589,night_transaction
TXN-00005534,652,TRANSFER,44512.69,C1000014,311051.52,270116.71,M6779580,0,0,1,2026-01-08T12:36:45.209625,night_transaction
TXN-00005535,204,TRANSFER,10.0,C1000080,64516.87,64506.87,M9558994,0,0,0,2026-01-08T12:36:45.209709,
TXN-00005536,204,CASH_OUT,4913.86,C1000045,45038.52,40124.66,M4312280,0,0,0,2026-01-08T12:36:45.209787,
TXN-00005537,204,PAYMENT,6073.76,C1000059,99124.67,93050.92,M2863280,0,0,0,2026-01-08T12:36:45.210794,
TXN-00005538,204,PAYMENT,7389.56,C1000011,0.0,0.0,M7893799,0,0,0,2026-01-08T12:36:45.210992,
TXN-00005539,484,TRANSFER,108290.2,C1000057,0.0,-106640.53,M5869131,0,0,1,2026-01-08T12:36:45.211203,night_transaction
TXN-00005540,675,CASH_OUT,50830.97,C1000020,393747.76,342916.78,M3539210,0,0,1,2026-01-08T12:36:45.211400,night_transaction
TXN-00005541,204,PAYMENT,10.0,C1000041,297144.05,297134.05,M2126851,0,0,0,2026-01-08T12:36:45.211669,
TXN-00005542,204,DEBIT,83.38,C1000068,147541.77,147458.39,M5505638,0,0,0,2026-01-08T12:36:45.211811,
TXN-00005543,204,DEBIT,485.29,C1000094,225232.02,224746.72,M9559757,0,0,0,2026-01-08T12:36:45.211918,
TXN-00005544,204,TRANSFER,6614.46,C1000074,0.0,0.0,M5543090,0,0,0,2026-01-08T12:36:45.212012,
TXN-00005545,603,TRANSFER,94296.12,C1000025,47078.56,-51528.58,M5086258,0,0,1,2026-01-08T12:36:45.212058,night_transaction
TXN-00005546,532,CASH_OUT,65403.84,C1000058,0.0,0.0,M2976741,0,0,1,2026-01-08T12:36:45.212114,night_transaction
TXN-00005547,204,PAYMENT,2782.5,C1000007,88386.48,85603.99,M2387718,0,0,0,2026-01-08T12:36:45.212218,
TXN-00005548,204,CASH_OUT,25855.51,C1000037,0.0,0.0,M2920842,0,0,0,2026-01-08T12:36:45.212318,
TXN-00005549,204,PAYMENT,5345.33,C1000047,21725.51,16380.18,M1877450,0,0,0,2026-01-08T12:36:45.212405,
TXN-00005550,204,PAYMENT,6442.19,C1000051,396598.14,390155.94,M3845920,0,0,0,2026-01-08T12:36:45.212499,
TXN-00005551,204,TRANSFER,5139.53,C1000032,60403.52,55263.99,M1183328,0,0,0,2026-01-08T12:36:45.212576,
TXN-00005552,204,PAYMENT,1577.84,C1000016,203870.97,202293.12,M4970714,0,0,0,2026-01-08T12:36:45.212658,
TXN-00005553,204,PAYMENT,16464.07,C1000042,0.0,0.0,M7258662,0,0,0,2026-01-08T12:36:45.212737,
TXN-00005554,204,PAYMENT,14636.38,C1000074,0.0,0.0,M6404887,0,0,0,2026-01-08T12:36:45.212811,
TXN-00005555,204,DEBIT,11353.18,C1000031,0.0,0.0,M8195888,0,0,0,2026-01-08T12:36:45.212929,
TXN-00005556,51,TRANSFER,27899.18,C1000017,130149.78,102250.59,M7400477,0,0,1,2026-01-08T12:36:45.213076,night_transaction
TXN-00005557,204,CASH_OUT,1514.0,C1000021,0.0,0.0,M5731503,0,0,0,2026-01-08T12:36:45.213492,
TXN-00005558,204,TRANSFER,10.0,C1000042,0.0,0.0,M9753799,0,0,0,2026-01-08T12:36:45.214040,
TXN-00005559,204,DEBIT,431.67,C1000075,459601.17,459169.5,M3010611,0,0,0,2026-01-08T12:36:45.214237,
TXN-00005560,292,TRANSFER,97737.47,C1000011,0.0,-94307.48,M2675959,0,0,1,2026-01-08T12:36:45.214297,night_transaction
TXN-00005561,204,TRANSFER,284.05,C1000008,262780.74,262496.69,M2800198,0,0,0,2026-01-08T12:36:45.214453,
TXN-00005562,204,PAYMENT,70.29,C1000060,62024.79,61954.51,M5560759,0,0,0,2026-01-08T12:36:45.214537,
TXN-00005563,204,DEBIT,1397.53,C1000090,293581.42,292183.88,M5247657,0,0,0,2026-01-08T12:36:45.214667,
TXN-00005564,204,DEBIT,778.04,C1000068,147458.39,146680.36,M5339478,0,0,0,2026-01-08T12:36:45.214758,
TXN-00005565,204,PAYMENT,2961.0,C1000030,67315.18,64354.17,M9087537,0,0,0,2026-01-08T12:36:45.214833,
TXN-00005566,204,CASH_OUT,3521.5,C1000062,0.0,0.0,M8386303,0,0,0,2026-01-08T12:36:45.214902,
TXN-00005567,204,CASH_OUT,43.72,C1000068,146680.36,146636.64,M7516878,0,0,0,2026-01-08T12:36:45.214968,
TXN-00005568,204,DEBIT,2076.61,C1000097,89949.33,87872.72,M5546526,0,0,0,2026-01-08T12:36:45.215040,
TXN-00005569,204,CASH_OUT,2139.05,C1000090,292183.88,290044.83,M6839808,0,0,0,2026-01-08T12:36:45.215120,
TXN-00005570,204,CASH_OUT,1668.96,C1000077,116592.05,114923.09,M6896812,0,0,0,2026-01-08T12:36:45.215189,
TXN-00005571,579,CASH_OUT,61241.26,C1000065,0.0,0.0,M7361946,0,0,1,2026-01-08T12:36:45.215227,night_transaction
TXN-00005572,204,PAYMENT,1459.17,C1000020,393747.76,392288.58,M8100454,0,0,0,2026-01-08T12:36:45.215295,
TXN-00005573,204,PAYMENT,2509.21,C1000028,15728.32,13219.1,M8036543,0,0,0,2026-01-08T12:36:45.215362,
TXN-00005574,204,CASH_OUT,7831.44,C1000099,139312.43,131480.99,M5398679,0,0,0,2026-01-08T12:36:45.215430,
TXN-00005575,204,CASH_OUT,623.82,C1000041,297134.05,296510.23,M1966363,0,0,0,2026-01-08T12:36:45.215496,
TXN-00005576,204,TRANSFER,19651.89,C1000035,19779.57,127.68,M2609628,0,0,0,2026-01-08T12:36:45.215561,
TXN-00005577,204,PAYMENT,4798.02,C1000058,0.0,0.0,M5276068,0,0,0,2026-01-08T12:36:45.215624,
TXN-00005578,204,CASH_IN,17896.83,C1000076,17941.19,35838.02,M8367885,0,0,0,2026-01-08T12:36:45.215686,
TXN-00005579,626,TRANSFER,19682.39,C1000041,296510.23,276827.84,M2389708,0,0,1,2026-01-08T12:36:45.215731,night_transaction
TXN-00005580,204,TRANSFER,1554.81,C1000044,80128.36,78573.55,M7110657,0,0,0,2026-01-08T12:36:45.215792,
TXN-00005581,204,PAYMENT,10.0,C1000014,311051.52,311041.52,M4990843,0,0,0,2026-01-08T12:36:45.215848,
TXN-00005582,204,CASH_OUT,10.0,C1000080,64506.87,64496.87,M1992284,0,0,0,2026-01-08T12:36:45.215905,
TXN-00005583,204,TRANSFER,2357.77,C1000070,0.0,0.0,M8675138,0,0,0,2026-01-08T12:36:45.215960,
TXN-00005584,204,TRANSFER,3836.02,C1000087,314971.08,311135.06,M5948735,0,0,0,2026-01-08T12:36:45.216013,
TXN-00005585,204,PAYMENT,10.0,C1000042,0.0,0.0,M4592563,0,0,0,2026-01-08T12:36:45.216073,
TXN-00005586,412,CASH_OUT,76101.26,C1000092,0.0,0.0,M5510204,0,0,1,2026-01-08T12:36:45.216102,night_transaction
TXN-00005587,204,PAYMENT,2459.31,C1000007,85603.99,83144.68,M5208439,0,0,0,2026-01-08T12:36:45.216162,
TXN-00005588,204,PAYMENT,195.86,C1000018,201003.81,200807.95,M4195804,0,0,0,2026-01-08T12:36:45.216222,
TXN-00005589,204,PAYMENT,1921.95,C1000055,221368.95,219447.0,M2968852,0,0,0,2026-01-08T12:36:45.216285,
TXN-00005590,204,PAYMENT,38827.43,C1000012,0.0,0.0,M1231973,0,0,0,2026-01-08T12:36:45.216349,
TXN-00005591,461,CASH_OUT,49244.52,C1000017,130149.78,80905.26,M2499996,0,0,1,2026-01-08T12:36:45.216380,night_transaction
TXN-00005592,204,TRANSFER,173351.01,C1000050,0.0,0.0,M6941780,0,0,0,2026-01-08T12:36:45.216444,
TXN-00005593,204,TRANSFER,14140.83,C1000074,0.0,0.0,M7642134,0,0,0,2026-01-08T12:36:45.216505,
TXN-00005594,204,CASH_OUT,10.0,C1000004,236606.44,236596.44,M3881416,0,0,0,2026-01-08T12:36:45.216566,
TXN-00005595,204,PAYMENT,10.0,C1000061,260235.9,260225.9,M7895931,0,0,0,2026-01-08T12:36:45.216628,
TXN-00005596,204,CASH_OUT,37774.78,C1000012,0.0,0.0,M1481277,0,0,0,2026-01-08T12:36:45.216689,
TXN-00005597,204,PAYMENT,32894.0,C1000067,0.0,0.0,M2216300,0,0,0,2026-01-08T12:36:45.216750,
TXN-00005598,204,TRANSFER,7955.75,C1000036,0.0,0.0,M6020823,0,0,0,2026-01-08T12:36:45.216813,
TXN-00005599,77,CASH_OUT,25491.69,C1000006,294192.46,268700.77,M4511711,0,0,1,2026-01-08T12:36:45.216845,night_transaction
TXN-00005600,204,PAYMENT,1260.51,C1000083,241270.46,240009.95,M3648065,0,0,0,2026-01-08T12:36:45.216908,
TXN-00005601,220,CASH_OUT,126791.14,C1000086,209920.84,83129.7,M4823601,0,0,1,2026-01-08T12:36:45.216940,night_transaction
TXN-00005602,204,TRANSFER,14805.79,C1000014,311041.52,296235.73,M4862737,0,0,0,2026-01-08T12:36:45.217004,
TXN-00005603,204,PAYMENT,11838.72,C1000015,97782.5,85943.78,M1874663,0,0,0,2026-01-08T12:36:45.217066,
TXN-00005604,204,PAYMENT,10.0,C1000040,47796.42,47786.42,M8717733,0,0,0,2026-01-08T12:36:45.217127,
TXN-00005605,204,TRANSFER,2004.05,C1000086,209920.84,207916.79,M4850423,0,0,0,2026-01-08T12:36:45.217186,
TXN-00005606,204,CASH_IN,18017.6,C1000076,35838.02,53855.62,M4435981,0,0,0,2026-01-08T12:36:45.217243,
TXN-00005607,204,CASH_OUT,3469.28,C1000025,47078.56,43609.28,M8429926,0,0,0,2026-01-08T12:36:45.217298,
TXN-00005608,204,PAYMENT,4106.03,C1000045,40124.66,36018.63,M8499456,0,0,0,2026-01-08T12:36:45.217352,
TXN-00005609,204,TRANSFER,6537.5,C1000088,0.0,0.0,M4724709,0,0,0,2026-01-08T12:36:45.217406,
TXN-00005610,555,CASH_OUT,75051.84,C1000009,136753.51,61701.67,M6825845,0,0,1,2026-01-08T12:36:45.217433,night_transaction
TXN-00005611,204,PAYMENT,10.0,C1000075,459169.5,459159.5,M5920522,0,0,0,2026-01-08T12:36:45.217490,
TXN-00005612,204,CASH_OUT,2754.33,C1000066,3755.41,1001.07,M4297815,0,0,0,2026-01-08T12:36:45.217547,
TXN-00005613,677,CASH_OUT,98004.91,C1000037,0.0,0.0,M6978129,0,0,1,2026-01-08T12:36:45.217576,night_transaction
TXN-00005614,435,CASH_OUT,55238.87,C1000070,0.0,0.0,M1343546,0,0,1,2026-01-08T12:36:45.217604,night_transaction
TXN-00005615,204,CASH_OUT,17389.58,C1000079,0.0,0.0,M1156410,0,0,0,2026-01-08T12:36:45.217664,
TXN-00005616,204,PAYMENT,4541.72,C1000027,0.0,0.0,M7617018,0,0,0,2026-01-08T12:36:45.217727,
TXN-00005617,27,CASH_OUT,68362.27,C1000064,0.0,0.0,M1765814,0,0,1,2026-01-08T12:36:45.217757,night_transaction
TXN-00005618,204,PAYMENT,1993.7,C1000090,290044.83,288051.13,M1611034,0,0,0,2026-01-08T12:36:45.217838,
TXN-00005619,204,TRANSFER,17125.99,C1000093,0.0,0.0,M1785654,0,0,0,2026-01-08T12:36:45.217907,
TXN-00005620,147,CASH_OUT,84166.24,C1000001,112437.32,28271.09,M6131058,0,0,1,2026-01-08T12:36:45.217933,night_transaction
TXN-00005621,204,PAYMENT,6542.24,C1000059,93050.92,86508.68,M7576253,0,0,0,2026-01-08T12:36:45.217986,
TXN-00005622,204,PAYMENT,676.62,C1000083,240009.95,239333.33,M3065752,0,0,0,2026-01-08T12:36:45.218037,
TXN-00005623,204,CASH_OUT,4044.8,C1000027,0.0,0.0,M7039872,0,0,0,2026-01-08T12:36:45.218087,
TXN-00005624,413,CASH_OUT,96770.37,C1000038,0.0,0.0,M9363426,0,0,1,2026-01-08T12:36:45.218111,night_transaction
TXN-00005625,204,CASH_OUT,736.03,C1000094,224746.72,224010.69,M4799395,0,0,0,2026-01-08T12:36:45.218159,
TXN-00005626,204,DEBIT,10.0,C1000075,459159.5,459149.5,M2096882,0,0,0,2026-01-08T12:36:45.218209,
TXN-00005627,389,CASH_OUT,97904.24,C1000086,207916.79,110012.55,M1524322,0,0,1,2026-01-08T12:36:45.218234,night_transaction
TXN-00005628,204,PAYMENT,5188.53,C1000033,151541.07,146352.55,M6168637,0,0,0,2026-01-08T12:36:45.218283,
TXN-00005629,204,PAYMENT,10661.01,C1000074,0.0,0.0,M2005078,0,0,0,2026-01-08T12:36:45.218333,
TXN-00005630,204,PAYMENT,2567.2,C1000028,13219.1,10651.91,M2011691,0,0,0,2026-01-08T12:36:45.218391,
TXN-00005631,204,TRANSFER,1911.82,C1000018,200807.95,198896.12,M6592985,0,0,0,2026-01-08T12:36:45.218449,
TXN-00005632,204,TRANSFER,422.24,C1000055,219447.0,219024.76,M9072800,0,0,0,2026-01-08T12:36:45.218509,
TXN-00005633,204,PAYMENT,10.0,C1000029,0.0,0.0,M7679247,0,0,0,2026-01-08T12:36:45.218565,
TXN-00005634,204,CASH_OUT,4865.18,C1000025,43609.28,38744.1,M7563228,0,0,0,2026-01-08T12:36:45.218615,
TXN-00005635,204,CASH_OUT,260.55,C1000072,0.0,0.0,M8766136,0,0,0,2026-01-08T12:36:45.218665,
TXN-00005636,204,PAYMENT,6576.26,C1000057,0.0,0.0,M8597423,0,0,0,2026-01-08T12:36:45.218714,
TXN-00005637,204,CASH_IN,10.0,C1000075,459149.5,459159.5,M5558163,0,0,0,2026-01-08T12:36:45.218764,
TXN-00005638,204,PAYMENT,4022.26,C1000065,0.0,0.0,M4277399,0,0,0,2026-01-08T12:36:45.218813,
TXN-00005639,204,TRANSFER,172769.66,C1000050,0.0,0.0,M6700499,0,0,0,2026-01-08T12:36:45.218862,
TXN-00005640,204,CASH_OUT,10727.18,C1000015,85943.78,75216.6,M2299845,0,0,0,2026-01-08T12:36:45.218909,
TXN-00005641,204,DEBIT,2357.75,C1000007,83144.68,80786.93,M8109419,0,0,0,2026-01-08T12:36:45.218963,
TXN-00005642,204,TRANSFER,10.0,C1000081,116005.98,115995.98,M5630888,0,0,0,2026-01-08T12:36:45.219012,
TXN-00005643,204,CASH_IN,4865.32,C1000032,55263.99,60129.31,M9613621,0,0,0,2026-01-08T12:36:45.219061,
TXN-00005644,204,TRANSFER,6229.61,C1000046,0.0,0.0,M9260102,0,0,0,2026-01-08T12:36:45.219109,
TXN-00005645,204,CASH_IN,10.0,C1000081,115995.98,116005.98,M3317235,0,0,0,2026-01-08T12:36:45.219158,
TXN-00005646,434,CASH_OUT,35183.48,C1000027,0.0,0.0,M5719444,0,0,1,2026-01-08T12:36:45.219187,night_transaction
TXN-00005647,204,CASH_OUT,2621.16,C1000049,79901.55,77280.39,M9966220,0,0,0,2026-01-08T12:36:45.219238,
TXN-00005648,204,CASH_OUT,6143.93,C1000059,86508.68,80364.74,M1590501,0,0,0,2026-01-08T12:36:45.219300,
TXN-00005649,204,PAYMENT,2694.3,C1000040,47786.42,45092.12,M4770535,0,0,0,2026-01-08T12:36:45.219449,
TXN-00005650,204,PAYMENT,3381.83,C1000030,64354.17,60972.34,M4275309,0,0,0,2026-01-08T12:36:45.219539,
TXN-00005651,204,CASH_OUT,1768.34,C1000020,392288.58,390520.25,M6184618,0,0,0,2026-01-08T12:36:45.219618,
TXN-00005652,204,TRANSFER,4155.13,C1000057,0.0,0.0,M6972048,0,0,0,2026-01-08T12:36:45.219692,
TXN-00005653,204,PAYMENT,2463.63,C1000069,143394.58,140930.96,M5861937,0,0,0,2026-01-08T12:36:45.219762,
TXN-00005654,204,PAYMENT,35456.08,C1000042,0.0,0.0,M7640420,0,0,0,2026-01-08T12:36:45.219832,
TXN-00005655,483,TRANSFER,113066.82,C1000073,0.0,-115661.58,M3521335,0,0,1,2026-01-08T12:36:45.219868,night_transaction
TXN-00005656,204,PAYMENT,923.94,C1000008,262496.69,261572.76,M1825189,0,0,0,2026-01-08T12:36:45.219946,
TXN-00005657,204,CASH_OUT,10.0,C1000064,0.0,0.0,M3527676,0,0,0,2026-01-08T12:36:45.220018,
TXN-00005658,204,CASH_IN,105.03,C1000022,48479.88,48584.92,M3618076,0,0,0,2026-01-08T12:36:45.220084,
TXN-00005659,29,TRANSFER,90970.48,C1000092,0.0,0.0,M1628854,0,0,1,2026-01-08T12:36:45.220121,night_transaction
TXN-00005660,204,TRANSFER,1869.84,C1000070,0.0,0.0,M2313936,0,0,0,2026-01-08T12:36:45.220188,
TXN-00005661,204,CASH_IN,10.0,C1000068,146636.64,146646.64,M7224393,0,0,0,2026-01-08T12:36:45.220254,
TXN-00005662,204,TRANSFER,1504.98,C1000041,296510.23,295005.25,M4702652,0,0,0,2026-01-08T12:36:45.220318,
TXN-00005663,204,PAYMENT,21983.5,C1000024,0.0,0.0,M2975396,0,0,0,2026-01-08T12:36:45.220386,
TXN-00005664,204,PAYMENT,4548.03,C1000027,0.0,0.0,M8371899,0,0,0,2026-01-08T12:36:45.220460,
TXN-00005665,204,DEBIT,13587.92,C1000063,0.0,0.0,M2294301,0,0,0,2026-01-08T12:36:45.220519,
TXN-00005666,204,PAYMENT,10.0,C1000097,87872.72,87862.72,M1489748,0,0,0,2026-01-08T12:36:45.220576,
TXN-00005667,204,PAYMENT,7435.76,C1000036,0.0,0.0,M3807431,0,0,0,2026-01-08T12:36:45.220633,
TXN-00005668,204,PAYMENT,2810.77,C1000044,78573.55,75762.78,M9906831,0,0,0,2026-01-08T12:36:45.220689,
TXN-00005669,677,TRANSFER,64020.25,C1000048,242266.23,182785.6,M2246000,0,0,1,2026-01-08T12:36:45.220720,night_transaction
TXN-00005670,204,PAYMENT,5527.38,C1000059,80364.74,74837.36,M6661002,0,0,0,2026-01-08T12:36:45.220784,
TXN-00005671,204,PAYMENT,1871.48,C1000072,0.0,0.0,M3632857,0,0,0,2026-01-08T12:36:45.220841,
TXN-00005672,204,PAYMENT,1754.94,C1000081,116005.98,114251.03,M5638745,0,0,0,2026-01-08T12:36:45.220896,
TXN-00005673,204,TRANSFER,9959.22,C1000058,0.0,0.0,M7284757,0,0,0,2026-01-08T12:36:45.220961,
TXN-00005674,204,TRANSFER,2941.5,C1000081,114251.03,111309.54,M4586116,0,0,0,2026-01-08T12:36:45.221025,
TXN-00005675,204,DEBIT,318.29,C1000072,0.0,0.0,M3576292,0,0,0,2026-01-08T12:36:45.221087,
TXN-00005676,554,CASH_OUT,189068.75,C1000070,0.0,0.0,M5743566,0,0,1,2026-01-08T12:36:45.221128,night_transaction
TXN-00005677,204,CASH_OUT,17263.18,C1000079,0.0,0.0,M9354792,0,0,0,2026-01-08T12:36:45.221183,
TXN-00005678,204,PAYMENT,10.0,C1000001,112437.32,112427.32,M7653628,0,0,0,2026-01-08T12:36:45.221239,
TXN-00005679,204,PAYMENT,19978.33,C1000079,0.0,0.0,M5731044,0,0,0,2026-01-08T12:36:45.221294,
TXN-00005680,204,PAYMENT,3962.8,C1000006,294192.46,290229.66,M7158100,0,0,0,2026-01-08T12:36:45.221349,
TXN-00005681,204,TRANSFER,5052.63,C1000097,87862.72,82810.09,M6587186,0,0,0,2026-01-08T12:36:45.221408,
TXN-00005682,204,PAYMENT,10.0,C1000072,0.0,0.0,M1602247,0,0,0,2026-01-08T12:36:45.221466,
TXN-00005683,204,DEBIT,351.5,C1000075,459159.5,458808.01,M8332261,0,0,0,2026-01-08T12:36:45.221526,
TXN-00005684,204,CASH_OUT,305.61,C1000094,224010.69,223705.08,M5690272,0,0,0,2026-01-08T12:36:45.221586,
TXN-00005685,204,TRANSFER,1923.06,C1000017,130149.78,128226.71,M6190981,0,0,0,2026-01-08T12:36:45.221643,
TXN-00005686,204,CASH_OUT,3573.59,C1000087,311135.06,307561.46,M3573210,0,0,0,2026-01-08T12:36:45.221701,
TXN-00005687,148,TRANSFER,33365.93,C1000056,0.0,0.0,M3960779,0,0,1,2026-01-08T12:36:45.221732,night_transaction
TXN-00005688,204,CASH_OUT,5106.37,C1000003,0.0,0.0,M4674328,0,0,0,2026-01-08T12:36:45.221791,
TXN-00005689,204,CASH_OUT,56.47,C1000071,213594.02,213537.55,M2501879,0,0,0,2026-01-08T12:36:45.221846,
TXN-00005690,204,CASH_OUT,15089.31,C1000054,0.0,0.0,M6622660,0,0,0,2026-01-08T12:36:45.221904,
TXN-00005691,204,PAYMENT,2097.02,C1000062,0.0,0.0,M5729330,0,0,0,2026-01-08T12:36:45.221960,
TXN-00005692,204,TRANSFER,4365.3,C1000065,0.0,0.0,M6622232,0,0,0,2026-01-08T12:36:45.222017,
TXN-00005693,194,CASH_OUT,104696.57,C1000024,0.0,0.0,M1136686,0,0,1,2026-01-08T12:36:45.222046,night_transaction
TXN-00005694,204,TRANSFER,10.0,C1000047,16380.18,16370.18,M9055125,0,0,0,2026-01-08T12:36:45.222151,
TXN-00005695,204,CASH_IN,6962.58,C1000011,0.0,6962.58,M6131136,0,0,0,2026-01-08T12:36:45.222266,
TXN-00005696,204,TRANSFER,10.0,C1000082,179383.81,179373.81,M7647714,0,0,0,2026-01-08T12:36:45.222335,
TXN-00005697,204,PAYMENT,7964.34,C1000036,0.0,0.0,M3414534,0,0,0,2026-01-08T12:36:45.222469,
TXN-00005698,204,TRANSFER,10.0,C1000060,61954.51,61944.51,M1246173,0,0,0,2026-01-08T12:36:45.222551,
TXN-00005699,204,CASH_OUT,18755.91,C1000079,0.0,0.0,M2008139,0,0,0,2026-01-08T12:36:45.222616,
TXN-00005700,204,PAYMENT,3259.17,C1000007,80786.93,77527.76,M3001221,0,0,0,2026-01-08T12:36:45.222679,
TXN-00005701,204,CASH_OUT,3370.12,C1000062,0.0,0.0,M1860019,0,0,0,2026-01-08T12:36:45.222741,
TXN-00005702,204,TRANSFER,2528.47,C1000051,390155.94,387627.48,M6564918,0,0,0,2026-01-08T12:36:45.222800,
TXN-00005703,204,TRANSFER,39.1,C1000018,198896.12,198857.02,M3138510,0,0,0,2026-01-08T12:36:45.222862,
TXN-00005704,204,TRANSFER,1383.9,C1000001,112427.32,111043.42,M2279936,0,0,0,2026-01-08T12:36:45.222922,
TXN-00005705,204,PAYMENT,3052.52,C1000062,0.0,0.0,M4511011,0,0,0,2026-01-08T12:36:45.222982,
TXN-00005706,204,PAYMENT,186.44,C1000001,111043.42,110856.99,M3813091,0,0,0,2026-01-08T12:36:45.223041,
TXN-00005707,2,CASH_OUT,80166.1,C1000045,36018.63,0.0,M6752023,0,0,1,2026-01-08T12:36:45.223075,night_transaction
TXN-00005708,204,PAYMENT,4156.43,C1000062,0.0,0.0,M3230360,0,0,0,2026-01-08T12:36:45.223136,
TXN-00005709,204,TRANSFER,13285.59,C1000063,0.0,0.0,M9453630,0,0,0,2026-01-08T12:36:45.223193,
TXN-00005710,204,DEBIT,1418.78,C1000001,110856.99,109438.2,M7415857,0,0,0,2026-01-08T12:36:45.223249,
TXN-00005711,204,CASH_OUT,4529.39,C1000021,0.0,0.0,M8501780,0,0,0,2026-01-08T12:36:45.223309,
TXN-00005712,204,TRANSFER,1550.94,C1000096,340495.29,338944.36,M2325215,0,0,0,2026-01-08T12:36:45.223364,
TXN-00005713,204,CASH_OUT,10.0,C1000089,207280.35,207270.35,M4520960,0,0,0,2026-01-08T12:36:45.223418,
TXN-00005714,204,CASH_OUT,10.0,C1000075,458808.01,458798.01,M4845637,0,0,0,2026-01-08T12:36:45.223468,
TXN-00005715,204,PAYMENT,770.5,C1000044,75762.78,74992.29,M4010637,0,0,0,2026-01-08T12:36:45.223519,
TXN-00005716,204,CASH_OUT,4173.98,C1000065,0.0,0.0,M1652652,0,0,0,2026-01-08T12:36:45.223570,
TXN-00005717,204,DEBIT,298.02,C1000034,89301.54,89003.53,M8536735,0,0,0,2026-01-08T12:36:45.223623,
TXN-00005718,204,PAYMENT,8529.05,C1000097,82810.09,74281.04,M8557545,0,0,0,2026-01-08T12:36:45.223675,
TXN-00005719,204,CASH_OUT,7022.37,C1000011,6962.58,0.0,M4906309,0,0,0,2026-01-08T12:36:45.223726,
TXN-00005720,204,PAYMENT,1813.45,C1000030,60972.34,59158.89,M5952317,0,0,0,2026-01-08T12:36:45.223777,
TXN-00005721,204,PAYMENT,38156.4,C1000012,0.0,0.0,M2269049,0,0,0,2026-01-08T12:36:45.223826,
TXN-00005722,204,PAYMENT,33776.8,C1000073,0.0,0.0,M1717786,0,0,0,2026-01-08T12:36:45.223875,
TXN-00005723,204,TRANSFER,173540.16,C1000050,0.0,0.0,M9009769,0,0,0,2026-01-08T12:36:45.223926,
TXN-00005724,204,TRANSFER,55085.96,C1000000,0.0,0.0,M3565647,0,0,0,2026-01-08T12:36:45.223974,
TXN-00005725,204,PAYMENT,17653.29,C1000095,0.0,0.0,M3349461,0,0,0,2026-01-08T12:36:45.224024,
TXN-00005726,220,CASH_OUT,162883.32,C1000021,0.0,0.0,M3399794,0,0,1,2026-01-08T12:36:45.224051,night_transaction
TXN-00005727,204,PAYMENT,2171.14,C1000040,45092.12,42920.98,M2546065,0,0,0,2026-01-08T12:36:45.224103,
TXN-00005728,204,DEBIT,4948.29,C1000032,60129.31,55181.02,M7760729,0,0,0,2026-01-08T12:36:45.224154,
TXN-00005729,292,TRANSFER,122004.92,C1000071,213537.55,90800.8,M3038488,0,0,1,2026-01-08T12:36:45.224181,night_transaction
TXN-00005730,204,DEBIT,176.09,C1000071,213537.55,213361.46,M3541649,0,0,0,2026-01-08T12:36:45.224237,
TXN-00005731,204,PAYMENT,2416.83,C1000041,295005.25,292588.41,M3366060,0,0,0,2026-01-08T12:36:45.224288,
TXN-00005732,204,DEBIT,2037.71,C1000070,0.0,0.0,M9343100,0,0,0,2026-01-08T12:36:45.224341,
TXN-00005733,204,PAYMENT,5935.43,C1000059,74837.36,68901.93,M6907293,0,0,0,2026-01-08T12:36:45.224392,
TXN-00005734,204,PAYMENT,1350.59,C1000068,146646.64,145296.04,M2180607,0,0,0,2026-01-08T12:36:45.224441,
TXN-00005735,52,TRANSFER,91334.35,C1000054,0.0,0.0,M2011287,0,0,1,2026-01-08T12:36:45.224468,night_transaction
TXN-00005736,204,PAYMENT,37636.44,C1000012,0.0,0.0,M2051498,0,0,0,2026-01-08T12:36:45.224518,
TXN-00005737,484,TRANSFER,145297.42,C1000049,77280.39,-71871.31,M2103369,0,0,1,2026-01-08T12:36:45.224544,night_transaction
TXN-00005738,204,PAYMENT,5538.13,C1000052,38752.5,33214.37,M6933770,0,0,0,2026-01-08T12:36:45.224600,
TXN-00005739,652,TRANSFER,66325.63,C1000094,223705.08,155153.87,M8789367,0,0,1,2026-01-08T12:36:45.224625,night_transaction
TXN-00005740,204,PAYMENT,3910.86,C1000082,179373.81,175462.96,M6510434,0,0,0,2026-01-08T12:36:45.224680,
TXN-00005741,204,CASH_OUT,32848.47,C1000073,0.0,0.0,M2818641,0,0,0,2026-01-08T12:36:45.224732,
TXN-00005742,204,DEBIT,10.0,C1000096,338944.36,338934.36,M3313675,0,0,0,2026-01-08T12:36:45.224783,
TXN-00005743,204,TRANSFER,9945.83,C1000013,0.0,0.0,M9183847,0,0,0,2026-01-08T12:36:45.224834,
TXN-00005744,204,PAYMENT,799.43,C1000055,219024.76,218225.33,M9066531,0,0,0,2026-01-08T12:36:45.224886,
TXN-00005745,204,TRANSFER,226.17,C1000009,136753.51,136527.34,M7790370,0,0,0,2026-01-08T12:36:45.224937,
TXN-00005746,204,PAYMENT,7824.03,C1000011,0.0,0.0,M5678226,0,0,0,2026-01-08T12:36:45.224988,
TXN-00005747,204,PAYMENT,1045.63,C1000083,239333.33,238287.7,M7041415,0,0,0,2026-01-08T12:36:45.225043,
TXN-00005748,204,TRANSFER,1748.2,C1000018,198857.02,197108.82,M4901259,0,0,0,2026-01-08T12:36:45.225101,
TXN-00005749,204,TRANSFER,1125.76,C1000016,202293.12,201167.36,M6924602,0,0,0,2026-01-08T12:36:45.225161,
TXN-00005750,204,PAYMENT,7245.33,C1000011,0.0,0.0,M9966803,0,0,0,2026-01-08T12:36:45.225218,
TXN-00005751,204,TRANSFER,3669.94,C1000006,290229.66,286559.73,M5409689,0,0,0,2026-01-08T12:36:45.225272,
TXN-00005752,204,PAYMENT,1049.8,C1000083,238287.7,237237.9,M3141504,0,0,0,2026-01-08T12:36:45.225327,
TXN-00005753,722,CASH_OUT,31700.8,C1000028,10651.91,0.0,M9557597,0,0,1,2026-01-08T12:36:45.225357,night_transaction
TXN-00005754,204,CASH_OUT,10.0,C1000051,387627.48,387617.48,M1742711,0,0,0,2026-01-08T12:36:45.225411,
TXN-00005755,204,PAYMENT,4572.25,C1000027,0.0,0.0,M1497438,0,0,0,2026-01-08T12:36:45.225495,
TXN-00005756,204,TRANSFER,6223.51,C1000052,33214.37,26990.86,M6128102,0,0,0,2026-01-08T12:36:45.226106,
TXN-00005757,204,DEBIT,3540.4,C1000062,0.0,0.0,M2123723,0,0,0,2026-01-08T12:36:45.226217,
TXN-00005758,204,PAYMENT,10.0,C1000098,266940.69,266930.69,M4414415,0,0,0,2026-01-08T12:36:45.226290,
TXN-00005759,204,TRANSFER,2595.98,C1000069,140930.96,138334.98,M6704780,0,0,0,2026-01-08T12:36:45.226599,
TXN-00005760,204,TRANSFER,16858.65,C1000093,0.0,0.0,M2677733,0,0,0,2026-01-08T12:36:45.226784,
TXN-00005761,204,PAYMENT,2660.06,C1000028,10651.91,7991.84,M5894694,0,0,0,2026-01-08T12:36:45.226884,
TXN-00005762,204,CASH_IN,27038.1,C1000042,0.0,27038.1,M8919884,0,0,0,2026-01-08T12:36:45.226972,
TXN-00005763,204,PAYMENT,20028.37,C1000095,0.0,0.0,M9295423,0,0,0,2026-01-08T12:36:45.227213,
TXN-00005764,204,CASH_OUT,10.0,C1000047,16370.18,16360.18,M7993323,0,0,0,2026-01-08T12:36:45.227388,
TXN-00005765,204,TRANSFER,8568.62,C1000039,0.0,0.0,M4301318,0,0,0,2026-01-08T12:36:45.227534,
TXN-00005766,459,TRANSFER,82314.13,C1000015,75216.6,-4622.41,M7340217,0,0,1,2026-01-08T12:36:45.228602,night_transaction
TXN-00005767,204,PAYMENT,1402.39,C1000075,458798.01,457395.61,M1520778,0,0,0,2026-01-08T12:36:45.228795,
TXN-00005768,204,PAYMENT,1053.37,C1000086,207916.79,206863.43,M1005806,0,0,0,2026-01-08T12:36:45.229215,
TXN-00005769,204,CASH_OUT,20075.82,C1000019,0.0,0.0,M5169921,0,0,0,2026-01-08T12:36:45.231936,
TXN-00005770,204,CASH_OUT,4484.25,C1000065,0.0,0.0,M5991382,0,0,0,2026-01-08T12:36:45.232414,
TXN-00005771,204,PAYMENT,55039.08,C1000000,0.0,0.0,M7026753,0,0,0,2026-01-08T12:36:45.232579,
TXN-00005772,204,TRANSFER,886.13,C1000004,236596.44,235710.31,M5343883,0,0,0,2026-01-08T12:36:45.232667,
TXN-00005773,204,TRANSFER,5994.4,C1000052,26990.86,20996.45,M5445308,0,0,0,2026-01-08T12:36:45.232766,
TXN-00005774,204,CASH_OUT,10.0,C1000068,145296.04,145286.04,M7137111,0,0,0,2026-01-08T12:36:45.232847,
TXN-00005775,315,CASH_OUT,91709.96,C1000018,197108.82,105398.86,M4844491,0,0,1,2026-01-08T12:36:45.232888,night_transaction
TXN-00005776,204,CASH_OUT,5408.12,C1000046,0.0,0.0,M3355622,0,0,0,2026-01-08T12:36:45.232961,
TXN-00005777,204,PAYMENT,10.0,C1000047,16360.18,16350.18,M1265204,0,0,0,2026-01-08T12:36:45.233030,
TXN-00005778,204,TRANSFER,10253.12,C1000005,0.0,0.0,M5866353,0,0,0,2026-01-08T12:36:45.233097,
TXN-00005779,269,CASH_OUT,50837.92,C1000079,0.0,0.0,M2924736,0,0,1,2026-01-08T12:36:45.233132,night_transaction
TXN-00005780,204,TRANSFER,9990.1,C1000057,0.0,0.0,M9573473,0,0,0,2026-01-08T12:36:45.233203,
TXN-00005781,204,TRANSFER,1587.46,C1000090,288051.13,286463.67,M3846298,0,0,0,2026-01-08T12:36:45.233289,
TXN-00005782,204,PAYMENT,4555.99,C1000027,0.0,0.0,M5179835,0,0,0,2026-01-08T12:36:45.233356,
TXN-00005783,204,TRANSFER,19124.88,C1000079,0.0,0.0,M4673637,0,0,0,2026-01-08T12:36:45.233419,
TXN-00005784,204,PAYMENT,1062.84,C1000029,0.0,0.0,M3920478,0,0,0,2026-01-08T12:36:45.233499,
TXN-00005785,204,PAYMENT,8258.25,C1000031,0.0,0.0,M3806160,0,0,0,2026-01-08T12:36:45.233556,
TXN-00005786,204,PAYMENT,5543.03,C1000097,74281.04,68738.01,M8289380,0,0,0,2026-01-08T12:36:45.233616,
TXN-00005787,723,TRANSFER,63028.98,C1000069,138334.98,75306.0,M1081537,0,0,1,2026-01-08T12:36:45.233650,night_transaction
TXN-00005788,204,PAYMENT,243.13,C1000094,223705.08,223461.94,M1931843,0,0,0,2026-01-08T12:36:45.233709,
TXN-00005789,204,TRANSFER,6191.22,C1000052,20996.45,14805.23,M3114961,0,0,0,2026-01-08T12:36:45.233795,
TXN-00005790,204,DEBIT,54792.12,C1000000,0.0,0.0,M7425511,0,0,0,2026-01-08T12:36:45.233850,
TXN-00005791,204,CASH_IN,303.16,C1000060,61944.51,62247.67,M5791281,0,0,0,2026-01-08T12:36:45.233916,
TXN-00005792,204,CASH_IN,7925.62,C1000036,0.0,7925.62,M6548714,0,0,0,2026-01-08T12:36:45.233976,
TXN-00005793,204,PAYMENT,54150.26,C1000000,0.0,0.0,M5749548,0,0,0,2026-01-08T12:36:45.234037,
TXN-00005794,204,PAYMENT,3832.67,C1000028,7991.84,4159.17,M3204127,0,0,0,2026-01-08T12:36:45.234097,
TXN-00005795,204,PAYMENT,1170.17,C1000098,266930.69,265760.52,M6290945,0,0,0,2026-01-08T12:36:45.234154,
TXN-00005796,204,PAYMENT,17833.28,C1000076,53855.62,36022.34,M5943722,0,0,0,2026-01-08T12:36:45.234211,
TXN-00005797,204,PAYMENT,20846.81,C1000024,0.0,0.0,M4339698,0,0,0,2026-01-08T12:36:45.234268,
TXN-00005798,204,PAYMENT,26367.68,C1000056,0.0,0.0,M8104015,0,0,0,2026-01-08T12:36:45.234347,
TXN-00005799,204,CASH_OUT,162.05,C1000080,64496.87,64334.82,M5437932,0,0,0,2026-01-08T12:36:45.234409,
TXN-00005800,204,TRANSFER,251.75,C1000089,207270.35,207018.59,M2265726,0,0,0,2026-01-08T12:36:45.234478,
TXN-00005801,204,DEBIT,55553.16,C1000064,0.0,0.0,M2816842,0,0,0,2026-01-08T12:36:45.234555,
TXN-00005802,204,TRANSFER,10.0,C1000098,265760.52,265750.52,M3876502,0,0,0,2026-01-08T12:36:45.234617,
TXN-00005803,197,CASH_OUT,61225.86,C1000025,38744.1,0.0,M2300886,0,0,1,2026-01-08T12:36:45.234653,night_transaction
TXN-00005804,204,DEBIT,5319.47,C1000010,0.0,0.0,M2042716,0,0,0,2026-01-08T12:36:45.234721,
TXN-00005805,204,CASH_OUT,3309.12,C1000006,286559.73,283250.6,M1618361,0,0,0,2026-01-08T12:36:45.234782,
TXN-00005806,204,TRANSFER,5909.46,C1000046,0.0,0.0,M1691993,0,0,0,2026-01-08T12:36:45.234866,
TXN-00005807,204,PAYMENT,4739.49,C1000040,42920.98,38181.49,M5811642,0,0,0,2026-01-08T12:36:45.234922,
TXN-00005808,204,DEBIT,10.0,C1000060,62247.67,62237.67,M3705363,0,0,0,2026-01-08T12:36:45.234979,
TXN-00005809,204,PAYMENT,6795.47,C1000059,68901.93,62106.46,M3404104,0,0,0,2026-01-08T12:36:45.235036,
TXN-00005810,204,TRANSFER,827.42,C1000038,0.0,0.0,M2985103,0,0,0,2026-01-08T12:36:45.235092,
TXN-00005811,204,PAYMENT,2444.84,C1000026,256038.83,253593.99,M4859967,0,0,0,2026-01-08T12:36:45.235148,
TXN-00005812,204,PAYMENT,1476.65,C1000041,292588.41,291111.76,M2467570,0,0,0,2026-01-08T12:36:45.235202,
TXN-00005813,204,PAYMENT,4955.51,C1000010,0.0,0.0,M2019950,0,0,0,2026-01-08T12:36:45.235257,
TXN-00005814,5,CASH_OUT,142555.49,C1000021,0.0,0.0,M2567988,0,0,1,2026-01-08T12:36:45.235286,night_transaction
TXN-00005815,204,CASH_IN,4535.49,C1000027,0.0,4535.49,M5353724,0,0,0,2026-01-08T12:36:45.235359,
TXN-00005816,653,CASH_OUT,99258.44,C1000027,4535.49,0.0,M8120551,0,0,1,2026-01-08T12:36:45.235394,night_transaction
TXN-00005817,204,CASH_OUT,11707.7,C1000082,175462.96,163755.25,M3789127,0,0,0,2026-01-08T12:36:45.235450,
TXN-00005818,578,CASH_OUT,117509.24,C1000096,338934.36,221425.12,M5126465,0,0,1,2026-01-08T12:36:45.235479,night_transaction
TXN-00005819,204,TRANSFER,1585.36,C1000083,237237.9,235652.54,M4997184,0,0,0,2026-01-08T12:36:45.235535,
TXN-00005820,204,CASH_OUT,17867.02,C1000095,0.0,0.0,M5999619,0,0,0,2026-01-08T12:36:45.235594,
TXN-00005821,204,TRANSFER,10.0,C1000023,57801.04,57791.04,M7349936,0,0,0,2026-01-08T12:36:45.235654,
TXN-00005822,204,PAYMENT,1077.22,C1000018,197108.82,196031.6,M4435812,0,0,0,2026-01-08T12:36:45.235710,
TXN-00005823,204,DEBIT,24414.8,C1000037,0.0,0.0,M4217228,0,0,0,2026-01-08T12:36:45.235768,
TXN-00005824,204,PAYMENT,7537.74,C1000036,7925.62,387.88,M5496637,0,0,0,2026-01-08T12:36:45.235826,
TXN-00005825,204,PAYMENT,3878.82,C1000084,194233.88,190355.06,M6407036,0,0,0,2026-01-08T12:36:45.235900,
TXN-00005826,204,CASH_OUT,1861.22,C1000044,74992.29,73131.07,M6449160,0,0,0,2026-01-08T12:36:45.235956,
TXN-00005827,482,TRANSFER,16528.58,C1000042,27038.1,10509.53,M9954876,0,0,1,2026-01-08T12:36:45.235987,night_transaction
TXN-00005828,245,TRANSFER,132116.55,C1000036,387.88,-126885.96,M9385789,0,0,1,2026-01-08T12:36:45.236015,night_transaction
TXN-00005829,204,DEBIT,251.46,C1000060,62237.67,61986.2,M4517727,0,0,0,2026-01-08T12:36:45.236076,
TXN-00005830,388,CASH_OUT,102683.01,C1000022,48584.92,0.0,M4036403,0,0,1,2026-01-08T12:36:45.236104,night_transaction
TXN-00005831,149,CASH_OUT,139975.32,C1000090,286463.67,146488.35,M5532086,0,0,1,2026-01-08T12:36:45.236129,night_transaction
TXN-00005832,204,PAYMENT,651.63,C1000061,260225.9,259574.26,M6853340,0,0,0,2026-01-08T12:36:45.236190,
TXN-00005833,204,TRANSFER,19857.8,C1000035,127.68,0.0,M1116132,0,0,0,2026-01-08T12:36:45.236249,
TXN-00005834,99,TRANSFER,76504.59,C1000036,387.88,-78916.11,M1599081,0,0,1,2026-01-08T12:36:45.236279,night_transaction
TXN-00005835,204,CASH_OUT,5307.48,C1000025,38744.1,33436.62,M5947364,0,0,0,2026-01-08T12:36:45.236346,
TXN-00005836,204,CASH_OUT,690.0,C1000089,207018.59,206328.6,M1906290,0,0,0,2026-01-08T12:36:45.236427,
TXN-00005837,204,PAYMENT,223.13,C1000009,136527.34,136304.21,M4331829,0,0,0,2026-01-08T12:36:45.236491,
TXN-00005838,204,PAYMENT,2127.5,C1000028,4159.17,2031.67,M5616973,0,0,0,2026-01-08T12:36:45.236553,
TXN-00005839,204,TRANSFER,2629.58,C1000055,218225.33,215595.75,M8516257,0,0,0,2026-01-08T12:36:45.236614,
TXN-00005840,482,CASH_OUT,189586.63,C1000054,0.0,0.0,M3137795,0,0,1,2026-01-08T12:36:45.236646,night_transaction
TXN-00005841,204,PAYMENT,10.0,C1000078,0.0,0.0,M6588372,0,0,0,2026-01-08T12:36:45.236715,
TXN-00005842,204,DEBIT,6301.4,C1000058,0.0,0.0,M3388618,0,0,0,2026-01-08T12:36:45.236769,
TXN-00005843,204,TRANSFER,2858.77,C1000069,138334.98,135476.2,M7607263,0,0,0,2026-01-08T12:36:45.236823,
TXN-00005844,204,PAYMENT,4635.0,C1000065,0.0,0.0,M3935805,0,0,0,2026-01-08T12:36:45.236875,
TXN-00005845,204,TRANSFER,653.66,C1000069,135476.2,134822.54,M2902743,0,0,0,2026-01-08T12:36:45.236945,
TXN-00005846,204,CASH_OUT,10.0,C1000098,265750.52,265740.52,M3208011,0,0,0,2026-01-08T12:36:45.237004,
TXN-00005847,204,TRANSFER,10.0,C1000055,215595.75,215585.75,M4526586,0,0,0,2026-01-08T12:36:45.237061,
TXN-00005848,204,PAYMENT,16593.36,C1000005,0.0,0.0,M4662463,0,0,0,2026-01-08T12:36:45.237116,
TXN-00005849,204,TRANSFER,3703.74,C1000002,325314.34,321610.59,M3926047,0,0,0,2026-01-08T12:36:45.237171,
TXN-00005850,204,CASH_OUT,21153.89,C1000035,0.0,0.0,M9474473,0,0,0,2026-01-08T12:36:45.237228,
TXN-00005851,204,TRANSFER,47930.99,C1000053,0.0,0.0,M5924757,0,0,0,2026-01-08T12:36:45.237282,
TXN-00005852,204,CASH_OUT,24632.33,C1000037,0.0,0.0,M5113895,0,0,0,2026-01-08T12:36:45.237337,
TXN-00005853,204,DEBIT,1816.97,C1000020,390520.25,388703.27,M6029752,0,0,0,2026-01-08T12:36:45.237392,
TXN-00005854,204,CASH_OUT,4651.01,C1000033,146352.55,141701.53,M2006745,0,0,0,2026-01-08T12:36:45.237466,
TXN-00005855,363,TRANSFER,85723.89,C1000003,0.0,-84119.29,M5622725,0,0,1,2026-01-08T12:36:45.237501,night_transaction
TXN-00005856,204,TRANSFER,5203.71,C1000010,0.0,0.0,M8739648,0,0,0,2026-01-08T12:36:45.237568,
TXN-00005857,204,PAYMENT,5491.41,C1000025,33436.62,27945.21,M4523162,0,0,0,2026-01-08T12:36:45.237625,
TXN-00005858,386,TRANSFER,53340.92,C1000018,196031.6,142690.68,M2398308,0,0,1,2026-01-08T12:36:45.237718,night_transaction
TXN-00005859,204,DEBIT,10.0,C1000009,136304.21,136294.21,M6298594,0,0,0,2026-01-08T12:36:45.237908,
TXN-00005860,204,PAYMENT,5886.82,C1000046,0.0,0.0,M4651848,0,0,0,2026-01-08T12:36:45.238009,
TXN-00005861,204,TRANSFER,1224.85,C1000066,1001.07,0.0,M7134470,0,0,0,2026-01-08T12:36:45.238093,
TXN-00005862,204,TRANSFER,1666.37,C1000081,111309.54,109643.16,M7286782,0,0,0,2026-01-08T12:36:45.238171,
TXN-00005863,204,CASH_OUT,1172.8,C1000066,0.0,0.0,M2653200,0,0,0,2026-01-08T12:36:45.238245,
TXN-00005864,204,PAYMENT,17890.79,C1000079,0.0,0.0,M6774259,0,0,0,2026-01-08T12:36:45.238315,
TXN-00005865,724,CASH_OUT,68314.98,C1000010,0.0,0.0,M2284195,0,0,1,2026-01-08T12:36:45.238353,night_transaction
TXN-00005866,204,TRANSFER,922.33,C1000094,223461.94,222539.62,M9643053,0,0,0,2026-01-08T12:36:45.238426,
TXN-00005867,204,PAYMENT,10.0,C1000014,296235.73,296225.73,M2937625,0,0,0,2026-01-08T12:36:45.238499,
TXN-00005868,204,CASH_OUT,4345.44,C1000025,27945.21,23599.77,M8778786,0,0,0,2026-01-08T12:36:45.238581,
TXN-00005869,675,CASH_OUT,158240.79,C1000013,0.0,0.0,M1222402,0,0,1,2026-01-08T12:36:45.238618,night_transaction
TXN-00005870,557,TRANSFER,51517.77,C1000075,457395.61,410544.62,M7429842,0,0,1,2026-01-08T12:36:45.238650,night_transaction
TXN-00005871,204,PAYMENT,8036.44,C1000011,0.0,0.0,M3997791,0,0,0,2026-01-08T12:36:45.238730,
TXN-00005872,204,TRANSFER,786.32,C1000068,145286.04,144499.72,M7131212,0,0,0,2026-01-08T12:36:45.238801,
TXN-00005873,204,DEBIT,2465.26,C1000018,196031.6,193566.34,M5985565,0,0,0,2026-01-08T12:36:45.238883,
TXN-00005874,204,PAYMENT,1810.68,C1000082,163755.25,161944.58,M4471239,0,0,0,2026-01-08T12:36:45.238952,
TXN-00005875,204,CASH_IN,7131.7,C1000057,0.0,7131.7,M3440352,0,0,0,2026-01-08T12:36:45.239019,
TXN-00005876,204,CASH_OUT,5319.82,C1000097,68738.01,63418.19,M1252983,0,0,0,2026-01-08T12:36:45.239097,
TXN-00005877,204,TRANSFER,10250.38,C1000092,0.0,0.0,M2265705,0,0,0,2026-01-08T12:36:45.239168,
TXN-00005878,204,CASH_OUT,10.0,C1000075,457395.61,457385.61,M9962906,0,0,0,2026-01-08T12:36:45.239239,
TXN-00005879,204,TRANSFER,6302.14,C1000046,0.0,0.0,M7373591,0,0,0,2026-01-08T12:36:45.239306,
TXN-00005880,204,CASH_OUT,5000.21,C1000091,0.0,0.0,M8948900,0,0,0,2026-01-08T12:36:45.239371,
TXN-00005881,204,DEBIT,8543.5,C1000080,64334.82,55791.32,M2081082,0,0,0,2026-01-08T12:36:45.239438,
TXN-00005882,628,CASH_OUT,27467.3,C1000095,0.0,0.0,M3860120,0,0,1,2026-01-08T12:36:45.239478,night_transaction
TXN-00005883,204,TRANSFER,155.36,C1000018,193566.34,193410.97,M1292831,0,0,0,2026-01-08T12:36:45.239549,
TXN-00005884,204,DEBIT,2393.6,C1000089,206328.6,203935.0,M2233401,0,0,0,2026-01-08T12:36:45.239626,
TXN-00005885,171,CASH_OUT,114245.08,C1000048,242266.23,128021.15,M2919679,0,0,1,2026-01-08T12:36:45.239663,night_transaction
TXN-00005886,266,TRANSFER,91756.52,C1000096,338934.36,251409.43,M1378236,0,0,1,2026-01-08T12:36:45.239699,night_transaction
TXN-00005887,204,CASH_OUT,10902.42,C1000015,75216.6,64314.18,M2827471,0,0,0,2026-01-08T12:36:45.239781,
TXN-00005888,99,CASH_OUT,56533.18,C1000017,128226.71,71693.54,M4836129,0,0,1,2026-01-08T12:36:45.239818,night_transaction
TXN-00005889,204,CASH_OUT,26348.29,C1000056,0.0,0.0,M1830039,0,0,0,2026-01-08T12:36:45.239895,
TXN-00005890,556,CASH_OUT,86777.06,C1000063,0.0,0.0,M7207473,0,0,1,2026-01-08T12:36:45.239936,night_transaction
TXN-00005891,204,DEBIT,10.0,C1000098,265740.52,265730.52,M1442742,0,0,0,2026-01-08T12:36:45.240005,
TXN-00005892,204,CASH_IN,2399.19,C1000069,134822.54,137221.73,M8852270,0,0,0,2026-01-08T12:36:45.240076,
TXN-00005893,204,TRANSFER,2187.2,C1000069,137221.73,135034.53,M2164649,0,0,0,2026-01-08T12:36:45.240154,
TXN-00005894,204,PAYMENT,8708.94,C1000039,0.0,0.0,M9228519,0,0,0,2026-01-08T12:36:45.240221,
TXN-00005895,204,PAYMENT,535.3,C1000080,55791.32,55256.03,M5156114,0,0,0,2026-01-08T12:36:45.240288,
TXN-00005896,204,PAYMENT,3541.78,C1000045,36018.63,32476.85,M1170201,0,0,0,2026-01-08T12:36:45.240357,
TXN-00005897,204,PAYMENT,1455.41,C1000083,235652.54,234197.13,M3732458,0,0,0,2026-01-08T12:36:45.240424,
TXN-00005898,204,PAYMENT,10.0,C1000064,0.0,0.0,M3683638,0,0,0,2026-01-08T12:36:45.240491,
TXN-00005899,204,TRANSFER,6102.98,C1000033,141701.53,135598.56,M4398183,0,0,0,2026-01-08T12:36:45.240556,
TXN-00005900,204,CASH_OUT,1494.31,C1000055,215585.75,214091.44,M6222374,0,0,0,2026-01-08T12:36:45.240631,
TXN-00005901,204,PAYMENT,4536.79,C1000084,190355.06,185818.27,M5564361,0,0,0,2026-01-08T12:36:45.240699,
TXN-00005902,204,PAYMENT,11209.85,C1000015,64314.18,53104.33,M7865168,0,0,0,2026-01-08T12:36:45.240767,
TXN-00005903,204,PAYMENT,5897.01,C1000082,161944.58,156047.57,M3020264,0,0,0,2026-01-08T12:36:45.240834,
TXN-00005904,204,PAYMENT,3121.63,C1000006,283250.6,280128.97,M1947686,0,0,0,2026-01-08T12:36:45.240898,
TXN-00005905,204,DEBIT,587.44,C1000096,338934.36,338346.92,M7317229,0,0,0,2026-01-08T12:36:45.240965,
TXN-00005906,204,CASH_OUT,483.43,C1000048,242266.23,241782.79,M2845667,0,0,0,2026-01-08T12:36:45.241040,
TXN-00005907,581,CASH_OUT,85481.34,C1000087,307561.46,222080.13,M8157510,0,0,1,2026-01-08T12:36:45.241078,night_transaction
TXN-00005908,204,PAYMENT,10.0,C1000060,61986.2,61976.2,M9872324,0,0,0,2026-01-08T12:36:45.241157,
TXN-00005909,204,CASH_OUT,2671.55,C1000072,0.0,0.0,M6499089,0,0,0,2026-01-08T12:36:45.241226,
TXN-00005910,204,CASH_OUT,1431.75,C1000041,291111.76,289680.01,M7218315,0,0,0,2026-01-08T12:36:45.241297,
TXN-00005911,204,CASH_OUT,10237.4,C1000015,53104.33,42866.93,M5009450,0,0,0,2026-01-08T12:36:45.241367,
TXN-00005912,204,TRANSFER,2505.25,C1000042,27038.1,24532.85,M1186993,0,0,0,2026-01-08T12:36:45.241437,
TXN-00005913,204,TRANSFER,1032.23,C1000040,38181.49,37149.26,M4819672,0,0,0,2026-01-08T12:36:45.241506,
TXN-00005914,204,TRANSFER,1091.02,C1000066,0.0,0.0,M5913079,0,0,0,2026-01-08T12:36:45.241574,
TXN-00005915,204,CASH_IN,4419.21,C1000025,23599.77,28018.98,M7801517,0,0,0,2026-01-08T12:36:45.241648,
TXN-00005916,220,TRANSFER,38211.0,C1000067,0.0,0.0,M8670903,0,0,1,2026-01-08T12:36:45.241692,night_transaction
TXN-00005917,204,PAYMENT,1951.51,C1000007,77527.76,75576.25,M1492847,0,0,0,2026-01-08T12:36:45.241767,
TXN-00005918,204,PAYMENT,1143.27,C1000097,63418.19,62274.92,M5644261,0,0,0,2026-01-08T12:36:45.241834,
TXN-00005919,204,PAYMENT,2440.19,C1000028,2031.67,0.0,M7782964,0,0,0,2026-01-08T12:36:45.241903,
TXN-00005920,204,PAYMENT,5985.88,C1000059,62106.46,56120.58,M8534919,0,0,0,2026-01-08T12:36:45.241975,
TXN-00005921,204,TRANSFER,2678.27,C1000045,32476.85,29798.58,M9926465,0,0,0,2026-01-08T12:36:45.242047,
TXN-00005922,204,CASH_OUT,19207.93,C1000079,0.0,0.0,M4847526,0,0,0,2026-01-08T12:36:45.242120,
TXN-00005923,204,TRANSFER,26773.23,C1000056,0.0,0.0,M8018672,0,0,0,2026-01-08T12:36:45.243460,
TXN-00005924,204,CASH_OUT,119.13,C1000004,235710.31,235591.18,M5692258,0,0,0,2026-01-08T12:36:45.243632,
TXN-00005925,204,TRANSFER,143.7,C1000081,109643.16,109499.46,M3735213,0,0,0,2026-01-08T12:36:45.243733,
TXN-00005926,204,TRANSFER,2169.91,C1000002,321610.59,319440.68,M6062610,0,0,0,2026-01-08T12:36:45.243825,
TXN-00005927,290,CASH_OUT,105301.03,C1000074,0.0,0.0,M8286578,0,0,1,2026-01-08T12:36:45.243963,night_transaction
TXN-00005928,204,PAYMENT,1575.99,C1000085,0.0,0.0,M4566639,0,0,0,2026-01-08T12:36:45.244167,
TXN-00005929,204,TRANSFER,1855.92,C1000018,193410.97,191555.05,M4877362,0,0,0,2026-01-08T12:36:45.244272,
TXN-00005930,204,PAYMENT,10.0,C1000064,0.0,0.0,M3316134,0,0,0,2026-01-08T12:36:45.245021,
TXN-00005931,204,CASH_OUT,2784.66,C1000040,37149.26,34364.6,M5150638,0,0,0,2026-01-08T12:36:45.245990,
TXN-00005932,204,TRANSFER,3189.65,C1000021,0.0,0.0,M1602785,0,0,0,2026-01-08T12:36:45.246374,
TXN-00005933,204,PAYMENT,49801.4,C1000053,0.0,0.0,M3446885,0,0,0,2026-01-08T12:36:45.246487,
TXN-00005934,204,PAYMENT,3263.34,C1000020,388703.27,385439.93,M8599499,0,0,0,2026-01-08T12:36:45.246569,
TXN-00005935,204,PAYMENT,13703.29,C1000063,0.0,0.0,M1560256,0,0,0,2026-01-08T12:36:45.246642,
TXN-00005936,98,TRANSFER,57730.0,C1000059,56120.58,0.0,M7554159,0,0,1,2026-01-08T12:36:45.246678,night_transaction
TXN-00005937,204,PAYMENT,2621.9,C1000028,0.0,0.0,M4932498,0,0,0,2026-01-08T12:36:45.246750,
TXN-00005938,204,PAYMENT,35216.34,C1000012,0.0,0.0,M8661507,0,0,0,2026-01-08T12:36:45.246818,
TXN-00005939,204,TRANSFER,6193.91,C1000031,0.0,0.0,M9912493,0,0,0,2026-01-08T12:36:45.246888,
TXN-00005940,204,PAYMENT,49657.2,C1000053,0.0,0.0,M6694363,0,0,0,2026-01-08T12:36:45.246959,
TXN-00005941,204,DEBIT,15303.26,C1000095,0.0,0.0,M3647748,0,0,0,2026-01-08T12:36:45.247022,
TXN-00005942,204,PAYMENT,941.76,C1000014,296225.73,295283.97,M9908475,0,0,0,2026-01-08T12:36:45.247083,
TXN-00005943,74,CASH_OUT,42994.05,C1000077,114923.09,71929.04,M2162041,0,0,1,2026-01-08T12:36:45.247118,night_transaction
TXN-00005944,204,TRANSFER,10.0,C1000034,89003.53,88993.53,M1007340,0,0,0,2026-01-08T12:36:45.247182,
TXN-00005945,196,TRANSFER,74275.81,C1000097,62274.92,-14052.26,M8515197,0,0,1,2026-01-08T12:36:45.247213,night_transaction
TXN-00005946,204,PAYMENT,11193.85,C1000031,0.0,0.0,M4984596,0,0,0,2026-01-08T12:36:45.247283,
TXN-00005947,204,PAYMENT,3322.82,C1000085,0.0,0.0,M9083643,0,0,0,2026-01-08T12:36:45.247349,
TXN-00005948,628,TRANSFER,111422.3,C1000015,42866.93,-73176.23,M3745548,0,0,1,2026-01-08T12:36:45.247379,night_transaction
TXN-00005949,204,TRANSFER,6530.08,C1000088,0.0,0.0,M3759110,0,0,0,2026-01-08T12:36:45.247443,
TXN-00005950,204,CASH_OUT,1934.58,C1000017,128226.71,126292.14,M5294767,0,0,0,2026-01-08T12:36:45.247500,
TXN-00005951,204,PAYMENT,1789.92,C1000062,0.0,0.0,M5266555,0,0,0,2026-01-08T12:36:45.247556,
TXN-00005952,204,DEBIT,330.6,C1000034,88993.53,88662.92,M8863894,0,0,0,2026-01-08T12:36:45.247611,
TXN-00005953,204,TRANSFER,17756.4,C1000076,36022.34,18265.94,M7096422,0,0,0,2026-01-08T12:36:45.247666,
TXN-00005954,204,PAYMENT,1825.81,C1000049,77280.39,75454.58,M3099355,0,0,0,2026-01-08T12:36:45.247722,
TXN-00005955,204,TRANSFER,1589.81,C1000008,261572.76,259982.95,M5677196,0,0,0,2026-01-08T12:36:45.247777,
TXN-00005956,204,PAYMENT,6577.41,C1000013,0.0,0.0,M9894770,0,0,0,2026-01-08T12:36:45.247837,
TXN-00005957,204,PAYMENT,6638.63,C1000011,0.0,0.0,M6020321,0,0,0,2026-01-08T12:36:45.247892,
TXN-00005958,2,CASH_OUT,49126.21,C1000062,0.0,0.0,M4429254,0,0,1,2026-01-08T12:36:45.247921,night_transaction
TXN-00005959,204,DEBIT,10.0,C1000081,109499.46,109489.46,M1070215,0,0,0,2026-01-08T12:36:45.247979,
TXN-00005960,204,PAYMENT,291.39,C1000004,235591.18,235299.8,M7978566,0,0,0,2026-01-08T12:36:45.248035,
TXN-00005961,204,CASH_OUT,261.34,C1000048,241782.79,241521.45,M7956775,0,0,0,2026-01-08T12:36:45.248091,
TXN-00005962,204,CASH_OUT,5926.0,C1000049,75454.58,69528.58,M9654901,0,0,0,2026-01-08T12:36:45.248145,
TXN-00005963,293,CASH_OUT,197280.3,C1000012,0.0,0.0,M8970785,0,0,1,2026-01-08T12:36:45.248173,night_transaction
TXN-00005964,204,PAYMENT,1685.02,C1000023,57791.04,56106.02,M7775987,0,0,0,2026-01-08T12:36:45.248229,
TXN-00005965,204,PAYMENT,5568.49,C1000091,0.0,0.0,M6497292,0,0,0,2026-01-08T12:36:45.248283,
TXN-00005966,204,PAYMENT,55138.05,C1000000,0.0,0.0,M6658232,0,0,0,2026-01-08T12:36:45.248338,
TXN-00005967,204,TRANSFER,4877.2,C1000010,0.0,0.0,M8790750,0,0,0,2026-01-08T12:36:45.248392,
TXN-00005968,204,TRANSFER,10.0,C1000029,0.0,0.0,M4223694,0,0,0,2026-01-08T12:36:45.248446,
TXN-00005969,204,CASH_IN,3157.35,C1000006,280128.97,283286.32,M1136235,0,0,0,2026-01-08T12:36:45.248499,
TXN-00005970,204,PAYMENT,19821.09,C1000019,0.0,0.0,M1689890,0,0,0,2026-01-08T12:36:45.248554,
TXN-00005971,204,PAYMENT,1006.69,C1000083,234197.13,233190.44,M6674323,0,0,0,2026-01-08T12:36:45.248607,
TXN-00005972,204,CASH_IN,392.09,C1000001,109438.2,109830.29,M5948429,0,0,0,2026-01-08T12:36:45.248660,
TXN-00005973,204,PAYMENT,17583.56,C1000093,0.0,0.0,M8723672,0,0,0,2026-01-08T12:36:45.248715,
TXN-00005974,204,CASH_OUT,7110.44,C1000078,0.0,0.0,M1203509,0,0,0,2026-01-08T12:36:45.248769,
TXN-00005975,204,CASH_OUT,15266.49,C1000095,0.0,0.0,M3156205,0,0,0,2026-01-08T12:36:45.248825,
TXN-00005976,204,CASH_OUT,18387.46,C1000093,0.0,0.0,M7763528,0,0,0,2026-01-08T12:36:45.248880,
TXN-00005977,204,PAYMENT,3906.48,C1000087,307561.46,303654.98,M4412747,0,0,0,2026-01-08T12:36:45.248934,
TXN-00005978,204,TRANSFER,4154.63,C1000006,283286.32,279131.7,M4138629,0,0,0,2026-01-08T12:36:45.248988,
TXN-00005979,204,TRANSFER,11734.77,C1000054,0.0,0.0,M2507898,0,0,0,2026-01-08T12:36:45.249044,
TXN-00005980,204,TRANSFER,1947.73,C1000016,201167.36,199219.63,M5967899,0,0,0,2026-01-08T12:36:45.249099,
TXN-00005981,204,PAYMENT,3740.34,C1000065,0.0,0.0,M1925525,0,0,0,2026-01-08T12:36:45.249154,
TXN-00005982,204,DEBIT,1832.07,C1000020,385439.93,383607.86,M7430520,0,0,0,2026-01-08T12:36:45.249207,
TXN-00005983,461,CASH_OUT,119031.92,C1000025,28018.98,0.0,M1868480,0,0,1,2026-01-08T12:36:45.249236,night_transaction
TXN-00005984,269,CASH_OUT,30417.07,C1000088,0.0,0.0,M2877373,0,0,1,2026-01-08T12:36:45.249263,night_transaction
TXN-00005985,605,CASH_OUT,172536.02,C1000060,61976.2,0.0,M3579546,0,0,1,2026-01-08T12:36:45.249288,night_transaction
TXN-00005986,204,CASH_OUT,7120.91,C1000059,56120.58,48999.67,M7961345,0,0,0,2026-01-08T12:36:45.249343,
TXN-00005987,204,DEBIT,3341.62,C1000051,387617.48,384275.86,M5722083,0,0,0,2026-01-08T12:36:45.249399,
TXN-00005988,204,PAYMENT,2390.06,C1000069,135034.53,132644.47,M6635146,0,0,0,2026-01-08T12:36:45.249453,
TXN-00005989,204,TRANSFER,2550.37,C1000002,319440.68,316890.32,M2628335,0,0,0,2026-01-08T12:36:45.249509,
TXN-00005990,436,CASH_OUT,85678.08,C1000015,42866.93,0.0,M1775397,0,0,1,2026-01-08T12:36:45.249537,night_transaction
TXN-00005991,204,TRANSFER,6157.95,C1000059,48999.67,42841.72,M4034380,0,0,0,2026-01-08T12:36:45.249591,
TXN-00005992,204,CASH_OUT,2415.83,C1000044,73131.07,70715.23,M2504640,0,0,0,2026-01-08T12:36:45.249645,
TXN-00005993,204,TRANSFER,3633.57,C1000087,303654.98,300021.41,M1933057,0,0,0,2026-01-08T12:36:45.249700,
TXN-00005994,204,DEBIT,4156.76,C1000027,4535.49,378.73,M9248146,0,0,0,2026-01-08T12:36:45.249755,
TXN-00005995,204,PAYMENT,7089.56,C1000051,384275.86,377186.3,M3073744,0,0,0,2026-01-08T12:36:45.249812,
TXN-00005996,460,CASH_OUT,98388.34,C1000015,42866.93,0.0,M4064500,0,0,1,2026-01-08T12:36:45.249840,night_transaction
TXN-00005997,437,TRANSFER,39253.68,C1000083,233190.44,193936.76,M2868389,0,0,1,2026-01-08T12:36:45.249868,night_transaction
TXN-00005998,204,TRANSFER,1906.7,C1000017,126292.14,124385.43,M8652260,0,0,0,2026-01-08T12:36:45.249923,
TXN-00005999,204,CASH_IN,10.0,C1000021,0.0,10.0,M7559940,0,0,0,2026-01-08T12:36:45.249977,
