transaction_id,step,type,amount,nameOrig,oldbalanceOrg,newbalanceOrig,nameDest,oldbalanceDest,newbalanceDest,isFraud,timestamp,fraud_pattern
TXN-00006000,204,TRANSFER,271.53,C1000004,235299.8,235028.26,M6872410,0,0,0,2026-01-08T12:36:45.300715,
TXN-00006001,204,PAYMENT,1990.47,C1000017,124385.43,122394.97,M6660663,0,0,0,2026-01-08T12:36:45.300894,
TXN-00006002,204,CASH_IN,10.0,C1000051,377186.3,377196.3,M7511406,0,0,0,2026-01-08T12:36:45.300985,
TXN-00006003,204,PAYMENT,2678.01,C1000045,29798.58,27120.56,M1716130,0,0,0,2026-01-08T12:36:45.301058,
TXN-00006004,204,DEBIT,26336.22,C1000056,0.0,0.0,M3983673,0,0,0,2026-01-08T12:36:45.301125,
TXN-00006005,204,PAYMENT,7261.27,C1000036,387.88,0.0,M9881460,0,0,0,2026-01-08T12:36:45.301184,
TXN-00006006,204,PAYMENT,3204.25,C1000045,27120.56,23916.32,M7034938,0,0,0,2026-01-08T12:36:45.301258,
TXN-00006007,204,CASH_OUT,10.0,C1000034,88662.92,88652.92,M3763929,0,0,0,2026-01-08T12:36:45.301315,
TXN-00006008,204,TRANSFER,2601.16,C1000038,0.0,0.0,M3205817,0,0,0,2026-01-08T12:36:45.301372,
TXN-00006009,204,DEBIT,3634.5,C1000010,0.0,0.0,M4437521,0,0,0,2026-01-08T12:36:45.301429,
TXN-00006010,204,TRANSFER,33754.6,C1000073,0.0,0.0,M8866553,0,0,0,2026-01-08T12:36:45.301485,
TXN-00006011,204,PAYMENT,14282.46,C1000080,55256.03,40973.57,M1068288,0,0,0,2026-01-08T12:36:45.301541,
TXN-00006012,192,TRANSFER,1532994.4695697227,C1000018,191555.05,153022.15,M9713093,0,0,1,2026-01-08T12:36:45.301576,whale_theft
TXN-00006013,204,CASH_IN,6218.68,C1000059,42841.72,49060.4,M1094071,0,0,0,2026-01-08T12:36:45.301652,
TXN-00006014,204,TRANSFER,9612.15,C1000015,42866.93,33254.77,M4122555,0,0,0,2026-01-08T12:36:45.301710,
TXN-00006015,204,PAYMENT,5321.1,C1000084,185818.27,180497.16,M1103625,0,0,0,2026-01-08T12:36:45.301768,
TXN-00006016,204,TRANSFER,4466.64,C1000043,105467.92,101001.28,M9373437,0,0,0,2026-01-08T12:36:45.301826,
TXN-00006017,204,TRANSFER,1830.44,C1000090,286463.67,284633.23,M9322107,0,0,0,2026-01-08T12:36:45.301883,
TXN-00006018,204,CASH_OUT,7086.54,C1000013,0.0,0.0,M1478693,0,0,0,2026-01-08T12:36:45.301941,
TXN-00006019,204,TRANSFER,1232.11,C1000030,59158.89,57926.78,M9042977,0,0,0,2026-01-08T12:36:45.301995,
TXN-00006020,204,PAYMENT,4269.64,C1000043,101001.28,96731.64,M5939617,0,0,0,2026-01-08T12:36:45.302054,
TXN-00006021,204,PAYMENT,6261.93,C1000010,0.0,0.0,M8239280,0,0,0,2026-01-08T12:36:45.302111,
TXN-00006022,204,PAYMENT,1073.97,C1000043,96731.64,95657.67,M6067577,0,0,0,2026-01-08T12:36:45.302167,
TXN-00006023,204,CASH_OUT,10037.9,C1000092,0.0,0.0,M6135967,0,0,0,2026-01-08T12:36:45.302224,
TXN-00006024,204,TRANSFER,7785.15,C1000011,0.0,0.0,M3936639,0,0,0,2026-01-08T12:36:45.302279,
TXN-00006025,204,PAYMENT,21667.89,C1000095,0.0,0.0,M1994990,0,0,0,2026-01-08T12:36:45.302344,
TXN-00006026,204,CASH_OUT,1529.16,C1000020,383607.86,382078.7,M4667237,0,0,0,2026-01-08T12:36:45.302399,
TXN-00006027,204,TRANSFER,13000.32,C1000005,0.0,0.0,M2944127,0,0,0,2026-01-08T12:36:45.302455,
TXN-00006028,204,CASH_OUT,10.0,C1000080,40973.57,40963.57,M8120377,0,0,0,2026-01-08T12:36:45.302523,
TXN-00006029,204,CASH_OUT,1291.83,C1000077,114923.09,113631.27,M5977940,0,0,0,2026-01-08T12:36:45.302585,
TXN-00006030,204,DEBIT,10.0,C1000021,10.0,0.0,M2822121,0,0,0,2026-01-08T12:36:45.302640,
TXN-00006031,204,PAYMENT,6801.02,C1000011,0.0,0.0,M1440249,0,0,0,2026-01-08T12:36:45.302695,
TXN-00006032,204,TRANSFER,496.64,C1000008,259982.95,259486.3,M6831006,0,0,0,2026-01-08T12:36:45.302751,
TXN-00006033,204,DEBIT,1829.65,C1000066,0.0,0.0,M5059315,0,0,0,2026-01-08T12:36:45.302806,
TXN-00006034,204,CASH_OUT,14625.14,C1000095,0.0,0.0,M5630934,0,0,0,2026-01-08T12:36:45.302863,
TXN-00006035,204,DEBIT,5197.16,C1000046,0.0,0.0,M2208971,0,0,0,2026-01-08T12:36:45.302918,
TXN-00006036,204,PAYMENT,13405.31,C1000063,0.0,0.0,M3838592,0,0,0,2026-01-08T12:36:45.302971,
TXN-00006037,204,PAYMENT,33538.87,C1000073,0.0,0.0,M3204498,0,0,0,2026-01-08T12:36:45.303050,
TXN-00006038,204,PAYMENT,10205.08,C1000092,0.0,0.0,M1592978,0,0,0,2026-01-08T12:36:45.303110,
TXN-00006039,204,PAYMENT,686.18,C1000097,62274.92,61588.74,M3472927,0,0,0,2026-01-08T12:36:45.303164,
TXN-00006040,204,CASH_OUT,3739.48,C1000062,0.0,0.0,M3363660,0,0,0,2026-01-08T12:36:45.303220,
TXN-00006041,204,PAYMENT,13835.34,C1000063,0.0,0.0,M1334235,0,0,0,2026-01-08T12:36:45.303274,
TXN-00006042,204,TRANSFER,1188.57,C1000083,233190.44,232001.87,M5923813,0,0,0,2026-01-08T12:36:45.303328,
TXN-00006043,204,CASH_OUT,3032.13,C1000058,0.0,0.0,M5661741,0,0,0,2026-01-08T12:36:45.303389,
TXN-00006044,204,CASH_OUT,23382.69,C1000024,0.0,0.0,M6686992,0,0,0,2026-01-08T12:36:45.303446,
TXN-00006045,204,DEBIT,8114.46,C1000036,0.0,0.0,M6805019,0,0,0,2026-01-08T12:36:45.303499,
TXN-00006046,204,PAYMENT,10.0,C1000004,235028.26,235018.26,M5013312,0,0,0,2026-01-08T12:36:45.303553,
TXN-00006047,204,PAYMENT,41.75,C1000096,338346.92,338305.17,M7840599,0,0,0,2026-01-08T12:36:45.303616,
TXN-00006048,192,CASH_OUT,1518353.5863774028,C1000054,0.0,0.0,M4566681,0,0,1,2026-01-08T12:36:45.303650,whale_theft
TXN-00006049,204,DEBIT,2977.33,C1000047,16350.18,13372.85,M2470652,0,0,0,2026-01-08T12:36:45.303716,
TXN-00006050,204,CASH_OUT,10.0,C1000055,214091.44,214081.44,M9320930,0,0,0,2026-01-08T12:36:45.303777,
TXN-00006051,204,CASH_IN,10.0,C1000023,56106.02,56116.02,M6544444,0,0,0,2026-01-08T12:36:45.303833,
TXN-00006052,204,PAYMENT,1855.27,C1000026,253593.99,251738.72,M4443603,0,0,0,2026-01-08T12:36:45.303890,
TXN-00006053,204,DEBIT,282.43,C1000004,235018.26,234735.83,M6778611,0,0,0,2026-01-08T12:36:45.303947,
TXN-00006054,204,PAYMENT,3392.66,C1000089,203935.0,200542.34,M8346179,0,0,0,2026-01-08T12:36:45.304002,
TXN-00006055,204,CASH_OUT,5094.24,C1000059,49060.4,43966.16,M8322688,0,0,0,2026-01-08T12:36:45.304057,
TXN-00006056,204,PAYMENT,19085.28,C1000035,0.0,0.0,M5279916,0,0,0,2026-01-08T12:36:45.304112,
TXN-00006057,204,PAYMENT,4470.33,C1000082,156047.57,151577.23,M6113032,0,0,0,2026-01-08T12:36:45.304165,
TXN-00006058,204,DEBIT,53710.75,C1000000,0.0,0.0,M3000483,0,0,0,2026-01-08T12:36:45.304220,
TXN-00006059,204,PAYMENT,19518.12,C1000093,0.0,0.0,M3522181,0,0,0,2026-01-08T12:36:45.304273,
TXN-00006060,215,TRANSFER,823834.6538488923,C1000041,289680.01,201363.64,M4211163,0,0,1,2026-01-08T12:36:45.304301,whale_theft
TXN-00006061,204,DEBIT,3126.22,C1000026,251738.72,248612.5,M1184751,0,0,0,2026-01-08T12:36:45.304371,
TXN-00006062,204,TRANSFER,136.53,C1000007,75576.25,75439.72,M6405231,0,0,0,2026-01-08T12:36:45.304426,
TXN-00006063,204,DEBIT,7450.05,C1000099,131480.99,124030.93,M9665880,0,0,0,2026-01-08T12:36:45.304484,
TXN-00006064,204,TRANSFER,209.17,C1000075,457385.61,457176.45,M2388976,0,0,0,2026-01-08T12:36:45.304539,
TXN-00006065,204,CASH_OUT,1275.57,C1000004,234735.83,233460.26,M2976780,0,0,0,2026-01-08T12:36:45.304605,
TXN-00006066,204,CASH_OUT,1039.84,C1000084,180497.16,179457.32,M5093083,0,0,0,2026-01-08T12:36:45.304666,
TXN-00006067,204,PAYMENT,29652.64,C1000067,0.0,0.0,M1822561,0,0,0,2026-01-08T12:36:45.304722,
TXN-00006068,204,CASH_OUT,8744.51,C1000039,0.0,0.0,M4450021,0,0,0,2026-01-08T12:36:45.304778,
TXN-00006069,204,PAYMENT,19424.33,C1000019,0.0,0.0,M5598027,0,0,0,2026-01-08T12:36:45.304834,
TXN-00006070,204,TRANSFER,55729.17,C1000000,0.0,0.0,M9709289,0,0,0,2026-01-08T12:36:45.304894,
TXN-00006071,204,PAYMENT,10749.64,C1000015,33254.77,22505.13,M8389449,0,0,0,2026-01-08T12:36:45.304947,
TXN-00006072,197,CASH_OUT,1189691.8048176211,C1000003,0.0,0.0,M2415318,0,0,1,2026-01-08T12:36:45.304981,whale_theft
TXN-00006073,204,PAYMENT,2562.62,C1000069,132644.47,130081.85,M2728323,0,0,0,2026-01-08T12:36:45.305042,
TXN-00006074,194,CASH_OUT,1985820.8768402853,C1000094,222539.62,147225.15,M7359545,0,0,1,2026-01-08T12:36:45.305071,whale_theft
TXN-00006075,204,CASH_OUT,858.45,C1000051,377196.3,376337.85,M8866735,0,0,0,2026-01-08T12:36:45.305132,
TXN-00006076,204,PAYMENT,10.0,C1000048,241521.45,241511.45,M2581359,0,0,0,2026-01-08T12:36:45.305190,
TXN-00006077,204,TRANSFER,7276.66,C1000011,0.0,0.0,M2611706,0,0,0,2026-01-08T12:36:45.305249,
TXN-00006078,204,PAYMENT,365.76,C1000061,259574.26,259208.5,M3785812,0,0,0,2026-01-08T12:36:45.305309,
TXN-00006079,204,CASH_OUT,7566.4,C1000036,0.0,0.0,M6161587,0,0,0,2026-01-08T12:36:45.305369,
TXN-00006080,204,TRANSFER,13593.56,C1000063,0.0,0.0,M9065482,0,0,0,2026-01-08T12:36:45.305424,
TXN-00006081,204,TRANSFER,4053.56,C1000049,69528.58,65475.02,M2829372,0,0,0,2026-01-08T12:36:45.305480,
TXN-00006082,204,PAYMENT,3220.69,C1000044,70715.23,67494.54,M7223853,0,0,0,2026-01-08T12:36:45.305543,
TXN-00006083,204,PAYMENT,922.1,C1000007,75439.72,74517.62,M2352814,0,0,0,2026-01-08T12:36:45.305604,
TXN-00006084,204,PAYMENT,5001.97,C1000027,378.73,0.0,M2844362,0,0,0,2026-01-08T12:36:45.305675,
TXN-00006085,204,DEBIT,7058.6,C1000058,0.0,0.0,M2681227,0,0,0,2026-01-08T12:36:45.305731,
TXN-00006086,204,DEBIT,35797.85,C1000067,0.0,0.0,M7632991,0,0,0,2026-01-08T12:36:45.305788,
TXN-00006087,204,DEBIT,1717.7,C1000082,151577.23,149859.53,M1094780,0,0,0,2026-01-08T12:36:45.305845,
TXN-00006088,204,PAYMENT,2404.81,C1000045,23916.32,21511.51,M3201526,0,0,0,2026-01-08T12:36:45.306116,
TXN-00006089,204,PAYMENT,14693.12,C1000005,0.0,0.0,M4061386,0,0,0,2026-01-08T12:36:45.306202,
TXN-00006090,204,TRANSFER,8554.65,C1000039,0.0,0.0,M9144769,0,0,0,2026-01-08T12:36:45.306272,
TXN-00006091,204,PAYMENT,10.0,C1000041,289680.01,289670.01,M7725328,0,0,0,2026-01-08T12:36:45.306332,
TXN-00006092,204,CASH_OUT,13542.78,C1000063,0.0,0.0,M1402966,0,0,0,2026-01-08T12:36:45.306397,
TXN-00006093,204,PAYMENT,521.89,C1000075,457176.45,456654.56,M2266133,0,0,0,2026-01-08T12:36:45.306462,
TXN-00006094,204,CASH_OUT,4673.97,C1000057,7131.7,2457.73,M3111787,0,0,0,2026-01-08T12:36:45.312952,
TXN-00006095,204,CASH_OUT,10.0,C1000057,2457.73,2447.73,M5471470,0,0,0,2026-01-08T12:36:45.313192,
TXN-00006096,197,CASH_OUT,1545917.7679073745,C1000035,0.0,0.0,M9261487,0,0,1,2026-01-08T12:36:45.313269,whale_theft
TXN-00006097,204,DEBIT,3250.39,C1000028,0.0,0.0,M6381543,0,0,0,2026-01-08T12:36:45.313447,
TXN-00006098,204,PAYMENT,673.81,C1000083,232001.87,231328.06,M1956288,0,0,0,2026-01-08T12:36:45.313665,
TXN-00006099,204,TRANSFER,11218.13,C1000015,22505.13,11287.01,M8259742,0,0,0,2026-01-08T12:36:45.313771,
TXN-00006100,204,DEBIT,4041.66,C1000021,0.0,0.0,M3091450,0,0,0,2026-01-08T12:36:45.313847,
TXN-00006101,204,PAYMENT,17872.14,C1000093,0.0,0.0,M1120548,0,0,0,2026-01-08T12:36:45.313935,
TXN-00006102,204,PAYMENT,10.0,C1000061,259208.5,259198.5,M2992473,0,0,0,2026-01-08T12:36:45.314014,
TXN-00006103,204,CASH_OUT,2009.08,C1000086,206863.43,204854.35,M1053367,0,0,0,2026-01-08T12:36:45.314076,
TXN-00006104,204,CASH_IN,2148.86,C1000029,0.0,2148.86,M5113231,0,0,0,2026-01-08T12:36:45.314140,
TXN-00006105,204,CASH_OUT,8005.28,C1000036,0.0,0.0,M7421131,0,0,0,2026-01-08T12:36:45.314471,
TXN-00006106,204,CASH_IN,10.0,C1000055,214081.44,214091.44,M6546164,0,0,0,2026-01-08T12:36:45.315105,
TXN-00006107,204,PAYMENT,2444.3,C1000026,248612.5,246168.2,M4483098,0,0,0,2026-01-08T12:36:45.315264,
TXN-00006108,204,DEBIT,7720.41,C1000057,2447.73,0.0,M2341470,0,0,0,2026-01-08T12:36:45.315490,
TXN-00006109,204,DEBIT,6290.59,C1000078,0.0,0.0,M1117970,0,0,0,2026-01-08T12:36:45.315573,
TXN-00006110,204,CASH_OUT,9198.6,C1000054,0.0,0.0,M4974735,0,0,0,2026-01-08T12:36:45.315643,
TXN-00006111,204,PAYMENT,1191.55,C1000022,48584.92,47393.36,M2686874,0,0,0,2026-01-08T12:36:45.315705,
TXN-00006112,204,PAYMENT,6273.56,C1000088,0.0,0.0,M8311343,0,0,0,2026-01-08T12:36:45.315772,
TXN-00006113,204,DEBIT,1906.3,C1000062,0.0,0.0,M1766318,0,0,0,2026-01-08T12:36:45.315826,
TXN-00006114,204,TRANSFER,2783.79,C1000026,246168.2,243384.41,M5423148,0,0,0,2026-01-08T12:36:45.315879,
TXN-00006115,204,CASH_OUT,6022.59,C1000003,0.0,0.0,M1813197,0,0,0,2026-01-08T12:36:45.315957,
TXN-00006116,204,DEBIT,10.0,C1000047,13372.85,13362.85,M6775445,0,0,0,2026-01-08T12:36:45.316031,
TXN-00006117,204,CASH_OUT,173303.07,C1000050,0.0,0.0,M2536419,0,0,0,2026-01-08T12:36:45.316101,
TXN-00006118,204,CASH_OUT,1475.37,C1000030,57926.78,56451.41,M9875037,0,0,0,2026-01-08T12:36:45.316165,
TXN-00006119,204,CASH_OUT,10815.77,C1000015,11287.01,471.24,M6199466,0,0,0,2026-01-08T12:36:45.316228,
TXN-00006120,204,DEBIT,16030.53,C1000064,0.0,0.0,M8989934,0,0,0,2026-01-08T12:36:45.316289,
TXN-00006121,204,TRANSFER,1537.23,C1000085,0.0,0.0,M6844201,0,0,0,2026-01-08T12:36:45.316345,
TXN-00006122,204,TRANSFER,2811.31,C1000089,200542.34,197731.03,M2455419,0,0,0,2026-01-08T12:36:45.316401,
TXN-00006123,204,TRANSFER,2002.52,C1000055,214091.44,212088.92,M4738957,0,0,0,2026-01-08T12:36:45.316464,
TXN-00006124,204,PAYMENT,13288.71,C1000054,0.0,0.0,M4766735,0,0,0,2026-01-08T12:36:45.316526,
TXN-00006125,204,CASH_OUT,26454.65,C1000056,0.0,0.0,M1501952,0,0,0,2026-01-08T12:36:45.316582,
TXN-00006126,204,CASH_OUT,12539.05,C1000074,0.0,0.0,M5132452,0,0,0,2026-01-08T12:36:45.316637,
TXN-00006127,204,PAYMENT,4075.27,C1000087,300021.41,295946.14,M5969962,0,0,0,2026-01-08T12:36:45.316695,
TXN-00006128,204,CASH_OUT,275.56,C1000089,197731.03,197455.47,M9540226,0,0,0,2026-01-08T12:36:45.316753,
TXN-00006129,204,CASH_OUT,323.53,C1000033,135598.56,135275.03,M1074990,0,0,0,2026-01-08T12:36:45.316827,
TXN-00006130,204,TRANSFER,4685.7,C1000087,295946.14,291260.44,M1557981,0,0,0,2026-01-08T12:36:45.316888,
TXN-00006131,204,CASH_OUT,26549.05,C1000056,0.0,0.0,M7079324,0,0,0,2026-01-08T12:36:45.316943,
TXN-00006132,204,TRANSFER,1022.04,C1000071,213361.46,212339.42,M3886415,0,0,0,2026-01-08T12:36:45.317015,
TXN-00006133,204,PAYMENT,8363.52,C1000039,0.0,0.0,M2953712,0,0,0,2026-01-08T12:36:45.317075,
TXN-00006134,204,PAYMENT,522.77,C1000094,222539.62,222016.85,M7091247,0,0,0,2026-01-08T12:36:45.317137,
TXN-00006135,204,CASH_IN,722.94,C1000022,47393.36,48116.3,M3820880,0,0,0,2026-01-08T12:36:45.317199,
TXN-00006136,204,PAYMENT,2628.39,C1000045,21511.51,18883.11,M3566686,0,0,0,2026-01-08T12:36:45.317254,
TXN-00006137,204,PAYMENT,1627.67,C1000030,56451.41,54823.75,M5626180,0,0,0,2026-01-08T12:36:45.317310,
TXN-00006138,204,PAYMENT,3795.54,C1000087,291260.44,287464.89,M9011863,0,0,0,2026-01-08T12:36:45.317365,
TXN-00006139,204,CASH_OUT,692.19,C1000060,61976.2,61284.01,M1100126,0,0,0,2026-01-08T12:36:45.317425,
TXN-00006140,204,PAYMENT,10.0,C1000078,0.0,0.0,M9437411,0,0,0,2026-01-08T12:36:45.317481,
TXN-00006141,204,PAYMENT,1632.89,C1000022,48116.3,46483.41,M2545741,0,0,0,2026-01-08T12:36:45.317536,
TXN-00006142,204,PAYMENT,494.68,C1000004,233460.26,232965.58,M2196730,0,0,0,2026-01-08T12:36:45.317593,
TXN-00006143,204,PAYMENT,4490.81,C1000065,0.0,0.0,M8111427,0,0,0,2026-01-08T12:36:45.317652,
TXN-00006144,204,TRANSFER,7420.9,C1000099,124030.93,116610.04,M3229991,0,0,0,2026-01-08T12:36:45.317708,
TXN-00006145,204,DEBIT,17691.11,C1000076,18265.94,574.82,M4225065,0,0,0,2026-01-08T12:36:45.317762,
TXN-00006146,204,TRANSFER,6332.5,C1000088,0.0,0.0,M4661652,0,0,0,2026-01-08T12:36:45.317819,
TXN-00006147,204,CASH_OUT,402.33,C1000030,54823.75,54421.42,M7910280,0,0,0,2026-01-08T12:36:45.317880,
TXN-00006148,204,PAYMENT,12270.86,C1000054,0.0,0.0,M3422961,0,0,0,2026-01-08T12:36:45.317951,
TXN-00006149,204,CASH_OUT,8255.55,C1000039,0.0,0.0,M3066193,0,0,0,2026-01-08T12:36:45.318020,
TXN-00006150,204,PAYMENT,10.0,C1000075,456654.56,456644.56,M9188601,0,0,0,2026-01-08T12:36:45.318083,
TXN-00006151,204,PAYMENT,732.19,C1000022,46483.41,45751.22,M5759739,0,0,0,2026-01-08T12:36:45.318141,
TXN-00006152,204,TRANSFER,2693.21,C1000038,0.0,0.0,M9041008,0,0,0,2026-01-08T12:36:45.318199,
TXN-00006153,204,PAYMENT,2286.57,C1000029,2148.86,0.0,M1825845,0,0,0,2026-01-08T12:36:45.318253,
TXN-00006154,204,CASH_OUT,6680.46,C1000049,65475.02,58794.55,M2702531,0,0,0,2026-01-08T12:36:45.318310,
TXN-00006155,204,CASH_OUT,48041.71,C1000053,0.0,0.0,M3058346,0,0,0,2026-01-08T12:36:45.318366,
TXN-00006156,204,CASH_OUT,1867.15,C1000040,34364.6,32497.45,M1524031,0,0,0,2026-01-08T12:36:45.318422,
TXN-00006157,204,CASH_OUT,7297.74,C1000036,0.0,0.0,M1855890,0,0,0,2026-01-08T12:36:45.318478,
TXN-00006158,204,PAYMENT,24457.53,C1000067,0.0,0.0,M9004907,0,0,0,2026-01-08T12:36:45.318535,
TXN-00006159,204,CASH_IN,34146.82,C1000073,0.0,34146.82,M7587233,0,0,0,2026-01-08T12:36:45.318591,
TXN-00006160,204,PAYMENT,3885.54,C1000087,287464.89,283579.36,M9196448,0,0,0,2026-01-08T12:36:45.318648,
TXN-00006161,204,TRANSFER,1594.22,C1000066,0.0,0.0,M2766406,0,0,0,2026-01-08T12:36:45.318706,
TXN-00006162,194,TRANSFER,1821222.1637397853,C1000052,14805.23,-77081.32,M3934973,0,0,1,2026-01-08T12:36:45.318737,whale_theft
TXN-00006163,204,PAYMENT,4005.72,C1000082,149859.53,145853.81,M3361048,0,0,0,2026-01-08T12:36:45.318805,
TXN-00006164,204,PAYMENT,4923.64,C1000032,55181.02,50257.38,M6208250,0,0,0,2026-01-08T12:36:45.318866,
TXN-00006165,204,DEBIT,1601.58,C1000090,284633.23,283031.65,M3059310,0,0,0,2026-01-08T12:36:45.318923,
TXN-00006166,204,PAYMENT,1393.84,C1000083,231328.06,229934.22,M9239966,0,0,0,2026-01-08T12:36:45.319017,
TXN-00006167,204,TRANSFER,16.34,C1000009,136294.21,136277.87,M3248000,0,0,0,2026-01-08T12:36:45.319076,
TXN-00006168,204,TRANSFER,751.08,C1000081,109489.46,108738.38,M1203560,0,0,0,2026-01-08T12:36:45.319133,
TXN-00006169,204,PAYMENT,7617.1,C1000099,116610.04,108992.93,M5765095,0,0,0,2026-01-08T12:36:45.319195,
TXN-00006170,204,CASH_OUT,8603.13,C1000039,0.0,0.0,M4638969,0,0,0,2026-01-08T12:36:45.319257,
TXN-00006171,204,TRANSFER,4835.74,C1000032,50257.38,45421.64,M3423155,0,0,0,2026-01-08T12:36:45.319314,
TXN-00006172,204,PAYMENT,7484.58,C1000036,0.0,0.0,M5840410,0,0,0,2026-01-08T12:36:45.319370,
TXN-00006173,204,PAYMENT,4453.93,C1000097,61588.74,57134.81,M1857443,0,0,0,2026-01-08T12:36:45.319429,
TXN-00006174,204,PAYMENT,125.09,C1000004,232965.58,232840.48,M9041440,0,0,0,2026-01-08T12:36:45.319489,
TXN-00006175,204,CASH_OUT,1308.7,C1000061,259198.5,257889.8,M3185516,0,0,0,2026-01-08T12:36:45.319546,
TXN-00006176,204,TRANSFER,10.0,C1000040,32497.45,32487.45,M9016151,0,0,0,2026-01-08T12:36:45.319603,
TXN-00006177,204,PAYMENT,698.34,C1000094,222016.85,221318.51,M8477375,0,0,0,2026-01-08T12:36:45.319664,
TXN-00006178,204,TRANSFER,851.45,C1000001,109830.29,108978.84,M8663678,0,0,0,2026-01-08T12:36:45.319723,
TXN-00006179,204,CASH_IN,2358.85,C1000069,130081.85,132440.7,M6627029,0,0,0,2026-01-08T12:36:45.319781,
TXN-00006180,204,TRANSFER,1860.16,C1000022,45751.22,43891.06,M3040971,0,0,0,2026-01-08T12:36:45.319838,
TXN-00006181,204,CASH_OUT,1307.89,C1000090,283031.65,281723.76,M1920663,0,0,0,2026-01-08T12:36:45.319895,
TXN-00006182,204,CASH_OUT,8047.78,C1000011,0.0,0.0,M3585503,0,0,0,2026-01-08T12:36:45.319955,
TXN-00006183,204,PAYMENT,13594.57,C1000063,0.0,0.0,M1491506,0,0,0,2026-01-08T12:36:45.320012,
TXN-00006184,204,DEBIT,5625.19,C1000096,338305.17,332679.98,M3395498,0,0,0,2026-01-08T12:36:45.320086,
TXN-00006185,204,PAYMENT,3667.87,C1000091,0.0,0.0,M8335983,0,0,0,2026-01-08T12:36:45.320142,
TXN-00006186,214,CASH_OUT,1608249.3612021026,C1000077,113631.27,92176.6,M3656314,0,0,1,2026-01-08T12:36:45.320175,whale_theft
TXN-00006187,204,PAYMENT,2672.04,C1000084,179457.32,176785.28,M6668228,0,0,0,2026-01-08T12:36:45.320242,
TXN-00006188,204,TRANSFER,5362.01,C1000003,0.0,0.0,M8771240,0,0,0,2026-01-08T12:36:45.320301,
TXN-00006189,204,DEBIT,12.19,C1000057,0.0,0.0,M3041476,0,0,0,2026-01-08T12:36:45.320359,
TXN-00006190,204,TRANSFER,21941.68,C1000019,0.0,0.0,M7390428,0,0,0,2026-01-08T12:36:45.320417,
TXN-00006191,204,CASH_OUT,5020.47,C1000010,0.0,0.0,M8156135,0,0,0,2026-01-08T12:36:45.320472,
TXN-00006192,204,TRANSFER,5331.96,C1000003,0.0,0.0,M8435738,0,0,0,2026-01-08T12:36:45.320541,
TXN-00006193,204,CASH_IN,33035.41,C1000073,34146.82,67182.22,M3835638,0,0,0,2026-01-08T12:36:45.320702,
TXN-00006194,204,PAYMENT,3784.03,C1000087,283579.36,279795.33,M1379207,0,0,0,2026-01-08T12:36:45.320796,
TXN-00006195,204,PAYMENT,33959.28,C1000073,67182.22,33222.94,M7314447,0,0,0,2026-01-08T12:36:45.320862,
TXN-00006196,204,TRANSFER,18554.68,C1000024,0.0,0.0,M5291853,0,0,0,2026-01-08T12:36:45.320928,
TXN-00006197,204,PAYMENT,4188.49,C1000069,132440.7,128252.21,M8969333,0,0,0,2026-01-08T12:36:45.321001,
TXN-00006198,204,PAYMENT,1095.07,C1000083,229934.22,228839.15,M9192486,0,0,0,2026-01-08T12:36:45.321080,
TXN-00006199,204,PAYMENT,1243.52,C1000001,108978.84,107735.32,M7166659,0,0,0,2026-01-08T12:36:45.321170,
TXN-00006200,204,CASH_OUT,7795.09,C1000013,0.0,0.0,M8638212,0,0,0,2026-01-08T12:36:45.321248,
TXN-00006201,204,PAYMENT,2179.55,C1000051,376337.85,374158.3,M7333846,0,0,0,2026-01-08T12:36:45.321326,
TXN-00006202,204,DEBIT,1395.59,C1000008,259486.3,258090.71,M9176118,0,0,0,2026-01-08T12:36:45.321398,
TXN-00006203,204,PAYMENT,1818.85,C1000069,128252.21,126433.36,M9450607,0,0,0,2026-01-08T12:36:45.321463,
TXN-00006204,203,CASH_OUT,1164975.415430205,C1000053,0.0,0.0,M5746067,0,0,1,2026-01-08T12:36:45.321500,whale_theft
TXN-00006205,204,PAYMENT,20541.43,C1000079,0.0,0.0,M9528702,0,0,0,2026-01-08T12:36:45.321568,
TXN-00006206,204,PAYMENT,2186.09,C1000022,43891.06,41704.97,M8921167,0,0,0,2026-01-08T12:36:45.321626,
TXN-00006207,204,PAYMENT,6080.38,C1000059,43966.16,37885.78,M1594734,0,0,0,2026-01-08T12:36:45.321685,
TXN-00006208,204,CASH_OUT,10.0,C1000014,295283.97,295273.97,M3406564,0,0,0,2026-01-08T12:36:45.321738,
TXN-00006209,201,CASH_OUT,777938.0527794608,C1000075,456644.56,408172.11,M5374280,0,0,1,2026-01-08T12:36:45.321767,whale_theft
TXN-00006210,204,CASH_IN,5935.5,C1000047,13362.85,19298.36,M5694812,0,0,0,2026-01-08T12:36:45.321830,
TXN-00006211,204,TRANSFER,1785.31,C1000020,382078.7,380293.39,M7395768,0,0,0,2026-01-08T12:36:45.321890,
TXN-00006212,204,CASH_IN,10.0,C1000066,0.0,10.0,M1321838,0,0,0,2026-01-08T12:36:45.321949,
TXN-00006213,204,PAYMENT,11964.36,C1000015,471.24,0.0,M9018794,0,0,0,2026-01-08T12:36:45.322002,
TXN-00006214,204,DEBIT,2271.22,C1000068,144499.72,142228.5,M8518526,0,0,0,2026-01-08T12:36:45.322060,
TXN-00006215,204,TRANSFER,2860.71,C1000028,0.0,0.0,M1224813,0,0,0,2026-01-08T12:36:45.322119,
TXN-00006216,204,TRANSFER,10356.87,C1000013,0.0,0.0,M3952055,0,0,0,2026-01-08T12:36:45.322175,
TXN-00006217,204,PAYMENT,8998.02,C1000054,0.0,0.0,M3771108,0,0,0,2026-01-08T12:36:45.322260,
TXN-00006218,204,CASH_OUT,7276.82,C1000011,0.0,0.0,M5580369,0,0,0,2026-01-08T12:36:45.322318,
TXN-00006219,204,PAYMENT,7804.4,C1000099,108992.93,101188.54,M9272541,0,0,0,2026-01-08T12:36:45.322385,
TXN-00006220,204,PAYMENT,3039.18,C1000040,32487.45,29448.27,M5429774,0,0,0,2026-01-08T12:36:45.322444,
TXN-00006221,204,CASH_OUT,237.65,C1000060,61284.01,61046.37,M2447101,0,0,0,2026-01-08T12:36:45.322501,
TXN-00006222,204,DEBIT,55175.75,C1000000,0.0,0.0,M6761341,0,0,0,2026-01-08T12:36:45.322558,
TXN-00006223,204,CASH_OUT,7433.78,C1000036,0.0,0.0,M4286365,0,0,0,2026-01-08T12:36:45.322614,
TXN-00006224,204,CASH_OUT,1242.2,C1000014,295273.97,294031.77,M9607980,0,0,0,2026-01-08T12:36:45.322672,
TXN-00006225,204,PAYMENT,21648.17,C1000024,0.0,0.0,M5203589,0,0,0,2026-01-08T12:36:45.322745,
TXN-00006226,204,PAYMENT,858.67,C1000098,265730.52,264871.85,M6124246,0,0,0,2026-01-08T12:36:45.322828,
TXN-00006227,204,CASH_OUT,7561.12,C1000011,0.0,0.0,M5362544,0,0,0,2026-01-08T12:36:45.322891,
TXN-00006228,204,DEBIT,11530.61,C1000015,0.0,0.0,M9364309,0,0,0,2026-01-08T12:36:45.322946,
TXN-00006229,204,PAYMENT,35014.44,C1000073,33222.94,0.0,M7867911,0,0,0,2026-01-08T12:36:45.323000,
TXN-00006230,204,PAYMENT,3994.28,C1000028,0.0,0.0,M8771619,0,0,0,2026-01-08T12:36:45.323058,
TXN-00006231,204,CASH_IN,660.34,C1000066,10.0,670.34,M6360647,0,0,0,2026-01-08T12:36:45.323126,
TXN-00006232,204,PAYMENT,2387.25,C1000026,243384.41,240997.16,M1019406,0,0,0,2026-01-08T12:36:45.323190,
TXN-00006233,204,CASH_OUT,30449.36,C1000067,0.0,0.0,M4814328,0,0,0,2026-01-08T12:36:45.323258,
TXN-00006234,204,DEBIT,10.0,C1000018,191555.05,191545.05,M8693041,0,0,0,2026-01-08T12:36:45.323337,
TXN-00006235,204,PAYMENT,10.0,C1000060,61046.37,61036.37,M6955804,0,0,0,2026-01-08T12:36:45.323400,
TXN-00006236,204,TRANSFER,10.0,C1000047,19298.36,19288.36,M3892191,0,0,0,2026-01-08T12:36:45.323459,
TXN-00006237,204,PAYMENT,4364.6,C1000047,19288.36,14923.76,M1628141,0,0,0,2026-01-08T12:36:45.323514,
TXN-00006238,204,PAYMENT,3479.48,C1000062,0.0,0.0,M2685304,0,0,0,2026-01-08T12:36:45.323572,
TXN-00006239,204,DEBIT,10.0,C1000078,0.0,0.0,M9225578,0,0,0,2026-01-08T12:36:45.323629,
TXN-00006240,204,CASH_IN,10.0,C1000033,135275.03,135285.03,M7600207,0,0,0,2026-01-08T12:36:45.323684,
TXN-00006241,204,TRANSFER,39558.8,C1000012,0.0,0.0,M5320642,0,0,0,2026-01-08T12:36:45.323741,
TXN-00006242,204,CASH_OUT,10.0,C1000081,108738.38,108728.38,M9165350,0,0,0,2026-01-08T12:36:45.323796,
TXN-00006243,204,TRANSFER,2543.73,C1000028,0.0,0.0,M2311944,0,0,0,2026-01-08T12:36:45.323852,
TXN-00006244,204,TRANSFER,10.0,C1000001,107735.32,107725.32,M1328674,0,0,0,2026-01-08T12:36:45.323918,
TXN-00006245,204,TRANSFER,222.81,C1000097,57134.81,56912.0,M2632036,0,0,0,2026-01-08T12:36:45.323977,
TXN-00006246,204,CASH_OUT,10179.15,C1000092,0.0,0.0,M7279228,0,0,0,2026-01-08T12:36:45.324032,
TXN-00006247,204,DEBIT,54819.88,C1000000,0.0,0.0,M2190928,0,0,0,2026-01-08T12:36:45.324086,
TXN-00006248,204,PAYMENT,4203.95,C1000040,29448.27,25244.32,M1645270,0,0,0,2026-01-08T12:36:45.324145,
TXN-00006249,204,PAYMENT,55132.38,C1000000,0.0,0.0,M5047490,0,0,0,2026-01-08T12:36:45.324203,
TXN-00006250,204,TRANSFER,10.0,C1000009,136277.87,136267.87,M8237449,0,0,0,2026-01-08T12:36:45.324267,
TXN-00006251,204,PAYMENT,10.0,C1000078,0.0,0.0,M2734966,0,0,0,2026-01-08T12:36:45.324324,
TXN-00006252,204,TRANSFER,3211.67,C1000087,279795.33,276583.66,M6876076,0,0,0,2026-01-08T12:36:45.324406,
TXN-00006253,204,PAYMENT,633.51,C1000077,113631.27,112997.76,M2480111,0,0,0,2026-01-08T12:36:45.324461,
TXN-00006254,204,PAYMENT,13485.84,C1000063,0.0,0.0,M2252297,0,0,0,2026-01-08T12:36:45.324520,
TXN-00006255,204,CASH_OUT,10490.12,C1000005,0.0,0.0,M8749183,0,0,0,2026-01-08T12:36:45.324579,
TXN-00006256,204,PAYMENT,54569.91,C1000000,0.0,0.0,M5500657,0,0,0,2026-01-08T12:36:45.324638,
TXN-00006257,196,CASH_OUT,1982070.7269205505,C1000096,332679.98,274414.92,M3647877,0,0,1,2026-01-08T12:36:45.324672,whale_theft
TXN-00006258,204,PAYMENT,2681.64,C1000018,191545.05,188863.41,M6341243,0,0,0,2026-01-08T12:36:45.324737,
TXN-00006259,204,TRANSFER,46375.73,C1000053,0.0,0.0,M5084157,0,0,0,2026-01-08T12:36:45.324797,
TXN-00006260,204,PAYMENT,10.0,C1000097,56912.0,56902.0,M1714573,0,0,0,2026-01-08T12:36:45.324856,
TXN-00006261,204,CASH_OUT,1984.42,C1000038,0.0,0.0,M8322476,0,0,0,2026-01-08T12:36:45.324933,
TXN-00006262,204,PAYMENT,34591.4,C1000073,0.0,0.0,M9783116,0,0,0,2026-01-08T12:36:45.324994,
TXN-00006263,204,PAYMENT,35688.62,C1000073,0.0,0.0,M4919567,0,0,0,2026-01-08T12:36:45.325052,
TXN-00006264,204,PAYMENT,7725.8,C1000099,101188.54,93462.74,M2473432,0,0,0,2026-01-08T12:36:45.325108,
TXN-00006265,204,CASH_OUT,9970.49,C1000054,0.0,0.0,M1215627,0,0,0,2026-01-08T12:36:45.325163,
TXN-00006266,204,PAYMENT,5259.51,C1000047,14923.76,9664.25,M9593301,0,0,0,2026-01-08T12:36:45.325218,
TXN-00006267,204,CASH_OUT,6850.58,C1000074,0.0,0.0,M6625950,0,0,0,2026-01-08T12:36:45.325277,
TXN-00006268,204,PAYMENT,986.98,C1000081,108728.38,107741.4,M6312800,0,0,0,2026-01-08T12:36:45.325335,
TXN-00006269,204,CASH_OUT,743.53,C1000022,41704.97,40961.44,M7657456,0,0,0,2026-01-08T12:36:45.325399,
TXN-00006270,204,PAYMENT,10.0,C1000021,0.0,0.0,M2246718,0,0,0,2026-01-08T12:36:45.325743,
TXN-00006271,204,CASH_OUT,9143.98,C1000049,58794.55,49650.57,M1266449,0,0,0,2026-01-08T12:36:45.325936,
TXN-00006272,204,CASH_OUT,46367.91,C1000042,24532.85,0.0,M5574658,0,0,0,2026-01-08T12:36:45.326068,
TXN-00006273,204,CASH_OUT,431.49,C1000034,88652.92,88221.44,M7988574,0,0,0,2026-01-08T12:36:45.326175,
TXN-00006274,204,PAYMENT,1223.69,C1000044,67494.54,66270.85,M9312218,0,0,0,2026-01-08T12:36:45.326280,
TXN-00006275,204,PAYMENT,1338.72,C1000072,0.0,0.0,M3643832,0,0,0,2026-01-08T12:36:45.326362,
TXN-00006276,204,PAYMENT,298.05,C1000020,380293.39,379995.34,M5240441,0,0,0,2026-01-08T12:36:45.326437,
TXN-00006277,204,CASH_IN,116.72,C1000029,0.0,116.72,M7824129,0,0,0,2026-01-08T12:36:45.326505,
TXN-00006278,204,CASH_OUT,20492.91,C1000035,0.0,0.0,M9416504,0,0,0,2026-01-08T12:36:45.326569,
TXN-00006279,204,CASH_OUT,6356.28,C1000059,37885.78,31529.49,M8971030,0,0,0,2026-01-08T12:36:45.326635,
TXN-00006280,204,CASH_OUT,4094.58,C1000025,28018.98,23924.4,M2126373,0,0,0,2026-01-08T12:36:45.326781,
TXN-00006281,204,CASH_OUT,199.17,C1000096,332679.98,332480.81,M7976752,0,0,0,2026-01-08T12:36:45.327604,
TXN-00006282,204,PAYMENT,6526.41,C1000088,0.0,0.0,M2673017,0,0,0,2026-01-08T12:36:45.328311,
TXN-00006283,204,TRANSFER,1531.68,C1000057,0.0,0.0,M4960823,0,0,0,2026-01-08T12:36:45.328458,
TXN-00006284,204,PAYMENT,3132.66,C1000020,379995.34,376862.68,M6405823,0,0,0,2026-01-08T12:36:45.328576,
TXN-00006285,204,PAYMENT,10.0,C1000060,61036.37,61026.37,M8337250,0,0,0,2026-01-08T12:36:45.328671,
TXN-00006286,204,PAYMENT,3511.95,C1000068,142228.5,138716.54,M1062746,0,0,0,2026-01-08T12:36:45.328740,
TXN-00006287,204,PAYMENT,11176.08,C1000054,0.0,0.0,M2421481,0,0,0,2026-01-08T12:36:45.328800,
TXN-00006288,204,PAYMENT,17834.77,C1000076,574.82,0.0,M3907327,0,0,0,2026-01-08T12:36:45.328859,
TXN-00006289,204,TRANSFER,4450.39,C1000010,0.0,0.0,M1788435,0,0,0,2026-01-08T12:36:45.328938,
TXN-00006290,204,CASH_IN,557.33,C1000055,212088.92,212646.26,M1153710,0,0,0,2026-01-08T12:36:45.329002,
TXN-00006291,204,PAYMENT,8570.22,C1000013,0.0,0.0,M7424559,0,0,0,2026-01-08T12:36:45.329069,
TXN-00006292,213,CASH_OUT,1209870.8771725032,C1000079,0.0,0.0,M9921726,0,0,1,2026-01-08T12:36:45.329106,whale_theft
TXN-00006293,204,PAYMENT,13721.81,C1000063,0.0,0.0,M4496815,0,0,0,2026-01-08T12:36:45.329258,
TXN-00006294,203,CASH_OUT,947919.7690076944,C1000025,23924.4,0.0,M8411239,0,0,1,2026-01-08T12:36:45.329316,whale_theft
TXN-00006295,204,DEBIT,2752.58,C1000041,289670.01,286917.43,M5716487,0,0,0,2026-01-08T12:36:45.329451,
TXN-00006296,211,TRANSFER,856497.5999094758,C1000095,0.0,0.0,M4460663,0,0,1,2026-01-08T12:36:45.329504,whale_theft
TXN-00006297,204,CASH_OUT,10.0,C1000014,294031.77,294021.77,M9967881,0,0,0,2026-01-08T12:36:45.329613,
TXN-00006298,204,TRANSFER,8238.04,C1000013,0.0,0.0,M8506870,0,0,0,2026-01-08T12:36:45.329713,
TXN-00006299,204,DEBIT,8736.1,C1000039,0.0,0.0,M3898354,0,0,0,2026-01-08T12:36:45.329812,
TXN-00006300,204,DEBIT,1867.95,C1000070,0.0,0.0,M2626003,0,0,0,2026-01-08T12:36:45.329895,
TXN-00006301,204,PAYMENT,2379.7,C1000044,66270.85,63891.15,M6614491,0,0,0,2026-01-08T12:36:45.329973,
TXN-00006302,204,PAYMENT,3351.99,C1000062,0.0,0.0,M2948568,0,0,0,2026-01-08T12:36:45.330046,
TXN-00006303,204,PAYMENT,33452.44,C1000073,0.0,0.0,M6912614,0,0,0,2026-01-08T12:36:45.330117,
TXN-00006304,204,TRANSFER,4344.48,C1000002,316890.32,312545.83,M1442165,0,0,0,2026-01-08T12:36:45.330187,
TXN-00006305,204,DEBIT,3523.11,C1000047,9664.25,6141.13,M7861147,0,0,0,2026-01-08T12:36:45.330287,
TXN-00006306,204,TRANSFER,71899.32,C1000064,0.0,0.0,M5576646,0,0,0,2026-01-08T12:36:45.331128,
TXN-00006307,204,PAYMENT,4658.97,C1000062,0.0,0.0,M7427810,0,0,0,2026-01-08T12:36:45.331493,
TXN-00006308,204,TRANSFER,374.7,C1000004,232840.48,232465.78,M8521754,0,0,0,2026-01-08T12:36:45.331766,
TXN-00006309,204,CASH_OUT,7906.47,C1000031,0.0,0.0,M9652348,0,0,0,2026-01-08T12:36:45.331859,
TXN-00006310,204,CASH_IN,20977.46,C1000095,0.0,20977.46,M6300638,0,0,0,2026-01-08T12:36:45.331944,
TXN-00006311,204,TRANSFER,17891.85,C1000005,0.0,0.0,M6965433,0,0,0,2026-01-08T12:36:45.332030,
TXN-00006312,204,DEBIT,23520.31,C1000037,0.0,0.0,M2036775,0,0,0,2026-01-08T12:36:45.332103,
TXN-00006313,204,DEBIT,557.45,C1000008,258090.71,257533.26,M9906032,0,0,0,2026-01-08T12:36:45.332177,
TXN-00006314,196,CASH_OUT,1041543.5538289502,C1000077,112997.76,40348.4,M9241829,0,0,1,2026-01-08T12:36:45.332218,whale_theft
TXN-00006315,204,PAYMENT,2272.39,C1000057,0.0,0.0,M2407139,0,0,0,2026-01-08T12:36:45.332320,
TXN-00006316,204,CASH_OUT,1525.54,C1000094,221318.51,219792.96,M1089471,0,0,0,2026-01-08T12:36:45.332393,
TXN-00006317,204,PAYMENT,5736.65,C1000078,0.0,0.0,M4026006,0,0,0,2026-01-08T12:36:45.332476,
TXN-00006318,209,CASH_OUT,1288036.5553749283,C1000065,0.0,0.0,M1812219,0,0,1,2026-01-08T12:36:45.332510,whale_theft
TXN-00006319,212,TRANSFER,850648.3749319935,C1000012,0.0,0.0,M8226869,0,0,1,2026-01-08T12:36:45.332551,whale_theft
TXN-00006320,204,DEBIT,286.6,C1000001,107725.32,107438.72,M9238973,0,0,0,2026-01-08T12:36:45.332627,
TXN-00006321,204,CASH_OUT,5203.75,C1000010,0.0,0.0,M9251769,0,0,0,2026-01-08T12:36:45.332700,
TXN-00006322,204,PAYMENT,242.91,C1000007,74517.62,74274.71,M2406066,0,0,0,2026-01-08T12:36:45.332778,
TXN-00006323,204,DEBIT,10.0,C1000001,107438.72,107428.72,M6722789,0,0,0,2026-01-08T12:36:45.332848,
TXN-00006324,204,CASH_OUT,26799.17,C1000056,0.0,0.0,M7608736,0,0,0,2026-01-08T12:36:45.332918,
TXN-00006325,204,PAYMENT,687.44,C1000022,40961.44,40273.99,M5159952,0,0,0,2026-01-08T12:36:45.332991,
TXN-00006326,194,TRANSFER,1914556.9682160364,C1000083,228839.15,164857.4,M2214860,0,0,1,2026-01-08T12:36:45.333030,whale_theft
TXN-00006327,204,CASH_IN,11984.3,C1000064,0.0,11984.3,M8441203,0,0,0,2026-01-08T12:36:45.333110,
TXN-00006328,204,CASH_OUT,3055.11,C1000084,176785.28,173730.17,M2282189,0,0,0,2026-01-08T12:36:45.333178,
TXN-00006329,204,PAYMENT,5352.29,C1000059,31529.49,26177.2,M7339729,0,0,0,2026-01-08T12:36:45.333246,
TXN-00006330,204,PAYMENT,447.46,C1000077,112997.76,112550.3,M7045074,0,0,0,2026-01-08T12:36:45.333325,
TXN-00006331,204,TRANSFER,918.5,C1000083,228839.15,227920.65,M4071176,0,0,0,2026-01-08T12:36:45.333404,
TXN-00006332,204,CASH_IN,173230.38,C1000050,0.0,173230.38,M5522345,0,0,0,2026-01-08T12:36:45.333481,
TXN-00006333,204,TRANSFER,4395.01,C1000027,0.0,0.0,M8341486,0,0,0,2026-01-08T12:36:45.333552,
TXN-00006334,204,PAYMENT,2517.15,C1000051,374158.3,371641.15,M6355107,0,0,0,2026-01-08T12:36:45.333620,
TXN-00006335,204,TRANSFER,10.0,C1000051,371641.15,371631.15,M3333312,0,0,0,2026-01-08T12:36:45.333698,
TXN-00006336,204,DEBIT,8227.48,C1000052,14805.23,6577.75,M8232801,0,0,0,2026-01-08T12:36:45.333768,
TXN-00006337,204,TRANSFER,2215.03,C1000071,212339.42,210124.39,M6298757,0,0,0,2026-01-08T12:36:45.333836,
TXN-00006338,204,CASH_IN,3287.88,C1000038,0.0,3287.88,M1342461,0,0,0,2026-01-08T12:36:45.333901,
TXN-00006339,204,PAYMENT,6775.61,C1000046,0.0,0.0,M1540251,0,0,0,2026-01-08T12:36:45.333978,
TXN-00006340,204,TRANSFER,393.65,C1000023,56116.02,55722.37,M8015685,0,0,0,2026-01-08T12:36:45.334048,
TXN-00006341,204,PAYMENT,173236.4,C1000050,173230.38,0.0,M8884310,0,0,0,2026-01-08T12:36:45.334115,
TXN-00006342,204,CASH_OUT,16813.79,C1000042,0.0,0.0,M2249885,0,0,0,2026-01-08T12:36:45.334188,
TXN-00006343,204,PAYMENT,2126.05,C1000086,204854.35,202728.3,M2643136,0,0,0,2026-01-08T12:36:45.334254,
TXN-00006344,204,DEBIT,17496.33,C1000093,0.0,0.0,M5947464,0,0,0,2026-01-08T12:36:45.334323,
TXN-00006345,204,TRANSFER,2288.34,C1000081,107741.4,105453.06,M5772745,0,0,0,2026-01-08T12:36:45.334388,
TXN-00006346,204,PAYMENT,26476.07,C1000056,0.0,0.0,M9417589,0,0,0,2026-01-08T12:36:45.334454,
TXN-00006347,204,CASH_OUT,4506.94,C1000003,0.0,0.0,M3742242,0,0,0,2026-01-08T12:36:45.334518,
TXN-00006348,204,DEBIT,942.31,C1000077,112550.3,111607.98,M9555256,0,0,0,2026-01-08T12:36:45.334589,
TXN-00006349,204,PAYMENT,6925.06,C1000088,0.0,0.0,M7273533,0,0,0,2026-01-08T12:36:45.334661,
TXN-00006350,204,DEBIT,25715.36,C1000067,0.0,0.0,M4114779,0,0,0,2026-01-08T12:36:45.334741,
TXN-00006351,204,TRANSFER,10.0,C1000004,232465.78,232455.78,M9242376,0,0,0,2026-01-08T12:36:45.334806,
TXN-00006352,204,TRANSFER,10.0,C1000068,138716.54,138706.54,M3719289,0,0,0,2026-01-08T12:36:45.334872,
TXN-00006353,204,PAYMENT,2267.91,C1000030,54421.42,52153.52,M5939578,0,0,0,2026-01-08T12:36:45.334941,
TXN-00006354,204,DEBIT,10.0,C1000098,264871.85,264861.85,M2766235,0,0,0,2026-01-08T12:36:45.335009,
TXN-00006355,204,TRANSFER,21630.17,C1000024,0.0,0.0,M5395928,0,0,0,2026-01-08T12:36:45.335081,
TXN-00006356,204,TRANSFER,2060.1,C1000090,281723.76,279663.66,M6338189,0,0,0,2026-01-08T12:36:45.335149,
TXN-00006357,204,TRANSFER,172421.56,C1000050,0.0,0.0,M6490283,0,0,0,2026-01-08T12:36:45.335221,
TXN-00006358,204,TRANSFER,6327.07,C1000059,26177.2,19850.13,M9542643,0,0,0,2026-01-08T12:36:45.335301,
TXN-00006359,204,CASH_OUT,5533.41,C1000003,0.0,0.0,M5001695,0,0,0,2026-01-08T12:36:45.335366,
TXN-00006360,204,CASH_OUT,5763.2,C1000059,19850.13,14086.93,M3775638,0,0,0,2026-01-08T12:36:45.335431,
TXN-00006361,204,PAYMENT,1481.13,C1000016,199219.63,197738.5,M2666596,0,0,0,2026-01-08T12:36:45.335498,
TXN-00006362,204,PAYMENT,2032.47,C1000086,202728.3,200695.83,M7783959,0,0,0,2026-01-08T12:36:45.335565,
TXN-00006363,204,PAYMENT,10.0,C1000047,6141.13,6131.13,M4254869,0,0,0,2026-01-08T12:36:45.335640,
TXN-00006364,204,CASH_IN,6596.06,C1000031,0.0,6596.06,M6616271,0,0,0,2026-01-08T12:36:45.335720,
TXN-00006365,204,PAYMENT,19269.43,C1000079,0.0,0.0,M5224525,0,0,0,2026-01-08T12:36:45.335804,
TXN-00006366,204,CASH_OUT,24183.23,C1000037,0.0,0.0,M6598525,0,0,0,2026-01-08T12:36:45.335873,
TXN-00006367,204,PAYMENT,4095.95,C1000030,52153.52,48057.57,M1913769,0,0,0,2026-01-08T12:36:45.335939,
TXN-00006368,204,PAYMENT,23240.65,C1000035,0.0,0.0,M6105344,0,0,0,2026-01-08T12:36:45.336007,
TXN-00006369,204,PAYMENT,160.77,C1000075,456644.56,456483.78,M2494050,0,0,0,2026-01-08T12:36:45.336072,
TXN-00006370,204,PAYMENT,2169.86,C1000085,0.0,0.0,M2048477,0,0,0,2026-01-08T12:36:45.336144,
TXN-00006371,204,TRANSFER,35165.75,C1000073,0.0,0.0,M4793978,0,0,0,2026-01-08T12:36:45.336208,
TXN-00006372,204,PAYMENT,7430.83,C1000005,0.0,0.0,M5162999,0,0,0,2026-01-08T12:36:45.336271,
TXN-00006373,204,PAYMENT,18605.47,C1000019,0.0,0.0,M1669496,0,0,0,2026-01-08T12:36:45.336336,
TXN-00006374,204,PAYMENT,9971.95,C1000015,0.0,0.0,M7529418,0,0,0,2026-01-08T12:36:45.336402,
TXN-00006375,204,PAYMENT,17421.4,C1000076,0.0,0.0,M9879888,0,0,0,2026-01-08T12:36:45.336466,
TXN-00006376,204,DEBIT,5426.13,C1000025,23924.4,18498.26,M2645852,0,0,0,2026-01-08T12:36:45.336540,
TXN-00006377,204,DEBIT,615.94,C1000021,0.0,0.0,M7729001,0,0,0,2026-01-08T12:36:45.336609,
TXN-00006378,204,TRANSFER,7010.38,C1000011,0.0,0.0,M2166505,0,0,0,2026-01-08T12:36:45.336675,
TXN-00006379,204,PAYMENT,1428.9,C1000068,138706.54,137277.65,M9805393,0,0,0,2026-01-08T12:36:45.336753,
TXN-00006380,204,DEBIT,649.15,C1000040,25244.32,24595.16,M5182917,0,0,0,2026-01-08T12:36:45.336826,
TXN-00006381,204,TRANSFER,6264.68,C1000088,0.0,0.0,M8685232,0,0,0,2026-01-08T12:36:45.336901,
TXN-00006382,203,CASH_OUT,650231.9481430296,C1000004,232455.78,217262.49,M8205645,0,0,1,2026-01-08T12:36:45.336942,whale_theft
TXN-00006383,204,TRANSFER,24764.28,C1000037,0.0,0.0,M2305756,0,0,0,2026-01-08T12:36:45.337029,
TXN-00006384,204,CASH_OUT,982.66,C1000066,670.34,0.0,M3295601,0,0,0,2026-01-08T12:36:45.337095,
TXN-00006385,204,CASH_OUT,10.0,C1000042,0.0,0.0,M1757751,0,0,0,2026-01-08T12:36:45.337163,
TXN-00006386,204,TRANSFER,26516.65,C1000056,0.0,0.0,M9572808,0,0,0,2026-01-08T12:36:45.337228,
TXN-00006387,204,DEBIT,1137.69,C1000008,257533.26,256395.57,M7046476,0,0,0,2026-01-08T12:36:45.337300,
TXN-00006388,204,CASH_OUT,986.67,C1000038,3287.88,2301.21,M8658433,0,0,0,2026-01-08T12:36:45.337368,
TXN-00006389,204,CASH_OUT,10.0,C1000060,61026.37,61016.37,M6145575,0,0,0,2026-01-08T12:36:45.337437,
TXN-00006390,204,PAYMENT,4522.27,C1000065,0.0,0.0,M9797895,0,0,0,2026-01-08T12:36:45.337504,
TXN-00006391,204,PAYMENT,10.0,C1000071,210124.39,210114.39,M9893131,0,0,0,2026-01-08T12:36:45.337572,
TXN-00006392,204,DEBIT,5369.08,C1000010,0.0,0.0,M2710429,0,0,0,2026-01-08T12:36:45.337640,
TXN-00006393,204,PAYMENT,1525.81,C1000081,105453.06,103927.25,M1461677,0,0,0,2026-01-08T12:36:45.337709,
TXN-00006394,204,PAYMENT,3351.49,C1000044,63891.15,60539.66,M3558291,0,0,0,2026-01-08T12:36:45.337784,
TXN-00006395,204,PAYMENT,2932.39,C1000044,60539.66,57607.27,M1065839,0,0,0,2026-01-08T12:36:45.337863,
TXN-00006396,204,CASH_OUT,5489.33,C1000010,0.0,0.0,M9577246,0,0,0,2026-01-08T12:36:45.337931,
TXN-00006397,195,TRANSFER,532943.1823517914,C1000099,93462.74,-47592.4,M4132544,0,0,1,2026-01-08T12:36:45.337969,whale_theft
TXN-00006398,204,CASH_IN,723.02,C1000066,0.0,723.02,M5723840,0,0,0,2026-01-08T12:36:45.338051,
TXN-00006399,204,TRANSFER,840.49,C1000030,48057.57,47217.08,M8253539,0,0,0,2026-01-08T12:36:45.338119,
TXN-00006400,204,PAYMENT,10.0,C1000097,56902.0,56892.0,M4081026,0,0,0,2026-01-08T12:36:45.338190,
TXN-00006401,204,PAYMENT,11998.77,C1000074,0.0,0.0,M8202787,0,0,0,2026-01-08T12:36:45.338263,
TXN-00006402,204,CASH_OUT,3556.61,C1000087,276583.66,273027.05,M5204189,0,0,0,2026-01-08T12:36:45.339797,
TXN-00006403,204,TRANSFER,2486.02,C1000096,332480.81,329994.79,M2412346,0,0,0,2026-01-08T12:36:45.340031,
TXN-00006404,204,DEBIT,686.25,C1000001,107428.72,106742.48,M1806077,0,0,0,2026-01-08T12:36:45.340334,
TXN-00006405,204,DEBIT,10.0,C1000060,61016.37,61006.37,M5368755,0,0,0,2026-01-08T12:36:45.340437,
TXN-00006406,204,TRANSFER,47480.96,C1000053,0.0,0.0,M1106921,0,0,0,2026-01-08T12:36:45.340512,
TXN-00006407,204,TRANSFER,3128.55,C1000091,0.0,0.0,M6652636,0,0,0,2026-01-08T12:36:45.340579,
TXN-00006408,204,PAYMENT,5130.2,C1000029,116.72,0.0,M1304793,0,0,0,2026-01-08T12:36:45.340648,
TXN-00006409,204,PAYMENT,1376.99,C1000051,371631.15,370254.16,M1172317,0,0,0,2026-01-08T12:36:45.340719,
TXN-00006410,204,CASH_OUT,3713.94,C1000044,57607.27,53893.33,M6775490,0,0,0,2026-01-08T12:36:45.340789,
TXN-00006411,204,DEBIT,3722.57,C1000030,47217.08,43494.51,M2375546,0,0,0,2026-01-08T12:36:45.340859,
TXN-00006412,204,TRANSFER,1091.66,C1000048,241511.45,240419.8,M6204312,0,0,0,2026-01-08T12:36:45.340930,
TXN-00006413,204,PAYMENT,7055.57,C1000051,370254.16,363198.58,M8093042,0,0,0,2026-01-08T12:36:45.340999,
TXN-00006414,204,CASH_OUT,4975.58,C1000096,329994.79,325019.21,M3821609,0,0,0,2026-01-08T12:36:45.341067,
TXN-00006415,204,PAYMENT,7846.32,C1000051,363198.58,355352.26,M3066261,0,0,0,2026-01-08T12:36:45.341132,
TXN-00006416,204,PAYMENT,1576.51,C1000061,257889.8,256313.29,M1764359,0,0,0,2026-01-08T12:36:45.341196,
TXN-00006417,204,CASH_OUT,2601.15,C1000089,197455.47,194854.32,M7631254,0,0,0,2026-01-08T12:36:45.341257,
TXN-00006418,204,PAYMENT,32788.76,C1000073,0.0,0.0,M4000679,0,0,0,2026-01-08T12:36:45.341326,
TXN-00006419,204,PAYMENT,1615.71,C1000026,240997.16,239381.45,M2300377,0,0,0,2026-01-08T12:36:45.341391,
TXN-00006420,204,PAYMENT,1811.07,C1000026,239381.45,237570.38,M5220475,0,0,0,2026-01-08T12:36:45.341453,
TXN-00006421,204,DEBIT,10674.05,C1000015,0.0,0.0,M4100923,0,0,0,2026-01-08T12:36:45.341514,
TXN-00006422,204,CASH_OUT,4837.16,C1000032,45421.64,40584.48,M6355492,0,0,0,2026-01-08T12:36:45.341578,
TXN-00006423,204,TRANSFER,494.5,C1000004,232455.78,231961.28,M1332018,0,0,0,2026-01-08T12:36:45.341641,
TXN-00006424,204,CASH_OUT,2154.55,C1000044,53893.33,51738.78,M3062206,0,0,0,2026-01-08T12:36:45.341702,
TXN-00006425,204,CASH_OUT,172809.47,C1000050,0.0,0.0,M3886060,0,0,0,2026-01-08T12:36:45.341766,
TXN-00006426,204,PAYMENT,25110.07,C1000037,0.0,0.0,M1729895,0,0,0,2026-01-08T12:36:45.341889,
TXN-00006427,204,CASH_OUT,7648.75,C1000013,0.0,0.0,M7267222,0,0,0,2026-01-08T12:36:45.341962,
TXN-00006428,204,CASH_OUT,20097.21,C1000035,0.0,0.0,M9991301,0,0,0,2026-01-08T12:36:45.342020,
TXN-00006429,204,PAYMENT,26206.63,C1000056,0.0,0.0,M1968261,0,0,0,2026-01-08T12:36:45.342073,
TXN-00006430,204,PAYMENT,4462.51,C1000006,279131.7,274669.19,M8257862,0,0,0,2026-01-08T12:36:45.342474,
TXN-00006431,204,TRANSFER,18348.3,C1000093,0.0,0.0,M6020271,0,0,0,2026-01-08T12:36:45.342722,
TXN-00006432,204,TRANSFER,682.03,C1000081,103927.25,103245.23,M5200279,0,0,0,2026-01-08T12:36:45.342853,
TXN-00006433,204,TRANSFER,5468.61,C1000091,0.0,0.0,M7133063,0,0,0,2026-01-08T12:36:45.342975,
TXN-00006434,204,TRANSFER,259.39,C1000014,294021.77,293762.38,M5298458,0,0,0,2026-01-08T12:36:45.343063,
TXN-00006435,204,TRANSFER,14827.37,C1000054,0.0,0.0,M3848686,0,0,0,2026-01-08T12:36:45.343142,
TXN-00006436,204,PAYMENT,18185.25,C1000076,0.0,0.0,M6079360,0,0,0,2026-01-08T12:36:45.343259,
TXN-00006437,204,PAYMENT,1064.41,C1000083,227920.65,226856.23,M7874627,0,0,0,2026-01-08T12:36:45.343340,
TXN-00006438,204,CASH_OUT,10.0,C1000021,0.0,0.0,M4347693,0,0,0,2026-01-08T12:36:45.343412,
TXN-00006439,204,PAYMENT,6992.36,C1000059,14086.93,7094.57,M3791283,0,0,0,2026-01-08T12:36:45.343476,
TXN-00006440,204,PAYMENT,787.5,C1000068,137277.65,136490.15,M9438159,0,0,0,2026-01-08T12:36:45.343541,
TXN-00006441,204,TRANSFER,23889.62,C1000037,0.0,0.0,M9734376,0,0,0,2026-01-08T12:36:45.343605,
TXN-00006442,204,CASH_OUT,1949.55,C1000008,256395.57,254446.01,M3095048,0,0,0,2026-01-08T12:36:45.343704,
TXN-00006443,204,TRANSFER,5176.96,C1000084,173730.17,168553.21,M6228568,0,0,0,2026-01-08T12:36:45.343785,
TXN-00006444,203,TRANSFER,1178813.4862045464,C1000073,0.0,0.0,M3114695,0,0,1,2026-01-08T12:36:45.343830,whale_theft
TXN-00006445,204,CASH_OUT,264.64,C1000009,136267.87,136003.23,M9591023,0,0,0,2026-01-08T12:36:45.343907,
TXN-00006446,204,TRANSFER,4955.17,C1000027,0.0,0.0,M1253338,0,0,0,2026-01-08T12:36:45.343973,
TXN-00006447,204,CASH_OUT,18200.05,C1000093,0.0,0.0,M8609431,0,0,0,2026-01-08T12:36:45.344039,
TXN-00006448,204,PAYMENT,9916.54,C1000092,0.0,0.0,M8725415,0,0,0,2026-01-08T12:36:45.344111,
TXN-00006449,204,TRANSFER,4421.07,C1000027,0.0,0.0,M3224554,0,0,0,2026-01-08T12:36:45.344486,
TXN-00006450,204,TRANSFER,337.51,C1000022,40273.99,39936.48,M4161529,0,0,0,2026-01-08T12:36:45.344864,
TXN-00006451,204,PAYMENT,4045.41,C1000027,0.0,0.0,M2458473,0,0,0,2026-01-08T12:36:45.345005,
TXN-00006452,204,CASH_OUT,65.02,C1000009,136003.23,135938.22,M3561495,0,0,0,2026-01-08T12:36:45.345093,
TXN-00006453,204,TRANSFER,5225.29,C1000014,293762.38,288537.09,M2661947,0,0,0,2026-01-08T12:36:45.345173,
TXN-00006454,212,TRANSFER,1872461.1160621648,C1000028,0.0,-37722.15,M3213488,0,0,1,2026-01-08T12:36:45.345214,whale_theft
TXN-00006455,204,CASH_OUT,2723.66,C1000096,325019.21,322295.54,M3574158,0,0,0,2026-01-08T12:36:45.345303,
TXN-00006456,204,TRANSFER,1953.96,C1000017,122394.97,120441.01,M9859557,0,0,0,2026-01-08T12:36:45.345377,
TXN-00006457,204,PAYMENT,18857.93,C1000035,0.0,0.0,M8670834,0,0,0,2026-01-08T12:36:45.345447,
TXN-00006458,204,DEBIT,2423.02,C1000070,0.0,0.0,M3851376,0,0,0,2026-01-08T12:36:45.345512,
TXN-00006459,204,PAYMENT,10.0,C1000057,0.0,0.0,M2296944,0,0,0,2026-01-08T12:36:45.345577,
TXN-00006460,204,PAYMENT,3563.25,C1000021,0.0,0.0,M1131468,0,0,0,2026-01-08T12:36:45.345639,
TXN-00006461,204,TRANSFER,5090.03,C1000062,0.0,0.0,M6414551,0,0,0,2026-01-08T12:36:45.345702,
TXN-00006462,204,PAYMENT,13630.21,C1000063,0.0,0.0,M1605674,0,0,0,2026-01-08T12:36:45.345764,
TXN-00006463,204,TRANSFER,38393.01,C1000012,0.0,0.0,M6074602,0,0,0,2026-01-08T12:36:45.345992,
TXN-00006464,204,PAYMENT,2771.02,C1000043,95657.67,92886.65,M4926252,0,0,0,2026-01-08T12:36:45.346120,
TXN-00006465,204,PAYMENT,49882.22,C1000053,0.0,0.0,M1734441,0,0,0,2026-01-08T12:36:45.346221,
TXN-00006466,204,CASH_OUT,2849.73,C1000055,212646.26,209796.53,M5473099,0,0,0,2026-01-08T12:36:45.346312,
TXN-00006467,204,PAYMENT,1450.3,C1000075,456483.78,455033.48,M3111269,0,0,0,2026-01-08T12:36:45.346419,
TXN-00006468,204,PAYMENT,24740.7,C1000037,0.0,0.0,M2198681,0,0,0,2026-01-08T12:36:45.346550,
TXN-00006469,204,PAYMENT,1640.6,C1000029,0.0,0.0,M9021207,0,0,0,2026-01-08T12:36:45.346635,
TXN-00006470,204,CASH_OUT,2943.98,C1000045,18883.11,15939.13,M6206664,0,0,0,2026-01-08T12:36:45.346707,
TXN-00006471,204,PAYMENT,38392.55,C1000012,0.0,0.0,M9823007,0,0,0,2026-01-08T12:36:45.346785,
TXN-00006472,204,CASH_OUT,54399.67,C1000000,0.0,0.0,M9814840,0,0,0,2026-01-08T12:36:45.346856,
TXN-00006473,204,TRANSFER,26434.8,C1000056,0.0,0.0,M4013988,0,0,0,2026-01-08T12:36:45.346964,
TXN-00006474,204,CASH_OUT,10.0,C1000029,0.0,0.0,M2358424,0,0,0,2026-01-08T12:36:45.347577,
TXN-00006475,204,TRANSFER,16766.51,C1000042,0.0,0.0,M5023200,0,0,0,2026-01-08T12:36:45.348150,
TXN-00006476,204,PAYMENT,2849.52,C1000096,322295.54,319446.03,M7456556,0,0,0,2026-01-08T12:36:45.348485,
TXN-00006477,204,CASH_IN,106.52,C1000001,106742.48,106849.0,M1458297,0,0,0,2026-01-08T12:36:45.348576,
TXN-00006478,204,PAYMENT,35633.32,C1000073,0.0,0.0,M5239142,0,0,0,2026-01-08T12:36:45.348636,
TXN-00006479,204,TRANSFER,20320.22,C1000078,0.0,0.0,M6170075,0,0,0,2026-01-08T12:36:45.348690,
TXN-00006480,204,PAYMENT,2608.95,C1000018,188863.41,186254.47,M5456631,0,0,0,2026-01-08T12:36:45.348742,
TXN-00006481,204,PAYMENT,10.0,C1000009,135938.22,135928.22,M4357950,0,0,0,2026-01-08T12:36:45.348807,
TXN-00006482,204,TRANSFER,2540.1,C1000045,15939.13,13399.03,M1689971,0,0,0,2026-01-08T12:36:45.348868,
TXN-00006483,204,TRANSFER,17764.0,C1000093,0.0,0.0,M4086261,0,0,0,2026-01-08T12:36:45.348939,
TXN-00006484,204,CASH_OUT,25420.95,C1000067,0.0,0.0,M3540731,0,0,0,2026-01-08T12:36:45.349008,
TXN-00006485,204,PAYMENT,3602.07,C1000002,312545.83,308943.76,M8297670,0,0,0,2026-01-08T12:36:45.349077,
TXN-00006486,204,TRANSFER,1275.45,C1000016,197738.5,196463.05,M2995301,0,0,0,2026-01-08T12:36:45.349147,
TXN-00006487,204,TRANSFER,3121.29,C1000058,0.0,0.0,M2603971,0,0,0,2026-01-08T12:36:45.349216,
TXN-00006488,204,CASH_OUT,11640.86,C1000005,0.0,0.0,M4567405,0,0,0,2026-01-08T12:36:45.349287,
TXN-00006489,204,TRANSFER,4914.38,C1000025,18498.26,13583.89,M7047009,0,0,0,2026-01-08T12:36:45.349342,
TXN-00006490,204,CASH_OUT,2830.28,C1000028,0.0,0.0,M2555312,0,0,0,2026-01-08T12:36:45.349398,
TXN-00006491,204,PAYMENT,5125.76,C1000025,13583.89,8458.12,M7696677,0,0,0,2026-01-08T12:36:45.349464,
TXN-00006492,204,TRANSFER,4315.69,C1000027,0.0,0.0,M7415628,0,0,0,2026-01-08T12:36:45.349523,
TXN-00006493,204,TRANSFER,1737.89,C1000094,219792.96,218055.08,M1195583,0,0,0,2026-01-08T12:36:45.349580,
TXN-00006494,198,CASH_OUT,628134.8229500203,C1000052,6577.75,0.0,M5857839,0,0,1,2026-01-08T12:36:45.349614,whale_theft
TXN-00006495,204,CASH_OUT,2499.6,C1000047,6131.13,3631.54,M4828681,0,0,0,2026-01-08T12:36:45.349686,
TXN-00006496,204,PAYMENT,5807.92,C1000010,0.0,0.0,M4257198,0,0,0,2026-01-08T12:36:45.349744,
TXN-00006497,204,PAYMENT,8260.5,C1000036,0.0,0.0,M3435166,0,0,0,2026-01-08T12:36:45.349809,
TXN-00006498,204,DEBIT,17370.43,C1000076,0.0,0.0,M6662353,0,0,0,2026-01-08T12:36:45.349867,
TXN-00006499,204,PAYMENT,10.0,C1000014,288537.09,288527.09,M7661460,0,0,0,2026-01-08T12:36:45.349924,
TXN-00006500,204,PAYMENT,1266.79,C1000051,355352.26,354085.48,M5910246,0,0,0,2026-01-08T12:36:45.349984,
TXN-00006501,204,CASH_OUT,5540.44,C1000010,0.0,0.0,M1351672,0,0,0,2026-01-08T12:36:45.350043,
TXN-00006502,204,TRANSFER,894.25,C1000094,218055.08,217160.83,M4162070,0,0,0,2026-01-08T12:36:45.350101,
TXN-00006503,204,TRANSFER,6049.99,C1000059,7094.57,1044.58,M2975067,0,0,0,2026-01-08T12:36:45.350195,
TXN-00006504,195,CASH_OUT,1416562.1532248845,C1000060,61006.37,0.0,M2408325,0,0,1,2026-01-08T12:36:45.350228,whale_theft
TXN-00006505,204,PAYMENT,3221.61,C1000087,273027.05,269805.44,M1162402,0,0,0,2026-01-08T12:36:45.350293,
TXN-00006506,204,PAYMENT,3241.95,C1000006,274669.19,271427.24,M8305940,0,0,0,2026-01-08T12:36:45.350353,
TXN-00006507,204,TRANSFER,1681.76,C1000043,92886.65,91204.89,M8195794,0,0,0,2026-01-08T12:36:45.350416,
TXN-00006508,204,TRANSFER,14761.08,C1000074,0.0,0.0,M8847973,0,0,0,2026-01-08T12:36:45.350484,
TXN-00006509,204,PAYMENT,1383.93,C1000007,74274.71,72890.78,M9317479,0,0,0,2026-01-08T12:36:45.350548,
TXN-00006510,204,TRANSFER,18818.81,C1000079,0.0,0.0,M3296496,0,0,0,2026-01-08T12:36:45.350615,
TXN-00006511,204,TRANSFER,2111.67,C1000086,200695.83,198584.16,M2881486,0,0,0,2026-01-08T12:36:45.350678,
TXN-00006512,204,TRANSFER,7834.76,C1000052,6577.75,0.0,M7970680,0,0,0,2026-01-08T12:36:45.350742,
TXN-00006513,204,CASH_OUT,7561.06,C1000099,93462.74,85901.68,M2255939,0,0,0,2026-01-08T12:36:45.350799,
TXN-00006514,204,TRANSFER,3134.58,C1000044,51738.78,48604.2,M8351859,0,0,0,2026-01-08T12:36:45.350868,
TXN-00006515,204,CASH_OUT,6892.14,C1000031,6596.06,0.0,M6588138,0,0,0,2026-01-08T12:36:45.350924,
TXN-00006516,204,PAYMENT,10.0,C1000023,55722.37,55712.37,M3730027,0,0,0,2026-01-08T12:36:45.350983,
TXN-00006517,204,CASH_OUT,17978.95,C1000076,0.0,0.0,M4150796,0,0,0,2026-01-08T12:36:45.351048,
TXN-00006518,204,PAYMENT,2309.85,C1000069,126433.36,124123.51,M2312900,0,0,0,2026-01-08T12:36:45.351106,
TXN-00006519,204,PAYMENT,1746.43,C1000070,0.0,0.0,M3358884,0,0,0,2026-01-08T12:36:45.351208,
TXN-00006520,204,DEBIT,22.04,C1000060,61006.37,60984.33,M1709548,0,0,0,2026-01-08T12:36:45.351331,
TXN-00006521,204,CASH_OUT,20701.4,C1000024,0.0,0.0,M6113025,0,0,0,2026-01-08T12:36:45.351401,
TXN-00006522,204,PAYMENT,2389.51,C1000044,48604.2,46214.69,M9688823,0,0,0,2026-01-08T12:36:45.351467,
TXN-00006523,204,CASH_OUT,2101.81,C1000086,198584.16,196482.35,M2978146,0,0,0,2026-01-08T12:36:45.351526,
TXN-00006524,204,TRANSFER,10.0,C1000048,240419.8,240409.8,M3650648,0,0,0,2026-01-08T12:36:45.351590,
TXN-00006525,204,PAYMENT,10.0,C1000023,55712.37,55702.37,M8926603,0,0,0,2026-01-08T12:36:45.351648,
TXN-00006526,204,CASH_OUT,2128.46,C1000086,196482.35,194353.89,M1962949,0,0,0,2026-01-08T12:36:45.351708,
TXN-00006527,204,TRANSFER,55010.93,C1000000,0.0,0.0,M4154391,0,0,0,2026-01-08T12:36:45.351766,
TXN-00006528,204,CASH_OUT,51047.47,C1000053,0.0,0.0,M6966200,0,0,0,2026-01-08T12:36:45.351825,
TXN-00006529,204,PAYMENT,880.43,C1000016,196463.05,195582.62,M5868619,0,0,0,2026-01-08T12:36:45.351880,
TXN-00006530,204,CASH_OUT,3301.41,C1000098,264861.85,261560.43,M7340457,0,0,0,2026-01-08T12:36:45.351940,
TXN-00006531,204,PAYMENT,4020.18,C1000096,319446.03,315425.85,M2660851,0,0,0,2026-01-08T12:36:45.351998,
TXN-00006532,199,TRANSFER,761559.360952477,C1000000,0.0,-73419.98,M6757118,0,0,1,2026-01-08T12:36:45.352032,whale_theft
TXN-00006533,204,PAYMENT,13375.0,C1000063,0.0,0.0,M8781916,0,0,0,2026-01-08T12:36:45.352101,
TXN-00006534,204,PAYMENT,7866.88,C1000013,0.0,0.0,M9724153,0,0,0,2026-01-08T12:36:45.352157,
TXN-00006535,198,CASH_OUT,1533337.647921288,C1000053,0.0,0.0,M6408466,0,0,1,2026-01-08T12:36:45.352187,whale_theft
TXN-00006536,204,PAYMENT,867.45,C1000016,195582.62,194715.18,M6544979,0,0,0,2026-01-08T12:36:45.352259,
TXN-00006537,204,TRANSFER,5523.93,C1000010,0.0,0.0,M6594360,0,0,0,2026-01-08T12:36:45.352410,
TXN-00006538,204,CASH_OUT,10410.39,C1000092,0.0,0.0,M7420562,0,0,0,2026-01-08T12:36:45.352497,
TXN-00006539,204,DEBIT,8416.38,C1000036,0.0,0.0,M9533916,0,0,0,2026-01-08T12:36:45.352569,
TXN-00006540,204,PAYMENT,3613.91,C1000087,269805.44,266191.53,M1009948,0,0,0,2026-01-08T12:36:45.352642,
TXN-00006541,204,CASH_OUT,10.0,C1000097,56892.0,56882.0,M5634926,0,0,0,2026-01-08T12:36:45.352712,
TXN-00006542,204,DEBIT,1093.24,C1000061,256313.29,255220.05,M3037284,0,0,0,2026-01-08T12:36:45.352798,
TXN-00006543,204,PAYMENT,4775.68,C1000047,3631.54,0.0,M8253879,0,0,0,2026-01-08T12:36:45.352867,
TXN-00006544,204,TRANSFER,10576.11,C1000054,0.0,0.0,M4196496,0,0,0,2026-01-08T12:36:45.352936,
TXN-00006545,204,PAYMENT,723.13,C1000034,88221.44,87498.3,M2816970,0,0,0,2026-01-08T12:36:45.353006,
TXN-00006546,197,CASH_OUT,1621228.797630878,C1000077,111607.98,86398.63,M9315232,0,0,1,2026-01-08T12:36:45.353045,whale_theft
TXN-00006547,204,CASH_OUT,1842.2,C1000083,226856.23,225014.03,M2609546,0,0,0,2026-01-08T12:36:45.353118,
TXN-00006548,204,CASH_OUT,10.0,C1000080,40963.57,40953.57,M3266423,0,0,0,2026-01-08T12:36:45.353184,
TXN-00006549,204,PAYMENT,17352.29,C1000093,0.0,0.0,M3648784,0,0,0,2026-01-08T12:36:45.353251,
TXN-00006550,204,PAYMENT,5452.55,C1000025,8458.12,3005.58,M4649984,0,0,0,2026-01-08T12:36:45.353315,
TXN-00006551,194,CASH_OUT,868191.3678111284,C1000093,0.0,0.0,M7941046,0,0,1,2026-01-08T12:36:45.353351,whale_theft
TXN-00006552,204,TRANSFER,3497.78,C1000045,13399.03,9901.25,M4995188,0,0,0,2026-01-08T12:36:45.353427,
TXN-00006553,204,PAYMENT,5748.25,C1000058,0.0,0.0,M2201824,0,0,0,2026-01-08T12:36:45.353495,
TXN-00006554,204,PAYMENT,2505.55,C1000068,136490.15,133984.6,M3576297,0,0,0,2026-01-08T12:36:45.353569,
TXN-00006555,204,TRANSFER,6076.73,C1000057,0.0,0.0,M2987592,0,0,0,2026-01-08T12:36:45.353637,
TXN-00006556,204,PAYMENT,10.0,C1000064,11984.3,11974.3,M9445285,0,0,0,2026-01-08T12:36:45.353701,
TXN-00006557,204,CASH_OUT,757.06,C1000018,186254.47,185497.4,M7307878,0,0,0,2026-01-08T12:36:45.353765,
TXN-00006558,204,PAYMENT,20553.37,C1000024,0.0,0.0,M6038151,0,0,0,2026-01-08T12:36:45.353831,
TXN-00006559,204,TRANSFER,10.0,C1000060,60984.33,60974.33,M6020487,0,0,0,2026-01-08T12:36:45.353899,
TXN-00006560,204,TRANSFER,10.0,C1000055,209796.53,209786.53,M4446746,0,0,0,2026-01-08T12:36:45.353964,
TXN-00006561,204,CASH_OUT,21388.22,C1000095,20977.46,0.0,M4449558,0,0,0,2026-01-08T12:36:45.354029,
TXN-00006562,204,CASH_OUT,36800.78,C1000064,11974.3,0.0,M4368831,0,0,0,2026-01-08T12:36:45.354104,
TXN-00006563,204,PAYMENT,6231.9,C1000051,354085.48,347853.57,M9325976,0,0,0,2026-01-08T12:36:45.354175,
TXN-00006564,204,CASH_OUT,12186.37,C1000042,0.0,0.0,M3043616,0,0,0,2026-01-08T12:36:45.354238,
TXN-00006565,204,CASH_OUT,966.08,C1000016,194715.18,193749.1,M1965493,0,0,0,2026-01-08T12:36:45.354299,
TXN-00006566,204,DEBIT,1117.09,C1000001,106849.0,105731.91,M9443475,0,0,0,2026-01-08T12:36:45.354362,
TXN-00006567,204,PAYMENT,1196.9,C1000069,124123.51,122926.6,M1104755,0,0,0,2026-01-08T12:36:45.354431,
TXN-00006568,204,PAYMENT,1355.05,C1000094,217160.83,215805.78,M3759799,0,0,0,2026-01-08T12:36:45.354504,
TXN-00006569,204,TRANSFER,2165.32,C1000084,168553.21,166387.89,M5371052,0,0,0,2026-01-08T12:36:45.354567,
TXN-00006570,204,PAYMENT,968.8,C1000001,105731.91,104763.11,M4327675,0,0,0,2026-01-08T12:36:45.354633,
TXN-00006571,204,PAYMENT,10089.17,C1000092,0.0,0.0,M8463396,0,0,0,2026-01-08T12:36:45.354707,
TXN-00006572,204,CASH_OUT,4094.59,C1000049,49650.57,45555.98,M8282430,0,0,0,2026-01-08T12:36:45.354774,
TXN-00006573,204,DEBIT,2856.44,C1000096,315425.85,312569.41,M8646155,0,0,0,2026-01-08T12:36:45.354836,
TXN-00006574,204,CASH_OUT,7652.65,C1000033,135285.03,127632.37,M2036297,0,0,0,2026-01-08T12:36:45.354900,
TXN-00006575,204,TRANSFER,4648.11,C1000078,0.0,0.0,M4152762,0,0,0,2026-01-08T12:36:45.354965,
TXN-00006576,204,TRANSFER,5119.37,C1000091,0.0,0.0,M6632630,0,0,0,2026-01-08T12:36:45.356095,
TXN-00006577,204,TRANSFER,624.26,C1000055,209786.53,209162.27,M6594679,0,0,0,2026-01-08T12:36:45.356701,
TXN-00006578,204,DEBIT,33706.95,C1000067,0.0,0.0,M7986355,0,0,0,2026-01-08T12:36:45.356835,
TXN-00006579,204,CASH_OUT,17149.34,C1000074,0.0,0.0,M9511381,0,0,0,2026-01-08T12:36:45.356921,
TXN-00006580,204,TRANSFER,6800.77,C1000046,0.0,0.0,M6594343,0,0,0,2026-01-08T12:36:45.357159,
TXN-00006581,197,CASH_OUT,1065925.2816613335,C1000055,209162.27,126394.34,M2666038,0,0,1,2026-01-08T12:36:45.357198,whale_theft
TXN-00006582,204,PAYMENT,8930.31,C1000049,45555.98,36625.67,M7608120,0,0,0,2026-01-08T12:36:45.357269,
TXN-00006583,204,TRANSFER,10145.47,C1000015,0.0,0.0,M7139626,0,0,0,2026-01-08T12:36:45.357334,
TXN-00006584,204,TRANSFER,13377.78,C1000063,0.0,0.0,M8214884,0,0,0,2026-01-08T12:36:45.357407,
TXN-00006585,204,TRANSFER,10.0,C1000085,0.0,0.0,M2815241,0,0,0,2026-01-08T12:36:45.357465,
TXN-00006586,204,CASH_OUT,1220527.929785266,C1000068,133984.6,81546.92,M4004779,0,0,1,2026-01-08T12:36:45.357493,whale_theft
TXN-00006587,204,CASH_IN,51593.93,C1000053,0.0,51593.93,M7679814,0,0,0,2026-01-08T12:36:45.357557,
TXN-00006588,204,CASH_OUT,4540.09,C1000014,288527.09,283987.0,M7829669,0,0,0,2026-01-08T12:36:45.357621,
TXN-00006589,204,PAYMENT,14189.55,C1000074,0.0,0.0,M2988710,0,0,0,2026-01-08T12:36:45.357794,
TXN-00006590,204,CASH_OUT,5756.79,C1000091,0.0,0.0,M4760897,0,0,0,2026-01-08T12:36:45.357859,
TXN-00006591,204,CASH_IN,18424.22,C1000076,0.0,18424.22,M6816727,0,0,0,2026-01-08T12:36:45.357920,
TXN-00006592,204,PAYMENT,2920.8,C1000006,271427.24,268506.44,M6085729,0,0,0,2026-01-08T12:36:45.358132,
TXN-00006593,204,CASH_OUT,1515.13,C1000083,225014.03,223498.9,M2795615,0,0,0,2026-01-08T12:36:45.358220,
TXN-00006594,204,PAYMENT,492.12,C1000022,39936.48,39444.37,M5155759,0,0,0,2026-01-08T12:36:45.358290,
TXN-00006595,204,PAYMENT,543.97,C1000080,40953.57,40409.6,M1536732,0,0,0,2026-01-08T12:36:45.358359,
TXN-00006596,204,TRANSFER,2051.99,C1000055,209162.27,207110.28,M7228007,0,0,0,2026-01-08T12:36:45.358483,
TXN-00006597,204,PAYMENT,3854.97,C1000023,55702.37,51847.41,M4802811,0,0,0,2026-01-08T12:36:45.358568,
TXN-00006598,204,TRANSFER,1126.42,C1000089,194854.32,193727.9,M5622508,0,0,0,2026-01-08T12:36:45.358642,
TXN-00006599,204,CASH_IN,7381.17,C1000013,0.0,7381.17,M8345045,0,0,0,2026-01-08T12:36:45.360329,
TXN-00006600,204,CASH_OUT,699.49,C1000041,286917.43,286217.94,M1733912,0,0,0,2026-01-08T12:36:45.360629,
TXN-00006601,204,TRANSFER,18208.67,C1000076,18424.22,215.55,M7746285,0,0,0,2026-01-08T12:36:45.361005,
TXN-00006602,204,DEBIT,819.57,C1000022,39444.37,38624.8,M7737794,0,0,0,2026-01-08T12:36:45.362003,
TXN-00006603,204,PAYMENT,448.36,C1000038,2301.21,1852.85,M1421636,0,0,0,2026-01-08T12:36:45.362144,
TXN-00006604,199,CASH_OUT,1882257.0039888176,C1000057,0.0,0.0,M3953097,0,0,1,2026-01-08T12:36:45.362195,whale_theft
TXN-00006605,204,TRANSFER,1543.32,C1000068,133984.6,132441.28,M4017026,0,0,0,2026-01-08T12:36:45.362292,
TXN-00006606,204,TRANSFER,44214.62,C1000042,0.0,0.0,M4859450,0,0,0,2026-01-08T12:36:45.362375,
TXN-00006607,204,DEBIT,13548.9,C1000063,0.0,0.0,M5359639,0,0,0,2026-01-08T12:36:45.362451,
TXN-00006608,200,TRANSFER,1475723.198856113,C1000087,266191.53,229035.27,M7277421,0,0,1,2026-01-08T12:36:45.362496,whale_theft
TXN-00006609,204,TRANSFER,7359.33,C1000099,85901.68,78542.35,M6148390,0,0,0,2026-01-08T12:36:45.362593,
TXN-00006610,204,PAYMENT,5491.63,C1000025,3005.58,0.0,M5177110,0,0,0,2026-01-08T12:36:45.362767,
TXN-00006611,204,TRANSFER,28589.49,C1000067,0.0,0.0,M5139363,0,0,0,2026-01-08T12:36:45.362846,
TXN-00006612,204,PAYMENT,7843.01,C1000036,0.0,0.0,M2355586,0,0,0,2026-01-08T12:36:45.363014,
TXN-00006613,204,PAYMENT,1187.46,C1000038,1852.85,665.39,M5728548,0,0,0,2026-01-08T12:36:45.363108,
TXN-00006614,194,TRANSFER,791289.9728482247,C1000054,0.0,-139902.07,M5690702,0,0,1,2026-01-08T12:36:45.363174,whale_theft
TXN-00006615,204,CASH_IN,9255.33,C1000074,0.0,9255.33,M4075526,0,0,0,2026-01-08T12:36:45.363260,
TXN-00006616,204,PAYMENT,7235.06,C1000011,0.0,0.0,M7414725,0,0,0,2026-01-08T12:36:45.363326,
TXN-00006617,204,DEBIT,3289.62,C1000045,9901.25,6611.62,M1621656,0,0,0,2026-01-08T12:36:45.363403,
TXN-00006618,204,PAYMENT,592.11,C1000029,0.0,0.0,M2833567,0,0,0,2026-01-08T12:36:45.363471,
TXN-00006619,204,CASH_IN,6177.13,C1000046,0.0,6177.13,M1469835,0,0,0,2026-01-08T12:36:45.363605,
TXN-00006620,204,TRANSFER,10.0,C1000014,283987.0,283977.0,M7997285,0,0,0,2026-01-08T12:36:45.363701,
TXN-00006621,204,DEBIT,18423.93,C1000005,0.0,0.0,M7145897,0,0,0,2026-01-08T12:36:45.363822,
TXN-00006622,204,PAYMENT,568.48,C1000081,103245.23,102676.74,M1991489,0,0,0,2026-01-08T12:36:45.364105,
TXN-00006623,204,CASH_OUT,3474.36,C1000062,0.0,0.0,M1985917,0,0,0,2026-01-08T12:36:45.364438,
TXN-00006624,204,PAYMENT,2973.58,C1000043,91204.89,88231.32,M1942770,0,0,0,2026-01-08T12:36:45.364734,
TXN-00006625,204,CASH_OUT,493.47,C1000016,193749.1,193255.63,M3688301,0,0,0,2026-01-08T12:36:45.364844,
TXN-00006626,204,PAYMENT,22058.66,C1000024,0.0,0.0,M5204838,0,0,0,2026-01-08T12:36:45.364923,
TXN-00006627,204,PAYMENT,6246.52,C1000074,9255.33,3008.81,M3532114,0,0,0,2026-01-08T12:36:45.364988,
TXN-00006628,204,CASH_OUT,3248.61,C1000028,0.0,0.0,M1348321,0,0,0,2026-01-08T12:36:45.365046,
TXN-00006629,204,CASH_OUT,5519.06,C1000052,0.0,0.0,M7837871,0,0,0,2026-01-08T12:36:45.365102,
TXN-00006630,204,CASH_OUT,17548.08,C1000076,215.55,0.0,M2723616,0,0,0,2026-01-08T12:36:45.365160,
TXN-00006631,204,TRANSFER,2204.75,C1000097,56882.0,54677.25,M6413076,0,0,0,2026-01-08T12:36:45.365222,
TXN-00006632,204,TRANSFER,172852.21,C1000050,0.0,0.0,M2733752,0,0,0,2026-01-08T12:36:45.365282,
TXN-00006633,204,CASH_OUT,6528.98,C1000088,0.0,0.0,M8516212,0,0,0,2026-01-08T12:36:45.365339,
TXN-00006634,204,PAYMENT,561.72,C1000070,0.0,0.0,M6197841,0,0,0,2026-01-08T12:36:45.365391,
TXN-00006635,204,DEBIT,9941.01,C1000092,0.0,0.0,M9249510,0,0,0,2026-01-08T12:36:45.365448,
TXN-00006636,204,TRANSFER,17236.58,C1000024,0.0,0.0,M6999713,0,0,0,2026-01-08T12:36:45.365506,
TXN-00006637,204,CASH_OUT,54113.98,C1000000,0.0,0.0,M9600945,0,0,0,2026-01-08T12:36:45.365564,
TXN-00006638,204,PAYMENT,1732.17,C1000047,0.0,0.0,M8114267,0,0,0,2026-01-08T12:36:45.365620,
TXN-00006639,204,TRANSFER,8152.9,C1000052,0.0,0.0,M7988405,0,0,0,2026-01-08T12:36:45.365680,
TXN-00006640,204,PAYMENT,5238.64,C1000013,7381.17,2142.53,M4535289,0,0,0,2026-01-08T12:36:45.365745,
TXN-00006641,204,TRANSFER,22348.45,C1000095,0.0,0.0,M6206024,0,0,0,2026-01-08T12:36:45.365806,
TXN-00006642,204,PAYMENT,6713.74,C1000082,145853.81,139140.06,M9565107,0,0,0,2026-01-08T12:36:45.365864,
TXN-00006643,204,TRANSFER,4267.49,C1000010,0.0,0.0,M5003494,0,0,0,2026-01-08T12:36:45.365924,
TXN-00006644,204,PAYMENT,21271.98,C1000079,0.0,0.0,M4497948,0,0,0,2026-01-08T12:36:45.365985,
TXN-00006645,204,PAYMENT,2093.45,C1000086,194353.89,192260.44,M8221326,0,0,0,2026-01-08T12:36:45.366040,
TXN-00006646,204,PAYMENT,173589.26,C1000050,0.0,0.0,M3851169,0,0,0,2026-01-08T12:36:45.366100,
TXN-00006647,204,CASH_OUT,5623.8,C1000059,1044.58,0.0,M4002827,0,0,0,2026-01-08T12:36:45.366162,
TXN-00006648,204,TRANSFER,15171.93,C1000095,0.0,0.0,M8422925,0,0,0,2026-01-08T12:36:45.366218,
TXN-00006649,204,CASH_OUT,6934.12,C1000049,36625.67,29691.55,M6236732,0,0,0,2026-01-08T12:36:45.366273,
TXN-00006650,204,PAYMENT,6449.13,C1000088,0.0,0.0,M2721848,0,0,0,2026-01-08T12:36:45.366330,
TXN-00006651,204,PAYMENT,2425.3,C1000055,207110.28,204684.98,M1459511,0,0,0,2026-01-08T12:36:45.366410,
TXN-00006652,204,PAYMENT,20637.25,C1000035,0.0,0.0,M5477227,0,0,0,2026-01-08T12:36:45.366480,
TXN-00006653,204,PAYMENT,1827.03,C1000041,286217.94,284390.91,M7539149,0,0,0,2026-01-08T12:36:45.366539,
TXN-00006654,204,TRANSFER,10.0,C1000060,60974.33,60964.33,M3694002,0,0,0,2026-01-08T12:36:45.366596,
TXN-00006655,204,PAYMENT,1905.46,C1000086,192260.44,190354.98,M8926276,0,0,0,2026-01-08T12:36:45.366657,
TXN-00006656,204,TRANSFER,10.0,C1000016,193255.63,193245.63,M2396190,0,0,0,2026-01-08T12:36:45.366714,
TXN-00006657,204,PAYMENT,1369.06,C1000071,210114.39,208745.33,M9927939,0,0,0,2026-01-08T12:36:45.366768,
TXN-00006658,204,CASH_IN,5348.54,C1000003,0.0,5348.54,M2479425,0,0,0,2026-01-08T12:36:45.366836,
TXN-00006659,204,CASH_OUT,3696.89,C1000049,29691.55,25994.66,M9143758,0,0,0,2026-01-08T12:36:45.366903,
TXN-00006660,204,PAYMENT,17502.48,C1000093,0.0,0.0,M9818235,0,0,0,2026-01-08T12:36:45.366963,
TXN-00006661,204,CASH_OUT,1442.24,C1000020,376862.68,375420.44,M8568062,0,0,0,2026-01-08T12:36:45.367020,
TXN-00006662,204,CASH_OUT,750.16,C1000008,254446.01,253695.86,M4668789,0,0,0,2026-01-08T12:36:45.367079,
TXN-00006663,204,DEBIT,2230.59,C1000070,0.0,0.0,M4124623,0,0,0,2026-01-08T12:36:45.367137,
TXN-00006664,204,PAYMENT,2516.49,C1000090,279663.66,277147.18,M9006184,0,0,0,2026-01-08T12:36:45.367197,
TXN-00006665,204,CASH_IN,2702.46,C1000030,43494.51,46196.97,M5054012,0,0,0,2026-01-08T12:36:45.367256,
TXN-00006666,204,PAYMENT,6189.86,C1000091,0.0,0.0,M7808630,0,0,0,2026-01-08T12:36:45.367318,
TXN-00006667,204,TRANSFER,2337.23,C1000020,375420.44,373083.21,M9619399,0,0,0,2026-01-08T12:36:45.367374,
TXN-00006668,204,PAYMENT,21369.09,C1000024,0.0,0.0,M7013219,0,0,0,2026-01-08T12:36:45.367429,
TXN-00006669,204,PAYMENT,10.0,C1000075,455033.48,455023.48,M2596127,0,0,0,2026-01-08T12:36:45.367485,
TXN-00006670,204,PAYMENT,57245.57,C1000064,0.0,0.0,M1937664,0,0,0,2026-01-08T12:36:45.367544,
TXN-00006671,204,PAYMENT,10.0,C1000040,24595.16,24585.16,M6415564,0,0,0,2026-01-08T12:36:45.367600,
TXN-00006672,204,TRANSFER,20765.73,C1000095,0.0,0.0,M1681050,0,0,0,2026-01-08T12:36:45.367656,
TXN-00006673,204,TRANSFER,10.0,C1000051,347853.57,347843.57,M9342310,0,0,0,2026-01-08T12:36:45.367716,
TXN-00006674,204,PAYMENT,34229.27,C1000073,0.0,0.0,M4085709,0,0,0,2026-01-08T12:36:45.367773,
TXN-00006675,204,TRANSFER,3351.08,C1000097,54677.25,51326.17,M5924145,0,0,0,2026-01-08T12:36:45.367833,
TXN-00006676,204,TRANSFER,165.57,C1000022,38624.8,38459.23,M2944699,0,0,0,2026-01-08T12:36:45.367897,
TXN-00006677,204,PAYMENT,7544.76,C1000011,0.0,0.0,M3233917,0,0,0,2026-01-08T12:36:45.367968,
TXN-00006678,204,PAYMENT,484.8,C1000060,60964.33,60479.53,M7597268,0,0,0,2026-01-08T12:36:45.368027,
TXN-00006679,204,PAYMENT,1780.82,C1000008,253695.86,251915.03,M2774537,0,0,0,2026-01-08T12:36:45.368092,
TXN-00006680,204,TRANSFER,13121.75,C1000054,0.0,0.0,M1784885,0,0,0,2026-01-08T12:36:45.368164,
TXN-00006681,204,PAYMENT,4968.95,C1000027,0.0,0.0,M3431321,0,0,0,2026-01-08T12:36:45.368233,
TXN-00006682,204,TRANSFER,10.0,C1000081,102676.74,102666.74,M8604630,0,0,0,2026-01-08T12:36:45.368420,
TXN-00006683,204,CASH_IN,10.0,C1000082,139140.06,139150.06,M4221964,0,0,0,2026-01-08T12:36:45.368518,
TXN-00006684,204,PAYMENT,1906.67,C1000017,120441.01,118534.33,M9170266,0,0,0,2026-01-08T12:36:45.368708,
TXN-00006685,204,PAYMENT,1415.61,C1000047,0.0,0.0,M1496735,0,0,0,2026-01-08T12:36:45.368885,
TXN-00006686,204,DEBIT,5210.52,C1000025,0.0,0.0,M2188401,0,0,0,2026-01-08T12:36:45.368987,
TXN-00006687,204,PAYMENT,230.67,C1000004,231961.28,231730.61,M4399763,0,0,0,2026-01-08T12:36:45.369182,
TXN-00006688,204,PAYMENT,8434.38,C1000039,0.0,0.0,M9344307,0,0,0,2026-01-08T12:36:45.369279,
TXN-00006689,204,TRANSFER,18218.48,C1000076,0.0,0.0,M2362232,0,0,0,2026-01-08T12:36:45.369357,
TXN-00006690,204,PAYMENT,13565.11,C1000063,0.0,0.0,M6239848,0,0,0,2026-01-08T12:36:45.369429,
TXN-00006691,204,PAYMENT,4775.91,C1000010,0.0,0.0,M7992335,0,0,0,2026-01-08T12:36:45.369510,
TXN-00006692,204,PAYMENT,7710.52,C1000049,25994.66,18284.13,M9164825,0,0,0,2026-01-08T12:36:45.369600,
TXN-00006693,204,PAYMENT,2555.34,C1000020,373083.21,370527.88,M7846318,0,0,0,2026-01-08T12:36:45.369667,
TXN-00006694,204,PAYMENT,10.0,C1000072,0.0,0.0,M7751268,0,0,0,2026-01-08T12:36:45.369773,
TXN-00006695,199,CASH_OUT,1822209.7707092033,C1000084,166387.89,103033.53,M4539582,0,0,1,2026-01-08T12:36:45.369807,whale_theft
TXN-00006696,208,CASH_OUT,1553211.4769094277,C1000049,18284.13,0.0,M7107983,0,0,1,2026-01-08T12:36:45.369840,whale_theft
TXN-00006697,197,CASH_OUT,1994612.6115959636,C1000081,102666.74,0.0,M2543570,0,0,1,2026-01-08T12:36:45.369871,whale_theft
TXN-00006698,204,TRANSFER,1118.09,C1000077,111607.98,110489.9,M2317072,0,0,0,2026-01-08T12:36:45.369936,
TXN-00006699,204,TRANSFER,21387.75,C1000035,0.0,0.0,M7935251,0,0,0,2026-01-08T12:36:45.369997,
TXN-00006700,204,DEBIT,81.96,C1000060,60479.53,60397.57,M1110835,0,0,0,2026-01-08T12:36:45.370058,
TXN-00006701,204,TRANSFER,715.89,C1000055,204684.98,203969.08,M7493419,0,0,0,2026-01-08T12:36:45.370131,
TXN-00006702,204,CASH_IN,9541.16,C1000058,0.0,9541.16,M9209178,0,0,0,2026-01-08T12:36:45.370188,
TXN-00006703,204,TRANSFER,2657.24,C1000096,312569.41,309912.17,M7410240,0,0,0,2026-01-08T12:36:45.370246,
TXN-00006704,204,CASH_OUT,3748.22,C1000030,46196.97,42448.75,M9869539,0,0,0,2026-01-08T12:36:45.370302,
TXN-00006705,204,CASH_OUT,15788.73,C1000042,0.0,0.0,M5378374,0,0,0,2026-01-08T12:36:45.370360,
TXN-00006706,204,PAYMENT,3637.78,C1000021,0.0,0.0,M8039943,0,0,0,2026-01-08T12:36:45.370415,
TXN-00006707,204,TRANSFER,3786.4,C1000062,0.0,0.0,M7972965,0,0,0,2026-01-08T12:36:45.370471,
TXN-00006708,204,CASH_IN,1915.52,C1000086,190354.98,192270.5,M2794995,0,0,0,2026-01-08T12:36:45.370528,
TXN-00006709,204,TRANSFER,4436.73,C1000096,309912.17,305475.44,M8909880,0,0,0,2026-01-08T12:36:45.370585,
TXN-00006710,204,TRANSFER,10.0,C1000064,0.0,0.0,M8874432,0,0,0,2026-01-08T12:36:45.370656,
TXN-00006711,204,CASH_IN,10.0,C1000082,139150.06,139160.06,M1651149,0,0,0,2026-01-08T12:36:45.370708,
TXN-00006712,204,PAYMENT,1674.17,C1000020,370527.88,368853.71,M8869972,0,0,0,2026-01-08T12:36:45.370759,
TXN-00006713,204,CASH_OUT,1477.91,C1000077,110489.9,109011.99,M7683262,0,0,0,2026-01-08T12:36:45.370812,
TXN-00006714,204,PAYMENT,1871.52,C1000026,237570.38,235698.86,M5041363,0,0,0,2026-01-08T12:36:45.370873,
TXN-00006715,204,DEBIT,3347.29,C1000029,0.0,0.0,M9808620,0,0,0,2026-01-08T12:36:45.370940,
TXN-00006716,204,CASH_OUT,10.0,C1000066,723.02,713.02,M7626047,0,0,0,2026-01-08T12:36:45.370995,
TXN-00006717,204,TRANSFER,4829.58,C1000027,0.0,0.0,M9767118,0,0,0,2026-01-08T12:36:45.371047,
TXN-00006718,204,PAYMENT,1501.82,C1000070,0.0,0.0,M4967658,0,0,0,2026-01-08T12:36:45.371098,
TXN-00006719,204,TRANSFER,4177.1,C1000029,0.0,0.0,M5747450,0,0,0,2026-01-08T12:36:45.371149,
TXN-00006720,204,TRANSFER,1482.28,C1000020,368853.71,367371.43,M5799943,0,0,0,2026-01-08T12:36:45.371202,
TXN-00006721,204,TRANSFER,10.0,C1000041,284390.91,284380.91,M5679896,0,0,0,2026-01-08T12:36:45.371252,
TXN-00006722,195,CASH_OUT,1449984.394371456,C1000013,2142.53,0.0,M3319355,0,0,1,2026-01-08T12:36:45.371283,whale_theft
TXN-00006723,204,PAYMENT,856.92,C1000057,0.0,0.0,M5623113,0,0,0,2026-01-08T12:36:45.371342,
TXN-00006724,204,CASH_OUT,2318.06,C1000058,9541.16,7223.1,M2910280,0,0,0,2026-01-08T12:36:45.371396,
TXN-00006725,204,CASH_OUT,8413.06,C1000051,347843.57,339430.51,M4327327,0,0,0,2026-01-08T12:36:45.371447,
TXN-00006726,204,CASH_OUT,5083.99,C1000078,0.0,0.0,M4421900,0,0,0,2026-01-08T12:36:45.371500,
TXN-00006727,204,CASH_OUT,24251.3,C1000037,0.0,0.0,M5369619,0,0,0,2026-01-08T12:36:45.371553,
TXN-00006728,204,PAYMENT,3405.96,C1000020,367371.43,363965.47,M3064306,0,0,0,2026-01-08T12:36:45.371606,
TXN-00006729,204,PAYMENT,4012.77,C1000065,0.0,0.0,M6601344,0,0,0,2026-01-08T12:36:45.371659,
TXN-00006730,206,CASH_OUT,1258269.1218123941,C1000067,0.0,0.0,M3752139,0,0,1,2026-01-08T12:36:45.371685,whale_theft
TXN-00006731,204,PAYMENT,1290.92,C1000001,104763.11,103472.19,M7409390,0,0,0,2026-01-08T12:36:45.371745,
TXN-00006732,204,DEBIT,1883.12,C1000057,0.0,0.0,M6861417,0,0,0,2026-01-08T12:36:45.371800,
TXN-00006733,204,PAYMENT,1400.33,C1000070,0.0,0.0,M3977186,0,0,0,2026-01-08T12:36:45.371852,
TXN-00006734,204,CASH_IN,2357.61,C1000006,268506.44,270864.05,M7077716,0,0,0,2026-01-08T12:36:45.371904,
TXN-00006735,204,CASH_IN,239.51,C1000081,102666.74,102906.26,M3226687,0,0,0,2026-01-08T12:36:45.371960,
TXN-00006736,204,CASH_OUT,4755.41,C1000010,0.0,0.0,M7008415,0,0,0,2026-01-08T12:36:45.372011,
TXN-00006737,204,CASH_OUT,7336.42,C1000036,0.0,0.0,M7677461,0,0,0,2026-01-08T12:36:45.372062,
TXN-00006738,204,TRANSFER,2967.97,C1000069,122926.6,119958.63,M8296208,0,0,0,2026-01-08T12:36:45.372112,
TXN-00006739,204,TRANSFER,7839.33,C1000011,0.0,0.0,M1900404,0,0,0,2026-01-08T12:36:45.372167,
TXN-00006740,204,TRANSFER,2955.69,C1000028,0.0,0.0,M2069229,0,0,0,2026-01-08T12:36:45.372223,
TXN-00006741,204,PAYMENT,1007.72,C1000016,193245.63,192237.91,M4678180,0,0,0,2026-01-08T12:36:45.372277,
TXN-00006742,204,DEBIT,2101.85,C1000038,665.39,0.0,M3361427,0,0,0,2026-01-08T12:36:45.372330,
TXN-00006743,204,TRANSFER,2168.12,C1000026,235698.86,233530.75,M1267728,0,0,0,2026-01-08T12:36:45.372384,
TXN-00006744,204,PAYMENT,10.0,C1000042,0.0,0.0,M3094805,0,0,0,2026-01-08T12:36:45.372438,
TXN-00006745,204,PAYMENT,1473.33,C1000068,132441.28,130967.95,M4601355,0,0,0,2026-01-08T12:36:45.372489,
TXN-00006746,204,TRANSFER,23169.76,C1000035,0.0,0.0,M4771440,0,0,0,2026-01-08T12:36:45.372541,
TXN-00006747,204,PAYMENT,2016.15,C1000041,284380.91,282364.76,M4693201,0,0,0,2026-01-08T12:36:45.372591,
TXN-00006748,204,DEBIT,981.07,C1000001,103472.19,102491.12,M8982659,0,0,0,2026-01-08T12:36:45.372643,
TXN-00006749,204,TRANSFER,19479.33,C1000019,0.0,0.0,M8224448,0,0,0,2026-01-08T12:36:45.372692,
TXN-00006750,204,PAYMENT,5224.37,C1000032,40584.48,35360.11,M7175661,0,0,0,2026-01-08T12:36:45.372741,
TXN-00006751,204,CASH_OUT,6355.18,C1000059,0.0,0.0,M2841306,0,0,0,2026-01-08T12:36:45.372790,
TXN-00006752,204,DEBIT,616.11,C1000077,109011.99,108395.88,M3840278,0,0,0,2026-01-08T12:36:45.372843,
TXN-00006753,204,DEBIT,10706.09,C1000031,0.0,0.0,M3785913,0,0,0,2026-01-08T12:36:45.372897,
TXN-00006754,204,CASH_OUT,6123.23,C1000088,0.0,0.0,M5707498,0,0,0,2026-01-08T12:36:45.372948,
TXN-00006755,204,CASH_OUT,5391.12,C1000096,305475.44,300084.32,M2195760,0,0,0,2026-01-08T12:36:45.372996,
TXN-00006756,204,PAYMENT,26230.85,C1000056,0.0,0.0,M6721217,0,0,0,2026-01-08T12:36:45.373046,
TXN-00006757,204,PAYMENT,10.0,C1000023,51847.41,51837.41,M3536480,0,0,0,2026-01-08T12:36:45.373093,
TXN-00006758,204,PAYMENT,2043.14,C1000040,24585.16,22542.02,M9685343,0,0,0,2026-01-08T12:36:45.373143,
TXN-00006759,204,PAYMENT,6191.38,C1000046,6177.13,0.0,M3448343,0,0,0,2026-01-08T12:36:45.373193,
TXN-00006760,204,DEBIT,991.4,C1000047,0.0,0.0,M5041755,0,0,0,2026-01-08T12:36:45.373241,
TXN-00006761,204,PAYMENT,30705.03,C1000067,0.0,0.0,M8893218,0,0,0,2026-01-08T12:36:45.373294,
TXN-00006762,204,TRANSFER,26756.74,C1000056,0.0,0.0,M5936290,0,0,0,2026-01-08T12:36:45.373350,
TXN-00006763,204,PAYMENT,173800.99,C1000050,0.0,0.0,M1442337,0,0,0,2026-01-08T12:36:45.373398,
TXN-00006764,204,CASH_OUT,26483.04,C1000056,0.0,0.0,M2986765,0,0,0,2026-01-08T12:36:45.373448,
TXN-00006765,204,DEBIT,8409.56,C1000039,0.0,0.0,M6582098,0,0,0,2026-01-08T12:36:45.373497,
TXN-00006766,204,PAYMENT,3644.84,C1000089,193727.9,190083.06,M2866507,0,0,0,2026-01-08T12:36:45.373546,
TXN-00006767,204,TRANSFER,10.0,C1000042,0.0,0.0,M2540424,0,0,0,2026-01-08T12:36:45.373597,
TXN-00006768,204,PAYMENT,5548.62,C1000025,0.0,0.0,M3433805,0,0,0,2026-01-08T12:36:45.373652,
TXN-00006769,197,CASH_OUT,812009.8840729555,C1000001,102491.12,30910.25,M8375667,0,0,1,2026-01-08T12:36:45.373677,whale_theft
TXN-00006770,204,PAYMENT,2201.11,C1000020,363965.47,361764.36,M4931308,0,0,0,2026-01-08T12:36:45.373731,
TXN-00006771,204,PAYMENT,5241.32,C1000010,0.0,0.0,M2686857,0,0,0,2026-01-08T12:36:45.373784,
TXN-00006772,204,TRANSFER,3306.28,C1000041,282364.76,279058.48,M6528876,0,0,0,2026-01-08T12:36:45.373833,
TXN-00006773,204,PAYMENT,5787.88,C1000062,0.0,0.0,M1803674,0,0,0,2026-01-08T12:36:45.373894,
TXN-00006774,204,CASH_OUT,1757.65,C1000021,0.0,0.0,M4755918,0,0,0,2026-01-08T12:36:45.373964,
TXN-00006775,214,CASH_OUT,968229.5207632268,C1000037,0.0,0.0,M8471681,0,0,1,2026-01-08T12:36:45.373990,whale_theft
TXN-00006776,204,TRANSFER,5464.12,C1000003,5348.54,0.0,M3867978,0,0,0,2026-01-08T12:36:45.374043,
TXN-00006777,204,PAYMENT,8580.34,C1000039,0.0,0.0,M1169256,0,0,0,2026-01-08T12:36:45.374092,
TXN-00006778,204,PAYMENT,19488.95,C1000024,0.0,0.0,M4653522,0,0,0,2026-01-08T12:36:45.374143,
TXN-00006779,204,TRANSFER,8047.88,C1000058,7223.1,0.0,M8312485,0,0,0,2026-01-08T12:36:45.374197,
TXN-00006780,204,CASH_OUT,438.18,C1000083,223498.9,223060.72,M3988861,0,0,0,2026-01-08T12:36:45.374250,
TXN-00006781,204,DEBIT,10.0,C1000029,0.0,0.0,M8084090,0,0,0,2026-01-08T12:36:45.374300,
TXN-00006782,204,TRANSFER,8506.15,C1000036,0.0,0.0,M5978270,0,0,0,2026-01-08T12:36:45.374351,
TXN-00006783,204,PAYMENT,2262.9,C1000018,185497.4,183234.5,M2185944,0,0,0,2026-01-08T12:36:45.374402,
TXN-00006784,204,TRANSFER,584.75,C1000069,119958.63,119373.88,M7738951,0,0,0,2026-01-08T12:36:45.374457,
TXN-00006785,204,PAYMENT,5618.27,C1000025,0.0,0.0,M3191476,0,0,0,2026-01-08T12:36:45.374507,
TXN-00006786,204,TRANSFER,18550.08,C1000019,0.0,0.0,M2556551,0,0,0,2026-01-08T12:36:45.374555,
TXN-00006787,204,TRANSFER,10.0,C1000029,0.0,0.0,M3737462,0,0,0,2026-01-08T12:36:45.374603,
TXN-00006788,204,CASH_OUT,10.0,C1000075,455023.48,455013.48,M2796123,0,0,0,2026-01-08T12:36:45.374651,
TXN-00006789,204,TRANSFER,7683.21,C1000052,0.0,0.0,M8889933,0,0,0,2026-01-08T12:36:45.374700,
TXN-00006790,204,PAYMENT,13123.24,C1000095,0.0,0.0,M5865423,0,0,0,2026-01-08T12:36:45.374748,
TXN-00006791,204,CASH_IN,10.0,C1000009,135928.22,135938.22,M1284582,0,0,0,2026-01-08T12:36:45.374797,
TXN-00006792,204,PAYMENT,1285.58,C1000066,713.02,0.0,M9311200,0,0,0,2026-01-08T12:36:45.374847,
TXN-00006793,204,TRANSFER,51.11,C1000072,0.0,0.0,M7904432,0,0,0,2026-01-08T12:36:45.374898,
TXN-00006794,204,CASH_OUT,3988.83,C1000072,0.0,0.0,M2450933,0,0,0,2026-01-08T12:36:45.374952,
TXN-00006795,204,TRANSFER,9694.08,C1000031,0.0,0.0,M5105418,0,0,0,2026-01-08T12:36:45.375002,
TXN-00006796,204,PAYMENT,2867.87,C1000055,203969.08,201101.21,M1710927,0,0,0,2026-01-08T12:36:45.375054,
TXN-00006797,204,PAYMENT,19115.3,C1000079,0.0,0.0,M2516598,0,0,0,2026-01-08T12:36:45.375104,
TXN-00006798,204,CASH_OUT,10.0,C1000042,0.0,0.0,M8151205,0,0,0,2026-01-08T12:36:45.375153,
TXN-00006799,204,CASH_OUT,9923.42,C1000005,0.0,0.0,M4348934,0,0,0,2026-01-08T12:36:45.375200,
TXN-00006800,204,TRANSFER,6269.72,C1000046,0.0,0.0,M1141451,0,0,0,2026-01-08T12:36:45.375248,
TXN-00006801,207,CASH_OUT,1854448.4269653384,C1000011,0.0,0.0,M6257685,0,0,1,2026-01-08T12:36:45.375273,whale_theft
TXN-00006802,204,PAYMENT,6027.5,C1000003,0.0,0.0,M4173158,0,0,0,2026-01-08T12:36:45.375328,
TXN-00006803,204,PAYMENT,10.0,C1000014,283977.0,283967.0,M7422191,0,0,0,2026-01-08T12:36:45.375379,
TXN-00006804,204,PAYMENT,59.24,C1000038,0.0,0.0,M3711906,0,0,0,2026-01-08T12:36:45.375430,
TXN-00006805,204,TRANSFER,22211.33,C1000024,0.0,0.0,M4271792,0,0,0,2026-01-08T12:36:45.375480,
TXN-00006806,204,CASH_IN,6349.14,C1000082,139160.06,145509.2,M2177048,0,0,0,2026-01-08T12:36:45.375539,
TXN-00006807,204,PAYMENT,6910.83,C1000011,0.0,0.0,M9300353,0,0,0,2026-01-08T12:36:45.376525,
TXN-00006808,204,PAYMENT,17825.93,C1000076,0.0,0.0,M7525842,0,0,0,2026-01-08T12:36:45.376618,
TXN-00006809,204,PAYMENT,122.17,C1000068,130967.95,130845.78,M3244750,0,0,0,2026-01-08T12:36:45.376918,
TXN-00006810,204,DEBIT,2746.16,C1000045,6611.62,3865.46,M1883648,0,0,0,2026-01-08T12:36:45.377171,
TXN-00006811,204,DEBIT,17551.71,C1000093,0.0,0.0,M5415791,0,0,0,2026-01-08T12:36:45.377988,
TXN-00006812,204,CASH_OUT,540.37,C1000075,455013.48,454473.11,M1280002,0,0,0,2026-01-08T12:36:45.378257,
TXN-00006813,204,TRANSFER,3705.85,C1000087,266191.53,262485.68,M6046573,0,0,0,2026-01-08T12:36:45.378361,
TXN-00006814,204,CASH_OUT,7413.2,C1000099,78542.35,71129.15,M7984203,0,0,0,2026-01-08T12:36:45.378443,
TXN-00006815,204,CASH_OUT,13960.11,C1000005,0.0,0.0,M8549029,0,0,0,2026-01-08T12:36:45.378518,
TXN-00006816,204,PAYMENT,2722.41,C1000006,270864.05,268141.64,M3153485,0,0,0,2026-01-08T12:36:45.378832,
TXN-00006817,204,PAYMENT,3413.24,C1000066,0.0,0.0,M5642683,0,0,0,2026-01-08T12:36:45.379081,
TXN-00006818,204,TRANSFER,2691.03,C1000069,119373.88,116682.85,M2219645,0,0,0,2026-01-08T12:36:45.379303,
TXN-00006819,195,TRANSFER,1118008.3561245142,C1000001,102491.12,26740.22,M7878991,0,0,1,2026-01-08T12:36:45.379366,whale_theft
TXN-00006820,204,TRANSFER,31861.84,C1000067,0.0,0.0,M2947835,0,0,0,2026-01-08T12:36:45.379521,
TXN-00006821,204,TRANSFER,777.38,C1000057,0.0,0.0,M8428125,0,0,0,2026-01-08T12:36:45.379623,
TXN-00006822,204,TRANSFER,10.0,C1000080,40409.6,40399.6,M7475961,0,0,0,2026-01-08T12:36:45.379718,
TXN-00006823,204,TRANSFER,576.19,C1000041,279058.48,278482.29,M4360476,0,0,0,2026-01-08T12:36:45.379929,
TXN-00006824,204,PAYMENT,2002.09,C1000086,192270.5,190268.42,M9216688,0,0,0,2026-01-08T12:36:45.380423,
TXN-00006825,204,PAYMENT,4395.55,C1000025,0.0,0.0,M5830237,0,0,0,2026-01-08T12:36:45.380726,
TXN-00006826,204,PAYMENT,5056.89,C1000010,0.0,0.0,M4094090,0,0,0,2026-01-08T12:36:45.380866,
TXN-00006827,204,CASH_OUT,10.0,C1000042,0.0,0.0,M5845355,0,0,0,2026-01-08T12:36:45.380960,
TXN-00006828,204,CASH_OUT,10.0,C1000055,201101.21,201091.21,M6910854,0,0,0,2026-01-08T12:36:45.381040,
TXN-00006829,204,PAYMENT,605.21,C1000094,215805.78,215200.57,M8590953,0,0,0,2026-01-08T12:36:45.381120,
TXN-00006830,204,CASH_IN,409.55,C1000061,255220.05,255629.61,M1629350,0,0,0,2026-01-08T12:36:45.381194,
TXN-00006831,204,PAYMENT,2878.99,C1000096,300084.32,297205.34,M7030676,0,0,0,2026-01-08T12:36:45.381270,
TXN-00006832,194,TRANSFER,694600.4719339085,C1000017,118534.33,-23639.95,M5337066,0,0,1,2026-01-08T12:36:45.381314,whale_theft
TXN-00006833,204,CASH_OUT,3603.56,C1000087,262485.68,258882.12,M1007039,0,0,0,2026-01-08T12:36:45.381412,
TXN-00006834,204,PAYMENT,10.0,C1000085,0.0,0.0,M4460960,0,0,0,2026-01-08T12:36:45.381488,
TXN-00006835,204,PAYMENT,10.0,C1000078,0.0,0.0,M2474140,0,0,0,2026-01-08T12:36:45.381563,
TXN-00006836,204,PAYMENT,11393.31,C1000015,0.0,0.0,M7223025,0,0,0,2026-01-08T12:36:45.381631,
TXN-00006837,204,DEBIT,1354.21,C1000042,0.0,0.0,M7410731,0,0,0,2026-01-08T12:36:45.381705,
TXN-00006838,204,TRANSFER,10.0,C1000048,240409.8,240399.8,M5042816,0,0,0,2026-01-08T12:36:45.381777,
TXN-00006839,204,PAYMENT,18077.98,C1000019,0.0,0.0,M9781962,0,0,0,2026-01-08T12:36:45.381849,
TXN-00006840,204,DEBIT,47533.4,C1000053,51593.93,4060.53,M3139338,0,0,0,2026-01-08T12:36:45.381921,
TXN-00006841,204,PAYMENT,3308.8,C1000091,0.0,0.0,M1655189,0,0,0,2026-01-08T12:36:45.381993,
TXN-00006842,204,CASH_OUT,604.18,C1000081,102906.26,102302.08,M3104644,0,0,0,2026-01-08T12:36:45.382067,
TXN-00006843,204,PAYMENT,2005.36,C1000049,18284.13,16278.77,M7142367,0,0,0,2026-01-08T12:36:45.382160,
TXN-00006844,204,PAYMENT,2095.86,C1000055,201091.21,198995.35,M4199916,0,0,0,2026-01-08T12:36:45.382238,
TXN-00006845,204,PAYMENT,17814.18,C1000076,0.0,0.0,M7545788,0,0,0,2026-01-08T12:36:45.382318,
TXN-00006846,204,CASH_OUT,405.67,C1000089,190083.06,189677.39,M7068838,0,0,0,2026-01-08T12:36:45.382381,
TXN-00006847,204,CASH_OUT,10.0,C1000021,0.0,0.0,M1249688,0,0,0,2026-01-08T12:36:45.382458,
TXN-00006848,204,DEBIT,7681.41,C1000010,0.0,0.0,M8390884,0,0,0,2026-01-08T12:36:45.382513,
TXN-00006849,204,CASH_OUT,935.57,C1000081,102302.08,101366.5,M6204721,0,0,0,2026-01-08T12:36:45.382582,
TXN-00006850,204,TRANSFER,2056.51,C1000043,88231.32,86174.81,M3523118,0,0,0,2026-01-08T12:36:45.382648,
TXN-00006851,204,TRANSFER,826.86,C1000008,251915.03,251088.18,M9520671,0,0,0,2026-01-08T12:36:45.382712,
TXN-00006852,204,CASH_IN,2063.67,C1000057,0.0,2063.67,M9739928,0,0,0,2026-01-08T12:36:45.382774,
TXN-00006853,204,PAYMENT,3985.33,C1000062,0.0,0.0,M7532732,0,0,0,2026-01-08T12:36:45.382837,
TXN-00006854,204,PAYMENT,6002.04,C1000088,0.0,0.0,M9810679,0,0,0,2026-01-08T12:36:45.382901,
TXN-00006855,204,CASH_OUT,4770.97,C1000006,268141.64,263370.67,M2710260,0,0,0,2026-01-08T12:36:45.382967,
TXN-00006856,204,TRANSFER,10.0,C1000055,198995.35,198985.35,M9951707,0,0,0,2026-01-08T12:36:45.383030,
TXN-00006857,204,PAYMENT,26785.26,C1000056,0.0,0.0,M2505554,0,0,0,2026-01-08T12:36:45.383092,
TXN-00006858,204,PAYMENT,10.0,C1000097,51326.17,51316.17,M5779686,0,0,0,2026-01-08T12:36:45.383153,
TXN-00006859,204,PAYMENT,1026.88,C1000094,215200.57,214173.69,M5455428,0,0,0,2026-01-08T12:36:45.383214,
TXN-00006860,204,PAYMENT,9328.34,C1000074,3008.81,0.0,M5129140,0,0,0,2026-01-08T12:36:45.383274,
TXN-00006861,204,PAYMENT,19967.68,C1000019,0.0,0.0,M7967325,0,0,0,2026-01-08T12:36:45.383351,
TXN-00006862,204,TRANSFER,4784.18,C1000027,0.0,0.0,M6732727,0,0,0,2026-01-08T12:36:45.383414,
TXN-00006863,204,CASH_OUT,2779.32,C1000070,0.0,0.0,M3809859,0,0,0,2026-01-08T12:36:45.383477,
TXN-00006864,204,TRANSFER,8463.7,C1000039,0.0,0.0,M1518734,0,0,0,2026-01-08T12:36:45.383541,
TXN-00006865,204,TRANSFER,10.0,C1000075,454473.11,454463.11,M4616285,0,0,0,2026-01-08T12:36:45.383603,
TXN-00006866,204,TRANSFER,1341.19,C1000047,0.0,0.0,M8800651,0,0,0,2026-01-08T12:36:45.383665,
TXN-00006867,204,PAYMENT,1571.78,C1000070,0.0,0.0,M3962502,0,0,0,2026-01-08T12:36:45.383727,
TXN-00006868,204,DEBIT,7259.24,C1000031,0.0,0.0,M3313173,0,0,0,2026-01-08T12:36:45.383789,
TXN-00006869,204,TRANSFER,2501.65,C1000030,42448.75,39947.1,M3405664,0,0,0,2026-01-08T12:36:45.383854,
TXN-00006870,204,DEBIT,10.0,C1000033,127632.37,127622.37,M4577170,0,0,0,2026-01-08T12:36:45.383921,
TXN-00006871,204,PAYMENT,47944.32,C1000053,4060.53,0.0,M4416880,0,0,0,2026-01-08T12:36:45.383992,
TXN-00006872,204,PAYMENT,35491.17,C1000073,0.0,0.0,M7734658,0,0,0,2026-01-08T12:36:45.384056,
TXN-00006873,204,PAYMENT,3384.27,C1000006,263370.67,259986.4,M6742812,0,0,0,2026-01-08T12:36:45.384118,
TXN-00006874,204,CASH_OUT,3001.7,C1000006,259986.4,256984.7,M6290566,0,0,0,2026-01-08T12:36:45.384182,
TXN-00006875,196,TRANSFER,748979.2417645616,C1000092,0.0,0.0,M7325269,0,0,1,2026-01-08T12:36:45.384222,whale_theft
TXN-00006876,204,PAYMENT,4195.29,C1000043,86174.81,81979.52,M8220727,0,0,0,2026-01-08T12:36:45.384292,
TXN-00006877,204,PAYMENT,37989.72,C1000012,0.0,0.0,M4299786,0,0,0,2026-01-08T12:36:45.384357,
TXN-00006878,204,TRANSFER,10.0,C1000023,51837.41,51827.41,M8443051,0,0,0,2026-01-08T12:36:45.384424,
TXN-00006879,204,CASH_OUT,994.99,C1000094,214173.69,213178.7,M9824136,0,0,0,2026-01-08T12:36:45.384488,
TXN-00006880,204,CASH_OUT,173385.44,C1000050,0.0,0.0,M6343732,0,0,0,2026-01-08T12:36:45.384558,
TXN-00006881,204,PAYMENT,4049.94,C1000080,40399.6,36349.66,M5553652,0,0,0,2026-01-08T12:36:45.384623,
TXN-00006882,204,PAYMENT,5731.65,C1000046,0.0,0.0,M5719885,0,0,0,2026-01-08T12:36:45.384691,
TXN-00006883,204,TRANSFER,1871.4,C1000094,213178.7,211307.29,M8558846,0,0,0,2026-01-08T12:36:45.384755,
TXN-00006884,204,PAYMENT,10.0,C1000034,87498.3,87488.3,M9997679,0,0,0,2026-01-08T12:36:45.384824,
TXN-00006885,204,PAYMENT,582.4,C1000018,183234.5,182652.1,M9870537,0,0,0,2026-01-08T12:36:45.384892,
TXN-00006886,204,PAYMENT,1481.57,C1000071,208745.33,207263.76,M8324381,0,0,0,2026-01-08T12:36:45.384971,
TXN-00006887,204,CASH_OUT,10.0,C1000001,102491.12,102481.12,M2417523,0,0,0,2026-01-08T12:36:45.385037,
TXN-00006888,204,DEBIT,3477.78,C1000052,0.0,0.0,M9456601,0,0,0,2026-01-08T12:36:45.385104,
TXN-00006889,204,PAYMENT,777.61,C1000077,108395.88,107618.27,M6821908,0,0,0,2026-01-08T12:36:45.385169,
TXN-00006890,204,PAYMENT,3011.4,C1000020,361764.36,358752.96,M9827002,0,0,0,2026-01-08T12:36:45.385237,
TXN-00006891,204,CASH_OUT,10.0,C1000089,189677.39,189667.39,M9119913,0,0,0,2026-01-08T12:36:45.385307,
TXN-00006892,204,TRANSFER,49231.2,C1000053,0.0,0.0,M1979976,0,0,0,2026-01-08T12:36:45.385384,
TXN-00006893,204,CASH_OUT,1318.83,C1000096,297205.34,295886.5,M9865833,0,0,0,2026-01-08T12:36:45.385449,
TXN-00006894,208,CASH_OUT,1981198.5689214866,C1000024,0.0,0.0,M1781366,0,0,1,2026-01-08T12:36:45.385487,whale_theft
TXN-00006895,204,DEBIT,10.0,C1000064,0.0,0.0,M1522491,0,0,0,2026-01-08T12:36:45.385559,
TXN-00006896,204,CASH_OUT,2782.3,C1000068,130845.78,128063.48,M2824496,0,0,0,2026-01-08T12:36:45.385626,
TXN-00006897,204,PAYMENT,49956.05,C1000053,0.0,0.0,M2888661,0,0,0,2026-01-08T12:36:45.385698,
TXN-00006898,206,CASH_OUT,1457115.8559893365,C1000054,0.0,0.0,M1099077,0,0,1,2026-01-08T12:36:45.385730,whale_theft
TXN-00006899,204,PAYMENT,911.71,C1000040,22542.02,21630.31,M6746043,0,0,0,2026-01-08T12:36:45.385803,
TXN-00006900,204,PAYMENT,551.83,C1000008,251088.18,250536.35,M4914613,0,0,0,2026-01-08T12:36:45.385874,
TXN-00006901,213,TRANSFER,892194.8661770984,C1000093,0.0,-139012.04,M4495700,0,0,1,2026-01-08T12:36:45.385908,whale_theft
TXN-00006902,204,TRANSFER,1306.89,C1000016,192237.91,190931.03,M2217658,0,0,0,2026-01-08T12:36:45.385985,
TXN-00006903,204,CASH_OUT,10.0,C1000048,240399.8,240389.8,M1816327,0,0,0,2026-01-08T12:36:45.386049,
TXN-00006904,204,TRANSFER,10.0,C1000004,231730.61,231720.61,M9820011,0,0,0,2026-01-08T12:36:45.386113,
TXN-00006905,204,PAYMENT,10.0,C1000029,0.0,0.0,M4395716,0,0,0,2026-01-08T12:36:45.386180,
TXN-00006906,204,TRANSFER,8265.6,C1000057,2063.67,0.0,M1856950,0,0,0,2026-01-08T12:36:45.386243,
TXN-00006907,204,PAYMENT,7383.37,C1000099,71129.15,63745.78,M2991416,0,0,0,2026-01-08T12:36:45.386306,
TXN-00006908,204,PAYMENT,3370.19,C1000043,81979.52,78609.33,M1507961,0,0,0,2026-01-08T12:36:45.386367,
TXN-00006909,204,DEBIT,3983.08,C1000006,256984.7,253001.62,M2074990,0,0,0,2026-01-08T12:36:45.386434,
TXN-00006910,204,CASH_OUT,304.48,C1000008,250536.35,250231.88,M5728938,0,0,0,2026-01-08T12:36:45.386504,
TXN-00006911,204,PAYMENT,7248.67,C1000031,0.0,0.0,M4828998,0,0,0,2026-01-08T12:36:45.386576,
TXN-00006912,204,TRANSFER,175.29,C1000098,261560.43,261385.15,M8616920,0,0,0,2026-01-08T12:36:45.386708,
TXN-00006913,204,PAYMENT,299.15,C1000075,454463.11,454163.96,M3313442,0,0,0,2026-01-08T12:36:45.386799,
TXN-00006914,204,DEBIT,8045.59,C1000054,0.0,0.0,M1144540,0,0,0,2026-01-08T12:36:45.386867,
TXN-00006915,204,PAYMENT,706.17,C1000077,107618.27,106912.1,M6886039,0,0,0,2026-01-08T12:36:45.386929,
TXN-00006916,204,PAYMENT,1709.18,C1000021,0.0,0.0,M8573721,0,0,0,2026-01-08T12:36:45.386993,
TXN-00006917,204,CASH_OUT,10.0,C1000042,0.0,0.0,M8576278,0,0,0,2026-01-08T12:36:45.387057,
TXN-00006918,204,PAYMENT,471.43,C1000061,255629.61,255158.18,M9007299,0,0,0,2026-01-08T12:36:45.387117,
TXN-00006919,204,PAYMENT,3132.98,C1000084,166387.89,163254.91,M4430918,0,0,0,2026-01-08T12:36:45.387181,
TXN-00006920,204,PAYMENT,2149.5,C1000080,36349.66,34200.16,M7046901,0,0,0,2026-01-08T12:36:45.387242,
TXN-00006921,204,TRANSFER,1179.37,C1000055,198985.35,197805.98,M3300476,0,0,0,2026-01-08T12:36:45.387304,
TXN-00006922,204,TRANSFER,4673.63,C1000065,0.0,0.0,M4769578,0,0,0,2026-01-08T12:36:45.387368,
TXN-00006923,204,PAYMENT,18315.12,C1000035,0.0,0.0,M1040639,0,0,0,2026-01-08T12:36:45.387430,
TXN-00006924,204,PAYMENT,3507.4,C1000043,78609.33,75101.93,M6288308,0,0,0,2026-01-08T12:36:45.387490,
TXN-00006925,204,CASH_OUT,17968.58,C1000093,0.0,0.0,M6051147,0,0,0,2026-01-08T12:36:45.387551,
TXN-00006926,204,TRANSFER,1195.63,C1000023,51827.41,50631.77,M3140541,0,0,0,2026-01-08T12:36:45.387611,
TXN-00006927,204,TRANSFER,10876.83,C1000013,2142.53,0.0,M8970028,0,0,0,2026-01-08T12:36:45.387673,
TXN-00006928,204,TRANSFER,8212.84,C1000049,16278.77,8065.93,M7744354,0,0,0,2026-01-08T12:36:45.387736,
TXN-00006929,204,PAYMENT,6759.97,C1000088,0.0,0.0,M8627238,0,0,0,2026-01-08T12:36:45.387797,
TXN-00006930,204,CASH_OUT,1871.2,C1000026,233530.75,231659.55,M7267975,0,0,0,2026-01-08T12:36:45.387868,
TXN-00006931,204,PAYMENT,24388.53,C1000037,0.0,0.0,M7095803,0,0,0,2026-01-08T12:36:45.387928,
TXN-00006932,204,PAYMENT,452.51,C1000072,0.0,0.0,M5906200,0,0,0,2026-01-08T12:36:45.387987,
TXN-00006933,204,PAYMENT,5505.2,C1000010,0.0,0.0,M6338994,0,0,0,2026-01-08T12:36:45.388047,
TXN-00006934,204,PAYMENT,729.1,C1000089,189667.39,188938.29,M8702371,0,0,0,2026-01-08T12:36:45.388106,
TXN-00006935,204,TRANSFER,1101.73,C1000016,190931.03,189829.3,M8517594,0,0,0,2026-01-08T12:36:45.388171,
TXN-00006936,204,PAYMENT,2282.98,C1000049,8065.93,5782.94,M8461791,0,0,0,2026-01-08T12:36:45.388238,
TXN-00006937,204,PAYMENT,7630.34,C1000036,0.0,0.0,M1329001,0,0,0,2026-01-08T12:36:45.388302,
TXN-00006938,204,PAYMENT,1633.22,C1000008,250231.88,248598.66,M5035723,0,0,0,2026-01-08T12:36:45.388355,
TXN-00006939,204,PAYMENT,24.46,C1000009,135938.22,135913.75,M1685907,0,0,0,2026-01-08T12:36:45.388415,
TXN-00006940,204,DEBIT,17071.18,C1000093,0.0,0.0,M1743661,0,0,0,2026-01-08T12:36:45.388476,
TXN-00006941,204,CASH_OUT,36291.13,C1000073,0.0,0.0,M4001317,0,0,0,2026-01-08T12:36:45.388535,
TXN-00006942,204,TRANSFER,2275.03,C1000068,128063.48,125788.44,M2829628,0,0,0,2026-01-08T12:36:45.388595,
TXN-00006943,204,PAYMENT,10.0,C1000064,0.0,0.0,M6678648,0,0,0,2026-01-08T12:36:45.388659,
TXN-00006944,204,DEBIT,987.93,C1000082,145509.2,144521.27,M8090940,0,0,0,2026-01-08T12:36:45.388727,
TXN-00006945,204,PAYMENT,525.8,C1000071,207263.76,206737.96,M8446986,0,0,0,2026-01-08T12:36:45.388798,
TXN-00006946,204,PAYMENT,3273.4,C1000044,46214.69,42941.3,M8970152,0,0,0,2026-01-08T12:36:45.388861,
TXN-00006947,204,TRANSFER,1210.05,C1000080,34200.16,32990.11,M5154080,0,0,0,2026-01-08T12:36:45.388929,
TXN-00006948,204,TRANSFER,500.32,C1000034,87488.3,86987.98,M2108545,0,0,0,2026-01-08T12:36:45.388991,
TXN-00006949,204,PAYMENT,10.0,C1000033,127622.37,127612.37,M9957460,0,0,0,2026-01-08T12:36:45.389052,
TXN-00006950,204,DEBIT,2016.89,C1000041,278482.29,276465.4,M5815208,0,0,0,2026-01-08T12:36:45.389111,
TXN-00006951,204,TRANSFER,19811.73,C1000079,0.0,0.0,M2505039,0,0,0,2026-01-08T12:36:45.389174,
TXN-00006952,204,TRANSFER,1955.88,C1000030,39947.1,37991.22,M7302359,0,0,0,2026-01-08T12:36:45.389233,
TXN-00006953,204,PAYMENT,4865.79,C1000049,5782.94,917.16,M7985886,0,0,0,2026-01-08T12:36:45.389295,
TXN-00006954,204,PAYMENT,18427.24,C1000019,0.0,0.0,M8439375,0,0,0,2026-01-08T12:36:45.389357,
TXN-00006955,204,PAYMENT,13488.21,C1000063,0.0,0.0,M9968938,0,0,0,2026-01-08T12:36:45.389416,
TXN-00006956,204,PAYMENT,1243.54,C1000043,75101.93,73858.39,M4789455,0,0,0,2026-01-08T12:36:45.389473,
TXN-00006957,204,TRANSFER,19580.43,C1000079,0.0,0.0,M4043341,0,0,0,2026-01-08T12:36:45.389531,
TXN-00006958,204,CASH_OUT,6814.91,C1000033,127612.37,120797.46,M1967301,0,0,0,2026-01-08T12:36:45.389590,
TXN-00006959,204,PAYMENT,19075.22,C1000035,0.0,0.0,M8768792,0,0,0,2026-01-08T12:36:45.389649,
TXN-00006960,204,PAYMENT,10.0,C1000022,38459.23,38449.23,M6145568,0,0,0,2026-01-08T12:36:45.389709,
TXN-00006961,204,PAYMENT,6067.49,C1000088,0.0,0.0,M2725013,0,0,0,2026-01-08T12:36:45.389770,
TXN-00006962,204,DEBIT,10.0,C1000055,197805.98,197795.98,M3181514,0,0,0,2026-01-08T12:36:45.389831,
TXN-00006963,204,TRANSFER,345.64,C1000097,51316.17,50970.53,M8915525,0,0,0,2026-01-08T12:36:45.389893,
TXN-00006964,204,CASH_OUT,1587451.6328104762,C1000048,240389.8,191201.82,M9578004,0,0,1,2026-01-08T12:36:45.389928,whale_theft
TXN-00006965,204,TRANSFER,1320.1,C1000044,42941.3,41621.19,M7783939,0,0,0,2026-01-08T12:36:45.390005,
TXN-00006966,204,TRANSFER,10.0,C1000033,120797.46,120787.46,M9902020,0,0,0,2026-01-08T12:36:45.390070,
TXN-00006967,204,PAYMENT,10.0,C1000004,231720.61,231710.61,M2583918,0,0,0,2026-01-08T12:36:45.390130,
TXN-00006968,204,CASH_OUT,26419.08,C1000056,0.0,0.0,M5110413,0,0,0,2026-01-08T12:36:45.390193,
TXN-00006969,204,CASH_OUT,10129.0,C1000092,0.0,0.0,M6276550,0,0,0,2026-01-08T12:36:45.390255,
TXN-00006970,204,PAYMENT,3019.26,C1000058,0.0,0.0,M5397128,0,0,0,2026-01-08T12:36:45.390318,
TXN-00006971,204,PAYMENT,2132.28,C1000008,248598.66,246466.38,M3158502,0,0,0,2026-01-08T12:36:45.390379,
TXN-00006972,204,TRANSFER,1520.02,C1000029,0.0,0.0,M5784332,0,0,0,2026-01-08T12:36:45.390442,
TXN-00006973,204,CASH_IN,10.0,C1000089,188938.29,188948.29,M8393371,0,0,0,2026-01-08T12:36:45.390505,
TXN-00006974,197,CASH_OUT,1404377.917673239,C1000030,37991.22,0.0,M6478665,0,0,1,2026-01-08T12:36:45.390538,whale_theft
TXN-00006975,204,CASH_IN,506.89,C1000055,197795.98,198302.87,M7245904,0,0,0,2026-01-08T12:36:45.390604,
TXN-00006976,204,TRANSFER,7451.8,C1000013,0.0,0.0,M2781178,0,0,0,2026-01-08T12:36:45.390668,
TXN-00006977,204,CASH_OUT,5742.29,C1000003,0.0,0.0,M3765434,0,0,0,2026-01-08T12:36:45.390735,
TXN-00006978,204,PAYMENT,10671.04,C1000005,0.0,0.0,M7672922,0,0,0,2026-01-08T12:36:45.390794,
TXN-00006979,203,CASH_OUT,1409099.8792892625,C1000072,0.0,0.0,M4966272,0,0,1,2026-01-08T12:36:45.390824,whale_theft
TXN-00006980,204,PAYMENT,10.0,C1000051,339430.51,339420.51,M8906525,0,0,0,2026-01-08T12:36:45.390889,
TXN-00006981,204,PAYMENT,10.0,C1000078,0.0,0.0,M7270653,0,0,0,2026-01-08T12:36:45.390953,
TXN-00006982,204,TRANSFER,18118.51,C1000093,0.0,0.0,M8982916,0,0,0,2026-01-08T12:36:45.391012,
TXN-00006983,204,DEBIT,1557.23,C1000018,182652.1,181094.87,M5105706,0,0,0,2026-01-08T12:36:45.391073,
TXN-00006984,204,TRANSFER,1718.24,C1000030,37991.22,36272.98,M4271744,0,0,0,2026-01-08T12:36:45.391135,
TXN-00006985,204,PAYMENT,17817.83,C1000079,0.0,0.0,M3594353,0,0,0,2026-01-08T12:36:45.391197,
TXN-00006986,204,CASH_OUT,2487.22,C1000026,231659.55,229172.32,M4382151,0,0,0,2026-01-08T12:36:45.391256,
TXN-00006987,204,PAYMENT,4445.43,C1000098,261385.15,256939.72,M7300181,0,0,0,2026-01-08T12:36:45.391321,
TXN-00006988,204,CASH_OUT,172740.3,C1000050,0.0,0.0,M1451309,0,0,0,2026-01-08T12:36:45.391380,
TXN-00006989,204,TRANSFER,7841.86,C1000058,0.0,0.0,M6429221,0,0,0,2026-01-08T12:36:45.391443,
TXN-00006990,204,CASH_OUT,1854841.325363016,C1000054,0.0,0.0,M9047794,0,0,1,2026-01-08T12:36:45.391474,whale_theft
TXN-00006991,204,TRANSFER,1916.51,C1000069,116682.85,114766.33,M9554540,0,0,0,2026-01-08T12:36:45.391540,
TXN-00006992,204,PAYMENT,18730.49,C1000024,0.0,0.0,M8614558,0,0,0,2026-01-08T12:36:45.391602,
TXN-00006993,204,DEBIT,26213.44,C1000056,0.0,0.0,M9675688,0,0,0,2026-01-08T12:36:45.391666,
TXN-00006994,204,PAYMENT,23822.81,C1000067,0.0,0.0,M3833761,0,0,0,2026-01-08T12:36:45.391732,
TXN-00006995,204,TRANSFER,10.0,C1000014,283967.0,283957.0,M2978002,0,0,0,2026-01-08T12:36:45.391803,
TXN-00006996,204,PAYMENT,3772.24,C1000085,0.0,0.0,M2571457,0,0,0,2026-01-08T12:36:45.391868,
TXN-00006997,204,CASH_OUT,4025.02,C1000010,0.0,0.0,M7388127,0,0,0,2026-01-08T12:36:45.391929,
TXN-00006998,201,CASH_OUT,1383627.2953472538,C1000030,36272.98,0.0,M4793715,0,0,1,2026-01-08T12:36:45.391960,whale_theft
TXN-00006999,204,TRANSFER,5967.58,C1000088,0.0,0.0,M5046227,0,0,0,2026-01-08T12:36:45.392025,
TXN-00007000,204,PAYMENT,4911.16,C1000010,0.0,0.0,M8954092,0,0,0,2026-01-08T12:36:45.392084,
TXN-00007001,202,CASH_OUT,1650409.7308856857,C1000087,258882.12,230229.88,M6439671,0,0,1,2026-01-08T12:36:45.392115,whale_theft
TXN-00007002,204,CASH_OUT,4688.63,C1000032,35360.11,30671.48,M2125035,0,0,0,2026-01-08T12:36:45.392182,
TXN-00007003,204,PAYMENT,532.44,C1000077,106912.1,106379.66,M8265202,0,0,0,2026-01-08T12:36:45.393613,
TXN-00007004,204,TRANSFER,3270.43,C1000020,358752.96,355482.53,M1634619,0,0,0,2026-01-08T12:36:45.393802,
TXN-00007005,204,PAYMENT,1956.9,C1000090,277147.18,275190.28,M5211149,0,0,0,2026-01-08T12:36:45.393902,
TXN-00007006,201,TRANSFER,1857307.088624223,C1000027,0.0,-134524.76,M7650904,0,0,1,2026-01-08T12:36:45.394001,whale_theft
TXN-00007007,204,PAYMENT,26863.06,C1000056,0.0,0.0,M1006259,0,0,0,2026-01-08T12:36:45.394399,
TXN-00007008,204,PAYMENT,1952.97,C1000096,295886.5,293933.54,M5742827,0,0,0,2026-01-08T12:36:45.394598,
TXN-00007009,204,PAYMENT,19413.84,C1000079,0.0,0.0,M6767949,0,0,0,2026-01-08T12:36:45.394687,
TXN-00007010,204,CASH_OUT,2298.91,C1000045,3865.46,1566.54,M5808121,0,0,0,2026-01-08T12:36:45.394823,
TXN-00007011,204,TRANSFER,17547.08,C1000076,0.0,0.0,M8984478,0,0,0,2026-01-08T12:36:45.394912,
TXN-00007012,204,PAYMENT,5563.06,C1000082,144521.27,138958.21,M1328593,0,0,0,2026-01-08T12:36:45.394980,
TXN-00007013,211,CASH_OUT,1724677.8346376123,C1000006,253001.62,222948.44,M8818512,0,0,1,2026-01-08T12:36:45.395017,whale_theft
TXN-00007014,204,PAYMENT,8155.6,C1000031,0.0,0.0,M9293683,0,0,0,2026-01-08T12:36:45.395087,
TXN-00007015,204,TRANSFER,10.0,C1000080,32990.11,32980.11,M1942698,0,0,0,2026-01-08T12:36:45.395151,
TXN-00007016,204,TRANSFER,5991.87,C1000031,0.0,0.0,M8147168,0,0,0,2026-01-08T12:36:45.395214,
TXN-00007017,204,PAYMENT,2576.32,C1000044,41621.19,39044.87,M9524446,0,0,0,2026-01-08T12:36:45.395277,
TXN-00007018,204,CASH_OUT,2009.92,C1000017,118534.33,116524.41,M5146802,0,0,0,2026-01-08T12:36:45.395400,
TXN-00007019,204,TRANSFER,13311.94,C1000074,0.0,0.0,M1389569,0,0,0,2026-01-08T12:36:45.395526,
TXN-00007020,204,DEBIT,10.0,C1000069,114766.33,114756.33,M6925973,0,0,0,2026-01-08T12:36:45.395621,
TXN-00007021,204,PAYMENT,4463.09,C1000080,32980.11,28517.02,M8311244,0,0,0,2026-01-08T12:36:45.395933,
TXN-00007022,204,PAYMENT,17539.79,C1000076,0.0,0.0,M4990242,0,0,0,2026-01-08T12:36:45.396048,
TXN-00007023,204,TRANSFER,5710.62,C1000058,0.0,0.0,M8172725,0,0,0,2026-01-08T12:36:45.396131,
TXN-00007024,204,CASH_IN,10.0,C1000082,138958.21,138968.21,M8404499,0,0,0,2026-01-08T12:36:45.396202,
TXN-00007025,204,PAYMENT,1405.38,C1000043,73858.39,72453.01,M6028624,0,0,0,2026-01-08T12:36:45.396275,
TXN-00007026,204,PAYMENT,10.0,C1000008,246466.38,246456.38,M3702590,0,0,0,2026-01-08T12:36:45.396376,
TXN-00007027,195,CASH_OUT,1365957.4297110336,C1000053,0.0,0.0,M7211841,0,0,1,2026-01-08T12:36:45.396421,whale_theft
TXN-00007028,204,CASH_OUT,26659.33,C1000056,0.0,0.0,M5419890,0,0,0,2026-01-08T12:36:45.396724,
TXN-00007029,204,CASH_IN,13611.14,C1000063,0.0,13611.14,M8540329,0,0,0,2026-01-08T12:36:45.397043,
TXN-00007030,204,DEBIT,4816.91,C1000065,0.0,0.0,M2204980,0,0,0,2026-01-08T12:36:45.397339,
TXN-00007031,204,DEBIT,8203.95,C1000082,138968.21,130764.26,M8391282,0,0,0,2026-01-08T12:36:45.397488,
TXN-00007032,204,TRANSFER,10682.6,C1000031,0.0,0.0,M3243940,0,0,0,2026-01-08T12:36:45.397595,
TXN-00007033,204,CASH_IN,998.7,C1000096,293933.54,294932.24,M3235986,0,0,0,2026-01-08T12:36:45.397658,
TXN-00007034,204,CASH_IN,173265.29,C1000050,0.0,173265.29,M4736661,0,0,0,2026-01-08T12:36:45.397718,
TXN-00007035,204,CASH_OUT,2830.27,C1000045,1566.54,0.0,M6389212,0,0,0,2026-01-08T12:36:45.397779,
TXN-00007036,204,PAYMENT,10.0,C1000089,188948.29,188938.29,M9702162,0,0,0,2026-01-08T12:36:45.397839,
TXN-00007037,204,DEBIT,5676.43,C1000049,917.16,0.0,M6121025,0,0,0,2026-01-08T12:36:45.397898,
TXN-00007038,204,PAYMENT,857.4,C1000047,0.0,0.0,M7629588,0,0,0,2026-01-08T12:36:45.397959,
TXN-00007039,204,DEBIT,11823.62,C1000015,0.0,0.0,M2829862,0,0,0,2026-01-08T12:36:45.398082,
TXN-00007040,204,TRANSFER,10.0,C1000064,0.0,0.0,M9968613,0,0,0,2026-01-08T12:36:45.398142,
TXN-00007041,204,CASH_OUT,10.0,C1000075,454163.96,454153.96,M9691873,0,0,0,2026-01-08T12:36:45.398200,
TXN-00007042,204,DEBIT,1688.99,C1000038,0.0,0.0,M9897566,0,0,0,2026-01-08T12:36:45.398253,
TXN-00007043,204,TRANSFER,1176.69,C1000061,255158.18,253981.49,M5722836,0,0,0,2026-01-08T12:36:45.398304,
TXN-00007044,204,CASH_OUT,1193.15,C1000008,246456.38,245263.23,M3297444,0,0,0,2026-01-08T12:36:45.398356,
TXN-00007045,204,TRANSFER,7679.33,C1000031,0.0,0.0,M3426086,0,0,0,2026-01-08T12:36:45.398420,
TXN-00007046,204,DEBIT,399.16,C1000047,0.0,0.0,M8835693,0,0,0,2026-01-08T12:36:45.398473,
TXN-00007047,204,CASH_OUT,10797.75,C1000015,0.0,0.0,M6982303,0,0,0,2026-01-08T12:36:45.398522,
TXN-00007048,204,PAYMENT,943.9,C1000070,0.0,0.0,M7015377,0,0,0,2026-01-08T12:36:45.398573,
TXN-00007049,204,CASH_IN,503.44,C1000066,0.0,503.44,M7915744,0,0,0,2026-01-08T12:36:45.398622,
TXN-00007050,204,TRANSFER,4660.7,C1000062,0.0,0.0,M1008091,0,0,0,2026-01-08T12:36:45.398672,
TXN-00007051,204,PAYMENT,21721.94,C1000095,0.0,0.0,M5114990,0,0,0,2026-01-08T12:36:45.398722,
TXN-00007052,204,DEBIT,4346.65,C1000065,0.0,0.0,M8827232,0,0,0,2026-01-08T12:36:45.398772,
TXN-00007053,204,TRANSFER,1689.17,C1000086,190268.42,188579.25,M3984986,0,0,0,2026-01-08T12:36:45.398821,
TXN-00007054,204,DEBIT,17877.55,C1000076,0.0,0.0,M5189718,0,0,0,2026-01-08T12:36:45.398872,
TXN-00007055,204,PAYMENT,54751.31,C1000000,0.0,0.0,M9714470,0,0,0,2026-01-08T12:36:45.398920,
TXN-00007056,204,TRANSFER,2644.99,C1000028,0.0,0.0,M2512347,0,0,0,2026-01-08T12:36:45.398969,
TXN-00007057,204,CASH_IN,10.0,C1000018,181094.87,181104.87,M9711507,0,0,0,2026-01-08T12:36:45.399019,
TXN-00007058,204,CASH_OUT,6961.61,C1000033,120787.46,113825.86,M5571982,0,0,0,2026-01-08T12:36:45.399069,
TXN-00007059,204,CASH_OUT,2062.68,C1000017,116524.41,114461.73,M8695857,0,0,0,2026-01-08T12:36:45.399123,
TXN-00007060,204,PAYMENT,36448.74,C1000067,0.0,0.0,M2976753,0,0,0,2026-01-08T12:36:45.399175,
TXN-00007061,204,PAYMENT,10025.9,C1000092,0.0,0.0,M1670427,0,0,0,2026-01-08T12:36:45.399224,
TXN-00007062,204,TRANSFER,1469.21,C1000030,36272.98,34803.77,M5784220,0,0,0,2026-01-08T12:36:45.399273,
TXN-00007063,204,PAYMENT,4283.26,C1000032,30671.48,26388.22,M1070807,0,0,0,2026-01-08T12:36:45.399324,
TXN-00007064,195,TRANSFER,520157.74885763763,C1000035,0.0,0.0,M9442993,0,0,1,2026-01-08T12:36:45.399356,whale_theft
TXN-00007065,204,PAYMENT,1329.87,C1000018,181104.87,179774.99,M8261175,0,0,0,2026-01-08T12:36:45.399413,
TXN-00007066,204,PAYMENT,7841.79,C1000013,0.0,0.0,M1172944,0,0,0,2026-01-08T12:36:45.399464,
TXN-00007067,204,PAYMENT,10381.9,C1000092,0.0,0.0,M8134482,0,0,0,2026-01-08T12:36:45.399514,
TXN-00007068,204,PAYMENT,10.0,C1000018,179774.99,179764.99,M4297573,0,0,0,2026-01-08T12:36:45.399564,
TXN-00007069,204,PAYMENT,864.77,C1000029,0.0,0.0,M9231480,0,0,0,2026-01-08T12:36:45.399615,
TXN-00007070,204,TRANSFER,7440.18,C1000099,63745.78,56305.6,M2485119,0,0,0,2026-01-08T12:36:45.399664,
TXN-00007071,204,PAYMENT,10.0,C1000042,0.0,0.0,M8661083,0,0,0,2026-01-08T12:36:45.399717,
TXN-00007072,204,PAYMENT,3954.04,C1000082,130764.26,126810.22,M2565107,0,0,0,2026-01-08T12:36:45.399765,
TXN-00007073,204,TRANSFER,1604.64,C1000020,355482.53,353877.89,M1295465,0,0,0,2026-01-08T12:36:45.399817,
TXN-00007074,204,DEBIT,272.32,C1000061,253981.49,253709.17,M2378479,0,0,0,2026-01-08T12:36:45.399868,
TXN-00007075,204,PAYMENT,1026.22,C1000049,0.0,0.0,M7020593,0,0,0,2026-01-08T12:36:45.399920,
TXN-00007076,204,PAYMENT,10.0,C1000068,125788.44,125778.44,M3719550,0,0,0,2026-01-08T12:36:45.399970,
TXN-00007077,204,PAYMENT,1441.54,C1000018,179764.99,178323.45,M5326627,0,0,0,2026-01-08T12:36:45.400020,
TXN-00007078,204,PAYMENT,24709.42,C1000037,0.0,0.0,M3477438,0,0,0,2026-01-08T12:36:45.400071,
TXN-00007079,204,CASH_OUT,2141.88,C1000071,206737.96,204596.08,M4436455,0,0,0,2026-01-08T12:36:45.400120,
TXN-00007080,204,PAYMENT,10197.57,C1000013,0.0,0.0,M7335937,0,0,0,2026-01-08T12:36:45.400172,
TXN-00007081,204,PAYMENT,6301.96,C1000088,0.0,0.0,M5966519,0,0,0,2026-01-08T12:36:45.400222,
TXN-00007082,204,CASH_OUT,6288.48,C1000046,0.0,0.0,M5644273,0,0,0,2026-01-08T12:36:45.400270,
TXN-00007083,204,TRANSFER,2031.21,C1000044,39044.87,37013.66,M6570255,0,0,0,2026-01-08T12:36:45.400320,
TXN-00007084,204,TRANSFER,17724.34,C1000019,0.0,0.0,M7597553,0,0,0,2026-01-08T12:36:45.400370,
TXN-00007085,204,PAYMENT,10.0,C1000038,0.0,0.0,M9664511,0,0,0,2026-01-08T12:36:45.400420,
TXN-00007086,204,TRANSFER,4571.54,C1000033,113825.86,109254.31,M1009618,0,0,0,2026-01-08T12:36:45.400466,
TXN-00007087,204,DEBIT,14797.24,C1000005,0.0,0.0,M2897019,0,0,0,2026-01-08T12:36:45.400516,
TXN-00007088,204,TRANSFER,4210.83,C1000058,0.0,0.0,M8624281,0,0,0,2026-01-08T12:36:45.400563,
TXN-00007089,204,PAYMENT,4550.1,C1000025,0.0,0.0,M9069590,0,0,0,2026-01-08T12:36:45.400616,
TXN-00007090,204,TRANSFER,5115.67,C1000003,0.0,0.0,M9221767,0,0,0,2026-01-08T12:36:45.400667,
TXN-00007091,204,TRANSFER,6744.03,C1000013,0.0,0.0,M6505402,0,0,0,2026-01-08T12:36:45.400717,
TXN-00007092,204,TRANSFER,5776.95,C1000025,0.0,0.0,M5002982,0,0,0,2026-01-08T12:36:45.400767,
TXN-00007093,204,PAYMENT,5763.87,C1000025,0.0,0.0,M4417542,0,0,0,2026-01-08T12:36:45.400817,
TXN-00007094,204,TRANSFER,10.0,C1000082,126810.22,126800.22,M9759818,0,0,0,2026-01-08T12:36:45.400868,
TXN-00007095,210,TRANSFER,640928.6284174647,C1000001,102481.12,5890.01,M8070794,0,0,1,2026-01-08T12:36:45.400896,whale_theft
TXN-00007096,204,PAYMENT,12567.11,C1000015,0.0,0.0,M2322066,0,0,0,2026-01-08T12:36:45.400958,
TXN-00007097,204,TRANSFER,3366.53,C1000087,258882.12,255515.6,M2211533,0,0,0,2026-01-08T12:36:45.401011,
TXN-00007098,204,CASH_OUT,31481.59,C1000067,0.0,0.0,M5503799,0,0,0,2026-01-08T12:36:45.401065,
TXN-00007099,204,TRANSFER,14616.47,C1000074,0.0,0.0,M5616816,0,0,0,2026-01-08T12:36:45.401116,
TXN-00007100,204,PAYMENT,4519.06,C1000065,0.0,0.0,M8774323,0,0,0,2026-01-08T12:36:45.401167,
TXN-00007101,204,PAYMENT,2707.15,C1000072,0.0,0.0,M1138844,0,0,0,2026-01-08T12:36:45.401222,
TXN-00007102,204,CASH_IN,10.0,C1000022,38449.23,38459.23,M4395984,0,0,0,2026-01-08T12:36:45.401274,
TXN-00007103,204,CASH_OUT,991.04,C1000084,163254.91,162263.88,M2366275,0,0,0,2026-01-08T12:36:45.401322,
TXN-00007104,204,PAYMENT,8073.13,C1000011,0.0,0.0,M3195733,0,0,0,2026-01-08T12:36:45.401371,
TXN-00007105,204,PAYMENT,10.0,C1000040,21630.31,21620.31,M6803274,0,0,0,2026-01-08T12:36:45.401436,
TXN-00007106,204,CASH_OUT,25112.56,C1000037,0.0,0.0,M4789206,0,0,0,2026-01-08T12:36:45.401499,
TXN-00007107,204,CASH_OUT,1371.55,C1000066,503.44,0.0,M7200929,0,0,0,2026-01-08T12:36:45.401548,
TXN-00007108,204,TRANSFER,1917.03,C1000043,72453.01,70535.98,M4812635,0,0,0,2026-01-08T12:36:45.401598,
TXN-00007109,204,PAYMENT,17812.15,C1000054,0.0,0.0,M2891400,0,0,0,2026-01-08T12:36:45.401648,
TXN-00007110,204,TRANSFER,4627.2,C1000025,0.0,0.0,M1594272,0,0,0,2026-01-08T12:36:45.401696,
TXN-00007111,204,TRANSFER,3294.48,C1000028,0.0,0.0,M7530611,0,0,0,2026-01-08T12:36:45.401744,
TXN-00007112,204,CASH_OUT,10.0,C1000047,0.0,0.0,M6050523,0,0,0,2026-01-08T12:36:45.401791,
TXN-00007113,204,TRANSFER,13625.89,C1000063,13611.14,0.0,M2421509,0,0,0,2026-01-08T12:36:45.401838,
TXN-00007114,204,DEBIT,2054.93,C1000023,50631.77,48576.85,M9333364,0,0,0,2026-01-08T12:36:45.401886,
TXN-00007115,204,CASH_OUT,9895.79,C1000058,0.0,0.0,M8499656,0,0,0,2026-01-08T12:36:45.401935,
TXN-00007116,204,PAYMENT,3149.64,C1000006,253001.62,249851.98,M8681476,0,0,0,2026-01-08T12:36:45.401983,
TXN-00007117,204,PAYMENT,4242.75,C1000025,0.0,0.0,M9220276,0,0,0,2026-01-08T12:36:45.402032,
TXN-00007118,204,TRANSFER,13616.57,C1000063,0.0,0.0,M8996143,0,0,0,2026-01-08T12:36:45.402080,
TXN-00007119,204,PAYMENT,7560.0,C1000099,56305.6,48745.6,M1037472,0,0,0,2026-01-08T12:36:45.402131,
TXN-00007120,204,TRANSFER,10.0,C1000078,0.0,0.0,M7721594,0,0,0,2026-01-08T12:36:45.402182,
TXN-00007121,204,DEBIT,550.37,C1000023,48576.85,48026.48,M1776615,0,0,0,2026-01-08T12:36:45.402230,
TXN-00007122,204,CASH_OUT,2686.31,C1000028,0.0,0.0,M9662319,0,0,0,2026-01-08T12:36:45.402279,
TXN-00007123,204,CASH_OUT,5112.31,C1000052,0.0,0.0,M9204927,0,0,0,2026-01-08T12:36:45.402329,
TXN-00007124,204,DEBIT,56069.48,C1000000,0.0,0.0,M7213626,0,0,0,2026-01-08T12:36:45.402384,
TXN-00007125,204,PAYMENT,2005.95,C1000026,229172.32,227166.37,M7172368,0,0,0,2026-01-08T12:36:45.402433,
TXN-00007126,204,CASH_OUT,10.0,C1000094,211307.29,211297.29,M5505735,0,0,0,2026-01-08T12:36:45.402489,
TXN-00007127,204,CASH_OUT,7084.25,C1000059,0.0,0.0,M6194733,0,0,0,2026-01-08T12:36:45.402546,
TXN-00007128,204,CASH_OUT,364.19,C1000020,353877.89,353513.7,M5136633,0,0,0,2026-01-08T12:36:45.402604,
TXN-00007129,204,CASH_OUT,10.0,C1000023,48026.48,48016.48,M8748488,0,0,0,2026-01-08T12:36:45.402666,
TXN-00007130,204,TRANSFER,5243.83,C1000032,26388.22,21144.39,M4983568,0,0,0,2026-01-08T12:36:45.402724,
TXN-00007131,204,TRANSFER,2199.26,C1000047,0.0,0.0,M2743930,0,0,0,2026-01-08T12:36:45.402783,
TXN-00007132,204,DEBIT,10.0,C1000047,0.0,0.0,M4207016,0,0,0,2026-01-08T12:36:45.402844,
TXN-00007133,204,CASH_OUT,9776.74,C1000058,0.0,0.0,M9358053,0,0,0,2026-01-08T12:36:45.402900,
TXN-00007134,204,TRANSFER,7994.75,C1000011,0.0,0.0,M2694608,0,0,0,2026-01-08T12:36:45.402960,
TXN-00007135,204,PAYMENT,1884.15,C1000048,240389.8,238505.65,M4398387,0,0,0,2026-01-08T12:36:45.403019,
TXN-00007136,204,CASH_IN,6457.14,C1000047,0.0,6457.14,M5264347,0,0,0,2026-01-08T12:36:45.403079,
TXN-00007137,204,PAYMENT,10.0,C1000002,308943.76,308933.76,M7521576,0,0,0,2026-01-08T12:36:45.404109,
TXN-00007138,204,CASH_OUT,11706.31,C1000074,0.0,0.0,M3154120,0,0,0,2026-01-08T12:36:45.404284,
TXN-00007139,204,PAYMENT,2346.34,C1000044,37013.66,34667.31,M3333501,0,0,0,2026-01-08T12:36:45.404385,
TXN-00007140,204,CASH_OUT,1584.72,C1000038,0.0,0.0,M8495393,0,0,0,2026-01-08T12:36:45.404475,
TXN-00007141,204,PAYMENT,2144.92,C1000066,0.0,0.0,M4140787,0,0,0,2026-01-08T12:36:45.404564,
TXN-00007142,204,TRANSFER,1813.54,C1000091,0.0,0.0,M8089302,0,0,0,2026-01-08T12:36:45.404781,
TXN-00007143,204,DEBIT,10.0,C1000081,101366.5,101356.5,M7457954,0,0,0,2026-01-08T12:36:45.404866,
TXN-00007144,204,TRANSFER,10.0,C1000061,253709.17,253699.17,M2962090,0,0,0,2026-01-08T12:36:45.404942,
TXN-00007145,204,PAYMENT,6196.68,C1000046,0.0,0.0,M1725848,0,0,0,2026-01-08T12:36:45.405012,
TXN-00007146,204,CASH_IN,7404.57,C1000099,48745.6,56150.18,M2639040,0,0,0,2026-01-08T12:36:45.405081,
TXN-00007147,204,PAYMENT,2215.66,C1000029,0.0,0.0,M7319855,0,0,0,2026-01-08T12:36:45.405145,
TXN-00007148,204,CASH_OUT,5553.53,C1000059,0.0,0.0,M1747382,0,0,0,2026-01-08T12:36:45.405243,
TXN-00007149,204,PAYMENT,292.79,C1000007,72890.78,72597.99,M2072506,0,0,0,2026-01-08T12:36:45.405316,
TXN-00007150,204,CASH_OUT,1483.94,C1000048,238505.65,237021.71,M5082131,0,0,0,2026-01-08T12:36:45.405380,
TXN-00007151,204,TRANSFER,21906.03,C1000035,0.0,0.0,M4339732,0,0,0,2026-01-08T12:36:45.405438,
TXN-00007152,204,TRANSFER,10.0,C1000055,198302.87,198292.87,M8528025,0,0,0,2026-01-08T12:36:45.405494,
TXN-00007153,211,CASH_OUT,1407815.474014008,C1000055,198292.87,42219.54,M8610407,0,0,1,2026-01-08T12:36:45.405527,whale_theft
TXN-00007154,204,CASH_OUT,1969.19,C1000017,114461.73,112492.54,M9994144,0,0,0,2026-01-08T12:36:45.405591,
TXN-00007155,204,CASH_OUT,39553.81,C1000012,0.0,0.0,M8352496,0,0,0,2026-01-08T12:36:45.405649,
TXN-00007156,204,DEBIT,35222.38,C1000073,0.0,0.0,M6145829,0,0,0,2026-01-08T12:36:45.405704,
TXN-00007157,204,CASH_OUT,176.51,C1000060,60397.57,60221.06,M5512160,0,0,0,2026-01-08T12:36:45.405761,
TXN-00007158,204,PAYMENT,8052.15,C1000036,0.0,0.0,M2209420,0,0,0,2026-01-08T12:36:45.405821,
TXN-00007159,204,TRANSFER,1297.53,C1000030,34803.77,33506.24,M1110457,0,0,0,2026-01-08T12:36:45.405876,
TXN-00007160,204,PAYMENT,6477.25,C1000088,0.0,0.0,M5626159,0,0,0,2026-01-08T12:36:45.405933,
TXN-00007161,204,PAYMENT,2118.1,C1000041,276465.4,274347.31,M6381330,0,0,0,2026-01-08T12:36:45.405989,
TXN-00007162,204,PAYMENT,2862.63,C1000045,0.0,0.0,M4676682,0,0,0,2026-01-08T12:36:45.406048,
TXN-00007163,204,PAYMENT,26210.28,C1000056,0.0,0.0,M5424864,0,0,0,2026-01-08T12:36:45.406106,
TXN-00007164,204,PAYMENT,6894.74,C1000011,0.0,0.0,M4902892,0,0,0,2026-01-08T12:36:45.406164,
TXN-00007165,204,TRANSFER,1820.92,C1000017,112492.54,110671.62,M2917737,0,0,0,2026-01-08T12:36:45.406222,
TXN-00007166,204,TRANSFER,782.82,C1000081,101356.5,100573.68,M7412129,0,0,0,2026-01-08T12:36:45.406281,
TXN-00007167,204,PAYMENT,2867.62,C1000070,0.0,0.0,M1560799,0,0,0,2026-01-08T12:36:45.406342,
TXN-00007168,204,PAYMENT,33251.34,C1000073,0.0,0.0,M1870954,0,0,0,2026-01-08T12:36:45.406399,
TXN-00007169,204,DEBIT,10.0,C1000042,0.0,0.0,M2105168,0,0,0,2026-01-08T12:36:45.406454,
TXN-00007170,204,DEBIT,896.17,C1000083,223060.72,222164.56,M5253082,0,0,0,2026-01-08T12:36:45.406506,
TXN-00007171,204,PAYMENT,26684.96,C1000056,0.0,0.0,M7577599,0,0,0,2026-01-08T12:36:45.406567,
TXN-00007172,204,TRANSFER,10.0,C1000041,274347.31,274337.31,M5813896,0,0,0,2026-01-08T12:36:45.406623,
TXN-00007173,204,TRANSFER,1769.34,C1000068,125778.44,124009.1,M9278086,0,0,0,2026-01-08T12:36:45.406686,
TXN-00007174,204,PAYMENT,19386.84,C1000035,0.0,0.0,M2898908,0,0,0,2026-01-08T12:36:45.406741,
TXN-00007175,204,TRANSFER,5076.95,C1000010,0.0,0.0,M2632733,0,0,0,2026-01-08T12:36:45.406795,
TXN-00007176,204,PAYMENT,2977.35,C1000062,0.0,0.0,M4784637,0,0,0,2026-01-08T12:36:45.406853,
TXN-00007177,204,CASH_OUT,3455.24,C1000072,0.0,0.0,M8036756,0,0,0,2026-01-08T12:36:45.406909,
TXN-00007178,204,CASH_OUT,5386.32,C1000091,0.0,0.0,M7722176,0,0,0,2026-01-08T12:36:45.406963,
TXN-00007179,204,PAYMENT,263.15,C1000096,294932.24,294669.09,M5153510,0,0,0,2026-01-08T12:36:45.407019,
TXN-00007180,204,TRANSFER,3238.58,C1000002,308933.76,305695.18,M3220928,0,0,0,2026-01-08T12:36:45.407075,
TXN-00007181,204,PAYMENT,1027.87,C1000008,245263.23,244235.36,M1444064,0,0,0,2026-01-08T12:36:45.407136,
TXN-00007182,204,CASH_OUT,1076.06,C1000038,0.0,0.0,M3812830,0,0,0,2026-01-08T12:36:45.407192,
TXN-00007183,192,CASH_OUT,1521217.8162346906,C1000074,0.0,0.0,M2141574,0,0,1,2026-01-08T12:36:45.407222,whale_theft
TXN-00007184,204,PAYMENT,12145.75,C1000005,0.0,0.0,M1441147,0,0,0,2026-01-08T12:36:45.407285,
TXN-00007185,204,PAYMENT,33865.85,C1000073,0.0,0.0,M8405574,0,0,0,2026-01-08T12:36:45.407343,
TXN-00007186,204,PAYMENT,428.39,C1000061,253699.17,253270.78,M4924608,0,0,0,2026-01-08T12:36:45.407398,
TXN-00007187,195,CASH_OUT,1713076.9594482759,C1000061,253270.78,215968.0,M6693372,0,0,1,2026-01-08T12:36:45.407427,whale_theft
TXN-00007188,204,PAYMENT,2294.11,C1000043,70535.98,68241.87,M5337219,0,0,0,2026-01-08T12:36:45.407490,
TXN-00007189,204,PAYMENT,1187.44,C1000001,102481.12,101293.68,M7242828,0,0,0,2026-01-08T12:36:45.407547,
TXN-00007190,195,CASH_OUT,1780775.6428688734,C1000028,0.0,0.0,M3977980,0,0,1,2026-01-08T12:36:45.407576,whale_theft
TXN-00007191,204,TRANSFER,2322.04,C1000096,294669.09,292347.04,M6253235,0,0,0,2026-01-08T12:36:45.407640,
TXN-00007192,204,TRANSFER,4531.62,C1000027,0.0,0.0,M7242517,0,0,0,2026-01-08T12:36:45.407697,
TXN-00007193,204,TRANSFER,7824.69,C1000058,0.0,0.0,M7843991,0,0,0,2026-01-08T12:36:45.407759,
TXN-00007194,204,PAYMENT,5913.4,C1000010,0.0,0.0,M9654410,0,0,0,2026-01-08T12:36:45.407815,
TXN-00007195,204,PAYMENT,10.0,C1000097,50970.53,50960.53,M7831317,0,0,0,2026-01-08T12:36:45.407871,
TXN-00007196,204,PAYMENT,17415.98,C1000076,0.0,0.0,M6169619,0,0,0,2026-01-08T12:36:45.407933,
TXN-00007197,204,TRANSFER,1291.15,C1000083,222164.56,220873.4,M8152040,0,0,0,2026-01-08T12:36:45.407987,
TXN-00007198,204,CASH_OUT,1080.41,C1000047,6457.14,5376.73,M8805278,0,0,0,2026-01-08T12:36:45.408042,
TXN-00007199,204,DEBIT,639.3,C1000084,162263.88,161624.58,M8345446,0,0,0,2026-01-08T12:36:45.408098,
TXN-00007200,204,PAYMENT,227.55,C1000094,211297.29,211069.74,M9723160,0,0,0,2026-01-08T12:36:45.408159,
TXN-00007201,204,CASH_OUT,1944.21,C1000017,110671.62,108727.41,M8812495,0,0,0,2026-01-08T12:36:45.408216,
TXN-00007202,204,PAYMENT,10.0,C1000064,0.0,0.0,M7063682,0,0,0,2026-01-08T12:36:45.408275,
TXN-00007203,204,PAYMENT,617.84,C1000080,28517.02,27899.18,M2614927,0,0,0,2026-01-08T12:36:45.408327,
TXN-00007204,204,TRANSFER,33591.06,C1000073,0.0,0.0,M8844113,0,0,0,2026-01-08T12:36:45.408383,
TXN-00007205,204,PAYMENT,1359.85,C1000083,220873.4,219513.55,M4396809,0,0,0,2026-01-08T12:36:45.408435,
TXN-00007206,204,TRANSFER,2799.21,C1000023,48016.48,45217.27,M6010003,0,0,0,2026-01-08T12:36:45.408495,
TXN-00007207,204,PAYMENT,15.62,C1000061,253270.78,253255.15,M5485515,0,0,0,2026-01-08T12:36:45.408549,
TXN-00007208,204,TRANSFER,22480.4,C1000024,0.0,0.0,M3328765,0,0,0,2026-01-08T12:36:45.408613,
TXN-00007209,204,TRANSFER,10.0,C1000029,0.0,0.0,M9738205,0,0,0,2026-01-08T12:36:45.408670,
TXN-00007210,204,TRANSFER,27101.93,C1000024,0.0,0.0,M7379050,0,0,0,2026-01-08T12:36:45.408725,
TXN-00007211,204,TRANSFER,5223.07,C1000032,21144.39,15921.32,M6270236,0,0,0,2026-01-08T12:36:45.408800,
TXN-00007212,204,DEBIT,20895.01,C1000035,0.0,0.0,M7724149,0,0,0,2026-01-08T12:36:45.408865,
TXN-00007213,204,PAYMENT,2002.58,C1000047,5376.73,3374.15,M9803907,0,0,0,2026-01-08T12:36:45.409864,
TXN-00007214,206,TRANSFER,1381848.4594554254,C1000025,0.0,-132424.7,M5932808,0,0,1,2026-01-08T12:36:45.409930,whale_theft
TXN-00007215,212,TRANSFER,863864.0359909397,C1000042,0.0,-93593.78,M7295721,0,0,1,2026-01-08T12:36:45.409974,whale_theft
TXN-00007216,204,PAYMENT,980.93,C1000094,211069.74,210088.81,M9650796,0,0,0,2026-01-08T12:36:45.410088,
TXN-00007217,204,CASH_IN,5922.24,C1000052,0.0,5922.24,M9419496,0,0,0,2026-01-08T12:36:45.410191,
TXN-00007218,204,PAYMENT,6279.23,C1000091,0.0,0.0,M4390786,0,0,0,2026-01-08T12:36:45.410272,
TXN-00007219,204,CASH_OUT,2724.42,C1000049,0.0,0.0,M2979339,0,0,0,2026-01-08T12:36:45.410375,
TXN-00007220,204,TRANSFER,896.61,C1000001,101293.68,100397.06,M6737195,0,0,0,2026-01-08T12:36:45.410459,
TXN-00007221,204,PAYMENT,2625.56,C1000030,33506.24,30880.68,M9115929,0,0,0,2026-01-08T12:36:45.410537,
TXN-00007222,204,CASH_OUT,10.0,C1000075,454153.96,454143.96,M2546596,0,0,0,2026-01-08T12:36:45.410662,
TXN-00007223,204,DEBIT,28242.36,C1000067,0.0,0.0,M5821167,0,0,0,2026-01-08T12:36:45.411224,
TXN-00007224,204,CASH_OUT,5788.36,C1000025,0.0,0.0,M6832985,0,0,0,2026-01-08T12:36:45.411504,
TXN-00007225,204,DEBIT,32847.27,C1000067,0.0,0.0,M1320751,0,0,0,2026-01-08T12:36:45.411596,
TXN-00007226,204,CASH_OUT,13873.08,C1000063,0.0,0.0,M6942343,0,0,0,2026-01-08T12:36:45.411660,
TXN-00007227,204,CASH_OUT,10.0,C1000082,126800.22,126790.22,M8178202,0,0,0,2026-01-08T12:36:45.411723,
TXN-00007228,204,TRANSFER,1215.05,C1000071,204596.08,203381.03,M7159684,0,0,0,2026-01-08T12:36:45.411786,
TXN-00007229,204,TRANSFER,799.87,C1000001,100397.06,99597.19,M4626962,0,0,0,2026-01-08T12:36:45.411849,
TXN-00007230,204,TRANSFER,26703.5,C1000056,0.0,0.0,M6901125,0,0,0,2026-01-08T12:36:45.411912,
TXN-00007231,204,TRANSFER,7936.07,C1000078,0.0,0.0,M1380783,0,0,0,2026-01-08T12:36:45.411973,
TXN-00007232,207,TRANSFER,1975659.1668562032,C1000052,5922.24,-136901.59,M6940996,0,0,1,2026-01-08T12:36:45.412006,whale_theft
TXN-00007233,204,TRANSFER,1476.85,C1000085,0.0,0.0,M9103032,0,0,0,2026-01-08T12:36:45.412194,
TXN-00007234,204,PAYMENT,894.94,C1000068,124009.1,123114.17,M7392557,0,0,0,2026-01-08T12:36:45.412273,
TXN-00007235,204,CASH_OUT,10172.9,C1000013,0.0,0.0,M3291718,0,0,0,2026-01-08T12:36:45.412403,
TXN-00007236,204,PAYMENT,4532.0,C1000033,109254.31,104722.31,M3078093,0,0,0,2026-01-08T12:36:45.412548,
TXN-00007237,204,PAYMENT,877.0,C1000001,99597.19,98720.2,M5806073,0,0,0,2026-01-08T12:36:45.412629,
TXN-00007238,204,PAYMENT,19934.75,C1000035,0.0,0.0,M2164648,0,0,0,2026-01-08T12:36:45.412715,
TXN-00007239,200,CASH_OUT,1067087.522851731,C1000025,0.0,0.0,M8275904,0,0,1,2026-01-08T12:36:45.412778,whale_theft
TXN-00007240,204,PAYMENT,420.4,C1000072,0.0,0.0,M1065454,0,0,0,2026-01-08T12:36:45.412882,
TXN-00007241,204,CASH_OUT,3863.18,C1000069,114756.33,110893.15,M8227024,0,0,0,2026-01-08T12:36:45.412994,
TXN-00007242,204,DEBIT,510.82,C1000094,210088.81,209577.99,M9623113,0,0,0,2026-01-08T12:36:45.413089,
TXN-00007243,204,PAYMENT,6401.25,C1000052,5922.24,0.0,M6451323,0,0,0,2026-01-08T12:36:45.413162,
TXN-00007244,204,PAYMENT,10519.61,C1000015,0.0,0.0,M5182872,0,0,0,2026-01-08T12:36:45.413369,
TXN-00007245,204,TRANSFER,649.1,C1000008,244235.36,243586.27,M6185152,0,0,0,2026-01-08T12:36:45.413724,
TXN-00007246,212,CASH_OUT,548424.1942645393,C1000004,231710.61,50426.94,M9296253,0,0,1,2026-01-08T12:36:45.413858,whale_theft
TXN-00007247,204,TRANSFER,1589.46,C1000089,188938.29,187348.84,M3908736,0,0,0,2026-01-08T12:36:45.414116,
TXN-00007248,204,TRANSFER,22364.95,C1000078,0.0,0.0,M7029084,0,0,0,2026-01-08T12:36:45.414219,
TXN-00007249,204,TRANSFER,18053.75,C1000078,0.0,0.0,M1741567,0,0,0,2026-01-08T12:36:45.414290,
TXN-00007250,204,TRANSFER,36967.68,C1000012,0.0,0.0,M9436090,0,0,0,2026-01-08T12:36:45.414346,
TXN-00007251,204,PAYMENT,231.93,C1000022,38459.23,38227.29,M1128453,0,0,0,2026-01-08T12:36:45.414403,
TXN-00007252,204,PAYMENT,99.04,C1000034,86987.98,86888.95,M4494783,0,0,0,2026-01-08T12:36:45.414461,
TXN-00007253,204,CASH_OUT,2332.8,C1000043,68241.87,65909.07,M7055020,0,0,0,2026-01-08T12:36:45.414516,
TXN-00007254,204,PAYMENT,18160.85,C1000093,0.0,0.0,M7836457,0,0,0,2026-01-08T12:36:45.414571,
TXN-00007255,204,TRANSFER,2662.56,C1000044,34667.31,32004.75,M3408528,0,0,0,2026-01-08T12:36:45.414625,
TXN-00007256,204,CASH_OUT,480.6,C1000008,243586.27,243105.67,M4599588,0,0,0,2026-01-08T12:36:45.414681,
TXN-00007257,204,CASH_OUT,10.0,C1000034,86888.95,86878.95,M3872040,0,0,0,2026-01-08T12:36:45.414737,
TXN-00007258,204,CASH_OUT,3258.41,C1000087,255515.6,252257.19,M3682443,0,0,0,2026-01-08T12:36:45.414790,
TXN-00007259,204,TRANSFER,6409.75,C1000046,0.0,0.0,M7107739,0,0,0,2026-01-08T12:36:45.414844,
TXN-00007260,204,DEBIT,14760.28,C1000064,0.0,0.0,M4182066,0,0,0,2026-01-08T12:36:45.414897,
TXN-00007261,204,TRANSFER,4169.19,C1000029,0.0,0.0,M4358122,0,0,0,2026-01-08T12:36:45.414949,
TXN-00007262,204,PAYMENT,8507.45,C1000036,0.0,0.0,M9700751,0,0,0,2026-01-08T12:36:45.415001,
TXN-00007263,204,TRANSFER,2468.18,C1000030,30880.68,28412.5,M1679999,0,0,0,2026-01-08T12:36:45.415052,
TXN-00007264,204,PAYMENT,38122.0,C1000067,0.0,0.0,M8767554,0,0,0,2026-01-08T12:36:45.415106,
TXN-00007265,204,PAYMENT,5339.19,C1000052,0.0,0.0,M2771003,0,0,0,2026-01-08T12:36:45.415164,
TXN-00007266,204,TRANSFER,1797.37,C1000040,21620.31,19822.94,M6408171,0,0,0,2026-01-08T12:36:45.415217,
TXN-00007267,204,CASH_OUT,53438.04,C1000000,0.0,0.0,M5081968,0,0,0,2026-01-08T12:36:45.415271,
TXN-00007268,204,PAYMENT,3279.6,C1000089,187348.84,184069.23,M2371945,0,0,0,2026-01-08T12:36:45.415323,
TXN-00007269,204,CASH_OUT,55759.19,C1000000,0.0,0.0,M7858989,0,0,0,2026-01-08T12:36:45.415375,
TXN-00007270,204,TRANSFER,3445.99,C1000043,65909.07,62463.08,M8467417,0,0,0,2026-01-08T12:36:45.415427,
TXN-00007271,204,TRANSFER,3844.24,C1000065,0.0,0.0,M8249248,0,0,0,2026-01-08T12:36:45.415480,
TXN-00007272,204,DEBIT,6056.75,C1000059,0.0,0.0,M2919888,0,0,0,2026-01-08T12:36:45.415532,
TXN-00007273,204,TRANSFER,1736.81,C1000038,0.0,0.0,M3082354,0,0,0,2026-01-08T12:36:45.415584,
TXN-00007274,204,PAYMENT,877.76,C1000066,0.0,0.0,M3447037,0,0,0,2026-01-08T12:36:45.415636,
TXN-00007275,204,PAYMENT,6372.83,C1000088,0.0,0.0,M2097840,0,0,0,2026-01-08T12:36:45.415689,
TXN-00007276,204,PAYMENT,598.96,C1000034,86878.95,86279.99,M5602151,0,0,0,2026-01-08T12:36:45.415740,
TXN-00007277,204,CASH_OUT,10.0,C1000038,0.0,0.0,M2217319,0,0,0,2026-01-08T12:36:45.415795,
TXN-00007278,204,PAYMENT,20164.4,C1000079,0.0,0.0,M6401779,0,0,0,2026-01-08T12:36:45.415846,
TXN-00007279,204,CASH_OUT,2822.39,C1000026,227166.37,224343.98,M6529511,0,0,0,2026-01-08T12:36:45.415899,
TXN-00007280,204,PAYMENT,2159.17,C1000047,3374.15,1214.98,M6058415,0,0,0,2026-01-08T12:36:45.415952,
TXN-00007281,204,TRANSFER,10.0,C1000023,45217.27,45207.27,M3498566,0,0,0,2026-01-08T12:36:45.416005,
TXN-00007282,204,PAYMENT,1069.89,C1000069,110893.15,109823.27,M9841907,0,0,0,2026-01-08T12:36:45.416058,
TXN-00007283,204,TRANSFER,10.0,C1000007,72597.99,72587.99,M2200090,0,0,0,2026-01-08T12:36:45.416111,
TXN-00007284,194,CASH_OUT,1044935.5986243406,C1000047,1214.98,0.0,M2142385,0,0,1,2026-01-08T12:36:45.416142,whale_theft
TXN-00007285,204,TRANSFER,2001.46,C1000017,108727.41,106725.95,M1986146,0,0,0,2026-01-08T12:36:45.416200,
TXN-00007286,204,TRANSFER,4643.44,C1000065,0.0,0.0,M4569557,0,0,0,2026-01-08T12:36:45.416253,
TXN-00007287,204,DEBIT,8155.92,C1000031,0.0,0.0,M8431503,0,0,0,2026-01-08T12:36:45.416306,
TXN-00007288,204,CASH_OUT,8095.38,C1000082,126790.22,118694.84,M8633915,0,0,0,2026-01-08T12:36:45.416359,
TXN-00007289,204,PAYMENT,3750.7,C1000041,274337.31,270586.61,M4126201,0,0,0,2026-01-08T12:36:45.416413,
TXN-00007290,204,CASH_OUT,829.93,C1000081,100573.68,99743.75,M2788276,0,0,0,2026-01-08T12:36:45.416467,
TXN-00007291,204,PAYMENT,6590.41,C1000088,0.0,0.0,M8704394,0,0,0,2026-01-08T12:36:45.416521,
TXN-00007292,204,DEBIT,2915.32,C1000038,0.0,0.0,M1171951,0,0,0,2026-01-08T12:36:45.416573,
TXN-00007293,204,CASH_OUT,983.22,C1000061,253255.15,252271.94,M7887956,0,0,0,2026-01-08T12:36:45.416625,
TXN-00007294,204,DEBIT,20248.95,C1000035,0.0,0.0,M2015426,0,0,0,2026-01-08T12:36:45.416679,
TXN-00007295,204,CASH_OUT,1211.53,C1000097,50960.53,49749.0,M9142171,0,0,0,2026-01-08T12:36:45.416732,
TXN-00007296,204,PAYMENT,4767.42,C1000085,0.0,0.0,M4004628,0,0,0,2026-01-08T12:36:45.416786,
TXN-00007297,204,DEBIT,8817.54,C1000036,0.0,0.0,M9439090,0,0,0,2026-01-08T12:36:45.416839,
TXN-00007298,204,PAYMENT,29698.51,C1000067,0.0,0.0,M2291700,0,0,0,2026-01-08T12:36:45.416892,
TXN-00007299,204,PAYMENT,1738.06,C1000068,123114.17,121376.1,M2312130,0,0,0,2026-01-08T12:36:45.416944,
TXN-00007300,204,DEBIT,10.0,C1000014,283957.0,283947.0,M8903702,0,0,0,2026-01-08T12:36:45.417000,
TXN-00007301,204,TRANSFER,6218.09,C1000011,0.0,0.0,M3835584,0,0,0,2026-01-08T12:36:45.417055,
TXN-00007302,204,PAYMENT,11981.68,C1000074,0.0,0.0,M6172462,0,0,0,2026-01-08T12:36:45.417272,
TXN-00007303,204,PAYMENT,26243.19,C1000056,0.0,0.0,M9985277,0,0,0,2026-01-08T12:36:45.417375,
TXN-00007304,204,TRANSFER,5490.19,C1000080,27899.18,22408.99,M9973922,0,0,0,2026-01-08T12:36:45.417455,
TXN-00007305,204,TRANSFER,1236.71,C1000004,231710.61,230473.9,M2962467,0,0,0,2026-01-08T12:36:45.417530,
TXN-00007306,192,TRANSFER,1319415.5661018644,C1000025,0.0,-66831.26,M8819384,0,0,1,2026-01-08T12:36:45.417569,whale_theft
TXN-00007307,204,PAYMENT,7395.9,C1000052,0.0,0.0,M3042887,0,0,0,2026-01-08T12:36:45.417682,
TXN-00007308,204,CASH_OUT,10.0,C1000040,19822.94,19812.94,M1252068,0,0,0,2026-01-08T12:36:45.417775,
TXN-00007309,204,PAYMENT,679.51,C1000016,189829.3,189149.79,M8249440,0,0,0,2026-01-08T12:36:45.417856,
TXN-00007310,204,TRANSFER,10.0,C1000023,45207.27,45197.27,M5949540,0,0,0,2026-01-08T12:36:45.417927,
TXN-00007311,204,PAYMENT,10014.44,C1000074,0.0,0.0,M9145568,0,0,0,2026-01-08T12:36:45.417997,
TXN-00007312,204,PAYMENT,689.06,C1000069,109823.27,109134.21,M7536203,0,0,0,2026-01-08T12:36:45.418064,
TXN-00007313,204,PAYMENT,10.0,C1000023,45197.27,45187.27,M9388691,0,0,0,2026-01-08T12:36:45.418132,
TXN-00007314,204,PAYMENT,790.43,C1000004,230473.9,229683.47,M8704409,0,0,0,2026-01-08T12:36:45.418198,
TXN-00007315,204,PAYMENT,1925.35,C1000070,0.0,0.0,M1803508,0,0,0,2026-01-08T12:36:45.418265,
TXN-00007316,204,PAYMENT,24298.82,C1000037,0.0,0.0,M9327486,0,0,0,2026-01-08T12:36:45.418337,
TXN-00007317,204,DEBIT,18000.1,C1000076,0.0,0.0,M6814708,0,0,0,2026-01-08T12:36:45.418405,
TXN-00007318,194,CASH_OUT,1303685.6197129388,C1000071,203381.03,103956.19,M9218238,0,0,1,2026-01-08T12:36:45.418442,whale_theft
TXN-00007319,204,CASH_OUT,55389.46,C1000000,0.0,0.0,M5457369,0,0,0,2026-01-08T12:36:45.418520,
TXN-00007320,204,PAYMENT,5134.85,C1000047,1214.98,0.0,M2529460,0,0,0,2026-01-08T12:36:45.418589,
TXN-00007321,204,CASH_IN,1646.59,C1000090,275190.28,276836.87,M9811892,0,0,0,2026-01-08T12:36:45.418651,
TXN-00007322,204,TRANSFER,437.27,C1000080,22408.99,21971.72,M3999607,0,0,0,2026-01-08T12:36:45.418712,
TXN-00007323,204,CASH_OUT,26858.83,C1000056,0.0,0.0,M7799042,0,0,0,2026-01-08T12:36:45.418767,
TXN-00007324,204,PAYMENT,1338.33,C1000071,203381.03,202042.71,M5995639,0,0,0,2026-01-08T12:36:45.418822,
TXN-00007325,204,TRANSFER,1745.48,C1000069,109134.21,107388.72,M5880568,0,0,0,2026-01-08T12:36:45.418879,
TXN-00007326,204,TRANSFER,1964.46,C1000086,188579.25,186614.78,M4953101,0,0,0,2026-01-08T12:36:45.418936,
TXN-00007327,204,PAYMENT,4525.69,C1000065,0.0,0.0,M3703488,0,0,0,2026-01-08T12:36:45.418996,
TXN-00007328,204,PAYMENT,3056.07,C1000028,0.0,0.0,M6008841,0,0,0,2026-01-08T12:36:45.419056,
TXN-00007329,204,TRANSFER,10.0,C1000047,0.0,0.0,M2254860,0,0,0,2026-01-08T12:36:45.419111,
TXN-00007330,204,PAYMENT,1225.82,C1000022,38227.29,37001.47,M8869169,0,0,0,2026-01-08T12:36:45.419170,
TXN-00007331,204,CASH_IN,54846.56,C1000000,0.0,54846.56,M7997040,0,0,0,2026-01-08T12:36:45.419229,
TXN-00007332,204,PAYMENT,26254.2,C1000056,0.0,0.0,M6461674,0,0,0,2026-01-08T12:36:45.419287,
TXN-00007333,204,TRANSFER,3336.93,C1000087,252257.19,248920.26,M4006720,0,0,0,2026-01-08T12:36:45.419341,
TXN-00007334,204,TRANSFER,10.0,C1000020,353513.7,353503.7,M1462898,0,0,0,2026-01-08T12:36:45.419398,
TXN-00007335,204,CASH_OUT,4452.12,C1000010,0.0,0.0,M6976383,0,0,0,2026-01-08T12:36:45.419455,
TXN-00007336,204,DEBIT,986.14,C1000077,106379.66,105393.52,M9062250,0,0,0,2026-01-08T12:36:45.419511,
TXN-00007337,204,CASH_OUT,1383.36,C1000034,86279.99,84896.63,M3016042,0,0,0,2026-01-08T12:36:45.419569,
TXN-00007338,204,DEBIT,1484.58,C1000068,121376.1,119891.52,M6795195,0,0,0,2026-01-08T12:36:45.419631,
TXN-00007339,204,PAYMENT,10234.82,C1000031,0.0,0.0,M8676850,0,0,0,2026-01-08T12:36:45.419692,
TXN-00007340,204,PAYMENT,409.65,C1000001,98720.2,98310.54,M7816260,0,0,0,2026-01-08T12:36:45.419751,
TXN-00007341,204,PAYMENT,13442.32,C1000063,0.0,0.0,M8316865,0,0,0,2026-01-08T12:36:45.419809,
TXN-00007342,204,PAYMENT,5883.79,C1000059,0.0,0.0,M2913785,0,0,0,2026-01-08T12:36:45.419866,
TXN-00007343,204,CASH_OUT,974.66,C1000029,0.0,0.0,M4112066,0,0,0,2026-01-08T12:36:45.419922,
TXN-00007344,204,TRANSFER,2538.84,C1000047,0.0,0.0,M7728755,0,0,0,2026-01-08T12:36:45.419980,
TXN-00007345,204,PAYMENT,2311.7,C1000043,62463.08,60151.37,M1583790,0,0,0,2026-01-08T12:36:45.420039,
TXN-00007346,204,CASH_IN,10.0,C1000097,49749.0,49759.0,M5943587,0,0,0,2026-01-08T12:36:45.420105,
TXN-00007347,204,PAYMENT,18587.54,C1000024,0.0,0.0,M6840389,0,0,0,2026-01-08T12:36:45.420170,
TXN-00007348,204,PAYMENT,1873.73,C1000086,186614.78,184741.06,M8909979,0,0,0,2026-01-08T12:36:45.420236,
TXN-00007349,204,PAYMENT,17571.17,C1000076,0.0,0.0,M4574163,0,0,0,2026-01-08T12:36:45.420303,
TXN-00007350,204,CASH_OUT,10.0,C1000023,45187.27,45177.27,M3323234,0,0,0,2026-01-08T12:36:45.420371,
TXN-00007351,204,TRANSFER,11618.71,C1000005,0.0,0.0,M3113670,0,0,0,2026-01-08T12:36:45.420440,
TXN-00007352,204,CASH_OUT,1857.04,C1000018,178323.45,176466.41,M7182938,0,0,0,2026-01-08T12:36:45.420524,
TXN-00007353,199,CASH_OUT,814104.1186205649,C1000094,209577.99,168369.53,M8423340,0,0,1,2026-01-08T12:36:45.420568,whale_theft
TXN-00007354,204,PAYMENT,6160.08,C1000059,0.0,0.0,M3676057,0,0,0,2026-01-08T12:36:45.420640,
TXN-00007355,204,CASH_OUT,4286.48,C1000027,0.0,0.0,M6505917,0,0,0,2026-01-08T12:36:45.420703,
TXN-00007356,204,CASH_IN,108.7,C1000072,0.0,108.7,M5281545,0,0,0,2026-01-08T12:36:45.420766,
TXN-00007357,204,PAYMENT,5382.36,C1000080,21971.72,16589.36,M2819736,0,0,0,2026-01-08T12:36:45.420833,
TXN-00007358,204,CASH_IN,10.0,C1000009,135913.75,135923.75,M6449140,0,0,0,2026-01-08T12:36:45.420901,
TXN-00007359,204,PAYMENT,2077.25,C1000017,106725.95,104648.7,M8849288,0,0,0,2026-01-08T12:36:45.420969,
TXN-00007360,204,PAYMENT,10164.67,C1000092,0.0,0.0,M8570626,0,0,0,2026-01-08T12:36:45.421036,
TXN-00007361,204,PAYMENT,9563.14,C1000082,118694.84,109131.7,M6799164,0,0,0,2026-01-08T12:36:45.421120,
TXN-00007362,204,CASH_OUT,4202.48,C1000065,0.0,0.0,M5843152,0,0,0,2026-01-08T12:36:45.421195,
TXN-00007363,204,CASH_OUT,6063.76,C1000025,0.0,0.0,M3946601,0,0,0,2026-01-08T12:36:45.421257,
TXN-00007364,204,DEBIT,3024.85,C1000045,0.0,0.0,M4328162,0,0,0,2026-01-08T12:36:45.421324,
TXN-00007365,204,TRANSFER,5875.81,C1000003,0.0,0.0,M7359575,0,0,0,2026-01-08T12:36:45.421391,
TXN-00007366,204,PAYMENT,5141.26,C1000091,0.0,0.0,M6642235,0,0,0,2026-01-08T12:36:45.421458,
TXN-00007367,204,TRANSFER,1298.09,C1000023,45177.27,43879.18,M5766276,0,0,0,2026-01-08T12:36:45.421527,
TXN-00007368,204,TRANSFER,12305.83,C1000033,104722.31,92416.48,M2340942,0,0,0,2026-01-08T12:36:45.421597,
TXN-00007369,204,PAYMENT,13936.87,C1000054,0.0,0.0,M3831544,0,0,0,2026-01-08T12:36:45.421668,
TXN-00007370,204,PAYMENT,8717.84,C1000051,339420.51,330702.67,M7311224,0,0,0,2026-01-08T12:36:45.421738,
TXN-00007371,204,DEBIT,12154.57,C1000051,330702.67,318548.1,M7095872,0,0,0,2026-01-08T12:36:45.421812,
TXN-00007372,204,DEBIT,10.0,C1000064,0.0,0.0,M2595244,0,0,0,2026-01-08T12:36:45.421883,
TXN-00007373,204,PAYMENT,6584.08,C1000059,0.0,0.0,M1114625,0,0,0,2026-01-08T12:36:45.421950,
TXN-00007374,204,TRANSFER,1860.88,C1000006,249851.98,247991.1,M8880696,0,0,0,2026-01-08T12:36:45.422015,
TXN-00007375,204,TRANSFER,4150.88,C1000027,0.0,0.0,M9931779,0,0,0,2026-01-08T12:36:45.422086,
TXN-00007376,204,TRANSFER,10.0,C1000078,0.0,0.0,M1507745,0,0,0,2026-01-08T12:36:45.422155,
TXN-00007377,204,PAYMENT,13277.76,C1000095,0.0,0.0,M8145193,0,0,0,2026-01-08T12:36:45.422219,
TXN-00007378,204,DEBIT,1103.3,C1000070,0.0,0.0,M4484880,0,0,0,2026-01-08T12:36:45.422289,
TXN-00007379,204,CASH_IN,6094.42,C1000096,292347.04,298441.46,M6386128,0,0,0,2026-01-08T12:36:45.422356,
TXN-00007380,204,CASH_OUT,18524.47,C1000019,0.0,0.0,M4096484,0,0,0,2026-01-08T12:36:45.422426,
TXN-00007381,204,PAYMENT,6102.49,C1000088,0.0,0.0,M4789515,0,0,0,2026-01-08T12:36:45.422496,
TXN-00007382,204,PAYMENT,184.1,C1000094,209577.99,209393.89,M3224729,0,0,0,2026-01-08T12:36:45.422563,
TXN-00007383,204,PAYMENT,2143.74,C1000085,0.0,0.0,M7786535,0,0,0,2026-01-08T12:36:45.422654,
TXN-00007384,204,PAYMENT,4832.51,C1000032,15921.32,11088.81,M2363980,0,0,0,2026-01-08T12:36:45.422725,
TXN-00007385,204,CASH_IN,262.12,C1000004,229683.47,229945.58,M6470709,0,0,0,2026-01-08T12:36:45.422795,
TXN-00007386,195,TRANSFER,813338.4760064201,C1000081,99743.75,-45072.31,M7046342,0,0,1,2026-01-08T12:36:45.422834,whale_theft
TXN-00007387,204,PAYMENT,941.37,C1000068,119891.52,118950.15,M8539486,0,0,0,2026-01-08T12:36:45.422916,
TXN-00007388,204,CASH_OUT,15005.28,C1000074,0.0,0.0,M2883968,0,0,0,2026-01-08T12:36:45.422989,
TXN-00007389,204,TRANSFER,3188.95,C1000043,60151.37,56962.43,M5000337,0,0,0,2026-01-08T12:36:45.423057,
TXN-00007390,204,TRANSFER,2456.16,C1000043,56962.43,54506.26,M5663319,0,0,0,2026-01-08T12:36:45.423127,
TXN-00007391,204,PAYMENT,837.44,C1000023,43879.18,43041.74,M9374530,0,0,0,2026-01-08T12:36:45.423197,
TXN-00007392,204,PAYMENT,10165.46,C1000092,0.0,0.0,M9631756,0,0,0,2026-01-08T12:36:45.423267,
TXN-00007393,204,PAYMENT,10.0,C1000061,252271.94,252261.94,M7903791,0,0,0,2026-01-08T12:36:45.423335,
TXN-00007394,204,TRANSFER,10.0,C1000038,0.0,0.0,M4685663,0,0,0,2026-01-08T12:36:45.423407,
TXN-00007395,198,TRANSFER,1263429.7937339786,C1000081,99743.75,84749.58,M2557470,0,0,1,2026-01-08T12:36:45.423442,whale_theft
TXN-00007396,204,DEBIT,26504.85,C1000056,0.0,0.0,M9459611,0,0,0,2026-01-08T12:36:45.423522,
TXN-00007397,204,PAYMENT,943.6,C1000094,209393.89,208450.3,M6763887,0,0,0,2026-01-08T12:36:45.423592,
TXN-00007398,204,TRANSFER,24280.8,C1000037,0.0,0.0,M4016744,0,0,0,2026-01-08T12:36:45.423663,
TXN-00007399,204,CASH_OUT,664.15,C1000055,198292.87,197628.72,M1329576,0,0,0,2026-01-08T12:36:45.423734,
TXN-00007400,204,PAYMENT,20107.28,C1000019,0.0,0.0,M5281686,0,0,0,2026-01-08T12:36:45.423803,
TXN-00007401,204,TRANSFER,838.69,C1000094,208450.3,207611.6,M7514469,0,0,0,2026-01-08T12:36:45.423874,
TXN-00007402,204,TRANSFER,9183.71,C1000078,0.0,0.0,M5140511,0,0,0,2026-01-08T12:36:45.423944,
TXN-00007403,204,PAYMENT,10.0,C1000034,84896.63,84886.63,M9672358,0,0,0,2026-01-08T12:36:45.424013,
TXN-00007404,204,CASH_OUT,23116.99,C1000095,0.0,0.0,M9113339,0,0,0,2026-01-08T12:36:45.424084,
TXN-00007405,204,CASH_IN,3676.62,C1000030,28412.5,32089.12,M9740202,0,0,0,2026-01-08T12:36:45.424158,
TXN-00007406,204,PAYMENT,1689.39,C1000008,243105.67,241416.28,M7222759,0,0,0,2026-01-08T12:36:45.424229,
TXN-00007407,204,DEBIT,6886.97,C1000046,0.0,0.0,M8218083,0,0,0,2026-01-08T12:36:45.424300,
TXN-00007408,204,TRANSFER,21739.38,C1000095,0.0,0.0,M5145604,0,0,0,2026-01-08T12:36:45.424369,
TXN-00007409,204,TRANSFER,10470.38,C1000013,0.0,0.0,M3560342,0,0,0,2026-01-08T12:36:45.424438,
TXN-00007410,204,CASH_IN,18249.65,C1000076,0.0,18249.65,M2417635,0,0,0,2026-01-08T12:36:45.424508,
TXN-00007411,204,TRANSFER,2510.25,C1000071,202042.71,199532.46,M3429805,0,0,0,2026-01-08T12:36:45.424578,
TXN-00007412,204,TRANSFER,10.0,C1000014,283947.0,283937.0,M3552904,0,0,0,2026-01-08T12:36:45.424646,
TXN-00007413,204,TRANSFER,3931.44,C1000087,248920.26,244988.82,M6478291,0,0,0,2026-01-08T12:36:45.424718,
TXN-00007414,204,TRANSFER,3807.6,C1000057,0.0,0.0,M2029311,0,0,0,2026-01-08T12:36:45.424787,
TXN-00007415,204,CASH_OUT,4840.56,C1000027,0.0,0.0,M7438569,0,0,0,2026-01-08T12:36:45.424856,
TXN-00007416,204,PAYMENT,1845.64,C1000017,104648.7,102803.06,M8041267,0,0,0,2026-01-08T12:36:45.424925,
TXN-00007417,204,PAYMENT,8492.38,C1000039,0.0,0.0,M7769892,0,0,0,2026-01-08T12:36:45.424994,
TXN-00007418,204,CASH_OUT,6256.24,C1000091,0.0,0.0,M7239990,0,0,0,2026-01-08T12:36:45.425063,
TXN-00007419,204,TRANSFER,10.0,C1000064,0.0,0.0,M9823703,0,0,0,2026-01-08T12:36:45.425149,
TXN-00007420,204,TRANSFER,10.0,C1000047,0.0,0.0,M2108373,0,0,0,2026-01-08T12:36:45.425223,
TXN-00007421,204,CASH_OUT,15420.34,C1000079,0.0,0.0,M3988981,0,0,0,2026-01-08T12:36:45.425292,
TXN-00007422,204,CASH_OUT,2641.12,C1000049,0.0,0.0,M3378704,0,0,0,2026-01-08T12:36:45.425372,
TXN-00007423,204,CASH_IN,4913.31,C1000032,11088.81,16002.12,M6225919,0,0,0,2026-01-08T12:36:45.425446,
TXN-00007424,204,PAYMENT,533.12,C1000072,108.7,0.0,M9677567,0,0,0,2026-01-08T12:36:45.426091,
TXN-00007425,204,CASH_IN,7464.14,C1000074,0.0,7464.14,M7563626,0,0,0,2026-01-08T12:36:45.426298,
TXN-00007426,204,DEBIT,32695.6,C1000073,0.0,0.0,M2685844,0,0,0,2026-01-08T12:36:45.426414,
TXN-00007427,204,TRANSFER,34423.77,C1000073,0.0,0.0,M6501391,0,0,0,2026-01-08T12:36:45.426513,
TXN-00007428,204,PAYMENT,2144.2,C1000044,32004.75,29860.56,M7759574,0,0,0,2026-01-08T12:36:45.426700,
TXN-00007429,204,PAYMENT,1724.22,C1000068,118950.15,117225.93,M7331047,0,0,0,2026-01-08T12:36:45.426948,
TXN-00007430,204,PAYMENT,37295.04,C1000012,0.0,0.0,M5813317,0,0,0,2026-01-08T12:36:45.427288,
TXN-00007431,192,TRANSFER,1329768.1882871657,C1000091,0.0,-35073.99,M8696004,0,0,1,2026-01-08T12:36:45.427409,whale_theft
TXN-00007432,204,PAYMENT,2235.01,C1000028,0.0,0.0,M4442700,0,0,0,2026-01-08T12:36:45.427833,
TXN-00007433,204,TRANSFER,399.61,C1000004,229945.58,229545.97,M3626284,0,0,0,2026-01-08T12:36:45.428151,
TXN-00007434,204,PAYMENT,3776.33,C1000049,0.0,0.0,M1052773,0,0,0,2026-01-08T12:36:45.428376,
TXN-00007435,204,PAYMENT,1605.08,C1000006,247991.1,246386.02,M2163713,0,0,0,2026-01-08T12:36:45.428498,
TXN-00007436,204,PAYMENT,9019.59,C1000039,0.0,0.0,M8484467,0,0,0,2026-01-08T12:36:45.428592,
TXN-00007437,204,TRANSFER,3044.59,C1000096,298441.46,295396.88,M4598155,0,0,0,2026-01-08T12:36:45.428687,
TXN-00007438,204,PAYMENT,720.46,C1000094,207611.6,206891.14,M1840151,0,0,0,2026-01-08T12:36:45.428774,
TXN-00007439,204,PAYMENT,5607.74,C1000078,0.0,0.0,M6483787,0,0,0,2026-01-08T12:36:45.428907,
TXN-00007440,212,TRANSFER,1056595.3250638903,C1000030,32089.12,-15027.02,M5661777,0,0,1,2026-01-08T12:36:45.428969,whale_theft
TXN-00007441,204,TRANSFER,10.0,C1000057,0.0,0.0,M4081281,0,0,0,2026-01-08T12:36:45.429099,
TXN-00007442,204,PAYMENT,10376.7,C1000092,0.0,0.0,M8588442,0,0,0,2026-01-08T12:36:45.429519,
TXN-00007443,204,TRANSFER,2628.53,C1000014,283937.0,281308.47,M7791414,0,0,0,2026-01-08T12:36:45.429643,
TXN-00007444,204,DEBIT,1053.64,C1000097,49759.0,48705.36,M3618216,0,0,0,2026-01-08T12:36:45.429732,
TXN-00007445,204,PAYMENT,383.02,C1000096,295396.88,295013.86,M3392037,0,0,0,2026-01-08T12:36:45.429837,
TXN-00007446,204,PAYMENT,491.32,C1000081,99743.75,99252.43,M2379307,0,0,0,2026-01-08T12:36:45.429922,
TXN-00007447,204,PAYMENT,17193.55,C1000093,0.0,0.0,M8041371,0,0,0,2026-01-08T12:36:45.429987,
TXN-00007448,204,PAYMENT,320.28,C1000020,353503.7,353183.42,M1035405,0,0,0,2026-01-08T12:36:45.430048,
TXN-00007449,204,DEBIT,10.0,C1000078,0.0,0.0,M1868058,0,0,0,2026-01-08T12:36:45.430122,
TXN-00007450,204,PAYMENT,10.0,C1000047,0.0,0.0,M1262506,0,0,0,2026-01-08T12:36:45.430182,
TXN-00007451,204,PAYMENT,15994.58,C1000042,0.0,0.0,M3025561,0,0,0,2026-01-08T12:36:45.430238,
TXN-00007452,204,PAYMENT,17064.81,C1000079,0.0,0.0,M7832920,0,0,0,2026-01-08T12:36:45.430308,
TXN-00007453,204,DEBIT,437.83,C1000007,72587.99,72150.15,M8414641,0,0,0,2026-01-08T12:36:45.430414,
TXN-00007454,204,PAYMENT,1351.85,C1000086,184741.06,183389.2,M4997571,0,0,0,2026-01-08T12:36:45.430652,
TXN-00007455,204,DEBIT,10.0,C1000014,281308.47,281298.47,M4218019,0,0,0,2026-01-08T12:36:45.430935,
TXN-00007456,204,TRANSFER,3339.5,C1000057,0.0,0.0,M9384851,0,0,0,2026-01-08T12:36:45.431223,
TXN-00007457,204,PAYMENT,1471.38,C1000069,107388.72,105917.34,M1187594,0,0,0,2026-01-08T12:36:45.431458,
TXN-00007458,204,PAYMENT,5552.89,C1000025,0.0,0.0,M9339707,0,0,0,2026-01-08T12:36:45.431521,
TXN-00007459,204,CASH_IN,10.0,C1000048,237021.71,237031.71,M7136140,0,0,0,2026-01-08T12:36:45.431576,
TXN-00007460,204,DEBIT,8342.6,C1000013,0.0,0.0,M7992937,0,0,0,2026-01-08T12:36:45.431637,
TXN-00007461,204,TRANSFER,5784.31,C1000059,0.0,0.0,M3734430,0,0,0,2026-01-08T12:36:45.431697,
TXN-00007462,204,PAYMENT,260.27,C1000060,60221.06,59960.79,M5921383,0,0,0,2026-01-08T12:36:45.431754,
TXN-00007463,204,PAYMENT,2714.55,C1000057,0.0,0.0,M2895945,0,0,0,2026-01-08T12:36:45.431812,
TXN-00007464,204,TRANSFER,10.0,C1000066,0.0,0.0,M2931969,0,0,0,2026-01-08T12:36:45.431870,
TXN-00007465,204,CASH_OUT,1051.67,C1000094,206891.14,205839.47,M2176988,0,0,0,2026-01-08T12:36:45.431928,
TXN-00007466,204,TRANSFER,2541.02,C1000030,32089.12,29548.1,M3664256,0,0,0,2026-01-08T12:36:45.431987,
TXN-00007467,204,PAYMENT,3512.62,C1000072,0.0,0.0,M5164285,0,0,0,2026-01-08T12:36:45.432050,
TXN-00007468,204,PAYMENT,19427.01,C1000019,0.0,0.0,M9960597,0,0,0,2026-01-08T12:36:45.432110,
TXN-00007469,204,TRANSFER,1469.31,C1000041,270586.61,269117.29,M4075905,0,0,0,2026-01-08T12:36:45.432168,
TXN-00007470,204,TRANSFER,47348.08,C1000053,0.0,0.0,M4232996,0,0,0,2026-01-08T12:36:45.432225,
TXN-00007471,204,CASH_OUT,2746.03,C1000089,184069.23,181323.21,M8853502,0,0,0,2026-01-08T12:36:45.432285,
TXN-00007472,204,CASH_IN,1366.92,C1000068,117225.93,118592.85,M8023075,0,0,0,2026-01-08T12:36:45.432341,
TXN-00007473,212,CASH_OUT,829037.5994946412,C1000023,43041.74,0.0,M2401590,0,0,1,2026-01-08T12:36:45.432374,whale_theft
TXN-00007474,204,CASH_OUT,9638.8,C1000064,0.0,0.0,M4941203,0,0,0,2026-01-08T12:36:45.432454,
TXN-00007475,204,PAYMENT,51045.99,C1000053,0.0,0.0,M8490289,0,0,0,2026-01-08T12:36:45.432516,
TXN-00007476,204,CASH_OUT,4242.47,C1000010,0.0,0.0,M2650455,0,0,0,2026-01-08T12:36:45.432574,
TXN-00007477,212,TRANSFER,1806682.0703079165,C1000087,244988.82,220592.8,M9612137,0,0,1,2026-01-08T12:36:45.432605,whale_theft
TXN-00007478,204,TRANSFER,871.57,C1000030,29548.1,28676.53,M5568952,0,0,0,2026-01-08T12:36:45.432669,
TXN-00007479,204,CASH_OUT,10.0,C1000029,0.0,0.0,M9910778,0,0,0,2026-01-08T12:36:45.432726,
TXN-00007480,204,PAYMENT,4250.44,C1000027,0.0,0.0,M3522971,0,0,0,2026-01-08T12:36:45.432782,
TXN-00007481,204,DEBIT,392.26,C1000048,237031.71,236639.45,M9449012,0,0,0,2026-01-08T12:36:45.432838,
TXN-00007482,204,PAYMENT,2752.66,C1000049,0.0,0.0,M6627643,0,0,0,2026-01-08T12:36:45.432895,
TXN-00007483,204,CASH_OUT,12955.69,C1000005,0.0,0.0,M5235207,0,0,0,2026-01-08T12:36:45.432952,
TXN-00007484,196,CASH_OUT,1826979.4573042823,C1000044,29860.56,0.0,M6505428,0,0,1,2026-01-08T12:36:45.432981,whale_theft
TXN-00007485,212,CASH_OUT,1788295.0983500644,C1000008,241416.28,158103.29,M6876569,0,0,1,2026-01-08T12:36:45.433014,whale_theft
TXN-00007486,209,TRANSFER,1968621.502771419,C1000068,118592.85,19550.37,M1794488,0,0,1,2026-01-08T12:36:45.433044,whale_theft
TXN-00007487,204,CASH_OUT,9164.2,C1000074,7464.14,0.0,M8673733,0,0,0,2026-01-08T12:36:45.433116,
TXN-00007488,204,PAYMENT,7398.45,C1000011,0.0,0.0,M6750280,0,0,0,2026-01-08T12:36:45.433178,
TXN-00007489,204,PAYMENT,621.49,C1000004,229545.97,228924.48,M7025306,0,0,0,2026-01-08T12:36:45.433233,
TXN-00007490,204,TRANSFER,6012.92,C1000058,0.0,0.0,M4591833,0,0,0,2026-01-08T12:36:45.433291,
TXN-00007491,204,CASH_IN,10.0,C1000048,236639.45,236649.45,M1224238,0,0,0,2026-01-08T12:36:45.433349,
TXN-00007492,204,CASH_OUT,9851.34,C1000092,0.0,0.0,M3651509,0,0,0,2026-01-08T12:36:45.433407,
TXN-00007493,204,DEBIT,1641.31,C1000026,224343.98,222702.66,M5455069,0,0,0,2026-01-08T12:36:45.433465,
TXN-00007494,204,PAYMENT,5050.88,C1000003,0.0,0.0,M8363288,0,0,0,2026-01-08T12:36:45.433526,
TXN-00007495,204,CASH_OUT,6903.17,C1000088,0.0,0.0,M7288950,0,0,0,2026-01-08T12:36:45.433586,
TXN-00007496,204,TRANSFER,1888.52,C1000071,199532.46,197643.93,M1159695,0,0,0,2026-01-08T12:36:45.433642,
TXN-00007497,204,DEBIT,17930.85,C1000076,18249.65,318.81,M3152062,0,0,0,2026-01-08T12:36:45.433703,
TXN-00007498,204,PAYMENT,1943.56,C1000070,0.0,0.0,M9072334,0,0,0,2026-01-08T12:36:45.433781,
TXN-00007499,204,TRANSFER,26872.03,C1000056,0.0,0.0,M8496907,0,0,0,2026-01-08T12:36:45.433838,
TXN-00007500,204,TRANSFER,1996.21,C1000017,102803.06,100806.85,M6981050,0,0,0,2026-01-08T12:36:45.433894,
TXN-00007501,204,CASH_IN,18653.77,C1000035,0.0,18653.77,M4880418,0,0,0,2026-01-08T12:36:45.433954,
TXN-00007502,204,PAYMENT,3591.18,C1000087,244988.82,241397.64,M8475528,0,0,0,2026-01-08T12:36:45.434013,
TXN-00007503,204,CASH_OUT,4873.95,C1000059,0.0,0.0,M6496382,0,0,0,2026-01-08T12:36:45.434070,
TXN-00007504,204,CASH_IN,4875.3,C1000049,0.0,4875.3,M3119154,0,0,0,2026-01-08T12:36:45.434127,
TXN-00007505,204,TRANSFER,6798.73,C1000051,318548.1,311749.37,M6127237,0,0,0,2026-01-08T12:36:45.434193,
TXN-00007506,204,PAYMENT,2115.03,C1000020,353183.42,351068.39,M7344770,0,0,0,2026-01-08T12:36:45.434253,
TXN-00007507,204,PAYMENT,557.51,C1000001,98310.54,97753.04,M6875480,0,0,0,2026-01-08T12:36:45.434312,
TXN-00007508,204,CASH_OUT,39000.04,C1000012,0.0,0.0,M7026504,0,0,0,2026-01-08T12:36:45.434368,
TXN-00007509,204,DEBIT,75.57,C1000060,59960.79,59885.22,M1922385,0,0,0,2026-01-08T12:36:45.434426,
TXN-00007510,204,CASH_IN,114.56,C1000002,305695.18,305809.74,M4794585,0,0,0,2026-01-08T12:36:45.434486,
TXN-00007511,204,DEBIT,4079.05,C1000027,0.0,0.0,M7182812,0,0,0,2026-01-08T12:36:45.434544,
TXN-00007512,204,PAYMENT,2765.54,C1000030,28676.53,25910.99,M3823835,0,0,0,2026-01-08T12:36:45.434604,
TXN-00007513,204,CASH_OUT,6394.72,C1000088,0.0,0.0,M4092227,0,0,0,2026-01-08T12:36:45.434665,
TXN-00007514,204,DEBIT,10.0,C1000061,252261.94,252251.94,M3601158,0,0,0,2026-01-08T12:36:45.434722,
TXN-00007515,204,PAYMENT,312.73,C1000075,454143.96,453831.24,M7216969,0,0,0,2026-01-08T12:36:45.434778,
TXN-00007516,204,CASH_OUT,6390.69,C1000046,0.0,0.0,M7917563,0,0,0,2026-01-08T12:36:45.434841,
TXN-00007517,204,PAYMENT,54223.71,C1000064,0.0,0.0,M7446263,0,0,0,2026-01-08T12:36:45.434899,
TXN-00007518,204,PAYMENT,122.81,C1000077,105393.52,105270.71,M5234113,0,0,0,2026-01-08T12:36:45.434954,
TXN-00007519,204,CASH_IN,441.6,C1000069,105917.34,106358.94,M7197106,0,0,0,2026-01-08T12:36:45.435012,
TXN-00007520,204,TRANSFER,7535.24,C1000099,56150.18,48614.94,M4817167,0,0,0,2026-01-08T12:36:45.435072,
TXN-00007521,214,CASH_OUT,1716827.7475173299,C1000064,0.0,0.0,M2689681,0,0,1,2026-01-08T12:36:45.435109,whale_theft
TXN-00007522,204,TRANSFER,10.0,C1000055,197628.72,197618.72,M2127581,0,0,0,2026-01-08T12:36:45.435175,
TXN-00007523,204,PAYMENT,10.0,C1000029,0.0,0.0,M4661609,0,0,0,2026-01-08T12:36:45.435233,
TXN-00007524,204,PAYMENT,1298.16,C1000068,118592.85,117294.68,M5404465,0,0,0,2026-01-08T12:36:45.435289,
TXN-00007525,204,TRANSFER,9491.98,C1000051,311749.37,302257.39,M5401824,0,0,0,2026-01-08T12:36:45.435346,
TXN-00007526,204,CASH_OUT,10.0,C1000098,256939.72,256929.72,M5406377,0,0,0,2026-01-08T12:36:45.435403,
TXN-00007527,204,CASH_OUT,56215.77,C1000000,54846.56,0.0,M9053002,0,0,0,2026-01-08T12:36:45.435459,
TXN-00007528,204,CASH_IN,5776.87,C1000059,0.0,5776.87,M1349381,0,0,0,2026-01-08T12:36:45.435514,
TXN-00007529,211,CASH_OUT,929021.8448289812,C1000034,84886.63,56398.91,M3839168,0,0,1,2026-01-08T12:36:45.435547,whale_theft
TXN-00007530,204,DEBIT,17310.82,C1000024,0.0,0.0,M3508128,0,0,0,2026-01-08T12:36:45.435611,
TXN-00007531,204,TRANSFER,1763.2,C1000082,109131.7,107368.5,M6191569,0,0,0,2026-01-08T12:36:45.435667,
TXN-00007532,204,TRANSFER,4427.96,C1000032,16002.12,11574.16,M7844295,0,0,0,2026-01-08T12:36:45.435736,
TXN-00007533,204,TRANSFER,17369.91,C1000076,318.81,0.0,M4952747,0,0,0,2026-01-08T12:36:45.435792,
TXN-00007534,204,PAYMENT,16067.23,C1000005,0.0,0.0,M5861711,0,0,0,2026-01-08T12:36:45.435849,
TXN-00007535,204,PAYMENT,5965.35,C1000025,0.0,0.0,M3093062,0,0,0,2026-01-08T12:36:45.435904,
TXN-00007536,193,TRANSFER,508391.5488155097,C1000061,252251.94,214101.41,M2010449,0,0,1,2026-01-08T12:36:45.435933,whale_theft
TXN-00007537,204,CASH_OUT,10.0,C1000009,135923.75,135913.75,M8361559,0,0,0,2026-01-08T12:36:45.435998,
TXN-00007538,204,DEBIT,6071.37,C1000046,0.0,0.0,M9756070,0,0,0,2026-01-08T12:36:45.436056,
TXN-00007539,204,TRANSFER,8211.98,C1000078,0.0,0.0,M6911279,0,0,0,2026-01-08T12:36:45.436115,
TXN-00007540,204,PAYMENT,8792.57,C1000039,0.0,0.0,M3763652,0,0,0,2026-01-08T12:36:45.436171,
TXN-00007541,204,DEBIT,11880.73,C1000031,0.0,0.0,M9814525,0,0,0,2026-01-08T12:36:45.436228,
TXN-00007542,204,CASH_OUT,34971.14,C1000073,0.0,0.0,M6963955,0,0,0,2026-01-08T12:36:45.436284,
TXN-00007543,204,CASH_OUT,7227.26,C1000033,92416.48,85189.22,M2219263,0,0,0,2026-01-08T12:36:45.436339,
TXN-00007544,204,DEBIT,55368.7,C1000000,0.0,0.0,M3132848,0,0,0,2026-01-08T12:36:45.436397,
TXN-00007545,204,CASH_OUT,1541.53,C1000068,117294.68,115753.16,M6033380,0,0,0,2026-01-08T12:36:45.436452,
TXN-00007546,204,PAYMENT,338.06,C1000055,197618.72,197280.66,M5048304,0,0,0,2026-01-08T12:36:45.436510,
TXN-00007547,204,CASH_OUT,879.65,C1000018,176466.41,175586.76,M6507232,0,0,0,2026-01-08T12:36:45.436569,
TXN-00007548,204,PAYMENT,7674.2,C1000011,0.0,0.0,M8684639,0,0,0,2026-01-08T12:36:45.436624,
TXN-00007549,204,PAYMENT,7380.9,C1000040,19812.94,12432.04,M4012638,0,0,0,2026-01-08T12:36:45.436683,
TXN-00007550,204,TRANSFER,4541.57,C1000010,0.0,0.0,M3390717,0,0,0,2026-01-08T12:36:45.436741,
TXN-00007551,204,PAYMENT,6827.41,C1000011,0.0,0.0,M7021833,0,0,0,2026-01-08T12:36:45.436807,
TXN-00007552,204,PAYMENT,6667.27,C1000046,0.0,0.0,M6666053,0,0,0,2026-01-08T12:36:45.436866,
TXN-00007553,204,TRANSFER,18214.42,C1000079,0.0,0.0,M1888457,0,0,0,2026-01-08T12:36:45.436934,
TXN-00007554,204,PAYMENT,5688.51,C1000054,0.0,0.0,M5719657,0,0,0,2026-01-08T12:36:45.436988,
TXN-00007555,204,CASH_OUT,8295.69,C1000049,4875.3,0.0,M2301985,0,0,0,2026-01-08T12:36:45.437043,
TXN-00007556,204,CASH_IN,634.35,C1000098,256929.72,257564.07,M7544104,0,0,0,2026-01-08T12:36:45.437098,
TXN-00007557,204,CASH_OUT,774.94,C1000022,37001.47,36226.54,M1256694,0,0,0,2026-01-08T12:36:45.437155,
TXN-00007558,204,CASH_OUT,83573.93,C1000064,0.0,0.0,M1693420,0,0,0,2026-01-08T12:36:45.437211,
TXN-00007559,204,TRANSFER,1177.01,C1000020,351068.39,349891.38,M6073884,0,0,0,2026-01-08T12:36:45.437268,
TXN-00007560,197,CASH_OUT,1647200.0150455944,C1000070,0.0,0.0,M4305390,0,0,1,2026-01-08T12:36:45.437301,whale_theft
TXN-00007561,204,PAYMENT,3112.78,C1000028,0.0,0.0,M3141127,0,0,0,2026-01-08T12:36:45.437362,
TXN-00007562,204,CASH_IN,2520.66,C1000030,25910.99,28431.64,M9590853,0,0,0,2026-01-08T12:36:45.437418,
TXN-00007563,195,CASH_OUT,887641.388170386,C1000082,107368.5,16845.86,M3942845,0,0,1,2026-01-08T12:36:45.437448,whale_theft
TXN-00007564,204,PAYMENT,10.0,C1000038,0.0,0.0,M7893617,0,0,0,2026-01-08T12:36:45.437509,
TXN-00007565,204,DEBIT,10.0,C1000082,107368.5,107358.5,M9848332,0,0,0,2026-01-08T12:36:45.437564,
TXN-00007566,204,PAYMENT,10.0,C1000055,197280.66,197270.66,M2206720,0,0,0,2026-01-08T12:36:45.437620,
TXN-00007567,204,PAYMENT,10.0,C1000034,84886.63,84876.63,M5592053,0,0,0,2026-01-08T12:36:45.437674,
TXN-00007568,204,DEBIT,1473.58,C1000018,175586.76,174113.18,M2231952,0,0,0,2026-01-08T12:36:45.437729,
TXN-00007569,203,TRANSFER,1655773.6546307239,C1000092,0.0,-124089.94,M8126876,0,0,1,2026-01-08T12:36:45.437759,whale_theft
TXN-00007570,204,TRANSFER,38508.19,C1000012,0.0,0.0,M7689337,0,0,0,2026-01-08T12:36:45.437831,
TXN-00007571,204,PAYMENT,173465.53,C1000050,173265.29,0.0,M5104143,0,0,0,2026-01-08T12:36:45.437895,
TXN-00007572,204,PAYMENT,5185.96,C1000032,11574.16,6388.2,M9965551,0,0,0,2026-01-08T12:36:45.437952,
TXN-00007573,204,PAYMENT,23722.43,C1000095,0.0,0.0,M2763921,0,0,0,2026-01-08T12:36:45.438010,
TXN-00007574,204,PAYMENT,645.36,C1000075,453831.24,453185.87,M2083781,0,0,0,2026-01-08T12:36:45.438066,
TXN-00007575,204,CASH_OUT,6984.62,C1000011,0.0,0.0,M8610079,0,0,0,2026-01-08T12:36:45.438124,
TXN-00007576,204,CASH_OUT,2165.54,C1000066,0.0,0.0,M9841985,0,0,0,2026-01-08T12:36:45.438180,
TXN-00007577,204,TRANSFER,14593.72,C1000054,0.0,0.0,M3037567,0,0,0,2026-01-08T12:36:45.438235,
TXN-00007578,204,PAYMENT,282.65,C1000004,228924.48,228641.83,M2942977,0,0,0,2026-01-08T12:36:45.438301,
TXN-00007579,204,TRANSFER,338.69,C1000060,59885.22,59546.53,M9201739,0,0,0,2026-01-08T12:36:45.438365,
TXN-00007580,204,TRANSFER,1741.24,C1000007,72150.15,70408.91,M2203832,0,0,0,2026-01-08T12:36:45.438428,
TXN-00007581,204,PAYMENT,781.93,C1000068,115753.16,114971.23,M4274144,0,0,0,2026-01-08T12:36:45.438490,
TXN-00007582,196,CASH_OUT,1734264.478031705,C1000068,114971.23,41031.15,M5856732,0,0,1,2026-01-08T12:36:45.438520,whale_theft
TXN-00007583,204,CASH_IN,10.0,C1000075,453185.87,453195.87,M1669876,0,0,0,2026-01-08T12:36:45.438581,
TXN-00007584,204,CASH_OUT,446.61,C1000085,0.0,0.0,M3638767,0,0,0,2026-01-08T12:36:45.438640,
TXN-00007585,204,TRANSFER,7339.45,C1000058,0.0,0.0,M9070934,0,0,0,2026-01-08T12:36:45.438710,
TXN-00007586,204,PAYMENT,1785.3,C1000048,236649.45,234864.15,M6972763,0,0,0,2026-01-08T12:36:45.438766,
TXN-00007587,204,CASH_OUT,10370.1,C1000092,0.0,0.0,M6864575,0,0,0,2026-01-08T12:36:45.438824,
TXN-00007588,204,CASH_OUT,17979.69,C1000076,0.0,0.0,M2735445,0,0,0,2026-01-08T12:36:45.438880,
TXN-00007589,204,PAYMENT,13695.42,C1000063,0.0,0.0,M8815497,0,0,0,2026-01-08T12:36:45.438957,
TXN-00007590,204,CASH_OUT,10.0,C1000082,107358.5,107348.5,M7632370,0,0,0,2026-01-08T12:36:45.439010,
TXN-00007591,204,PAYMENT,2264.26,C1000043,54506.26,52242.0,M6211043,0,0,0,2026-01-08T12:36:45.439068,
TXN-00007592,204,PAYMENT,7254.99,C1000051,302257.39,295002.4,M8002061,0,0,0,2026-01-08T12:36:45.439124,
TXN-00007593,204,PAYMENT,18189.58,C1000076,0.0,0.0,M2112038,0,0,0,2026-01-08T12:36:45.439182,
TXN-00007594,204,CASH_OUT,10.0,C1000080,16589.36,16579.36,M3701452,0,0,0,2026-01-08T12:36:45.439240,
TXN-00007595,204,CASH_OUT,2588.45,C1000007,70408.91,67820.46,M8246135,0,0,0,2026-01-08T12:36:45.439297,
TXN-00007596,204,PAYMENT,23955.44,C1000067,0.0,0.0,M7948517,0,0,0,2026-01-08T12:36:45.439354,
TXN-00007597,204,TRANSFER,4702.87,C1000010,0.0,0.0,M2866200,0,0,0,2026-01-08T12:36:45.439409,
TXN-00007598,204,PAYMENT,7208.52,C1000054,0.0,0.0,M6897473,0,0,0,2026-01-08T12:36:45.439463,
TXN-00007599,204,CASH_OUT,1741.9,C1000085,0.0,0.0,M7963360,0,0,0,2026-01-08T12:36:45.439518,
TXN-00007600,204,TRANSFER,1200.05,C1000020,349891.38,348691.33,M6714948,0,0,0,2026-01-08T12:36:45.439575,
TXN-00007601,204,DEBIT,232.97,C1000001,97753.04,97520.07,M6710906,0,0,0,2026-01-08T12:36:45.439631,
TXN-00007602,204,PAYMENT,4607.94,C1000014,281298.47,276690.53,M2480308,0,0,0,2026-01-08T12:36:45.439687,
TXN-00007603,204,DEBIT,16532.72,C1000033,85189.22,68656.5,M9302798,0,0,0,2026-01-08T12:36:45.439743,
TXN-00007604,204,DEBIT,1304.85,C1000007,67820.46,66515.61,M7728620,0,0,0,2026-01-08T12:36:45.439800,
TXN-00007605,204,PAYMENT,1996.62,C1000017,100806.85,98810.23,M4209136,0,0,0,2026-01-08T12:36:45.439855,
TXN-00007606,204,TRANSFER,17776.17,C1000093,0.0,0.0,M4868123,0,0,0,2026-01-08T12:36:45.439913,
TXN-00007607,204,PAYMENT,8238.03,C1000005,0.0,0.0,M8109922,0,0,0,2026-01-08T12:36:45.439969,
TXN-00007608,204,PAYMENT,369.58,C1000022,36226.54,35856.96,M5718251,0,0,0,2026-01-08T12:36:45.440040,
TXN-00007609,204,PAYMENT,22552.14,C1000095,0.0,0.0,M9961204,0,0,0,2026-01-08T12:36:45.440096,
TXN-00007610,204,PAYMENT,10.0,C1000029,0.0,0.0,M1371733,0,0,0,2026-01-08T12:36:45.440150,
TXN-00007611,204,PAYMENT,5742.42,C1000096,295013.86,289271.44,M5810938,0,0,0,2026-01-08T12:36:45.440202,
TXN-00007612,204,TRANSFER,4131.41,C1000065,0.0,0.0,M1875040,0,0,0,2026-01-08T12:36:45.440257,
TXN-00007613,204,PAYMENT,567.52,C1000022,35856.96,35289.44,M1539896,0,0,0,2026-01-08T12:36:45.440312,
TXN-00007614,204,PAYMENT,5407.6,C1000059,5776.87,369.26,M5502383,0,0,0,2026-01-08T12:36:45.440370,
TXN-00007615,204,TRANSFER,2337.88,C1000044,29860.56,27522.68,M6293516,0,0,0,2026-01-08T12:36:45.440427,
TXN-00007616,204,PAYMENT,718.38,C1000041,269117.29,268398.92,M5646489,0,0,0,2026-01-08T12:36:45.440483,
TXN-00007617,204,CASH_OUT,54863.69,C1000000,0.0,0.0,M3419320,0,0,0,2026-01-08T12:36:45.440540,
TXN-00007618,204,CASH_OUT,5045.48,C1000025,0.0,0.0,M2915635,0,0,0,2026-01-08T12:36:45.440598,
TXN-00007619,204,PAYMENT,42316.82,C1000012,0.0,0.0,M3466713,0,0,0,2026-01-08T12:36:45.440652,
TXN-00007620,204,PAYMENT,1078.54,C1000022,35289.44,34210.9,M1230527,0,0,0,2026-01-08T12:36:45.440708,
TXN-00007621,204,TRANSFER,11802.1,C1000005,0.0,0.0,M9128879,0,0,0,2026-01-08T12:36:45.440765,
TXN-00007622,204,PAYMENT,6120.33,C1000052,0.0,0.0,M7644905,0,0,0,2026-01-08T12:36:45.440821,
TXN-00007623,204,PAYMENT,25191.25,C1000095,0.0,0.0,M2058536,0,0,0,2026-01-08T12:36:45.440876,
TXN-00007624,204,CASH_OUT,7533.9,C1000099,48614.94,41081.04,M3806927,0,0,0,2026-01-08T12:36:45.440932,
TXN-00007625,204,TRANSFER,2427.59,C1000069,106358.94,103931.35,M1370926,0,0,0,2026-01-08T12:36:45.440988,
TXN-00007626,204,PAYMENT,10.0,C1000047,0.0,0.0,M7204451,0,0,0,2026-01-08T12:36:45.441046,
TXN-00007627,204,CASH_OUT,2003.73,C1000086,183389.2,181385.48,M4936371,0,0,0,2026-01-08T12:36:45.441107,
TXN-00007628,204,TRANSFER,10.0,C1000051,295002.4,294992.4,M1106655,0,0,0,2026-01-08T12:36:45.441165,
TXN-00007629,204,TRANSFER,1763.27,C1000069,103931.35,102168.08,M5665284,0,0,0,2026-01-08T12:36:45.441222,
TXN-00007630,204,CASH_OUT,9671.63,C1000014,276690.53,267018.9,M1614238,0,0,0,2026-01-08T12:36:45.441279,
TXN-00007631,204,PAYMENT,2258.39,C1000026,222702.66,220444.28,M9258568,0,0,0,2026-01-08T12:36:45.441337,
TXN-00007632,204,DEBIT,583.42,C1000020,348691.33,348107.91,M2565545,0,0,0,2026-01-08T12:36:45.441407,
TXN-00007633,204,CASH_OUT,56421.52,C1000000,0.0,0.0,M3486983,0,0,0,2026-01-08T12:36:45.441471,
TXN-00007634,204,PAYMENT,1450.58,C1000070,0.0,0.0,M1736661,0,0,0,2026-01-08T12:36:45.441527,
TXN-00007635,204,PAYMENT,8334.98,C1000036,0.0,0.0,M5644062,0,0,0,2026-01-08T12:36:45.441584,
TXN-00007636,204,PAYMENT,2069.46,C1000066,0.0,0.0,M4798227,0,0,0,2026-01-08T12:36:45.441641,
TXN-00007637,195,TRANSFER,1892950.940719803,C1000015,0.0,0.0,M9747555,0,0,1,2026-01-08T12:36:45.441672,whale_theft
TXN-00007638,204,CASH_IN,10.0,C1000022,34210.9,34220.9,M7834790,0,0,0,2026-01-08T12:36:45.441734,
TXN-00007639,204,CASH_OUT,6581.68,C1000013,0.0,0.0,M5517247,0,0,0,2026-01-08T12:36:45.441799,
TXN-00007640,204,PAYMENT,685.8,C1000022,34220.9,33535.11,M4276967,0,0,0,2026-01-08T12:36:45.441860,
TXN-00007641,204,CASH_OUT,10.0,C1000048,234864.15,234854.15,M1886447,0,0,0,2026-01-08T12:36:45.441920,
TXN-00007642,197,CASH_OUT,624976.1924744656,C1000043,52242.0,18932.43,M9539257,0,0,1,2026-01-08T12:36:45.441949,whale_theft
TXN-00007643,204,CASH_OUT,1797.08,C1000017,98810.23,97013.15,M7863070,0,0,0,2026-01-08T12:36:45.442011,
TXN-00007644,204,CASH_OUT,1653.99,C1000001,97520.07,95866.08,M3295174,0,0,0,2026-01-08T12:36:45.442070,
TXN-00007645,204,CASH_OUT,2219.23,C1000098,257564.07,255344.83,M6062659,0,0,0,2026-01-08T12:36:45.442125,
TXN-00007646,204,PAYMENT,7581.08,C1000099,41081.04,33499.96,M3594040,0,0,0,2026-01-08T12:36:45.442185,
TXN-00007647,204,TRANSFER,2482.76,C1000020,348107.91,345625.15,M5375999,0,0,0,2026-01-08T12:36:45.442679,
TXN-00007648,204,CASH_OUT,91.02,C1000034,84876.63,84785.61,M2074998,0,0,0,2026-01-08T12:36:45.442877,
TXN-00007649,204,CASH_OUT,5993.98,C1000091,0.0,0.0,M3772729,0,0,0,2026-01-08T12:36:45.443166,
TXN-00007650,204,CASH_IN,17710.3,C1000019,0.0,17710.3,M7760317,0,0,0,2026-01-08T12:36:45.443386,
TXN-00007651,204,PAYMENT,1499.35,C1000029,0.0,0.0,M2757165,0,0,0,2026-01-08T12:36:45.443545,
TXN-00007652,204,DEBIT,3581.26,C1000049,0.0,0.0,M4113922,0,0,0,2026-01-08T12:36:45.443711,
TXN-00007653,204,PAYMENT,10.0,C1000002,305809.74,305799.74,M8165744,0,0,0,2026-01-08T12:36:45.443840,
TXN-00007654,204,PAYMENT,14885.41,C1000079,0.0,0.0,M9075836,0,0,0,2026-01-08T12:36:45.444003,
TXN-00007655,204,PAYMENT,4944.48,C1000032,6388.2,1443.72,M3108561,0,0,0,2026-01-08T12:36:45.444119,
TXN-00007656,204,TRANSFER,4379.98,C1000065,0.0,0.0,M2666046,0,0,0,2026-01-08T12:36:45.444207,
TXN-00007657,204,PAYMENT,2684.8,C1000084,161624.58,158939.77,M7061547,0,0,0,2026-01-08T12:36:45.444474,
TXN-00007658,204,PAYMENT,15971.66,C1000074,0.0,0.0,M4975598,0,0,0,2026-01-08T12:36:45.444845,
TXN-00007659,204,PAYMENT,18223.86,C1000076,0.0,0.0,M1172043,0,0,0,2026-01-08T12:36:45.445387,
TXN-00007660,204,PAYMENT,1936.8,C1000017,97013.15,95076.35,M9037104,0,0,0,2026-01-08T12:36:45.445494,
TXN-00007661,204,PAYMENT,3948.59,C1000062,0.0,0.0,M9950823,0,0,0,2026-01-08T12:36:45.445573,
TXN-00007662,204,PAYMENT,2991.89,C1000045,0.0,0.0,M9092218,0,0,0,2026-01-08T12:36:45.445641,
TXN-00007663,204,CASH_IN,1662.8,C1000090,276836.87,278499.67,M4555173,0,0,0,2026-01-08T12:36:45.445753,
TXN-00007664,204,PAYMENT,10.0,C1000014,267018.9,267008.9,M6595582,0,0,0,2026-01-08T12:36:45.445881,
TXN-00007665,204,TRANSFER,10.0,C1000006,246386.02,246376.02,M5745947,0,0,0,2026-01-08T12:36:45.446053,
TXN-00007666,204,PAYMENT,10.0,C1000096,289271.44,289261.44,M6876915,0,0,0,2026-01-08T12:36:45.446146,
TXN-00007667,204,PAYMENT,221.12,C1000060,59546.53,59325.41,M4811460,0,0,0,2026-01-08T12:36:45.446217,
TXN-00007668,204,CASH_OUT,172542.26,C1000050,0.0,0.0,M7947324,0,0,0,2026-01-08T12:36:45.446286,
TXN-00007669,204,PAYMENT,1292.07,C1000090,278499.67,277207.6,M3379834,0,0,0,2026-01-08T12:36:45.446395,
TXN-00007670,209,TRANSFER,766071.153763223,C1000096,289261.44,168486.97,M9211563,0,0,1,2026-01-08T12:36:45.446434,whale_theft
TXN-00007671,204,PAYMENT,4013.14,C1000087,241397.64,237384.51,M3046147,0,0,0,2026-01-08T12:36:45.446513,
TXN-00007672,204,PAYMENT,2112.77,C1000044,27522.68,25409.91,M7021571,0,0,0,2026-01-08T12:36:45.446589,
TXN-00007673,204,PAYMENT,4109.97,C1000003,0.0,0.0,M8868373,0,0,0,2026-01-08T12:36:45.446656,
TXN-00007674,204,TRANSFER,1604.41,C1000008,241416.28,239811.87,M5501311,0,0,0,2026-01-08T12:36:45.446709,
TXN-00007675,204,PAYMENT,798.69,C1000077,105270.71,104472.02,M3454187,0,0,0,2026-01-08T12:36:45.446765,
TXN-00007676,204,TRANSFER,4700.11,C1000091,0.0,0.0,M6816187,0,0,0,2026-01-08T12:36:45.446825,
TXN-00007677,204,PAYMENT,915.08,C1000048,234854.15,233939.07,M4127850,0,0,0,2026-01-08T12:36:45.446881,
TXN-00007678,204,PAYMENT,2407.02,C1000061,252251.94,249844.91,M7991428,0,0,0,2026-01-08T12:36:45.446946,
TXN-00007679,204,CASH_IN,1944.31,C1000026,220444.28,222388.59,M8347281,0,0,0,2026-01-08T12:36:45.447005,
TXN-00007680,204,PAYMENT,10.0,C1000080,16579.36,16569.36,M7987950,0,0,0,2026-01-08T12:36:45.447063,
TXN-00007681,204,PAYMENT,3559.26,C1000002,305799.74,302240.48,M8685497,0,0,0,2026-01-08T12:36:45.447128,
TXN-00007682,204,DEBIT,6659.37,C1000088,0.0,0.0,M1676154,0,0,0,2026-01-08T12:36:45.447187,
TXN-00007683,204,TRANSFER,5392.36,C1000010,0.0,0.0,M1788079,0,0,0,2026-01-08T12:36:45.447242,
TXN-00007684,204,TRANSFER,1603.79,C1000008,239811.87,238208.08,M3685502,0,0,0,2026-01-08T12:36:45.447299,
TXN-00007685,204,PAYMENT,19738.26,C1000035,18653.77,0.0,M6934365,0,0,0,2026-01-08T12:36:45.447354,
TXN-00007686,204,CASH_OUT,8474.73,C1000036,0.0,0.0,M1807197,0,0,0,2026-01-08T12:36:45.447410,
TXN-00007687,204,PAYMENT,4124.37,C1000080,16569.36,12444.99,M5523957,0,0,0,2026-01-08T12:36:45.447468,
TXN-00007688,204,TRANSFER,7933.17,C1000099,33499.96,25566.79,M5311456,0,0,0,2026-01-08T12:36:45.447526,
TXN-00007689,204,CASH_IN,21418.05,C1000024,0.0,21418.05,M9633968,0,0,0,2026-01-08T12:36:45.447581,
TXN-00007690,204,PAYMENT,10.0,C1000014,267008.9,266998.9,M2724405,0,0,0,2026-01-08T12:36:45.447639,
TXN-00007691,204,CASH_OUT,10.0,C1000002,302240.48,302230.48,M3740297,0,0,0,2026-01-08T12:36:45.447694,
TXN-00007692,204,PAYMENT,24327.76,C1000037,0.0,0.0,M5567178,0,0,0,2026-01-08T12:36:45.447750,
TXN-00007693,204,PAYMENT,3574.78,C1000057,0.0,0.0,M6918590,0,0,0,2026-01-08T12:36:45.447805,
TXN-00007694,204,CASH_IN,16068.61,C1000079,0.0,16068.61,M4159195,0,0,0,2026-01-08T12:36:45.447863,
TXN-00007695,204,PAYMENT,2818.25,C1000045,0.0,0.0,M6641532,0,0,0,2026-01-08T12:36:45.447921,
TXN-00007696,204,CASH_OUT,13588.34,C1000063,0.0,0.0,M6215400,0,0,0,2026-01-08T12:36:45.447977,
TXN-00007697,204,PAYMENT,3847.78,C1000043,52242.0,48394.22,M7785157,0,0,0,2026-01-08T12:36:45.448037,
TXN-00007698,204,DEBIT,1583.82,C1000072,0.0,0.0,M9744663,0,0,0,2026-01-08T12:36:45.448095,
TXN-00007699,206,TRANSFER,606177.3285128479,C1000000,0.0,0.0,M7235196,0,0,1,2026-01-08T12:36:45.448134,whale_theft
TXN-00007700,204,CASH_OUT,4215.69,C1000062,0.0,0.0,M6528938,0,0,0,2026-01-08T12:36:45.448203,
TXN-00007701,204,PAYMENT,4391.08,C1000096,289261.44,284870.36,M5396784,0,0,0,2026-01-08T12:36:45.448264,
TXN-00007702,204,PAYMENT,10.0,C1000047,0.0,0.0,M5932701,0,0,0,2026-01-08T12:36:45.448324,
TXN-00007703,204,DEBIT,1480.69,C1000068,114971.23,113490.54,M9291790,0,0,0,2026-01-08T12:36:45.448380,
TXN-00007704,204,PAYMENT,461.13,C1000075,453195.87,452734.74,M7902522,0,0,0,2026-01-08T12:36:45.448437,
TXN-00007705,204,TRANSFER,18204.85,C1000079,16068.61,0.0,M2183019,0,0,0,2026-01-08T12:36:45.448495,
TXN-00007706,204,PAYMENT,1598.78,C1000086,181385.48,179786.7,M8112103,0,0,0,2026-01-08T12:36:45.448551,
TXN-00007707,204,TRANSFER,9723.15,C1000015,0.0,0.0,M3964751,0,0,0,2026-01-08T12:36:45.448609,
TXN-00007708,204,PAYMENT,7182.22,C1000013,0.0,0.0,M9344998,0,0,0,2026-01-08T12:36:45.448663,
TXN-00007709,204,TRANSFER,20163.18,C1000079,0.0,0.0,M8945756,0,0,0,2026-01-08T12:36:45.448718,
TXN-00007710,204,CASH_OUT,1884.8,C1000070,0.0,0.0,M9185037,0,0,0,2026-01-08T12:36:45.448775,
TXN-00007711,204,PAYMENT,2795.25,C1000041,268398.92,265603.66,M2261424,0,0,0,2026-01-08T12:36:45.448831,
TXN-00007712,204,TRANSFER,5583.94,C1000003,0.0,0.0,M9166880,0,0,0,2026-01-08T12:36:45.448888,
TXN-00007713,204,PAYMENT,50823.72,C1000053,0.0,0.0,M6106358,0,0,0,2026-01-08T12:36:45.448945,
TXN-00007714,204,TRANSFER,5003.29,C1000062,0.0,0.0,M2636845,0,0,0,2026-01-08T12:36:45.449006,
TXN-00007715,204,CASH_OUT,7595.76,C1000011,0.0,0.0,M2446568,0,0,0,2026-01-08T12:36:45.449071,
TXN-00007716,204,CASH_OUT,33998.69,C1000073,0.0,0.0,M3218835,0,0,0,2026-01-08T12:36:45.449150,
TXN-00007717,204,CASH_OUT,38225.5,C1000012,0.0,0.0,M8242352,0,0,0,2026-01-08T12:36:45.449206,
TXN-00007718,204,DEBIT,13709.17,C1000005,0.0,0.0,M2508092,0,0,0,2026-01-08T12:36:45.449261,
TXN-00007719,204,TRANSFER,10.0,C1000038,0.0,0.0,M1633817,0,0,0,2026-01-08T12:36:45.449316,
TXN-00007720,204,TRANSFER,1088.42,C1000083,219513.55,218425.13,M4428505,0,0,0,2026-01-08T12:36:45.449369,
TXN-00007721,204,CASH_OUT,3010.68,C1000045,0.0,0.0,M9720031,0,0,0,2026-01-08T12:36:45.449427,
TXN-00007722,204,PAYMENT,1576.64,C1000022,33535.11,31958.47,M8981821,0,0,0,2026-01-08T12:36:45.449481,
TXN-00007723,204,PAYMENT,8248.76,C1000080,12444.99,4196.24,M8536253,0,0,0,2026-01-08T12:36:45.449538,
TXN-00007724,204,PAYMENT,6594.42,C1000046,0.0,0.0,M1223269,0,0,0,2026-01-08T12:36:45.449596,
TXN-00007725,204,PAYMENT,3114.11,C1000045,0.0,0.0,M2407775,0,0,0,2026-01-08T12:36:45.449651,
TXN-00007726,204,PAYMENT,10.0,C1000055,197270.66,197260.66,M3362018,0,0,0,2026-01-08T12:36:45.449727,
TXN-00007727,204,PAYMENT,13388.99,C1000078,0.0,0.0,M8935749,0,0,0,2026-01-08T12:36:45.449799,
TXN-00007728,204,PAYMENT,54310.35,C1000000,0.0,0.0,M1912343,0,0,0,2026-01-08T12:36:45.449868,
TXN-00007729,204,CASH_OUT,2930.37,C1000026,222388.59,219458.22,M2877418,0,0,0,2026-01-08T12:36:45.449947,
TXN-00007730,201,TRANSFER,1697412.1020683397,C1000089,181323.21,151444.88,M6135509,0,0,1,2026-01-08T12:36:45.449991,whale_theft
TXN-00007731,204,DEBIT,726.16,C1000040,12432.04,11705.88,M5430994,0,0,0,2026-01-08T12:36:45.450064,
TXN-00007732,204,TRANSFER,18939.74,C1000024,21418.05,2478.31,M5724616,0,0,0,2026-01-08T12:36:45.450128,
TXN-00007733,197,CASH_OUT,1344999.1741057164,C1000044,25409.91,0.0,M2820974,0,0,1,2026-01-08T12:36:45.450159,whale_theft
TXN-00007734,204,PAYMENT,10.0,C1000014,266998.9,266988.9,M3236931,0,0,0,2026-01-08T12:36:45.450237,
TXN-00007735,197,CASH_OUT,1437511.3880802686,C1000053,0.0,0.0,M2592742,0,0,1,2026-01-08T12:36:45.450265,whale_theft
TXN-00007736,204,TRANSFER,54574.47,C1000000,0.0,0.0,M9274517,0,0,0,2026-01-08T12:36:45.450331,
TXN-00007737,204,PAYMENT,3119.64,C1000006,246376.02,243256.38,M4271479,0,0,0,2026-01-08T12:36:45.450392,
TXN-00007738,204,CASH_OUT,10.0,C1000081,99252.43,99242.43,M3683222,0,0,0,2026-01-08T12:36:45.450453,
TXN-00007739,204,PAYMENT,10123.42,C1000054,0.0,0.0,M8074926,0,0,0,2026-01-08T12:36:45.450513,
TXN-00007740,204,PAYMENT,808.18,C1000034,84785.61,83977.43,M5502084,0,0,0,2026-01-08T12:36:45.450574,
TXN-00007741,204,PAYMENT,10.0,C1000049,0.0,0.0,M9044840,0,0,0,2026-01-08T12:36:45.450636,
TXN-00007742,204,PAYMENT,10.0,C1000040,11705.88,11695.88,M6803622,0,0,0,2026-01-08T12:36:45.450694,
TXN-00007743,204,CASH_OUT,3717.0,C1000082,107348.5,103631.5,M2607082,0,0,0,2026-01-08T12:36:45.450756,
TXN-00007744,204,CASH_IN,969.93,C1000021,0.0,969.93,M5935510,0,0,0,2026-01-08T12:36:45.450818,
TXN-00007745,204,PAYMENT,6249.8,C1000046,0.0,0.0,M6627800,0,0,0,2026-01-08T12:36:45.450881,
TXN-00007746,214,CASH_OUT,1514903.2077357946,C1000059,369.26,0.0,M1122278,0,0,1,2026-01-08T12:36:45.450914,whale_theft
TXN-00007747,204,DEBIT,19406.55,C1000093,0.0,0.0,M7175111,0,0,0,2026-01-08T12:36:45.450986,
TXN-00007748,204,CASH_OUT,7329.9,C1000033,68656.5,61326.59,M1263544,0,0,0,2026-01-08T12:36:45.451046,
TXN-00007749,204,DEBIT,17990.38,C1000095,0.0,0.0,M8727194,0,0,0,2026-01-08T12:36:45.451108,
TXN-00007750,204,CASH_OUT,1462.1,C1000038,0.0,0.0,M4232696,0,0,0,2026-01-08T12:36:45.451184,
TXN-00007751,204,TRANSFER,4799.06,C1000032,1443.72,0.0,M3385725,0,0,0,2026-01-08T12:36:45.451254,
TXN-00007752,204,PAYMENT,19557.47,C1000035,0.0,0.0,M6779041,0,0,0,2026-01-08T12:36:45.451320,
TXN-00007753,204,PAYMENT,2388.5,C1000086,179786.7,177398.2,M5711895,0,0,0,2026-01-08T12:36:45.451378,
TXN-00007754,204,DEBIT,17593.54,C1000019,17710.3,116.76,M4173497,0,0,0,2026-01-08T12:36:45.451440,
TXN-00007755,204,DEBIT,1810.82,C1000090,277207.6,275396.78,M3961957,0,0,0,2026-01-08T12:36:45.451502,
TXN-00007756,204,TRANSFER,4970.05,C1000025,0.0,0.0,M8675032,0,0,0,2026-01-08T12:36:45.451563,
TXN-00007757,204,TRANSFER,2076.07,C1000017,95076.35,93000.27,M8157026,0,0,0,2026-01-08T12:36:45.451623,
TXN-00007758,204,PAYMENT,1669.17,C1000062,0.0,0.0,M8562329,0,0,0,2026-01-08T12:36:45.451701,
TXN-00007759,204,PAYMENT,4409.26,C1000021,969.93,0.0,M7603749,0,0,0,2026-01-08T12:36:45.451763,
TXN-00007760,204,TRANSFER,6554.07,C1000052,0.0,0.0,M3638385,0,0,0,2026-01-08T12:36:45.451822,
TXN-00007761,204,PAYMENT,3521.03,C1000087,237384.51,233863.48,M7848201,0,0,0,2026-01-08T12:36:45.451881,
TXN-00007762,204,CASH_OUT,1758.72,C1000008,238208.08,236449.36,M4639053,0,0,0,2026-01-08T12:36:45.451941,
TXN-00007763,204,PAYMENT,4906.91,C1000051,294992.4,290085.49,M2990028,0,0,0,2026-01-08T12:36:45.452002,
TXN-00007764,204,TRANSFER,51395.56,C1000053,0.0,0.0,M7482837,0,0,0,2026-01-08T12:36:45.452062,
TXN-00007765,204,TRANSFER,1652.26,C1000008,236449.36,234797.1,M9348726,0,0,0,2026-01-08T12:36:45.452121,
TXN-00007766,204,CASH_OUT,1956.73,C1000072,0.0,0.0,M9693570,0,0,0,2026-01-08T12:36:45.452182,
TXN-00007767,204,CASH_OUT,10.0,C1000066,0.0,0.0,M7301655,0,0,0,2026-01-08T12:36:45.452252,
TXN-00007768,204,DEBIT,6584.37,C1000014,266988.9,260404.54,M8065911,0,0,0,2026-01-08T12:36:45.452318,
TXN-00007769,204,PAYMENT,10.0,C1000042,0.0,0.0,M3158306,0,0,0,2026-01-08T12:36:45.452400,
TXN-00007770,204,PAYMENT,10.0,C1000047,0.0,0.0,M9095878,0,0,0,2026-01-08T12:36:45.452458,
TXN-00007771,204,PAYMENT,9009.89,C1000015,0.0,0.0,M9629891,0,0,0,2026-01-08T12:36:45.452513,
TXN-00007772,204,CASH_OUT,6647.22,C1000088,0.0,0.0,M4858578,0,0,0,2026-01-08T12:36:45.452573,
TXN-00007773,204,PAYMENT,18953.21,C1000035,0.0,0.0,M8682984,0,0,0,2026-01-08T12:36:45.452634,
TXN-00007774,204,PAYMENT,1118.13,C1000030,28431.64,27313.51,M4034555,0,0,0,2026-01-08T12:36:45.452694,
TXN-00007775,204,PAYMENT,1679.45,C1000049,0.0,0.0,M3917095,0,0,0,2026-01-08T12:36:45.452755,
TXN-00007776,204,DEBIT,1098.09,C1000007,66515.61,65417.52,M9143249,0,0,0,2026-01-08T12:36:45.452827,
TXN-00007777,204,PAYMENT,2186.23,C1000086,177398.2,175211.97,M3997403,0,0,0,2026-01-08T12:36:45.452889,
TXN-00007778,204,TRANSFER,803.2,C1000071,197643.93,196840.73,M9356373,0,0,0,2026-01-08T12:36:45.452951,
TXN-00007779,204,TRANSFER,10.0,C1000021,0.0,0.0,M2857541,0,0,0,2026-01-08T12:36:45.453011,
TXN-00007780,204,TRANSFER,5557.63,C1000059,369.26,0.0,M3998854,0,0,0,2026-01-08T12:36:45.453068,
TXN-00007781,204,PAYMENT,278.25,C1000002,302230.48,301952.23,M4341966,0,0,0,2026-01-08T12:36:45.453131,
TXN-00007782,204,PAYMENT,173445.9,C1000050,0.0,0.0,M3866670,0,0,0,2026-01-08T12:36:45.453191,
TXN-00007783,204,PAYMENT,11078.39,C1000074,0.0,0.0,M6888708,0,0,0,2026-01-08T12:36:45.453251,
TXN-00007784,204,TRANSFER,19606.21,C1000019,116.76,0.0,M5523714,0,0,0,2026-01-08T12:36:45.453311,
TXN-00007785,204,TRANSFER,1110.3,C1000071,196840.73,195730.43,M1894297,0,0,0,2026-01-08T12:36:45.453373,
TXN-00007786,204,TRANSFER,193.86,C1000098,255344.83,255150.97,M7841435,0,0,0,2026-01-08T12:36:45.453444,
TXN-00007787,204,CASH_OUT,1192610.7227941758,C1000005,0.0,0.0,M6839568,0,0,1,2026-01-08T12:36:45.453483,whale_theft
TXN-00007788,204,TRANSFER,29507.68,C1000064,0.0,0.0,M2065807,0,0,0,2026-01-08T12:36:45.453549,
TXN-00007789,204,TRANSFER,949.26,C1000070,0.0,0.0,M5191185,0,0,0,2026-01-08T12:36:45.453622,
TXN-00007790,204,TRANSFER,38874.14,C1000012,0.0,0.0,M4051449,0,0,0,2026-01-08T12:36:45.453683,
TXN-00007791,204,TRANSFER,7231.84,C1000078,0.0,0.0,M5983831,0,0,0,2026-01-08T12:36:45.453742,
TXN-00007792,204,PAYMENT,166.7,C1000055,197260.66,197093.96,M1172078,0,0,0,2026-01-08T12:36:45.453801,
TXN-00007793,204,PAYMENT,8561.59,C1000049,0.0,0.0,M1629008,0,0,0,2026-01-08T12:36:45.453879,
TXN-00007794,204,PAYMENT,4366.4,C1000027,0.0,0.0,M2720726,0,0,0,2026-01-08T12:36:45.453941,
TXN-00007795,204,TRANSFER,8551.95,C1000039,0.0,0.0,M7713492,0,0,0,2026-01-08T12:36:45.454002,
TXN-00007796,204,PAYMENT,10.0,C1000022,31958.47,31948.47,M5931249,0,0,0,2026-01-08T12:36:45.454063,
TXN-00007797,204,PAYMENT,19937.69,C1000035,0.0,0.0,M8606568,0,0,0,2026-01-08T12:36:45.454125,
TXN-00007798,209,CASH_OUT,1159761.2947128708,C1000096,284870.36,86612.02,M6815973,0,0,1,2026-01-08T12:36:45.454159,whale_theft
TXN-00007799,204,TRANSFER,8293.94,C1000042,0.0,0.0,M2196480,0,0,0,2026-01-08T12:36:45.454294,
TXN-00007800,204,PAYMENT,9012.02,C1000049,0.0,0.0,M1728461,0,0,0,2026-01-08T12:36:45.454370,
TXN-00007801,204,PAYMENT,2107.38,C1000030,27313.51,25206.14,M5214540,0,0,0,2026-01-08T12:36:45.454437,
TXN-00007802,204,PAYMENT,3586.53,C1000097,48705.36,45118.83,M8510775,0,0,0,2026-01-08T12:36:45.454504,
TXN-00007803,204,PAYMENT,817.42,C1000030,25206.14,24388.71,M9514840,0,0,0,2026-01-08T12:36:45.454571,
TXN-00007804,204,PAYMENT,849.06,C1000018,174113.18,173264.12,M2410421,0,0,0,2026-01-08T12:36:45.454796,
TXN-00007805,204,PAYMENT,1805.19,C1000090,275396.78,273591.6,M8024286,0,0,0,2026-01-08T12:36:45.454883,
TXN-00007806,204,CASH_OUT,10.0,C1000061,249844.91,249834.91,M7412335,0,0,0,2026-01-08T12:36:45.454946,
TXN-00007807,204,CASH_IN,5108.48,C1000010,0.0,5108.48,M8793354,0,0,0,2026-01-08T12:36:45.455009,
TXN-00007808,204,PAYMENT,2821.93,C1000045,0.0,0.0,M3030639,0,0,0,2026-01-08T12:36:45.455071,
TXN-00007809,204,PAYMENT,1326.59,C1000044,25409.91,24083.32,M1104423,0,0,0,2026-01-08T12:36:45.455131,
TXN-00007810,204,TRANSFER,8785.01,C1000039,0.0,0.0,M6581905,0,0,0,2026-01-08T12:36:45.455191,
TXN-00007811,204,CASH_IN,879.15,C1000068,113490.54,114369.7,M1245814,0,0,0,2026-01-08T12:36:45.455249,
TXN-00007812,204,CASH_OUT,578.31,C1000009,135913.75,135335.44,M8257421,0,0,0,2026-01-08T12:36:45.455307,
TXN-00007813,204,CASH_OUT,3534.32,C1000084,158939.77,155405.45,M2534953,0,0,0,2026-01-08T12:36:45.455364,
TXN-00007814,204,TRANSFER,19878.49,C1000035,0.0,0.0,M7473890,0,0,0,2026-01-08T12:36:45.455421,
TXN-00007815,204,CASH_IN,54926.24,C1000000,0.0,54926.24,M6178248,0,0,0,2026-01-08T12:36:45.455477,
TXN-00007816,204,PAYMENT,2331.69,C1000043,48394.22,46062.53,M2897824,0,0,0,2026-01-08T12:36:45.455533,
TXN-00007817,204,CASH_OUT,20134.54,C1000035,0.0,0.0,M6857174,0,0,0,2026-01-08T12:36:45.455617,
TXN-00007818,204,TRANSFER,10.0,C1000018,173264.12,173254.12,M8799640,0,0,0,2026-01-08T12:36:45.455681,
TXN-00007819,204,TRANSFER,2471.89,C1000030,24388.71,21916.82,M3382247,0,0,0,2026-01-08T12:36:45.455739,
TXN-00007820,204,CASH_OUT,5137.16,C1000045,0.0,0.0,M3496536,0,0,0,2026-01-08T12:36:45.455796,
TXN-00007821,204,PAYMENT,2073.41,C1000075,452734.74,450661.33,M1476700,0,0,0,2026-01-08T12:36:45.455855,
TXN-00007822,204,CASH_OUT,288.35,C1000077,104472.02,104183.67,M6270376,0,0,0,2026-01-08T12:36:45.455915,
TXN-00007823,204,PAYMENT,606.01,C1000061,249834.91,249228.91,M5525042,0,0,0,2026-01-08T12:36:45.455973,
TXN-00007824,204,PAYMENT,3411.8,C1000087,233863.48,230451.69,M3538817,0,0,0,2026-01-08T12:36:45.456029,
TXN-00007825,204,PAYMENT,5248.01,C1000003,0.0,0.0,M1786326,0,0,0,2026-01-08T12:36:45.456087,
TXN-00007826,204,DEBIT,1248.74,C1000040,11695.88,10447.14,M9981172,0,0,0,2026-01-08T12:36:45.456142,
TXN-00007827,204,TRANSFER,13409.78,C1000063,0.0,0.0,M8925620,0,0,0,2026-01-08T12:36:45.456199,
TXN-00007828,204,PAYMENT,2421.86,C1000071,195730.43,193308.56,M3124712,0,0,0,2026-01-08T12:36:45.456253,
TXN-00007829,204,TRANSFER,10.0,C1000066,0.0,0.0,M6236610,0,0,0,2026-01-08T12:36:45.456310,
TXN-00007830,204,CASH_OUT,6450.32,C1000096,284870.36,278420.03,M9647215,0,0,0,2026-01-08T12:36:45.456362,
TXN-00007831,204,PAYMENT,2778.65,C1000045,0.0,0.0,M2537264,0,0,0,2026-01-08T12:36:45.456418,
TXN-00007832,204,PAYMENT,10.0,C1000072,0.0,0.0,M4008417,0,0,0,2026-01-08T12:36:45.456472,
TXN-00007833,204,CASH_IN,2800.24,C1000084,155405.45,158205.69,M8667075,0,0,0,2026-01-08T12:36:45.456526,
TXN-00007834,204,DEBIT,5313.21,C1000003,0.0,0.0,M8044691,0,0,0,2026-01-08T12:36:45.456585,
TXN-00007835,204,PAYMENT,10.0,C1000051,290085.49,290075.49,M9858619,0,0,0,2026-01-08T12:36:45.456640,
TXN-00007836,204,CASH_OUT,10.0,C1000042,0.0,0.0,M9469436,0,0,0,2026-01-08T12:36:45.456698,
TXN-00007837,204,TRANSFER,18522.84,C1000093,0.0,0.0,M3251571,0,0,0,2026-01-08T12:36:45.456751,
TXN-00007838,204,CASH_OUT,24223.05,C1000037,0.0,0.0,M5063781,0,0,0,2026-01-08T12:36:45.456806,
TXN-00007839,204,TRANSFER,524.94,C1000034,83977.43,83452.49,M7265553,0,0,0,2026-01-08T12:36:45.456861,
TXN-00007840,204,DEBIT,1536.89,C1000018,173254.12,171717.22,M8435906,0,0,0,2026-01-08T12:36:45.456923,
TXN-00007841,204,PAYMENT,54805.42,C1000000,54926.24,120.82,M8613983,0,0,0,2026-01-08T12:36:45.456979,
TXN-00007842,204,TRANSFER,10.0,C1000047,0.0,0.0,M8661288,0,0,0,2026-01-08T12:36:45.457035,
TXN-00007843,204,PAYMENT,758.26,C1000004,228641.83,227883.58,M5936989,0,0,0,2026-01-08T12:36:45.457087,
TXN-00007844,204,CASH_OUT,7659.92,C1000099,25566.79,17906.87,M4487076,0,0,0,2026-01-08T12:36:45.457142,
TXN-00007845,204,DEBIT,690.55,C1000077,104183.67,103493.12,M1868613,0,0,0,2026-01-08T12:36:45.457200,
TXN-00007846,204,PAYMENT,8692.11,C1000039,0.0,0.0,M6824693,0,0,0,2026-01-08T12:36:45.457256,
TXN-00007847,204,CASH_OUT,4146.88,C1000010,5108.48,961.61,M9535927,0,0,0,2026-01-08T12:36:45.457311,
TXN-00007848,204,DEBIT,15921.69,C1000064,0.0,0.0,M6864267,0,0,0,2026-01-08T12:36:45.457368,
TXN-00007849,204,DEBIT,54079.25,C1000000,120.82,0.0,M9184901,0,0,0,2026-01-08T12:36:45.457425,
TXN-00007850,204,TRANSFER,2365.36,C1000048,233939.07,231573.71,M5373809,0,0,0,2026-01-08T12:36:45.457481,
TXN-00007851,204,CASH_OUT,142.29,C1000008,234797.1,234654.81,M6085202,0,0,0,2026-01-08T12:36:45.457536,
TXN-00007852,204,DEBIT,799.89,C1000026,219458.22,218658.33,M8149803,0,0,0,2026-01-08T12:36:45.457597,
TXN-00007853,204,PAYMENT,8237.34,C1000005,0.0,0.0,M6061175,0,0,0,2026-01-08T12:36:45.457653,
TXN-00007854,204,CASH_OUT,1411.48,C1000016,189149.79,187738.31,M3897758,0,0,0,2026-01-08T12:36:45.457708,
TXN-00007855,204,TRANSFER,2881.69,C1000006,243256.38,240374.68,M1886374,0,0,0,2026-01-08T12:36:45.457767,
TXN-00007856,204,CASH_OUT,234.39,C1000061,249228.91,248994.51,M1151467,0,0,0,2026-01-08T12:36:45.457826,
TXN-00007857,204,TRANSFER,6665.87,C1000088,0.0,0.0,M3667729,0,0,0,2026-01-08T12:36:45.457882,
TXN-00007858,204,PAYMENT,37411.18,C1000012,0.0,0.0,M8273745,0,0,0,2026-01-08T12:36:45.457939,
TXN-00007859,204,PAYMENT,22383.32,C1000019,0.0,0.0,M2897965,0,0,0,2026-01-08T12:36:45.457996,
TXN-00007860,204,PAYMENT,1903.91,C1000090,273591.6,271687.68,M6285275,0,0,0,2026-01-08T12:36:45.458054,
TXN-00007861,204,CASH_OUT,6324.95,C1000058,0.0,0.0,M7780108,0,0,0,2026-01-08T12:36:45.458112,
TXN-00007862,204,CASH_IN,8116.05,C1000036,0.0,8116.05,M2688859,0,0,0,2026-01-08T12:36:45.458174,
TXN-00007863,204,TRANSFER,10.0,C1000047,0.0,0.0,M2348982,0,0,0,2026-01-08T12:36:45.458229,
TXN-00007864,204,PAYMENT,10265.53,C1000013,0.0,0.0,M5617211,0,0,0,2026-01-08T12:36:45.458282,
TXN-00007865,204,PAYMENT,10.0,C1000072,0.0,0.0,M4378316,0,0,0,2026-01-08T12:36:45.458337,
TXN-00007866,204,TRANSFER,6546.45,C1000059,0.0,0.0,M4874086,0,0,0,2026-01-08T12:36:45.458391,
TXN-00007867,205,CASH_OUT,1810538.75897715,C1000093,0.0,0.0,M5257344,0,0,1,2026-01-08T12:36:45.458425,whale_theft
TXN-00007868,204,TRANSFER,33951.04,C1000073,0.0,0.0,M2182706,0,0,0,2026-01-08T12:36:45.458487,
TXN-00007869,204,PAYMENT,10.0,C1000097,45118.83,45108.83,M1699544,0,0,0,2026-01-08T12:36:45.458542,
TXN-00007870,204,DEBIT,5627.75,C1000033,61326.59,55698.84,M9409049,0,0,0,2026-01-08T12:36:45.458600,
TXN-00007871,204,DEBIT,18896.38,C1000079,0.0,0.0,M9528767,0,0,0,2026-01-08T12:36:45.458657,
TXN-00007872,204,TRANSFER,26802.72,C1000056,0.0,0.0,M2816144,0,0,0,2026-01-08T12:36:45.458712,
TXN-00007873,214,CASH_OUT,1005296.7869501938,C1000092,0.0,0.0,M2704194,0,0,1,2026-01-08T12:36:45.458741,whale_theft
TXN-00007874,204,TRANSFER,368.03,C1000008,234654.81,234286.79,M8859109,0,0,0,2026-01-08T12:36:45.458803,
TXN-00007875,204,PAYMENT,2495.01,C1000020,345625.15,343130.14,M2495710,0,0,0,2026-01-08T12:36:45.458873,
TXN-00007876,204,PAYMENT,616.07,C1000075,450661.33,450045.26,M6876783,0,0,0,2026-01-08T12:36:45.459299,
TXN-00007877,204,TRANSFER,187.37,C1000060,59325.41,59138.04,M1163871,0,0,0,2026-01-08T12:36:45.459536,
TXN-00007878,204,CASH_OUT,10.0,C1000098,255150.97,255140.97,M3841964,0,0,0,2026-01-08T12:36:45.459703,
TXN-00007879,204,CASH_IN,3958.3,C1000087,230451.69,234409.98,M6512549,0,0,0,2026-01-08T12:36:45.459825,
TXN-00007880,204,PAYMENT,18194.33,C1000093,0.0,0.0,M5039165,0,0,0,2026-01-08T12:36:45.459984,
TXN-00007881,204,DEBIT,1764.34,C1000066,0.0,0.0,M1285402,0,0,0,2026-01-08T12:36:45.460084,
TXN-00007882,204,TRANSFER,558.01,C1000085,0.0,0.0,M3625673,0,0,0,2026-01-08T12:36:45.460158,
TXN-00007883,204,DEBIT,10.0,C1000018,171717.22,171707.22,M8132228,0,0,0,2026-01-08T12:36:45.460466,
TXN-00007884,204,TRANSFER,1345.41,C1000002,301952.23,300606.82,M9350093,0,0,0,2026-01-08T12:36:45.460676,
TXN-00007885,204,TRANSFER,11533.47,C1000031,0.0,0.0,M9927726,0,0,0,2026-01-08T12:36:45.461117,
TXN-00007886,204,TRANSFER,3018.93,C1000026,218658.33,215639.4,M4242970,0,0,0,2026-01-08T12:36:45.461350,
TXN-00007887,204,PAYMENT,1990.85,C1000086,175211.97,173221.11,M1661612,0,0,0,2026-01-08T12:36:45.461584,
TXN-00007888,204,CASH_OUT,1455.75,C1000044,24083.32,22627.57,M6105669,0,0,0,2026-01-08T12:36:45.461683,
TXN-00007889,204,CASH_OUT,20350.1,C1000024,2478.31,0.0,M7238949,0,0,0,2026-01-08T12:36:45.461761,
TXN-00007890,204,TRANSFER,67.95,C1000038,0.0,0.0,M2459828,0,0,0,2026-01-08T12:36:45.461825,
TXN-00007891,204,PAYMENT,10.0,C1000009,135335.44,135325.44,M2683209,0,0,0,2026-01-08T12:36:45.461892,
TXN-00007892,204,CASH_OUT,4724.47,C1000062,0.0,0.0,M3874335,0,0,0,2026-01-08T12:36:45.461956,
TXN-00007893,204,CASH_OUT,54566.69,C1000000,0.0,0.0,M5970137,0,0,0,2026-01-08T12:36:45.462014,
TXN-00007894,204,TRANSFER,963.68,C1000057,0.0,0.0,M5036615,0,0,0,2026-01-08T12:36:45.462068,
TXN-00007895,204,DEBIT,2056.02,C1000084,158205.69,156149.68,M3813045,0,0,0,2026-01-08T12:36:45.462127,
TXN-00007896,204,TRANSFER,526.43,C1000001,95866.08,95339.64,M8993114,0,0,0,2026-01-08T12:36:45.462185,
TXN-00007897,204,TRANSFER,15341.24,C1000005,0.0,0.0,M4452122,0,0,0,2026-01-08T12:36:45.462247,
TXN-00007898,204,CASH_OUT,4386.79,C1000027,0.0,0.0,M6379770,0,0,0,2026-01-08T12:36:45.462306,
TXN-00007899,204,PAYMENT,1885.67,C1000069,102168.08,100282.41,M1894967,0,0,0,2026-01-08T12:36:45.462366,
TXN-00007900,204,PAYMENT,10.0,C1000051,290075.49,290065.49,M5262906,0,0,0,2026-01-08T12:36:45.462458,
TXN-00007901,204,PAYMENT,17994.77,C1000076,0.0,0.0,M5905849,0,0,0,2026-01-08T12:36:45.462525,
TXN-00007902,204,PAYMENT,18947.43,C1000024,0.0,0.0,M2446511,0,0,0,2026-01-08T12:36:45.462597,
TXN-00007903,204,PAYMENT,3178.43,C1000069,100282.41,97103.99,M6282622,0,0,0,2026-01-08T12:36:45.462653,
TXN-00007904,204,PAYMENT,26670.12,C1000095,0.0,0.0,M1684280,0,0,0,2026-01-08T12:36:45.462715,
TXN-00007905,204,TRANSFER,10.0,C1000060,59138.04,59128.04,M7878586,0,0,0,2026-01-08T12:36:45.462780,
TXN-00007906,204,PAYMENT,54351.15,C1000000,0.0,0.0,M8900944,0,0,0,2026-01-08T12:36:45.462849,
TXN-00007907,204,TRANSFER,1613.94,C1000090,271687.68,270073.75,M7865763,0,0,0,2026-01-08T12:36:45.462914,
TXN-00007908,204,CASH_OUT,644.96,C1000077,103493.12,102848.16,M7424429,0,0,0,2026-01-08T12:36:45.462979,
TXN-00007909,204,CASH_OUT,484.15,C1000021,0.0,0.0,M9347648,0,0,0,2026-01-08T12:36:45.463040,
TXN-00007910,204,PAYMENT,4015.04,C1000072,0.0,0.0,M6204842,0,0,0,2026-01-08T12:36:45.463100,
TXN-00007911,204,DEBIT,97.07,C1000097,45108.83,45011.76,M8985072,0,0,0,2026-01-08T12:36:45.463336,
TXN-00007912,204,PAYMENT,1593.59,C1000048,231573.71,229980.12,M9451997,0,0,0,2026-01-08T12:36:45.463487,
TXN-00007913,204,PAYMENT,8356.62,C1000002,300606.82,292250.2,M1801309,0,0,0,2026-01-08T12:36:45.463615,
TXN-00007914,204,TRANSFER,3402.37,C1000087,234409.98,231007.61,M8662181,0,0,0,2026-01-08T12:36:45.463743,
TXN-00007915,204,PAYMENT,2029.29,C1000030,21916.82,19887.53,M9321344,0,0,0,2026-01-08T12:36:45.463835,
TXN-00007916,204,PAYMENT,740.31,C1000001,95339.64,94599.33,M8533936,0,0,0,2026-01-08T12:36:45.463923,
TXN-00007917,204,DEBIT,3218.36,C1000087,231007.61,227789.25,M6574895,0,0,0,2026-01-08T12:36:45.464054,
TXN-00007918,204,PAYMENT,839.9,C1000085,0.0,0.0,M5484084,0,0,0,2026-01-08T12:36:45.464176,
TXN-00007919,204,PAYMENT,10.0,C1000034,83452.49,83442.49,M7174365,0,0,0,2026-01-08T12:36:45.464302,
TXN-00007920,204,TRANSFER,5497.91,C1000057,0.0,0.0,M7749501,0,0,0,2026-01-08T12:36:45.464406,
TXN-00007921,204,PAYMENT,5032.78,C1000033,55698.84,50666.06,M9803093,0,0,0,2026-01-08T12:36:45.464504,
TXN-00007922,204,CASH_OUT,10.0,C1000068,114369.7,114359.7,M2984511,0,0,0,2026-01-08T12:36:45.464588,
TXN-00007923,204,PAYMENT,5250.99,C1000082,103631.5,98380.51,M1792997,0,0,0,2026-01-08T12:36:45.464674,
TXN-00007924,204,TRANSFER,903.66,C1000020,343130.14,342226.49,M5755078,0,0,0,2026-01-08T12:36:45.464775,
TXN-00007925,204,PAYMENT,518.36,C1000077,102848.16,102329.8,M3591269,0,0,0,2026-01-08T12:36:45.464867,
TXN-00007926,204,CASH_OUT,588.61,C1000008,234286.79,233698.18,M3339939,0,0,0,2026-01-08T12:36:45.464948,
TXN-00007927,204,PAYMENT,10.0,C1000048,229980.12,229970.12,M7859714,0,0,0,2026-01-08T12:36:45.465028,
TXN-00007928,204,TRANSFER,24511.32,C1000037,0.0,0.0,M6299545,0,0,0,2026-01-08T12:36:45.465099,
TXN-00007929,204,PAYMENT,1045.58,C1000069,97103.99,96058.4,M8494165,0,0,0,2026-01-08T12:36:45.465169,
TXN-00007930,204,PAYMENT,10.0,C1000033,50666.06,50656.06,M8337347,0,0,0,2026-01-08T12:36:45.465257,
TXN-00007931,204,CASH_OUT,10.0,C1000014,260404.54,260394.54,M5189271,0,0,0,2026-01-08T12:36:45.465317,
TXN-00007932,204,CASH_OUT,6979.41,C1000088,0.0,0.0,M5315201,0,0,0,2026-01-08T12:36:45.465381,
TXN-00007933,204,PAYMENT,2525.6,C1000086,173221.11,170695.51,M4792973,0,0,0,2026-01-08T12:36:45.465447,
TXN-00007934,204,CASH_IN,1956.67,C1000071,193308.56,195265.24,M2076705,0,0,0,2026-01-08T12:36:45.465511,
TXN-00007935,193,CASH_OUT,954208.9808882691,C1000040,10447.14,0.0,M9605163,0,0,1,2026-01-08T12:36:45.465549,whale_theft
TXN-00007936,204,PAYMENT,323.33,C1000022,31948.47,31625.13,M5875025,0,0,0,2026-01-08T12:36:45.465625,
TXN-00007937,204,CASH_OUT,205.19,C1000098,255140.97,254935.78,M7284411,0,0,0,2026-01-08T12:36:45.465704,
TXN-00007938,204,DEBIT,7632.04,C1000099,17906.87,10274.84,M1355879,0,0,0,2026-01-08T12:36:45.465768,
TXN-00007939,204,PAYMENT,10.0,C1000082,98380.51,98370.51,M1914844,0,0,0,2026-01-08T12:36:45.465834,
TXN-00007940,204,TRANSFER,24418.47,C1000067,0.0,0.0,M3775015,0,0,0,2026-01-08T12:36:45.465897,
TXN-00007941,204,PAYMENT,2061.73,C1000041,265603.66,263541.93,M6436991,0,0,0,2026-01-08T12:36:45.465957,
TXN-00007942,204,DEBIT,3659.84,C1000087,227789.25,224129.41,M3676982,0,0,0,2026-01-08T12:36:45.466021,
TXN-00007943,204,PAYMENT,7588.1,C1000099,10274.84,2686.74,M1342018,0,0,0,2026-01-08T12:36:45.466088,
TXN-00007944,204,TRANSFER,10.0,C1000061,248994.51,248984.51,M4477750,0,0,0,2026-01-08T12:36:45.466148,
TXN-00007945,204,TRANSFER,2555.36,C1000040,10447.14,7891.78,M7535524,0,0,0,2026-01-08T12:36:45.466208,
TXN-00007946,205,CASH_OUT,1292380.334429916,C1000083,218425.13,29332.97,M6307886,0,0,1,2026-01-08T12:36:45.466239,whale_theft
TXN-00007947,204,CASH_OUT,27016.41,C1000056,0.0,0.0,M1267460,0,0,0,2026-01-08T12:36:45.466307,
TXN-00007948,204,TRANSFER,1320.75,C1000072,0.0,0.0,M7256632,0,0,0,2026-01-08T12:36:45.466366,
TXN-00007949,204,PAYMENT,659.4,C1000020,342226.49,341567.09,M7476014,0,0,0,2026-01-08T12:36:45.466427,
TXN-00007950,204,PAYMENT,25138.37,C1000037,0.0,0.0,M1157153,0,0,0,2026-01-08T12:36:45.466488,
TXN-00007951,204,PAYMENT,1337.24,C1000008,233698.18,232360.93,M4236484,0,0,0,2026-01-08T12:36:45.466548,
TXN-00007952,204,PAYMENT,10.0,C1000047,0.0,0.0,M2313661,0,0,0,2026-01-08T12:36:45.466610,
TXN-00007953,204,TRANSFER,7062.29,C1000052,0.0,0.0,M2374824,0,0,0,2026-01-08T12:36:45.466670,
TXN-00007954,204,PAYMENT,17523.28,C1000095,0.0,0.0,M1253275,0,0,0,2026-01-08T12:36:45.466732,
TXN-00007955,204,TRANSFER,2788.81,C1000006,240374.68,237585.88,M4978843,0,0,0,2026-01-08T12:36:45.466793,
TXN-00007956,204,PAYMENT,390.86,C1000060,59128.04,58737.18,M8884906,0,0,0,2026-01-08T12:36:45.466857,
TXN-00007957,204,PAYMENT,34095.23,C1000073,0.0,0.0,M5856225,0,0,0,2026-01-08T12:36:45.466920,
TXN-00007958,204,TRANSFER,4412.2,C1000002,292250.2,287838.0,M6045202,0,0,0,2026-01-08T12:36:45.466981,
TXN-00007959,204,TRANSFER,827.9,C1000089,181323.21,180495.3,M7480486,0,0,0,2026-01-08T12:36:45.467044,
TXN-00007960,204,CASH_OUT,13617.64,C1000063,0.0,0.0,M7840340,0,0,0,2026-01-08T12:36:45.467106,
TXN-00007961,204,PAYMENT,819.81,C1000075,450045.26,449225.46,M6540689,0,0,0,2026-01-08T12:36:45.467169,
TXN-00007962,204,PAYMENT,24404.02,C1000037,0.0,0.0,M9779328,0,0,0,2026-01-08T12:36:45.467237,
TXN-00007963,204,CASH_IN,1422.14,C1000081,99242.43,100664.57,M2156210,0,0,0,2026-01-08T12:36:45.467300,
TXN-00007964,204,TRANSFER,13587.22,C1000063,0.0,0.0,M6787302,0,0,0,2026-01-08T12:36:45.467363,
TXN-00007965,204,DEBIT,1199.77,C1000066,0.0,0.0,M1162982,0,0,0,2026-01-08T12:36:45.467426,
TXN-00007966,204,PAYMENT,4003.19,C1000038,0.0,0.0,M1097111,0,0,0,2026-01-08T12:36:45.467489,
TXN-00007967,204,DEBIT,7822.22,C1000036,8116.05,293.83,M2282569,0,0,0,2026-01-08T12:36:45.467552,
TXN-00007968,204,CASH_OUT,5413.68,C1000057,0.0,0.0,M5913616,0,0,0,2026-01-08T12:36:45.467620,
TXN-00007969,204,DEBIT,4894.96,C1000065,0.0,0.0,M1790840,0,0,0,2026-01-08T12:36:45.467701,
TXN-00007970,204,PAYMENT,10175.59,C1000092,0.0,0.0,M1537102,0,0,0,2026-01-08T12:36:45.467770,
TXN-00007971,203,CASH_OUT,724922.9987640067,C1000043,46062.53,0.0,M5742051,0,0,1,2026-01-08T12:36:45.467806,whale_theft
TXN-00007972,196,CASH_OUT,509640.09653780115,C1000096,278420.03,201387.31,M5357046,0,0,1,2026-01-08T12:36:45.467845,whale_theft
TXN-00007973,204,DEBIT,10.0,C1000009,135325.44,135315.44,M2072807,0,0,0,2026-01-08T12:36:45.467916,
TXN-00007974,204,CASH_OUT,10.0,C1000066,0.0,0.0,M8332988,0,0,0,2026-01-08T12:36:45.467986,
TXN-00007975,204,PAYMENT,3285.35,C1000041,263541.93,260256.58,M5765317,0,0,0,2026-01-08T12:36:45.468047,
TXN-00007976,204,CASH_OUT,10461.19,C1000031,0.0,0.0,M8792677,0,0,0,2026-01-08T12:36:45.468113,
TXN-00007977,204,CASH_IN,8731.05,C1000039,0.0,8731.05,M9458036,0,0,0,2026-01-08T12:36:45.468179,
TXN-00007978,204,CASH_OUT,173144.12,C1000050,0.0,0.0,M9995103,0,0,0,2026-01-08T12:36:45.468244,
TXN-00007979,204,PAYMENT,6632.16,C1000046,0.0,0.0,M8491415,0,0,0,2026-01-08T12:36:45.468309,
TXN-00007980,204,TRANSFER,36724.8,C1000012,0.0,0.0,M4019245,0,0,0,2026-01-08T12:36:45.468372,
TXN-00007981,204,TRANSFER,99.72,C1000018,171707.22,171607.5,M9545523,0,0,0,2026-01-08T12:36:45.468436,
TXN-00007982,204,PAYMENT,2500.88,C1000043,46062.53,43561.65,M3172263,0,0,0,2026-01-08T12:36:45.468505,
TXN-00007983,204,PAYMENT,10.0,C1000014,260394.54,260384.54,M4146670,0,0,0,2026-01-08T12:36:45.468570,
TXN-00007984,204,TRANSFER,17861.84,C1000093,0.0,0.0,M9038612,0,0,0,2026-01-08T12:36:45.468634,
TXN-00007985,204,CASH_OUT,10.0,C1000068,114359.7,114349.7,M2505030,0,0,0,2026-01-08T12:36:45.468697,
TXN-00007986,204,TRANSFER,3421.81,C1000097,45011.76,41589.95,M1221723,0,0,0,2026-01-08T12:36:45.468762,
TXN-00007987,204,PAYMENT,554.09,C1000009,135315.44,134761.36,M1680099,0,0,0,2026-01-08T12:36:45.468827,
TXN-00007988,204,PAYMENT,2824.13,C1000030,19887.53,17063.4,M2798696,0,0,0,2026-01-08T12:36:45.468889,
TXN-00007989,204,PAYMENT,10.0,C1000055,197093.96,197083.96,M6318526,0,0,0,2026-01-08T12:36:45.468952,
TXN-00007990,204,DEBIT,2477.21,C1000028,0.0,0.0,M2255649,0,0,0,2026-01-08T12:36:45.469014,
TXN-00007991,204,PAYMENT,410.72,C1000034,83442.49,83031.77,M7444908,0,0,0,2026-01-08T12:36:45.469077,
TXN-00007992,195,TRANSFER,1353956.3892926958,C1000012,0.0,0.0,M2844504,0,0,1,2026-01-08T12:36:45.469113,whale_theft
TXN-00007993,204,TRANSFER,1465.7,C1000083,218425.13,216959.43,M5928299,0,0,0,2026-01-08T12:36:45.469181,
TXN-00007994,204,PAYMENT,4672.76,C1000065,0.0,0.0,M9488643,0,0,0,2026-01-08T12:36:45.469245,
TXN-00007995,204,TRANSFER,12262.76,C1000031,0.0,0.0,M7836639,0,0,0,2026-01-08T12:36:45.469305,
TXN-00007996,204,PAYMENT,10.0,C1000048,229970.12,229960.12,M8264933,0,0,0,2026-01-08T12:36:45.469363,
TXN-00007997,204,CASH_IN,9902.58,C1000092,0.0,9902.58,M7331529,0,0,0,2026-01-08T12:36:45.469426,
TXN-00007998,204,CASH_OUT,13542.45,C1000063,0.0,0.0,M7534681,0,0,0,2026-01-08T12:36:45.469492,
TXN-00007999,204,PAYMENT,2744.91,C1000074,0.0,0.0,M8433199,0,0,0,2026-01-08T12:36:45.469559,
