transaction_id,step,type,amount,nameOrig,oldbalanceOrg,newbalanceOrig,nameDest,oldbalanceDest,newbalanceDest,isFraud,timestamp,fraud_pattern
TXN-00008000,20,CASH_OUT,19666.21,C1000005,0.0,0.0,M7671458,0,0,1,2026-01-08T12:36:45.556025,rapid_succession
TXN-00008001,204,TRANSFER,20741.77,C1000042,0.0,0.0,M4039113,0,0,0,2026-01-08T12:36:45.556186,
TXN-00008002,204,TRANSFER,1243.3,C1000074,0.0,0.0,M2296188,0,0,0,2026-01-08T12:36:45.556266,
TXN-00008003,204,PAYMENT,10.0,C1000007,65417.52,65407.52,M5479001,0,0,0,2026-01-08T12:36:45.556333,
TXN-00008004,204,PAYMENT,7488.23,C1000036,293.83,0.0,M4576106,0,0,0,2026-01-08T12:36:45.556396,
TXN-00008005,204,PAYMENT,684.42,C1000007,65407.52,64723.09,M5071205,0,0,0,2026-01-08T12:36:45.556462,
TXN-00008006,204,PAYMENT,2204.55,C1000020,341567.09,339362.54,M7687251,0,0,0,2026-01-08T12:36:45.556525,
TXN-00008007,204,DEBIT,8282.3,C1000051,290065.49,281783.2,M3837549,0,0,0,2026-01-08T12:36:45.556585,
TXN-00008008,20,TRANSFER,93973.04,C1000071,195265.24,96912.91,M1190388,0,0,1,2026-01-08T12:36:45.556619,rapid_succession
TXN-00008009,204,PAYMENT,1061.3,C1000004,227883.58,226822.28,M4754029,0,0,0,2026-01-08T12:36:45.556687,
TXN-00008010,204,CASH_OUT,2336.15,C1000026,215639.4,213303.25,M6973222,0,0,0,2026-01-08T12:36:45.556755,
TXN-00008011,204,PAYMENT,930.18,C1000094,205839.47,204909.29,M1632516,0,0,0,2026-01-08T12:36:45.556814,
TXN-00008012,12,CASH_OUT,26827.12,C1000082,98370.51,71543.39,M7414214,0,0,1,2026-01-08T12:36:45.556845,rapid_succession
TXN-00008013,10,CASH_OUT,92749.77,C1000022,31625.13,0.0,M5733698,0,0,1,2026-01-08T12:36:45.556873,rapid_succession
TXN-00008014,204,PAYMENT,3087.49,C1000041,260256.58,257169.1,M9776322,0,0,0,2026-01-08T12:36:45.556932,
TXN-00008015,204,TRANSFER,34.14,C1000060,58737.18,58703.04,M6732023,0,0,0,2026-01-08T12:36:45.556991,
TXN-00008016,204,DEBIT,7288.05,C1000099,2686.74,0.0,M2665351,0,0,0,2026-01-08T12:36:45.557050,
TXN-00008017,204,CASH_OUT,2471.52,C1000080,4196.24,1724.72,M4134359,0,0,0,2026-01-08T12:36:45.557108,
TXN-00008018,204,DEBIT,4587.34,C1000065,0.0,0.0,M1732689,0,0,0,2026-01-08T12:36:45.557165,
TXN-00008019,204,TRANSFER,671.63,C1000041,257169.1,256497.47,M5530266,0,0,0,2026-01-08T12:36:45.557249,
TXN-00008020,204,PAYMENT,11924.4,C1000078,0.0,0.0,M9905880,0,0,0,2026-01-08T12:36:45.557312,
TXN-00008021,204,CASH_OUT,5034.64,C1000032,0.0,0.0,M8822431,0,0,0,2026-01-08T12:36:45.557373,
TXN-00008022,204,TRANSFER,3057.19,C1000084,156149.68,153092.49,M4158599,0,0,0,2026-01-08T12:36:45.557484,
TXN-00008023,204,PAYMENT,4706.53,C1000027,0.0,0.0,M3824942,0,0,0,2026-01-08T12:36:45.557551,
TXN-00008024,11,CASH_OUT,27825.76,C1000012,0.0,0.0,M1433397,0,0,1,2026-01-08T12:36:45.557582,rapid_succession
TXN-00008025,204,TRANSFER,7465.95,C1000054,0.0,0.0,M7858281,0,0,0,2026-01-08T12:36:45.557638,
TXN-00008026,204,PAYMENT,2467.53,C1000006,237585.88,235118.34,M7981354,0,0,0,2026-01-08T12:36:45.557691,
TXN-00008027,15,CASH_OUT,84743.03,C1000029,0.0,0.0,M3155463,0,0,1,2026-01-08T12:36:45.557720,rapid_succession
TXN-00008028,204,TRANSFER,10.0,C1000061,248984.51,248974.51,M8220603,0,0,0,2026-01-08T12:36:45.557776,
TXN-00008029,204,TRANSFER,37191.83,C1000012,0.0,0.0,M3916102,0,0,0,2026-01-08T12:36:45.557834,
TXN-00008030,204,PAYMENT,3618.34,C1000006,235118.34,231500.0,M3945475,0,0,0,2026-01-08T12:36:45.557887,
TXN-00008031,204,CASH_OUT,884.19,C1000085,0.0,0.0,M2693132,0,0,0,2026-01-08T12:36:45.557941,
TXN-00008032,204,PAYMENT,3259.96,C1000062,0.0,0.0,M3337866,0,0,0,2026-01-08T12:36:45.557993,
TXN-00008033,204,CASH_IN,8674.4,C1000080,1724.72,10399.11,M4910025,0,0,0,2026-01-08T12:36:45.558047,
TXN-00008034,204,PAYMENT,4875.45,C1000032,0.0,0.0,M7106126,0,0,0,2026-01-08T12:36:45.558099,
TXN-00008035,204,PAYMENT,1418.31,C1000026,213303.25,211884.93,M2752422,0,0,0,2026-01-08T12:36:45.558151,
TXN-00008036,14,CASH_OUT,37782.34,C1000069,96058.4,58276.06,M4773412,0,0,1,2026-01-08T12:36:45.558180,rapid_succession
TXN-00008037,204,TRANSFER,495.88,C1000004,226822.28,226326.4,M7545478,0,0,0,2026-01-08T12:36:45.558235,
TXN-00008038,204,PAYMENT,18247.64,C1000076,0.0,0.0,M6145773,0,0,0,2026-01-08T12:36:45.558288,
TXN-00008039,204,CASH_OUT,1867.44,C1000040,7891.78,6024.34,M9507215,0,0,0,2026-01-08T12:36:45.558341,
TXN-00008040,204,CASH_OUT,10.0,C1000064,0.0,0.0,M3086832,0,0,0,2026-01-08T12:36:45.558394,
TXN-00008041,204,TRANSFER,76.31,C1000048,229960.12,229883.81,M3135943,0,0,0,2026-01-08T12:36:45.558445,
TXN-00008042,204,PAYMENT,2963.14,C1000043,43561.65,40598.51,M5778445,0,0,0,2026-01-08T12:36:45.558498,
TXN-00008043,204,PAYMENT,7681.49,C1000054,0.0,0.0,M2338553,0,0,0,2026-01-08T12:36:45.558552,
TXN-00008044,204,PAYMENT,4034.72,C1000091,0.0,0.0,M8084319,0,0,0,2026-01-08T12:36:45.558603,
TXN-00008045,204,TRANSFER,7918.32,C1000011,0.0,0.0,M9016330,0,0,0,2026-01-08T12:36:45.558655,
TXN-00008046,204,TRANSFER,20817.63,C1000024,0.0,0.0,M6905176,0,0,0,2026-01-08T12:36:45.558706,
TXN-00008047,204,CASH_IN,10.0,C1000082,98370.51,98380.51,M6116211,0,0,0,2026-01-08T12:36:45.558756,
TXN-00008048,204,PAYMENT,12389.15,C1000015,0.0,0.0,M9735529,0,0,0,2026-01-08T12:36:45.558809,
TXN-00008049,18,CASH_OUT,49161.89,C1000086,170695.51,121533.62,M3267881,0,0,1,2026-01-08T12:36:45.558836,rapid_succession
TXN-00008050,204,CASH_OUT,10.0,C1000018,171607.5,171597.5,M7033330,0,0,0,2026-01-08T12:36:45.558895,
TXN-00008051,14,CASH_OUT,96952.69,C1000096,278420.03,181467.35,M9430399,0,0,1,2026-01-08T12:36:45.558943,rapid_succession
TXN-00008052,18,CASH_OUT,109294.87,C1000003,0.0,0.0,M1553223,0,0,1,2026-01-08T12:36:45.562970,rapid_succession
TXN-00008053,204,TRANSFER,3914.96,C1000006,231500.0,227585.04,M7942015,0,0,0,2026-01-08T12:36:45.563158,
TXN-00008054,204,TRANSFER,1730.67,C1000043,40598.51,38867.84,M2584595,0,0,0,2026-01-08T12:36:45.563248,
TXN-00008055,14,CASH_OUT,122554.32,C1000051,281783.2,159228.88,M2017755,0,0,1,2026-01-08T12:36:45.563286,rapid_succession
TXN-00008056,204,PAYMENT,10.0,C1000082,98380.51,98370.51,M9929185,0,0,0,2026-01-08T12:36:45.563358,
TXN-00008057,204,PAYMENT,10.0,C1000033,50656.06,50646.06,M7375716,0,0,0,2026-01-08T12:36:45.563484,
TXN-00008058,14,CASH_OUT,54852.5,C1000058,0.0,0.0,M8011621,0,0,1,2026-01-08T12:36:45.563616,rapid_succession
TXN-00008059,204,DEBIT,3616.7,C1000028,0.0,0.0,M5509115,0,0,0,2026-01-08T12:36:45.563992,
TXN-00008060,204,PAYMENT,3214.38,C1000026,211884.93,208670.56,M2881383,0,0,0,2026-01-08T12:36:45.564335,
TXN-00008061,17,CASH_OUT,79290.85,C1000078,0.0,0.0,M3531210,0,0,1,2026-01-08T12:36:45.564395,rapid_succession
TXN-00008062,204,PAYMENT,1410.11,C1000090,270073.75,268663.64,M4858465,0,0,0,2026-01-08T12:36:45.564498,
TXN-00008063,204,PAYMENT,22451.58,C1000067,0.0,0.0,M5978109,0,0,0,2026-01-08T12:36:45.564712,
TXN-00008064,204,PAYMENT,4910.42,C1000098,254935.78,250025.36,M9511851,0,0,0,2026-01-08T12:36:45.565078,
TXN-00008065,204,PAYMENT,1965.44,C1000085,0.0,0.0,M6539554,0,0,0,2026-01-08T12:36:45.565366,
TXN-00008066,19,CASH_OUT,20029.21,C1000058,0.0,0.0,M4670000,0,0,1,2026-01-08T12:36:45.565499,rapid_succession
TXN-00008067,204,CASH_OUT,4554.22,C1000027,0.0,0.0,M6462610,0,0,0,2026-01-08T12:36:45.565574,
TXN-00008068,16,TRANSFER,93042.56,C1000036,0.0,0.0,M8114735,0,0,1,2026-01-08T12:36:45.565605,rapid_succession
TXN-00008069,204,TRANSFER,1508.08,C1000083,216959.43,215451.35,M9500385,0,0,0,2026-01-08T12:36:45.565668,
TXN-00008070,13,TRANSFER,110041.91,C1000082,98370.51,-14052.6,M1786387,0,0,1,2026-01-08T12:36:45.565700,rapid_succession
TXN-00008071,204,PAYMENT,5114.56,C1000003,0.0,0.0,M1358896,0,0,0,2026-01-08T12:36:45.565768,
TXN-00008072,20,CASH_OUT,74753.66,C1000083,215451.35,140697.7,M2085208,0,0,1,2026-01-08T12:36:45.565797,rapid_succession
TXN-00008073,204,CASH_OUT,9139.07,C1000031,0.0,0.0,M5776799,0,0,0,2026-01-08T12:36:45.565878,
TXN-00008074,17,CASH_OUT,192787.22,C1000018,171597.5,0.0,M2348583,0,0,1,2026-01-08T12:36:45.565910,rapid_succession
TXN-00008075,204,CASH_OUT,8767.82,C1000013,0.0,0.0,M9655313,0,0,0,2026-01-08T12:36:45.565978,
TXN-00008076,16,TRANSFER,94028.88,C1000093,0.0,0.0,M5833915,0,0,1,2026-01-08T12:36:45.566010,rapid_succession
TXN-00008077,204,TRANSFER,6275.52,C1000010,961.61,0.0,M1013873,0,0,0,2026-01-08T12:36:45.566074,
TXN-00008078,204,TRANSFER,6347.0,C1000088,0.0,0.0,M5164364,0,0,0,2026-01-08T12:36:45.566137,
TXN-00008079,204,PAYMENT,13501.36,C1000063,0.0,0.0,M5730335,0,0,0,2026-01-08T12:36:45.566198,
TXN-00008080,11,CASH_OUT,185654.37,C1000039,8731.05,0.0,M5364192,0,0,1,2026-01-08T12:36:45.566229,rapid_succession
TXN-00008081,204,PAYMENT,2234.85,C1000069,96058.4,93823.55,M6029170,0,0,0,2026-01-08T12:36:45.566292,
TXN-00008082,204,TRANSFER,1213.0,C1000077,102329.8,101116.8,M1034687,0,0,0,2026-01-08T12:36:45.566354,
TXN-00008083,204,DEBIT,4615.5,C1000065,0.0,0.0,M2420812,0,0,0,2026-01-08T12:36:45.566416,
TXN-00008084,204,PAYMENT,5766.65,C1000058,0.0,0.0,M4895505,0,0,0,2026-01-08T12:36:45.566479,
TXN-00008085,204,PAYMENT,4011.42,C1000062,0.0,0.0,M2366158,0,0,0,2026-01-08T12:36:45.566541,
TXN-00008086,20,TRANSFER,25081.19,C1000018,171597.5,146516.31,M7471346,0,0,1,2026-01-08T12:36:45.566573,rapid_succession
TXN-00008087,204,PAYMENT,653.85,C1000094,204909.29,204255.44,M9221546,0,0,0,2026-01-08T12:36:45.566635,
TXN-00008088,17,CASH_OUT,101696.06,C1000063,0.0,0.0,M6217005,0,0,1,2026-01-08T12:36:45.566668,rapid_succession
TXN-00008089,15,CASH_OUT,42652.15,C1000065,0.0,0.0,M1390329,0,0,1,2026-01-08T12:36:45.566696,rapid_succession
TXN-00008090,204,TRANSFER,10.0,C1000061,248974.51,248964.51,M6424204,0,0,0,2026-01-08T12:36:45.566755,
TXN-00008091,204,CASH_IN,14.91,C1000009,134761.36,134776.26,M2231971,0,0,0,2026-01-08T12:36:45.566823,
TXN-00008092,204,CASH_OUT,1908.26,C1000090,268663.64,266755.38,M9772136,0,0,0,2026-01-08T12:36:45.566888,
TXN-00008093,204,TRANSFER,2945.29,C1000072,0.0,0.0,M3672206,0,0,0,2026-01-08T12:36:45.566969,
TXN-00008094,204,PAYMENT,12831.94,C1000074,0.0,0.0,M3890801,0,0,0,2026-01-08T12:36:45.567035,
TXN-00008095,204,TRANSFER,1911.31,C1000026,208670.56,206759.24,M2011210,0,0,0,2026-01-08T12:36:45.567102,
TXN-00008096,204,CASH_OUT,570.89,C1000089,180495.3,179924.41,M4069149,0,0,0,2026-01-08T12:36:45.567167,
TXN-00008097,204,PAYMENT,4191.11,C1000058,0.0,0.0,M5465355,0,0,0,2026-01-08T12:36:45.567228,
TXN-00008098,204,PAYMENT,25487.17,C1000095,0.0,0.0,M7223271,0,0,0,2026-01-08T12:36:45.567287,
TXN-00008099,204,DEBIT,10.0,C1000097,41589.95,41579.95,M9287940,0,0,0,2026-01-08T12:36:45.567348,
TXN-00008100,204,PAYMENT,1925.91,C1000090,266755.38,264829.47,M2385555,0,0,0,2026-01-08T12:36:45.567410,
TXN-00008101,204,TRANSFER,3922.26,C1000096,278420.03,274497.77,M8038196,0,0,0,2026-01-08T12:36:45.567474,
TXN-00008102,204,CASH_OUT,116.13,C1000021,0.0,0.0,M4495045,0,0,0,2026-01-08T12:36:45.567538,
TXN-00008103,13,CASH_OUT,42474.31,C1000026,206759.24,164284.94,M4167992,0,0,1,2026-01-08T12:36:45.567573,rapid_succession
TXN-00008104,204,PAYMENT,1172.81,C1000041,256497.47,255324.66,M1969419,0,0,0,2026-01-08T12:36:45.567640,
TXN-00008105,204,DEBIT,10.0,C1000098,250025.36,250015.36,M7772967,0,0,0,2026-01-08T12:36:45.567706,
TXN-00008106,11,TRANSFER,34678.57,C1000022,31625.13,0.0,M8154161,0,0,1,2026-01-08T12:36:45.567740,rapid_succession
TXN-00008107,15,CASH_OUT,76163.24,C1000079,0.0,0.0,M6594072,0,0,1,2026-01-08T12:36:45.567770,rapid_succession
TXN-00008108,204,CASH_OUT,1540.6,C1000016,187738.31,186197.7,M7439075,0,0,0,2026-01-08T12:36:45.567829,
TXN-00008109,204,PAYMENT,10.0,C1000042,0.0,0.0,M2264644,0,0,0,2026-01-08T12:36:45.567888,
TXN-00008110,204,PAYMENT,2026.55,C1000017,93000.27,90973.72,M8043983,0,0,0,2026-01-08T12:36:45.567943,
TXN-00008111,204,CASH_OUT,1730.93,C1000030,17063.4,15332.47,M7500084,0,0,0,2026-01-08T12:36:45.568014,
TXN-00008112,204,TRANSFER,24164.51,C1000067,0.0,0.0,M2198182,0,0,0,2026-01-08T12:36:45.568076,
TXN-00008113,204,CASH_OUT,836.09,C1000004,226326.4,225490.31,M9106183,0,0,0,2026-01-08T12:36:45.568137,
TXN-00008114,204,TRANSFER,292.78,C1000055,197083.96,196791.18,M1469331,0,0,0,2026-01-08T12:36:45.568200,
TXN-00008115,10,CASH_OUT,26105.17,C1000005,0.0,0.0,M8913441,0,0,1,2026-01-08T12:36:45.568236,rapid_succession
TXN-00008116,204,DEBIT,2112.96,C1000016,186197.7,184084.74,M2192104,0,0,0,2026-01-08T12:36:45.568297,
TXN-00008117,204,CASH_OUT,3786.3,C1000043,38867.84,35081.54,M1825458,0,0,0,2026-01-08T12:36:45.568360,
TXN-00008118,204,CASH_OUT,19867.96,C1000035,0.0,0.0,M2744648,0,0,0,2026-01-08T12:36:45.568423,
TXN-00008119,204,CASH_OUT,3658.29,C1000020,339362.54,335704.24,M9016402,0,0,0,2026-01-08T12:36:45.568485,
TXN-00008120,16,CASH_OUT,133756.75,C1000083,215451.35,81694.61,M4993115,0,0,1,2026-01-08T12:36:45.568518,rapid_succession
TXN-00008121,204,CASH_OUT,16380.51,C1000005,0.0,0.0,M7003887,0,0,0,2026-01-08T12:36:45.568583,
TXN-00008122,204,DEBIT,7635.13,C1000099,0.0,0.0,M9198099,0,0,0,2026-01-08T12:36:45.568645,
TXN-00008123,11,CASH_OUT,17261.06,C1000077,101116.8,83855.75,M3414569,0,0,1,2026-01-08T12:36:45.568678,rapid_succession
TXN-00008124,204,PAYMENT,18696.71,C1000019,0.0,0.0,M2071045,0,0,0,2026-01-08T12:36:45.568742,
TXN-00008125,204,DEBIT,371.49,C1000060,58703.04,58331.55,M4612242,0,0,0,2026-01-08T12:36:45.568806,
TXN-00008126,204,PAYMENT,400.98,C1000085,0.0,0.0,M5795182,0,0,0,2026-01-08T12:36:45.568871,
TXN-00008127,204,PAYMENT,2137.73,C1000002,287838.0,285700.28,M9697151,0,0,0,2026-01-08T12:36:45.568935,
TXN-00008128,204,DEBIT,705.45,C1000026,206759.24,206053.8,M5751150,0,0,0,2026-01-08T12:36:45.569000,
TXN-00008129,204,CASH_OUT,173117.46,C1000050,0.0,0.0,M2875448,0,0,0,2026-01-08T12:36:45.569074,
TXN-00008130,12,CASH_OUT,38623.36,C1000040,6024.34,0.0,M4606300,0,0,1,2026-01-08T12:36:45.569111,rapid_succession
TXN-00008131,12,CASH_OUT,83780.2,C1000083,215451.35,131671.15,M7467892,0,0,1,2026-01-08T12:36:45.569143,rapid_succession
TXN-00008132,13,CASH_OUT,71047.59,C1000020,335704.24,264656.66,M3029835,0,0,1,2026-01-08T12:36:45.569174,rapid_succession
TXN-00008133,204,CASH_OUT,6430.55,C1000046,0.0,0.0,M1789675,0,0,0,2026-01-08T12:36:45.569242,
TXN-00008134,204,DEBIT,1325.1,C1000094,204255.44,202930.34,M4564185,0,0,0,2026-01-08T12:36:45.569310,
TXN-00008135,204,PAYMENT,1054.91,C1000001,94599.33,93544.42,M4657107,0,0,0,2026-01-08T12:36:45.569377,
TXN-00008136,204,PAYMENT,10.0,C1000064,0.0,0.0,M3731334,0,0,0,2026-01-08T12:36:45.569443,
TXN-00008137,204,PAYMENT,1727.31,C1000089,179924.41,178197.11,M6488658,0,0,0,2026-01-08T12:36:45.569505,
TXN-00008138,204,PAYMENT,10.0,C1000014,260384.54,260374.54,M7052161,0,0,0,2026-01-08T12:36:45.569570,
TXN-00008139,204,CASH_OUT,5805.0,C1000023,43041.74,37236.75,M4784929,0,0,0,2026-01-08T12:36:45.569633,
TXN-00008140,204,CASH_OUT,3332.45,C1000006,227585.04,224252.59,M8138221,0,0,0,2026-01-08T12:36:45.569698,
TXN-00008141,20,CASH_OUT,36729.36,C1000070,0.0,0.0,M5961566,0,0,1,2026-01-08T12:36:45.569732,rapid_succession
TXN-00008142,204,PAYMENT,2858.75,C1000021,0.0,0.0,M5313033,0,0,0,2026-01-08T12:36:45.569795,
TXN-00008143,204,CASH_IN,3234.65,C1000096,274497.77,277732.42,M7433629,0,0,0,2026-01-08T12:36:45.569860,
TXN-00008144,204,PAYMENT,13028.37,C1000005,0.0,0.0,M2627992,0,0,0,2026-01-08T12:36:45.569926,
TXN-00008145,204,TRANSFER,34252.44,C1000073,0.0,0.0,M2103091,0,0,0,2026-01-08T12:36:45.569990,
TXN-00008146,204,PAYMENT,6782.64,C1000003,0.0,0.0,M3566567,0,0,0,2026-01-08T12:36:45.570054,
TXN-00008147,204,TRANSFER,4515.49,C1000080,10399.11,5883.63,M7307550,0,0,0,2026-01-08T12:36:45.570116,
TXN-00008148,204,PAYMENT,986.49,C1000066,0.0,0.0,M5797724,0,0,0,2026-01-08T12:36:45.570187,
TXN-00008149,204,PAYMENT,11324.57,C1000080,5883.63,0.0,M1813497,0,0,0,2026-01-08T12:36:45.570253,
TXN-00008150,204,PAYMENT,5953.44,C1000051,281783.2,275829.75,M2732958,0,0,0,2026-01-08T12:36:45.570316,
TXN-00008151,204,PAYMENT,388.37,C1000034,83031.77,82643.4,M1871591,0,0,0,2026-01-08T12:36:45.570381,
TXN-00008152,19,CASH_OUT,102818.11,C1000088,0.0,0.0,M9747495,0,0,1,2026-01-08T12:36:45.570416,rapid_succession
TXN-00008153,204,PAYMENT,695.31,C1000055,196791.18,196095.87,M1909676,0,0,0,2026-01-08T12:36:45.570481,
TXN-00008154,204,CASH_OUT,4764.5,C1000029,0.0,0.0,M2247088,0,0,0,2026-01-08T12:36:45.570546,
TXN-00008155,204,TRANSFER,4839.95,C1000058,0.0,0.0,M8674969,0,0,0,2026-01-08T12:36:45.570607,
TXN-00008156,204,TRANSFER,2802.14,C1000091,0.0,0.0,M5545181,0,0,0,2026-01-08T12:36:45.570668,
TXN-00008157,204,PAYMENT,10.0,C1000055,196095.87,196085.87,M5702453,0,0,0,2026-01-08T12:36:45.570728,
TXN-00008158,204,DEBIT,10.0,C1000055,196085.87,196075.87,M9901225,0,0,0,2026-01-08T12:36:45.570790,
TXN-00008159,16,CASH_OUT,42417.1,C1000091,0.0,0.0,M6609176,0,0,1,2026-01-08T12:36:45.570824,rapid_succession
TXN-00008160,204,CASH_OUT,1022.32,C1000026,206053.8,205031.47,M2411200,0,0,0,2026-01-08T12:36:45.570889,
TXN-00008161,204,PAYMENT,2360.29,C1000086,170695.51,168335.22,M6495125,0,0,0,2026-01-08T12:36:45.570957,
TXN-00008162,204,DEBIT,2512.46,C1000096,277732.42,275219.96,M3185373,0,0,0,2026-01-08T12:36:45.571024,
TXN-00008163,204,TRANSFER,4105.23,C1000027,0.0,0.0,M1078232,0,0,0,2026-01-08T12:36:45.571083,
TXN-00008164,204,CASH_OUT,1252.39,C1000007,64723.09,63470.7,M3496767,0,0,0,2026-01-08T12:36:45.571144,
TXN-00008165,204,CASH_OUT,4148.73,C1000027,0.0,0.0,M7956242,0,0,0,2026-01-08T12:36:45.571212,
TXN-00008166,204,TRANSFER,3806.61,C1000097,41579.95,37773.34,M2034472,0,0,0,2026-01-08T12:36:45.571287,
TXN-00008167,204,PAYMENT,1985.49,C1000017,90973.72,88988.23,M6392323,0,0,0,2026-01-08T12:36:45.571351,
TXN-00008168,204,CASH_IN,880.04,C1000071,195265.24,196145.28,M5772467,0,0,0,2026-01-08T12:36:45.571416,
TXN-00008169,204,TRANSFER,6380.52,C1000088,0.0,0.0,M1889628,0,0,0,2026-01-08T12:36:45.571479,
TXN-00008170,14,TRANSFER,75749.92,C1000049,0.0,-73559.36,M5303641,0,0,1,2026-01-08T12:36:45.571652,rapid_succession
TXN-00008171,204,TRANSFER,1086.83,C1000008,232360.93,231274.1,M3904715,0,0,0,2026-01-08T12:36:45.571792,
TXN-00008172,204,PAYMENT,97.85,C1000075,449225.46,449127.6,M3815799,0,0,0,2026-01-08T12:36:45.571905,
TXN-00008173,204,CASH_OUT,10.0,C1000018,171597.5,171587.5,M2170982,0,0,0,2026-01-08T12:36:45.572137,
TXN-00008174,204,PAYMENT,10.0,C1000009,134776.26,134766.26,M3669346,0,0,0,2026-01-08T12:36:45.572347,
TXN-00008175,204,TRANSFER,934.7,C1000077,101116.8,100182.1,M3359925,0,0,0,2026-01-08T12:36:45.572450,
TXN-00008176,204,DEBIT,10.0,C1000075,449127.6,449117.6,M9403650,0,0,0,2026-01-08T12:36:45.572583,
TXN-00008177,204,DEBIT,6320.91,C1000003,0.0,0.0,M5439749,0,0,0,2026-01-08T12:36:45.572662,
TXN-00008178,204,PAYMENT,2765.81,C1000089,178197.11,175431.3,M2358270,0,0,0,2026-01-08T12:36:45.572735,
TXN-00008179,204,TRANSFER,13789.55,C1000051,275829.75,262040.21,M1931065,0,0,0,2026-01-08T12:36:45.572804,
TXN-00008180,204,TRANSFER,1653.68,C1000026,205031.47,203377.79,M5550901,0,0,0,2026-01-08T12:36:45.572884,
TXN-00008181,20,CASH_OUT,198185.12,C1000049,0.0,0.0,M5395631,0,0,1,2026-01-08T12:36:45.572925,rapid_succession
TXN-00008182,204,CASH_OUT,2081.85,C1000044,22627.57,20545.71,M6166714,0,0,0,2026-01-08T12:36:45.573012,
TXN-00008183,204,TRANSFER,2387.45,C1000038,0.0,0.0,M9123630,0,0,0,2026-01-08T12:36:45.573105,
TXN-00008184,204,CASH_OUT,126.12,C1000081,100664.57,100538.45,M6727047,0,0,0,2026-01-08T12:36:45.573182,
TXN-00008185,204,CASH_OUT,1471.74,C1000096,275219.96,273748.22,M9358524,0,0,0,2026-01-08T12:36:45.573251,
TXN-00008186,204,CASH_OUT,9970.9,C1000015,0.0,0.0,M3786093,0,0,0,2026-01-08T12:36:45.573324,
TXN-00008187,204,TRANSFER,24180.9,C1000037,0.0,0.0,M7367963,0,0,0,2026-01-08T12:36:45.573619,
TXN-00008188,204,TRANSFER,18086.8,C1000079,0.0,0.0,M8338940,0,0,0,2026-01-08T12:36:45.573716,
TXN-00008189,204,PAYMENT,18385.3,C1000074,0.0,0.0,M5669340,0,0,0,2026-01-08T12:36:45.573792,
TXN-00008190,204,PAYMENT,2386.03,C1000069,93823.55,91437.52,M3952025,0,0,0,2026-01-08T12:36:45.573854,
TXN-00008191,204,TRANSFER,2034.19,C1000091,0.0,0.0,M4569775,0,0,0,2026-01-08T12:36:45.573914,
TXN-00008192,204,TRANSFER,19256.6,C1000019,0.0,0.0,M8127765,0,0,0,2026-01-08T12:36:45.573974,
TXN-00008193,11,CASH_OUT,61372.4,C1000072,0.0,0.0,M4962141,0,0,1,2026-01-08T12:36:45.574009,rapid_succession
TXN-00008194,204,PAYMENT,2133.13,C1000030,15332.47,13199.34,M7514153,0,0,0,2026-01-08T12:36:45.574067,
TXN-00008195,204,CASH_OUT,26827.75,C1000056,0.0,0.0,M2655075,0,0,0,2026-01-08T12:36:45.574160,
TXN-00008196,13,TRANSFER,120123.03,C1000072,0.0,-122842.05,M6914358,0,0,1,2026-01-08T12:36:45.574202,rapid_succession
TXN-00008197,204,PAYMENT,1931.66,C1000017,88988.23,87056.56,M9794451,0,0,0,2026-01-08T12:36:45.574286,
TXN-00008198,204,PAYMENT,7432.42,C1000099,0.0,0.0,M3894455,0,0,0,2026-01-08T12:36:45.574378,
TXN-00008199,18,CASH_OUT,79710.73,C1000098,250015.36,170304.63,M5893493,0,0,1,2026-01-08T12:36:45.574428,rapid_succession
TXN-00008200,204,PAYMENT,10616.82,C1000031,0.0,0.0,M1909176,0,0,0,2026-01-08T12:36:45.574517,
TXN-00008201,204,PAYMENT,4641.07,C1000049,0.0,0.0,M5747796,0,0,0,2026-01-08T12:36:45.574580,
TXN-00008202,14,TRANSFER,36525.91,C1000054,0.0,-39102.4,M8683434,0,0,1,2026-01-08T12:36:45.574609,rapid_succession
TXN-00008203,204,CASH_IN,34416.02,C1000073,0.0,34416.02,M2120673,0,0,0,2026-01-08T12:36:45.574673,
TXN-00008204,204,TRANSFER,3827.65,C1000072,0.0,0.0,M2035235,0,0,0,2026-01-08T12:36:45.574731,
TXN-00008205,18,CASH_OUT,11609.21,C1000079,0.0,0.0,M5902908,0,0,1,2026-01-08T12:36:45.574761,rapid_succession
TXN-00008206,16,CASH_OUT,34754.47,C1000054,0.0,0.0,M3067077,0,0,1,2026-01-08T12:36:45.574787,rapid_succession
TXN-00008207,204,PAYMENT,5263.1,C1000054,0.0,0.0,M5378668,0,0,0,2026-01-08T12:36:45.574843,
TXN-00008208,204,PAYMENT,2127.2,C1000017,87056.56,84929.36,M5808583,0,0,0,2026-01-08T12:36:45.574901,
TXN-00008209,204,TRANSFER,1382.63,C1000054,0.0,0.0,M5823020,0,0,0,2026-01-08T12:36:45.574958,
TXN-00008210,204,PAYMENT,523.07,C1000043,35081.54,34558.47,M5699395,0,0,0,2026-01-08T12:36:45.575014,
TXN-00008211,204,CASH_OUT,5069.87,C1000080,0.0,0.0,M8720181,0,0,0,2026-01-08T12:36:45.575069,
TXN-00008212,10,CASH_OUT,59080.25,C1000011,0.0,0.0,M7254464,0,0,1,2026-01-08T12:36:45.575098,rapid_succession
TXN-00008213,204,CASH_OUT,6423.29,C1000088,0.0,0.0,M3156606,0,0,0,2026-01-08T12:36:45.575153,
TXN-00008214,204,PAYMENT,10.0,C1000075,449117.6,449107.6,M4168553,0,0,0,2026-01-08T12:36:45.575206,
TXN-00008215,12,CASH_OUT,40000.77,C1000013,0.0,0.0,M3782580,0,0,1,2026-01-08T12:36:45.575233,rapid_succession
TXN-00008216,14,TRANSFER,51943.38,C1000038,0.0,0.0,M1008756,0,0,1,2026-01-08T12:36:45.575259,rapid_succession
TXN-00008217,204,PAYMENT,10.0,C1000047,0.0,0.0,M2129445,0,0,0,2026-01-08T12:36:45.575311,
TXN-00008218,14,CASH_OUT,36688.35,C1000086,168335.22,131646.87,M9977248,0,0,1,2026-01-08T12:36:45.575336,rapid_succession
TXN-00008219,204,TRANSFER,3441.66,C1000021,0.0,0.0,M2816001,0,0,0,2026-01-08T12:36:45.575391,
TXN-00008220,13,TRANSFER,42775.15,C1000069,91437.52,48662.38,M1265330,0,0,1,2026-01-08T12:36:45.575419,rapid_succession
TXN-00008221,204,PAYMENT,4658.45,C1000027,0.0,0.0,M5803140,0,0,0,2026-01-08T12:36:45.575474,
TXN-00008222,204,PAYMENT,634.17,C1000048,229883.81,229249.63,M7235432,0,0,0,2026-01-08T12:36:45.575528,
TXN-00008223,11,CASH_OUT,118766.53,C1000030,13199.34,0.0,M6595541,0,0,1,2026-01-08T12:36:45.575558,rapid_succession
TXN-00008224,204,CASH_OUT,2842.9,C1000084,153092.49,150249.59,M7034103,0,0,0,2026-01-08T12:36:45.575642,
TXN-00008225,204,PAYMENT,26099.83,C1000056,0.0,0.0,M1393763,0,0,0,2026-01-08T12:36:45.576794,
TXN-00008226,204,PAYMENT,1280.1,C1000077,100182.1,98902.0,M5509195,0,0,0,2026-01-08T12:36:45.576919,
TXN-00008227,204,CASH_OUT,10.0,C1000075,449107.6,449097.6,M1027566,0,0,0,2026-01-08T12:36:45.576997,
TXN-00008228,204,TRANSFER,4394.12,C1000065,0.0,0.0,M5243732,0,0,0,2026-01-08T12:36:45.577076,
TXN-00008229,204,PAYMENT,3266.61,C1000084,150249.59,146982.98,M3663614,0,0,0,2026-01-08T12:36:45.577170,
TXN-00008230,204,CASH_OUT,3153.21,C1000084,146982.98,143829.77,M8990809,0,0,0,2026-01-08T12:36:45.577243,
TXN-00008231,204,PAYMENT,22016.24,C1000019,0.0,0.0,M6783606,0,0,0,2026-01-08T12:36:45.577320,
TXN-00008232,204,TRANSFER,579.98,C1000009,134766.26,134186.28,M2270131,0,0,0,2026-01-08T12:36:45.577395,
TXN-00008233,12,CASH_OUT,57721.99,C1000085,0.0,0.0,M9950355,0,0,1,2026-01-08T12:36:45.577487,rapid_succession
TXN-00008234,204,CASH_OUT,410.29,C1000075,449097.6,448687.31,M5386677,0,0,0,2026-01-08T12:36:45.577586,
TXN-00008235,204,PAYMENT,3973.46,C1000021,0.0,0.0,M4434594,0,0,0,2026-01-08T12:36:45.577662,
TXN-00008236,204,DEBIT,21030.08,C1000035,0.0,0.0,M3488201,0,0,0,2026-01-08T12:36:45.577740,
TXN-00008237,204,CASH_OUT,34044.24,C1000073,34416.02,371.78,M4159675,0,0,0,2026-01-08T12:36:45.577839,
TXN-00008238,204,DEBIT,6673.84,C1000003,0.0,0.0,M2985970,0,0,0,2026-01-08T12:36:45.578086,
TXN-00008239,204,CASH_OUT,3788.61,C1000087,224129.41,220340.8,M2899597,0,0,0,2026-01-08T12:36:45.578339,
TXN-00008240,204,CASH_OUT,3170.91,C1000010,0.0,0.0,M9192772,0,0,0,2026-01-08T12:36:45.578532,
TXN-00008241,204,PAYMENT,6388.61,C1000088,0.0,0.0,M3321644,0,0,0,2026-01-08T12:36:45.578806,
TXN-00008242,204,PAYMENT,121.71,C1000034,82643.4,82521.68,M9173223,0,0,0,2026-01-08T12:36:45.578933,
TXN-00008243,13,TRANSFER,94508.02,C1000062,0.0,0.0,M3115888,0,0,1,2026-01-08T12:36:45.578985,rapid_succession
TXN-00008244,19,TRANSFER,43024.51,C1000015,0.0,0.0,M8056251,0,0,1,2026-01-08T12:36:45.579023,rapid_succession
TXN-00008245,11,CASH_OUT,45130.16,C1000055,196075.87,150945.7,M9807809,0,0,1,2026-01-08T12:36:45.579058,rapid_succession
TXN-00008246,204,DEBIT,18048.36,C1000024,0.0,0.0,M8879297,0,0,0,2026-01-08T12:36:45.579151,
TXN-00008247,204,CASH_OUT,10404.48,C1000074,0.0,0.0,M9231900,0,0,0,2026-01-08T12:36:45.579244,
TXN-00008248,17,TRANSFER,92503.87,C1000076,0.0,0.0,M6673820,0,0,1,2026-01-08T12:36:45.579305,rapid_succession
TXN-00008249,14,CASH_OUT,74764.03,C1000029,0.0,0.0,M2460159,0,0,1,2026-01-08T12:36:45.579340,rapid_succession
TXN-00008250,204,DEBIT,71.15,C1000014,260374.54,260303.38,M9786581,0,0,0,2026-01-08T12:36:45.579422,
TXN-00008251,204,CASH_OUT,53612.8,C1000000,0.0,0.0,M3685123,0,0,0,2026-01-08T12:36:45.579602,
TXN-00008252,204,PAYMENT,1694.96,C1000038,0.0,0.0,M5218023,0,0,0,2026-01-08T12:36:45.579691,
TXN-00008253,18,CASH_OUT,110036.06,C1000049,0.0,0.0,M7617947,0,0,1,2026-01-08T12:36:45.579725,rapid_succession
TXN-00008254,204,CASH_OUT,652.92,C1000089,175431.3,174778.38,M2384070,0,0,0,2026-01-08T12:36:45.579790,
TXN-00008255,204,PAYMENT,19447.85,C1000035,0.0,0.0,M2829196,0,0,0,2026-01-08T12:36:45.579859,
TXN-00008256,13,TRANSFER,32433.42,C1000093,0.0,0.0,M6316797,0,0,1,2026-01-08T12:36:45.579897,rapid_succession
TXN-00008257,204,DEBIT,2192.94,C1000069,91437.52,89244.59,M5509635,0,0,0,2026-01-08T12:36:45.579977,
TXN-00008258,204,TRANSFER,2601.31,C1000028,0.0,0.0,M1725611,0,0,0,2026-01-08T12:36:45.580059,
TXN-00008259,204,PAYMENT,4992.14,C1000052,0.0,0.0,M2002116,0,0,0,2026-01-08T12:36:45.580161,
TXN-00008260,204,PAYMENT,705.3,C1000026,203377.79,202672.49,M8175392,0,0,0,2026-01-08T12:36:45.580244,
TXN-00008261,204,CASH_OUT,2821.32,C1000023,37236.75,34415.42,M7321735,0,0,0,2026-01-08T12:36:45.580353,
TXN-00008262,204,PAYMENT,2702.54,C1000070,0.0,0.0,M5037621,0,0,0,2026-01-08T12:36:45.580447,
TXN-00008263,17,CASH_OUT,72362.99,C1000083,215451.35,143088.37,M5032318,0,0,1,2026-01-08T12:36:45.580491,rapid_succession
TXN-00008264,204,TRANSFER,6933.8,C1000033,50646.06,43712.26,M8458540,0,0,0,2026-01-08T12:36:45.580564,
TXN-00008265,204,PAYMENT,1950.59,C1000020,335704.24,333753.66,M3577466,0,0,0,2026-01-08T12:36:45.580628,
TXN-00008266,204,PAYMENT,2688.65,C1000047,0.0,0.0,M3457643,0,0,0,2026-01-08T12:36:45.580691,
TXN-00008267,204,PAYMENT,19155.37,C1000024,0.0,0.0,M8013855,0,0,0,2026-01-08T12:36:45.580751,
TXN-00008268,204,TRANSFER,173410.1,C1000050,0.0,0.0,M4613213,0,0,0,2026-01-08T12:36:45.580851,
TXN-00008269,204,PAYMENT,10.0,C1000023,34415.42,34405.42,M9698072,0,0,0,2026-01-08T12:36:45.581219,
TXN-00008270,204,PAYMENT,18450.38,C1000076,0.0,0.0,M6991894,0,0,0,2026-01-08T12:36:45.581799,
TXN-00008271,19,CASH_OUT,59734.47,C1000087,220340.8,160606.33,M8308503,0,0,1,2026-01-08T12:36:45.581884,rapid_succession
TXN-00008272,204,PAYMENT,4963.28,C1000032,0.0,0.0,M4814307,0,0,0,2026-01-08T12:36:45.582223,
TXN-00008273,204,PAYMENT,10.0,C1000002,285700.28,285690.28,M7408175,0,0,0,2026-01-08T12:36:45.582648,
TXN-00008274,204,TRANSFER,18.41,C1000009,134186.28,134167.87,M8905097,0,0,0,2026-01-08T12:36:45.582968,
TXN-00008275,204,TRANSFER,6124.39,C1000013,0.0,0.0,M4007229,0,0,0,2026-01-08T12:36:45.583079,
TXN-00008276,10,CASH_OUT,70563.74,C1000001,93544.42,22980.67,M1715540,0,0,1,2026-01-08T12:36:45.583113,rapid_succession
TXN-00008277,204,TRANSFER,1510.27,C1000038,0.0,0.0,M1620920,0,0,0,2026-01-08T12:36:45.583179,
TXN-00008278,204,DEBIT,207.82,C1000060,58331.55,58123.73,M7595337,0,0,0,2026-01-08T12:36:45.583241,
TXN-00008279,204,PAYMENT,21264.33,C1000035,0.0,0.0,M8588948,0,0,0,2026-01-08T12:36:45.583306,
TXN-00008280,204,TRANSFER,740.76,C1000075,448687.31,447946.55,M1615661,0,0,0,2026-01-08T12:36:45.583372,
TXN-00008281,16,CASH_OUT,182490.0,C1000020,333753.66,151263.66,M2383472,0,0,1,2026-01-08T12:36:45.583406,rapid_succession
TXN-00008282,204,PAYMENT,2846.27,C1000043,34558.47,31712.19,M2787453,0,0,0,2026-01-08T12:36:45.583467,
TXN-00008283,204,DEBIT,10.0,C1000047,0.0,0.0,M8316402,0,0,0,2026-01-08T12:36:45.583526,
TXN-00008284,204,PAYMENT,4332.67,C1000084,143829.77,139497.1,M8451333,0,0,0,2026-01-08T12:36:45.583604,
TXN-00008285,204,TRANSFER,4735.91,C1000065,0.0,0.0,M3490336,0,0,0,2026-01-08T12:36:45.583827,
TXN-00008286,204,DEBIT,36470.4,C1000067,0.0,0.0,M7304488,0,0,0,2026-01-08T12:36:45.583921,
TXN-00008287,10,TRANSFER,100232.97,C1000048,229249.63,125668.46,M4640478,0,0,1,2026-01-08T12:36:45.583957,rapid_succession
TXN-00008288,204,PAYMENT,10.0,C1000041,255324.66,255314.66,M7033910,0,0,0,2026-01-08T12:36:45.584026,
TXN-00008289,204,PAYMENT,18386.6,C1000076,0.0,0.0,M9165781,0,0,0,2026-01-08T12:36:45.584087,
TXN-00008290,204,CASH_OUT,5120.17,C1000003,0.0,0.0,M9205588,0,0,0,2026-01-08T12:36:45.584145,
TXN-00008291,19,TRANSFER,126618.91,C1000097,37773.34,-88321.35,M2910677,0,0,1,2026-01-08T12:36:45.584175,rapid_succession
TXN-00008292,204,TRANSFER,176.08,C1000009,134167.87,133991.79,M8962697,0,0,0,2026-01-08T12:36:45.584240,
TXN-00008293,204,PAYMENT,7529.84,C1000099,0.0,0.0,M2274451,0,0,0,2026-01-08T12:36:45.584298,
TXN-00008294,17,TRANSFER,22140.13,C1000087,220340.8,198200.67,M8865190,0,0,1,2026-01-08T12:36:45.584330,rapid_succession
TXN-00008295,18,CASH_OUT,94206.66,C1000007,63470.7,0.0,M7485523,0,0,1,2026-01-08T12:36:45.584359,rapid_succession
TXN-00008296,204,PAYMENT,26648.94,C1000056,0.0,0.0,M8411125,0,0,0,2026-01-08T12:36:45.584484,
TXN-00008297,204,PAYMENT,6530.97,C1000088,0.0,0.0,M6347192,0,0,0,2026-01-08T12:36:45.584599,
TXN-00008298,204,PAYMENT,10.0,C1000057,0.0,0.0,M7680653,0,0,0,2026-01-08T12:36:45.584712,
TXN-00008299,204,PAYMENT,25093.4,C1000037,0.0,0.0,M5942058,0,0,0,2026-01-08T12:36:45.584791,
TXN-00008300,20,CASH_OUT,65468.25,C1000099,0.0,0.0,M5823540,0,0,1,2026-01-08T12:36:45.584833,rapid_succession
TXN-00008301,204,TRANSFER,1962.2,C1000026,202672.49,200710.29,M5700421,0,0,0,2026-01-08T12:36:45.584913,
TXN-00008302,204,PAYMENT,3621.48,C1000098,250015.36,246393.88,M2309001,0,0,0,2026-01-08T12:36:45.584988,
TXN-00008303,10,TRANSFER,58628.97,C1000096,273748.22,218873.79,M5825345,0,0,1,2026-01-08T12:36:45.585025,rapid_succession
TXN-00008304,204,PAYMENT,20409.24,C1000079,0.0,0.0,M8592467,0,0,0,2026-01-08T12:36:45.585107,
TXN-00008305,204,PAYMENT,10.0,C1000042,0.0,0.0,M6109195,0,0,0,2026-01-08T12:36:45.585180,
TXN-00008306,204,CASH_OUT,32166.14,C1000073,371.78,0.0,M3853552,0,0,0,2026-01-08T12:36:45.585250,
TXN-00008307,204,CASH_OUT,2169.43,C1000068,114349.7,112180.26,M2276952,0,0,0,2026-01-08T12:36:45.585320,
TXN-00008308,204,PAYMENT,519.83,C1000001,93544.42,93024.59,M2157182,0,0,0,2026-01-08T12:36:45.585395,
TXN-00008309,204,PAYMENT,13534.1,C1000063,0.0,0.0,M4845217,0,0,0,2026-01-08T12:36:45.585475,
TXN-00008310,13,CASH_OUT,170659.66,C1000089,174778.38,4118.72,M8233371,0,0,1,2026-01-08T12:36:45.585511,rapid_succession
TXN-00008311,19,CASH_OUT,72237.52,C1000033,43712.26,0.0,M9514541,0,0,1,2026-01-08T12:36:45.585546,rapid_succession
TXN-00008312,204,CASH_OUT,4781.34,C1000032,0.0,0.0,M1614097,0,0,0,2026-01-08T12:36:45.585618,
TXN-00008313,13,CASH_OUT,129565.68,C1000031,0.0,0.0,M5085407,0,0,1,2026-01-08T12:36:45.585652,rapid_succession
TXN-00008314,204,PAYMENT,17203.05,C1000076,0.0,0.0,M1598910,0,0,0,2026-01-08T12:36:45.585730,
TXN-00008315,204,PAYMENT,1387.24,C1000049,0.0,0.0,M7269617,0,0,0,2026-01-08T12:36:45.585803,
TXN-00008316,11,TRANSFER,20459.0,C1000090,264829.47,244370.47,M7892487,0,0,1,2026-01-08T12:36:45.585837,rapid_succession
TXN-00008317,13,CASH_OUT,161074.27,C1000058,0.0,0.0,M9048671,0,0,1,2026-01-08T12:36:45.585871,rapid_succession
TXN-00008318,18,CASH_OUT,83756.97,C1000079,0.0,0.0,M3743188,0,0,1,2026-01-08T12:36:45.585902,rapid_succession
TXN-00008319,17,CASH_OUT,33012.33,C1000097,37773.34,4761.01,M4079279,0,0,1,2026-01-08T12:36:45.585934,rapid_succession
TXN-00008320,204,TRANSFER,1492.93,C1000083,215451.35,213958.42,M8163920,0,0,0,2026-01-08T12:36:45.586011,
TXN-00008321,17,CASH_OUT,168433.15,C1000020,333753.66,165320.5,M1424347,0,0,1,2026-01-08T12:36:45.586047,rapid_succession
TXN-00008322,204,CASH_IN,10.0,C1000042,0.0,10.0,M1277545,0,0,0,2026-01-08T12:36:45.586121,
TXN-00008323,16,CASH_OUT,24322.86,C1000001,93024.59,68701.73,M2369843,0,0,1,2026-01-08T12:36:45.586155,rapid_succession
TXN-00008324,204,PAYMENT,13237.38,C1000074,0.0,0.0,M6957894,0,0,0,2026-01-08T12:36:45.586227,
TXN-00008325,204,PAYMENT,173156.68,C1000050,0.0,0.0,M3285109,0,0,0,2026-01-08T12:36:45.586300,
TXN-00008326,13,CASH_OUT,26184.56,C1000019,0.0,0.0,M7026358,0,0,1,2026-01-08T12:36:45.586336,rapid_succession
TXN-00008327,10,TRANSFER,99290.93,C1000065,0.0,0.0,M2478185,0,0,1,2026-01-08T12:36:45.586369,rapid_succession
TXN-00008328,204,TRANSFER,1217.9,C1000007,63470.7,62252.8,M4253102,0,0,0,2026-01-08T12:36:45.586440,
TXN-00008329,204,CASH_OUT,7751.8,C1000011,0.0,0.0,M1857829,0,0,0,2026-01-08T12:36:45.586512,
TXN-00008330,19,TRANSFER,47708.76,C1000053,0.0,0.0,M7096825,0,0,1,2026-01-08T12:36:45.586551,rapid_succession
TXN-00008331,19,TRANSFER,104797.26,C1000032,0.0,-107920.96,M8847825,0,0,1,2026-01-08T12:36:45.586585,rapid_succession
TXN-00008332,15,CASH_OUT,36596.31,C1000009,133991.79,97395.48,M5859156,0,0,1,2026-01-08T12:36:45.586626,rapid_succession
TXN-00008333,204,TRANSFER,3207.13,C1000098,246393.88,243186.75,M4981719,0,0,0,2026-01-08T12:36:45.586704,
TXN-00008334,204,PAYMENT,10.0,C1000061,248964.51,248954.51,M5099620,0,0,0,2026-01-08T12:36:45.586781,
TXN-00008335,204,CASH_IN,547.46,C1000089,174778.38,175325.84,M7817939,0,0,0,2026-01-08T12:36:45.586864,
TXN-00008336,204,TRANSFER,2708.22,C1000028,0.0,0.0,M3278491,0,0,0,2026-01-08T12:36:45.586936,
TXN-00008337,204,TRANSFER,1049.63,C1000094,202930.34,201880.71,M2107670,0,0,0,2026-01-08T12:36:45.587006,
TXN-00008338,204,PAYMENT,156.1,C1000034,82521.68,82365.58,M5883428,0,0,0,2026-01-08T12:36:45.587074,
TXN-00008339,204,TRANSFER,26726.58,C1000056,0.0,0.0,M3889685,0,0,0,2026-01-08T12:36:45.587148,
TXN-00008340,204,PAYMENT,3851.96,C1000097,37773.34,33921.38,M2956275,0,0,0,2026-01-08T12:36:45.587218,
TXN-00008341,204,PAYMENT,3406.6,C1000010,0.0,0.0,M3673033,0,0,0,2026-01-08T12:36:45.587311,
TXN-00008342,204,PAYMENT,5520.63,C1000013,0.0,0.0,M5524079,0,0,0,2026-01-08T12:36:45.587395,
TXN-00008343,204,CASH_OUT,1841.89,C1000040,6024.34,4182.45,M1634253,0,0,0,2026-01-08T12:36:45.587468,
TXN-00008344,204,TRANSFER,12463.29,C1000015,0.0,0.0,M1203364,0,0,0,2026-01-08T12:36:45.587541,
TXN-00008345,204,PAYMENT,2306.69,C1000043,31712.19,29405.5,M8626222,0,0,0,2026-01-08T12:36:45.587610,
TXN-00008346,204,CASH_OUT,20721.37,C1000024,0.0,0.0,M1234028,0,0,0,2026-01-08T12:36:45.587680,
TXN-00008347,204,PAYMENT,55106.51,C1000000,0.0,0.0,M6632666,0,0,0,2026-01-08T12:36:45.587750,
TXN-00008348,204,DEBIT,2583.59,C1000020,333753.66,331170.06,M1434627,0,0,0,2026-01-08T12:36:45.587822,
TXN-00008349,204,PAYMENT,2553.65,C1000018,171587.5,169033.85,M1936581,0,0,0,2026-01-08T12:36:45.587916,
TXN-00008350,204,PAYMENT,25733.45,C1000095,0.0,0.0,M2353804,0,0,0,2026-01-08T12:36:45.587989,
TXN-00008351,19,TRANSFER,130035.36,C1000049,0.0,-126922.14,M4826696,0,0,1,2026-01-08T12:36:45.588028,rapid_succession
TXN-00008352,12,TRANSFER,100348.78,C1000062,0.0,-95859.23,M9145817,0,0,1,2026-01-08T12:36:45.588069,rapid_succession
TXN-00008353,204,CASH_IN,439.27,C1000060,58123.73,58563.0,M6831121,0,0,0,2026-01-08T12:36:45.588155,
TXN-00008354,204,PAYMENT,6479.08,C1000088,0.0,0.0,M9414021,0,0,0,2026-01-08T12:36:45.588233,
TXN-00008355,204,PAYMENT,10.0,C1000068,112180.26,112170.26,M6443740,0,0,0,2026-01-08T12:36:45.588303,
TXN-00008356,204,CASH_IN,33319.04,C1000073,0.0,33319.04,M5291678,0,0,0,2026-01-08T12:36:45.588375,
TXN-00008357,204,CASH_OUT,85.98,C1000009,133991.79,133905.81,M2278212,0,0,0,2026-01-08T12:36:45.588445,
TXN-00008358,204,TRANSFER,3952.29,C1000045,0.0,0.0,M2484493,0,0,0,2026-01-08T12:36:45.588516,
TXN-00008359,204,TRANSFER,1919.51,C1000086,168335.22,166415.71,M2062434,0,0,0,2026-01-08T12:36:45.588585,
TXN-00008360,204,PAYMENT,10.0,C1000064,0.0,0.0,M5544330,0,0,0,2026-01-08T12:36:45.588656,
TXN-00008361,204,DEBIT,5565.42,C1000062,0.0,0.0,M6180447,0,0,0,2026-01-08T12:36:45.588724,
TXN-00008362,204,CASH_OUT,864.86,C1000001,93024.59,92159.73,M9127352,0,0,0,2026-01-08T12:36:45.588793,
TXN-00008363,204,PAYMENT,1214.11,C1000049,0.0,0.0,M2634205,0,0,0,2026-01-08T12:36:45.588862,
TXN-00008364,204,TRANSFER,1821.3,C1000028,0.0,0.0,M6702995,0,0,0,2026-01-08T12:36:45.588929,
TXN-00008365,204,CASH_OUT,10.0,C1000068,112170.26,112160.26,M3422209,0,0,0,2026-01-08T12:36:45.588998,
TXN-00008366,204,CASH_OUT,4723.4,C1000032,0.0,0.0,M3213887,0,0,0,2026-01-08T12:36:45.589069,
TXN-00008367,204,PAYMENT,6864.13,C1000064,0.0,0.0,M4837791,0,0,0,2026-01-08T12:36:45.589134,
TXN-00008368,204,TRANSFER,10.0,C1000068,112160.26,112150.26,M2263258,0,0,0,2026-01-08T12:36:45.589209,
TXN-00008369,204,TRANSFER,10.0,C1000002,285690.28,285680.28,M5397363,0,0,0,2026-01-08T12:36:45.589282,
TXN-00008370,204,TRANSFER,6376.09,C1000052,0.0,0.0,M5347883,0,0,0,2026-01-08T12:36:45.589349,
TXN-00008371,204,DEBIT,10.0,C1000082,98370.51,98360.51,M6841559,0,0,0,2026-01-08T12:36:45.589414,
TXN-00008372,204,PAYMENT,33226.03,C1000073,33319.04,93.0,M3620589,0,0,0,2026-01-08T12:36:45.589485,
TXN-00008373,204,PAYMENT,2064.57,C1000017,84929.36,82864.8,M5166418,0,0,0,2026-01-08T12:36:45.589557,
TXN-00008374,204,TRANSFER,119.86,C1000071,196145.28,196025.42,M9607438,0,0,0,2026-01-08T12:36:45.589625,
TXN-00008375,204,CASH_IN,7772.51,C1000011,0.0,7772.51,M1738366,0,0,0,2026-01-08T12:36:45.602908,
TXN-00008376,204,PAYMENT,4639.62,C1000032,0.0,0.0,M6006421,0,0,0,2026-01-08T12:36:45.603107,
TXN-00008377,204,PAYMENT,25953.85,C1000056,0.0,0.0,M9209114,0,0,0,2026-01-08T12:36:45.603183,
TXN-00008378,204,PAYMENT,1124.77,C1000038,0.0,0.0,M3883695,0,0,0,2026-01-08T12:36:45.603243,
TXN-00008379,204,PAYMENT,631.6,C1000078,0.0,0.0,M6623436,0,0,0,2026-01-08T12:36:45.603300,
TXN-00008380,204,TRANSFER,10.0,C1000041,255314.66,255304.66,M5516747,0,0,0,2026-01-08T12:36:45.603357,
TXN-00008381,204,CASH_OUT,1594.96,C1000071,196025.42,194430.45,M5823549,0,0,0,2026-01-08T12:36:45.603417,
TXN-00008382,204,TRANSFER,10.0,C1000078,0.0,0.0,M2559309,0,0,0,2026-01-08T12:36:45.603477,
TXN-00008383,204,PAYMENT,3207.31,C1000007,62252.8,59045.49,M4811579,0,0,0,2026-01-08T12:36:45.603574,
TXN-00008384,204,DEBIT,2687.16,C1000080,0.0,0.0,M7095327,0,0,0,2026-01-08T12:36:45.603637,
TXN-00008385,204,PAYMENT,10.0,C1000002,285680.28,285670.28,M4778527,0,0,0,2026-01-08T12:36:45.603697,
TXN-00008386,204,DEBIT,37029.24,C1000012,0.0,0.0,M9304374,0,0,0,2026-01-08T12:36:45.603782,
TXN-00008387,204,DEBIT,3171.81,C1000045,0.0,0.0,M7915947,0,0,0,2026-01-08T12:36:45.603863,
TXN-00008388,204,TRANSFER,5199.51,C1000059,0.0,0.0,M9447866,0,0,0,2026-01-08T12:36:45.603931,
TXN-00008389,15,TRANSFER,138657.16,C1000047,0.0,-140101.89,M2639220,0,0,1,2026-01-08T12:36:45.603968,rapid_succession
TXN-00008390,17,CASH_OUT,70565.46,C1000081,100538.45,29972.99,M5336615,0,0,1,2026-01-08T12:36:45.604046,rapid_succession
TXN-00008391,204,DEBIT,3896.84,C1000085,0.0,0.0,M7885017,0,0,0,2026-01-08T12:36:45.604148,
TXN-00008392,204,PAYMENT,10.0,C1000081,100538.45,100528.45,M2308220,0,0,0,2026-01-08T12:36:45.604226,
TXN-00008393,204,TRANSFER,1053.96,C1000083,213958.42,212904.46,M7105241,0,0,0,2026-01-08T12:36:45.604298,
TXN-00008394,204,PAYMENT,3499.79,C1000087,220340.8,216841.01,M3980143,0,0,0,2026-01-08T12:36:45.604367,
TXN-00008395,13,CASH_OUT,81848.59,C1000044,20545.71,0.0,M6442725,0,0,1,2026-01-08T12:36:45.604405,rapid_succession
TXN-00008396,204,PAYMENT,10.0,C1000048,229249.63,229239.63,M5395335,0,0,0,2026-01-08T12:36:45.604483,
TXN-00008397,204,PAYMENT,10.0,C1000023,34405.42,34395.42,M8325940,0,0,0,2026-01-08T12:36:45.604552,
TXN-00008398,18,CASH_OUT,16676.47,C1000072,0.0,0.0,M5787356,0,0,1,2026-01-08T12:36:45.604604,rapid_succession
TXN-00008399,204,PAYMENT,38396.77,C1000012,0.0,0.0,M9591786,0,0,0,2026-01-08T12:36:45.604670,
TXN-00008400,204,TRANSFER,10.0,C1000064,0.0,0.0,M7319511,0,0,0,2026-01-08T12:36:45.604733,
TXN-00008401,204,PAYMENT,9332.05,C1000051,262040.21,252708.15,M7031364,0,0,0,2026-01-08T12:36:45.604800,
TXN-00008402,18,CASH_OUT,169790.82,C1000091,0.0,0.0,M7864916,0,0,1,2026-01-08T12:36:45.604833,rapid_succession
TXN-00008403,204,PAYMENT,1548.14,C1000044,20545.71,18997.58,M6126748,0,0,0,2026-01-08T12:36:45.604897,
TXN-00008404,204,TRANSFER,55622.65,C1000000,0.0,0.0,M1605129,0,0,0,2026-01-08T12:36:45.604963,
TXN-00008405,204,CASH_IN,13705.06,C1000063,0.0,13705.06,M6445090,0,0,0,2026-01-08T12:36:45.605027,
TXN-00008406,204,CASH_OUT,10.0,C1000023,34395.42,34385.42,M8990584,0,0,0,2026-01-08T12:36:45.605093,
TXN-00008407,18,TRANSFER,57569.83,C1000052,0.0,-54812.3,M6810313,0,0,1,2026-01-08T12:36:45.605127,rapid_succession
TXN-00008408,16,TRANSFER,112853.43,C1000077,98902.0,-17142.35,M5405169,0,0,1,2026-01-08T12:36:45.605164,rapid_succession
TXN-00008409,204,CASH_OUT,55162.57,C1000000,0.0,0.0,M9638053,0,0,0,2026-01-08T12:36:45.605235,
TXN-00008410,204,CASH_OUT,823.74,C1000018,169033.85,168210.11,M5032089,0,0,0,2026-01-08T12:36:45.605299,
TXN-00008411,204,PAYMENT,368.88,C1000047,0.0,0.0,M7357172,0,0,0,2026-01-08T12:36:45.605364,
TXN-00008412,10,TRANSFER,148111.84,C1000092,9902.58,-135950.68,M2748677,0,0,1,2026-01-08T12:36:45.605397,rapid_succession
TXN-00008413,204,PAYMENT,13511.33,C1000054,0.0,0.0,M1455435,0,0,0,2026-01-08T12:36:45.605468,
TXN-00008414,14,CASH_OUT,115607.86,C1000023,34385.42,0.0,M2813836,0,0,1,2026-01-08T12:36:45.605500,rapid_succession
TXN-00008415,204,CASH_OUT,610.92,C1000089,175325.84,174714.92,M6246129,0,0,0,2026-01-08T12:36:45.605565,
TXN-00008416,204,TRANSFER,225.04,C1000034,82365.58,82140.54,M5278406,0,0,0,2026-01-08T12:36:45.605631,
TXN-00008417,204,TRANSFER,20054.52,C1000024,0.0,0.0,M1939619,0,0,0,2026-01-08T12:36:45.605699,
TXN-00008418,204,PAYMENT,10.0,C1000064,0.0,0.0,M8963406,0,0,0,2026-01-08T12:36:45.605765,
TXN-00008419,204,CASH_OUT,948.16,C1000021,0.0,0.0,M1017073,0,0,0,2026-01-08T12:36:45.605826,
TXN-00008420,204,PAYMENT,1924.26,C1000098,243186.75,241262.49,M2371931,0,0,0,2026-01-08T12:36:45.605891,
TXN-00008421,204,CASH_OUT,5892.51,C1000046,0.0,0.0,M7756080,0,0,0,2026-01-08T12:36:45.605957,
TXN-00008422,204,CASH_OUT,5086.85,C1000003,0.0,0.0,M1258032,0,0,0,2026-01-08T12:36:45.606022,
TXN-00008423,204,DEBIT,12457.82,C1000074,0.0,0.0,M5067001,0,0,0,2026-01-08T12:36:45.606085,
TXN-00008424,10,CASH_OUT,36564.85,C1000021,0.0,0.0,M6240286,0,0,1,2026-01-08T12:36:45.606119,rapid_succession
TXN-00008425,204,CASH_OUT,5109.64,C1000003,0.0,0.0,M6174832,0,0,0,2026-01-08T12:36:45.606184,
TXN-00008426,204,TRANSFER,7081.42,C1000011,7772.51,691.09,M8031592,0,0,0,2026-01-08T12:36:45.606248,
TXN-00008427,204,PAYMENT,13840.95,C1000005,0.0,0.0,M4654212,0,0,0,2026-01-08T12:36:45.606313,
TXN-00008428,14,CASH_OUT,89179.69,C1000027,0.0,0.0,M6247885,0,0,1,2026-01-08T12:36:45.606345,rapid_succession
TXN-00008429,204,PAYMENT,5768.79,C1000006,224252.59,218483.8,M4376119,0,0,0,2026-01-08T12:36:45.606409,
TXN-00008430,204,TRANSFER,329.84,C1000060,58563.0,58233.16,M6740779,0,0,0,2026-01-08T12:36:45.606473,
TXN-00008431,204,PAYMENT,3438.79,C1000062,0.0,0.0,M7733042,0,0,0,2026-01-08T12:36:45.606539,
TXN-00008432,204,TRANSFER,24737.77,C1000037,0.0,0.0,M3039148,0,0,0,2026-01-08T12:36:45.606603,
TXN-00008433,204,PAYMENT,1990.18,C1000048,229239.63,227249.45,M8750848,0,0,0,2026-01-08T12:36:45.606663,
TXN-00008434,204,DEBIT,2031.61,C1000028,0.0,0.0,M8448690,0,0,0,2026-01-08T12:36:45.606732,
TXN-00008435,204,TRANSFER,26491.5,C1000056,0.0,0.0,M3293548,0,0,0,2026-01-08T12:36:45.606791,
TXN-00008436,204,PAYMENT,2567.04,C1000020,331170.06,328603.02,M6238699,0,0,0,2026-01-08T12:36:45.606853,
TXN-00008437,204,TRANSFER,462.54,C1000038,0.0,0.0,M2717992,0,0,0,2026-01-08T12:36:45.606917,
TXN-00008438,204,PAYMENT,217.17,C1000001,92159.73,91942.56,M9718933,0,0,0,2026-01-08T12:36:45.606982,
TXN-00008439,204,TRANSFER,2567.17,C1000044,18997.58,16430.41,M9246908,0,0,0,2026-01-08T12:36:45.607041,
TXN-00008440,204,PAYMENT,396.3,C1000069,89244.59,88848.29,M9752363,0,0,0,2026-01-08T12:36:45.607100,
TXN-00008441,11,CASH_OUT,77238.29,C1000096,273748.22,196509.94,M3339862,0,0,1,2026-01-08T12:36:45.607133,rapid_succession
TXN-00008442,204,DEBIT,2501.8,C1000081,100528.45,98026.65,M2612093,0,0,0,2026-01-08T12:36:45.607195,
TXN-00008443,204,DEBIT,911.79,C1000055,196075.87,195164.08,M9604229,0,0,0,2026-01-08T12:36:45.607260,
TXN-00008444,16,CASH_OUT,43305.71,C1000061,248954.51,205648.8,M4594460,0,0,1,2026-01-08T12:36:45.607295,rapid_succession
TXN-00008445,10,CASH_OUT,199897.85,C1000083,212904.46,13006.61,M4330255,0,0,1,2026-01-08T12:36:45.607326,rapid_succession
TXN-00008446,204,PAYMENT,10.0,C1000055,195164.08,195154.08,M5451975,0,0,0,2026-01-08T12:36:45.607392,
TXN-00008447,19,CASH_OUT,133200.94,C1000043,29405.5,0.0,M1877287,0,0,1,2026-01-08T12:36:45.607425,rapid_succession
TXN-00008448,204,CASH_IN,1938.39,C1000090,264829.47,266767.86,M8725978,0,0,0,2026-01-08T12:36:45.607487,
TXN-00008449,204,TRANSFER,162.46,C1000078,0.0,0.0,M3364264,0,0,0,2026-01-08T12:36:45.607683,
TXN-00008450,10,CASH_OUT,28133.69,C1000053,0.0,0.0,M6316330,0,0,1,2026-01-08T12:36:45.607738,rapid_succession
TXN-00008451,204,TRANSFER,15574.45,C1000074,0.0,0.0,M2270671,0,0,0,2026-01-08T12:36:45.607851,
TXN-00008452,204,CASH_OUT,1723.36,C1000086,166415.71,164692.36,M5967382,0,0,0,2026-01-08T12:36:45.608043,
TXN-00008453,204,PAYMENT,1279.31,C1000048,227249.45,225970.14,M3238970,0,0,0,2026-01-08T12:36:45.608150,
TXN-00008454,18,CASH_OUT,171777.56,C1000088,0.0,0.0,M6665006,0,0,1,2026-01-08T12:36:45.608244,rapid_succession
TXN-00008455,204,CASH_OUT,10.0,C1000064,0.0,0.0,M7137031,0,0,0,2026-01-08T12:36:45.608348,
TXN-00008456,204,DEBIT,17141.29,C1000093,0.0,0.0,M5885187,0,0,0,2026-01-08T12:36:45.608617,
TXN-00008457,204,PAYMENT,6602.09,C1000052,0.0,0.0,M2145248,0,0,0,2026-01-08T12:36:45.608736,
TXN-00008458,14,CASH_OUT,114884.2,C1000086,164692.36,49808.15,M5511313,0,0,1,2026-01-08T12:36:45.608792,rapid_succession
TXN-00008459,204,PAYMENT,1066.1,C1000061,248954.51,247888.41,M8266716,0,0,0,2026-01-08T12:36:45.609443,
TXN-00008460,14,TRANSFER,20297.89,C1000030,13199.34,0.0,M5746449,0,0,1,2026-01-08T12:36:45.609528,rapid_succession
TXN-00008461,204,PAYMENT,1497.67,C1000080,0.0,0.0,M2153876,0,0,0,2026-01-08T12:36:45.609645,
TXN-00008462,204,TRANSFER,6302.39,C1000058,0.0,0.0,M6408056,0,0,0,2026-01-08T12:36:45.609729,
TXN-00008463,204,TRANSFER,546.86,C1000075,447946.55,447399.69,M4595347,0,0,0,2026-01-08T12:36:45.609802,
TXN-00008464,13,TRANSFER,37598.36,C1000046,0.0,-39733.27,M8501933,0,0,1,2026-01-08T12:36:45.609840,rapid_succession
TXN-00008465,204,PAYMENT,9269.72,C1000039,8731.05,0.0,M8783596,0,0,0,2026-01-08T12:36:45.609921,
TXN-00008466,204,CASH_OUT,940.87,C1000034,82140.54,81199.67,M6941467,0,0,0,2026-01-08T12:36:45.609997,
TXN-00008467,204,TRANSFER,4835.9,C1000006,218483.8,213647.9,M8299273,0,0,0,2026-01-08T12:36:45.610068,
TXN-00008468,204,TRANSFER,2099.77,C1000020,328603.02,326503.26,M7403101,0,0,0,2026-01-08T12:36:45.610138,
TXN-00008469,20,CASH_OUT,49997.06,C1000062,0.0,0.0,M1016551,0,0,1,2026-01-08T12:36:45.610174,rapid_succession
TXN-00008470,204,PAYMENT,4302.26,C1000078,0.0,0.0,M3639440,0,0,0,2026-01-08T12:36:45.610301,
TXN-00008471,204,PAYMENT,18065.15,C1000076,0.0,0.0,M3278368,0,0,0,2026-01-08T12:36:45.610538,
TXN-00008472,204,DEBIT,10.0,C1000068,112150.26,112140.26,M1040302,0,0,0,2026-01-08T12:36:45.610700,
TXN-00008473,204,CASH_OUT,1449.24,C1000008,231274.1,229824.86,M8104737,0,0,0,2026-01-08T12:36:45.610784,
TXN-00008474,204,CASH_IN,35251.06,C1000012,0.0,35251.06,M5667521,0,0,0,2026-01-08T12:36:45.611757,
TXN-00008475,204,PAYMENT,26569.7,C1000056,0.0,0.0,M1832060,0,0,0,2026-01-08T12:36:45.611943,
TXN-00008476,204,PAYMENT,3354.64,C1000084,139497.1,136142.46,M5795957,0,0,0,2026-01-08T12:36:45.612021,
TXN-00008477,15,TRANSFER,126028.72,C1000096,273748.22,145410.24,M2909386,0,0,1,2026-01-08T12:36:45.612057,rapid_succession
TXN-00008478,204,DEBIT,1031.06,C1000077,98902.0,97870.93,M5603728,0,0,0,2026-01-08T12:36:45.612124,
TXN-00008479,19,CASH_OUT,92101.83,C1000085,0.0,0.0,M8855080,0,0,1,2026-01-08T12:36:45.612154,rapid_succession
TXN-00008480,204,PAYMENT,1055.02,C1000071,194430.45,193375.43,M7150366,0,0,0,2026-01-08T12:36:45.612213,
TXN-00008481,204,DEBIT,25416.28,C1000095,0.0,0.0,M8935875,0,0,0,2026-01-08T12:36:45.612271,
TXN-00008482,204,CASH_IN,285.76,C1000022,31625.13,31910.89,M8212110,0,0,0,2026-01-08T12:36:45.612329,
TXN-00008483,204,CASH_OUT,12473.31,C1000031,0.0,0.0,M6409904,0,0,0,2026-01-08T12:36:45.612386,
TXN-00008484,204,TRANSFER,45286.28,C1000053,0.0,0.0,M1470142,0,0,0,2026-01-08T12:36:45.612446,
TXN-00008485,204,PAYMENT,1194.5,C1000094,201880.71,200686.22,M1138472,0,0,0,2026-01-08T12:36:45.612497,
TXN-00008486,204,DEBIT,316.96,C1000002,285670.28,285353.32,M4874778,0,0,0,2026-01-08T12:36:45.612552,
TXN-00008487,204,PAYMENT,6851.26,C1000011,691.09,0.0,M8441003,0,0,0,2026-01-08T12:36:45.612618,
TXN-00008488,204,TRANSFER,4205.88,C1000048,225970.14,221764.26,M9359844,0,0,0,2026-01-08T12:36:45.612682,
TXN-00008489,204,PAYMENT,10106.38,C1000092,9902.58,0.0,M7179301,0,0,0,2026-01-08T12:36:45.612745,
TXN-00008490,17,CASH_OUT,153468.4,C1000082,98360.51,0.0,M2052250,0,0,1,2026-01-08T12:36:45.612782,rapid_succession
TXN-00008491,204,PAYMENT,8492.48,C1000054,0.0,0.0,M4628594,0,0,0,2026-01-08T12:36:45.612863,
TXN-00008492,10,CASH_OUT,81943.63,C1000054,0.0,0.0,M3130643,0,0,1,2026-01-08T12:36:45.612903,rapid_succession
TXN-00008493,204,DEBIT,975.21,C1000068,112140.26,111165.05,M4656600,0,0,0,2026-01-08T12:36:45.612968,
TXN-00008494,12,CASH_OUT,31973.35,C1000068,111165.05,79191.7,M1192366,0,0,1,2026-01-08T12:36:45.613007,rapid_succession
TXN-00008495,13,CASH_OUT,99239.57,C1000041,255304.66,156065.09,M2440475,0,0,1,2026-01-08T12:36:45.613103,rapid_succession
TXN-00008496,19,CASH_OUT,30601.07,C1000076,0.0,0.0,M5598740,0,0,1,2026-01-08T12:36:45.613198,rapid_succession
TXN-00008497,204,TRANSFER,689.71,C1000022,31910.89,31221.18,M3656323,0,0,0,2026-01-08T12:36:45.613550,
TXN-00008498,204,PAYMENT,25145.9,C1000067,0.0,0.0,M8111434,0,0,0,2026-01-08T12:36:45.613904,
TXN-00008499,204,CASH_OUT,55599.27,C1000000,0.0,0.0,M4048103,0,0,0,2026-01-08T12:36:45.614003,
TXN-00008500,204,PAYMENT,331.46,C1000047,0.0,0.0,M4497028,0,0,0,2026-01-08T12:36:45.614138,
TXN-00008501,204,DEBIT,4144.23,C1000065,0.0,0.0,M6425236,0,0,0,2026-01-08T12:36:45.614377,
TXN-00008502,204,TRANSFER,10123.9,C1000092,0.0,0.0,M4045119,0,0,0,2026-01-08T12:36:45.614595,
TXN-00008503,204,CASH_OUT,4875.43,C1000065,0.0,0.0,M2489618,0,0,0,2026-01-08T12:36:45.614839,
TXN-00008504,204,CASH_OUT,8457.3,C1000039,0.0,0.0,M8534502,0,0,0,2026-01-08T12:36:45.614976,
TXN-00008505,204,DEBIT,22745.15,C1000064,0.0,0.0,M8538656,0,0,0,2026-01-08T12:36:45.615039,
TXN-00008506,204,TRANSFER,21627.05,C1000024,0.0,0.0,M3385958,0,0,0,2026-01-08T12:36:45.615093,
TXN-00008507,204,TRANSFER,10.0,C1000055,195154.08,195144.08,M8653795,0,0,0,2026-01-08T12:36:45.615146,
TXN-00008508,204,PAYMENT,25112.0,C1000067,0.0,0.0,M9630516,0,0,0,2026-01-08T12:36:45.615200,
TXN-00008509,204,DEBIT,20380.23,C1000024,0.0,0.0,M8965552,0,0,0,2026-01-08T12:36:45.615253,
TXN-00008510,204,TRANSFER,3973.59,C1000091,0.0,0.0,M7086283,0,0,0,2026-01-08T12:36:45.615304,
TXN-00008511,204,CASH_OUT,4265.42,C1000054,0.0,0.0,M4992834,0,0,0,2026-01-08T12:36:45.615356,
TXN-00008512,20,CASH_OUT,110508.92,C1000028,0.0,0.0,M4326501,0,0,1,2026-01-08T12:36:45.615384,rapid_succession
TXN-00008513,14,TRANSFER,124637.89,C1000092,0.0,-129115.7,M2378170,0,0,1,2026-01-08T12:36:45.615408,rapid_succession
TXN-00008514,10,TRANSFER,18697.6,C1000086,164692.36,145994.76,M4760850,0,0,1,2026-01-08T12:36:45.615437,rapid_succession
TXN-00008515,204,PAYMENT,2535.91,C1000051,252708.15,250172.24,M3194698,0,0,0,2026-01-08T12:36:45.615490,
TXN-00008516,204,TRANSFER,10.0,C1000009,133905.81,133895.81,M6120770,0,0,0,2026-01-08T12:36:45.615543,
TXN-00008517,204,CASH_OUT,4744.76,C1000032,0.0,0.0,M4169518,0,0,0,2026-01-08T12:36:45.615596,
TXN-00008518,204,PAYMENT,10615.85,C1000074,0.0,0.0,M7448666,0,0,0,2026-01-08T12:36:45.615647,
TXN-00008519,204,TRANSFER,2768.07,C1000084,136142.46,133374.38,M1338730,0,0,0,2026-01-08T12:36:45.615697,
TXN-00008520,204,PAYMENT,7089.67,C1000082,98360.51,91270.84,M6196975,0,0,0,2026-01-08T12:36:45.615750,
TXN-00008521,204,DEBIT,10.0,C1000014,260303.38,260293.38,M8477897,0,0,0,2026-01-08T12:36:45.615805,
TXN-00008522,204,TRANSFER,637.33,C1000061,247888.41,247251.08,M1757840,0,0,0,2026-01-08T12:36:45.615875,
TXN-00008523,204,PAYMENT,2967.36,C1000030,13199.34,10231.97,M3623039,0,0,0,2026-01-08T12:36:45.615929,
TXN-00008524,204,TRANSFER,10.0,C1000040,4182.45,4172.45,M6283368,0,0,0,2026-01-08T12:36:45.615983,
TXN-00008525,204,PAYMENT,1033.7,C1000077,97870.93,96837.23,M9067346,0,0,0,2026-01-08T12:36:45.616036,
TXN-00008526,12,CASH_OUT,42630.56,C1000089,174714.92,132084.36,M3893286,0,0,1,2026-01-08T12:36:45.616065,rapid_succession
TXN-00008527,204,PAYMENT,811.86,C1000048,221764.26,220952.39,M4858278,0,0,0,2026-01-08T12:36:45.616120,
TXN-00008528,204,DEBIT,10.0,C1000075,447399.69,447389.69,M2962015,0,0,0,2026-01-08T12:36:45.616174,
TXN-00008529,204,PAYMENT,2190.86,C1000028,0.0,0.0,M1765698,0,0,0,2026-01-08T12:36:45.616227,
TXN-00008530,204,DEBIT,2659.44,C1000041,255304.66,252645.22,M7666653,0,0,0,2026-01-08T12:36:45.616279,
TXN-00008531,204,PAYMENT,10609.8,C1000042,10.0,0.0,M4538415,0,0,0,2026-01-08T12:36:45.616333,
TXN-00008532,204,TRANSFER,2472.86,C1000096,273748.22,271275.36,M8157766,0,0,0,2026-01-08T12:36:45.616385,
TXN-00008533,204,DEBIT,10.0,C1000048,220952.39,220942.39,M1792045,0,0,0,2026-01-08T12:36:45.616438,
TXN-00008534,14,TRANSFER,137892.59,C1000007,59045.49,-77003.8,M2914290,0,0,1,2026-01-08T12:36:45.616466,rapid_succession
TXN-00008535,204,PAYMENT,4797.46,C1000025,0.0,0.0,M8419073,0,0,0,2026-01-08T12:36:45.616527,
TXN-00008536,204,PAYMENT,54703.46,C1000000,0.0,0.0,M2134218,0,0,0,2026-01-08T12:36:45.616593,
TXN-00008537,10,CASH_OUT,194726.82,C1000042,0.0,0.0,M2076399,0,0,1,2026-01-08T12:36:45.616619,rapid_succession
TXN-00008538,204,PAYMENT,883.01,C1000001,91942.56,91059.55,M3795382,0,0,0,2026-01-08T12:36:45.616673,
TXN-00008539,17,CASH_OUT,123572.23,C1000051,250172.24,126600.01,M9557421,0,0,1,2026-01-08T12:36:45.616701,rapid_succession
TXN-00008540,204,PAYMENT,11971.68,C1000015,0.0,0.0,M5612240,0,0,0,2026-01-08T12:36:45.616755,
TXN-00008541,12,CASH_OUT,10858.84,C1000099,0.0,0.0,M7939837,0,0,1,2026-01-08T12:36:45.616782,rapid_succession
TXN-00008542,10,CASH_OUT,198305.01,C1000018,168210.11,0.0,M2571364,0,0,1,2026-01-08T12:36:45.616808,rapid_succession
TXN-00008543,14,TRANSFER,30622.64,C1000064,0.0,0.0,M3678553,0,0,1,2026-01-08T12:36:45.616832,rapid_succession
TXN-00008544,204,PAYMENT,2131.09,C1000006,213647.9,211516.8,M3397983,0,0,0,2026-01-08T12:36:45.616886,
TXN-00008545,18,CASH_OUT,28007.15,C1000077,96837.23,68830.09,M6223236,0,0,1,2026-01-08T12:36:45.616919,rapid_succession
TXN-00008546,10,TRANSFER,42052.33,C1000061,247251.08,205198.75,M9516114,0,0,1,2026-01-08T12:36:45.616947,rapid_succession
TXN-00008547,204,TRANSFER,10.0,C1000021,0.0,0.0,M6485940,0,0,0,2026-01-08T12:36:45.617009,
TXN-00008548,204,PAYMENT,5322.39,C1000059,0.0,0.0,M8723917,0,0,0,2026-01-08T12:36:45.617073,
TXN-00008549,204,TRANSFER,47999.27,C1000053,0.0,0.0,M8827788,0,0,0,2026-01-08T12:36:45.617138,
TXN-00008550,204,TRANSFER,1058.14,C1000061,247251.08,246192.94,M4300672,0,0,0,2026-01-08T12:36:45.617192,
TXN-00008551,204,PAYMENT,13499.83,C1000063,13705.06,205.22,M4257855,0,0,0,2026-01-08T12:36:45.617258,
TXN-00008552,204,TRANSFER,1417.56,C1000034,81199.67,79782.11,M1077031,0,0,0,2026-01-08T12:36:45.617324,
TXN-00008553,17,CASH_OUT,53062.46,C1000063,205.22,0.0,M9481292,0,0,1,2026-01-08T12:36:45.617360,rapid_succession
TXN-00008554,204,TRANSFER,4439.6,C1000010,0.0,0.0,M7975060,0,0,0,2026-01-08T12:36:45.617423,
TXN-00008555,204,DEBIT,20713.42,C1000024,0.0,0.0,M6034929,0,0,0,2026-01-08T12:36:45.617480,
TXN-00008556,204,PAYMENT,26263.75,C1000056,0.0,0.0,M4514943,0,0,0,2026-01-08T12:36:45.617542,
TXN-00008557,204,DEBIT,17222.81,C1000079,0.0,0.0,M7271891,0,0,0,2026-01-08T12:36:45.617605,
TXN-00008558,12,CASH_OUT,20043.37,C1000072,0.0,0.0,M8823981,0,0,1,2026-01-08T12:36:45.617639,rapid_succession
TXN-00008559,15,CASH_OUT,15821.56,C1000068,111165.05,95343.49,M4985332,0,0,1,2026-01-08T12:36:45.617667,rapid_succession
TXN-00008560,17,CASH_OUT,77117.65,C1000048,220942.39,143824.74,M5711733,0,0,1,2026-01-08T12:36:45.617694,rapid_succession
TXN-00008561,204,CASH_OUT,1153.69,C1000022,31221.18,30067.49,M5883537,0,0,0,2026-01-08T12:36:45.617758,
TXN-00008562,204,TRANSFER,8981.65,C1000039,0.0,0.0,M2926113,0,0,0,2026-01-08T12:36:45.617821,
TXN-00008563,204,TRANSFER,2147.04,C1000098,241262.49,239115.45,M6690138,0,0,0,2026-01-08T12:36:45.617880,
TXN-00008564,204,PAYMENT,3725.83,C1000044,16430.41,12704.58,M7962312,0,0,0,2026-01-08T12:36:45.617940,
TXN-00008565,204,CASH_OUT,10.0,C1000033,43712.26,43702.26,M6177223,0,0,0,2026-01-08T12:36:45.618001,
TXN-00008566,204,PAYMENT,6811.17,C1000049,0.0,0.0,M3310627,0,0,0,2026-01-08T12:36:45.618062,
TXN-00008567,204,PAYMENT,1601.13,C1000072,0.0,0.0,M9596753,0,0,0,2026-01-08T12:36:45.618121,
TXN-00008568,204,PAYMENT,8891.48,C1000039,0.0,0.0,M9813170,0,0,0,2026-01-08T12:36:45.618177,
TXN-00008569,204,CASH_OUT,173596.15,C1000050,0.0,0.0,M7947080,0,0,0,2026-01-08T12:36:45.618232,
TXN-00008570,204,PAYMENT,8576.85,C1000036,0.0,0.0,M3804709,0,0,0,2026-01-08T12:36:45.618288,
TXN-00008571,20,CASH_OUT,41300.88,C1000056,0.0,0.0,M7273515,0,0,1,2026-01-08T12:36:45.618317,rapid_succession
TXN-00008572,204,DEBIT,3365.71,C1000062,0.0,0.0,M9948122,0,0,0,2026-01-08T12:36:45.618373,
TXN-00008573,204,TRANSFER,10.0,C1000002,285353.32,285343.32,M8313699,0,0,0,2026-01-08T12:36:45.618430,
TXN-00008574,19,TRANSFER,69722.1,C1000024,0.0,-67789.89,M5986429,0,0,1,2026-01-08T12:36:45.618459,rapid_succession
TXN-00008575,204,PAYMENT,964.74,C1000020,326503.26,325538.52,M3669075,0,0,0,2026-01-08T12:36:45.618520,
TXN-00008576,204,PAYMENT,13688.84,C1000054,0.0,0.0,M1242534,0,0,0,2026-01-08T12:36:45.618577,
TXN-00008577,204,TRANSFER,3011.68,C1000085,0.0,0.0,M6476200,0,0,0,2026-01-08T12:36:45.618637,
TXN-00008578,204,PAYMENT,20910.31,C1000079,0.0,0.0,M2474722,0,0,0,2026-01-08T12:36:45.618693,
TXN-00008579,17,CASH_OUT,170403.29,C1000071,193375.43,22972.14,M9998426,0,0,1,2026-01-08T12:36:45.618723,rapid_succession
TXN-00008580,17,CASH_OUT,73280.4,C1000020,325538.52,252258.12,M5149585,0,0,1,2026-01-08T12:36:45.618754,rapid_succession
TXN-00008581,204,CASH_IN,2474.93,C1000070,0.0,2474.93,M4952211,0,0,0,2026-01-08T12:36:45.618813,
TXN-00008582,204,PAYMENT,18537.41,C1000079,0.0,0.0,M2193797,0,0,0,2026-01-08T12:36:45.618870,
TXN-00008583,204,PAYMENT,1232.13,C1000070,2474.93,1242.81,M7448540,0,0,0,2026-01-08T12:36:45.618924,
TXN-00008584,204,PAYMENT,22037.18,C1000019,0.0,0.0,M9853446,0,0,0,2026-01-08T12:36:45.618983,
TXN-00008585,204,PAYMENT,10.0,C1000082,91270.84,91260.84,M7276883,0,0,0,2026-01-08T12:36:45.619038,
TXN-00008586,15,CASH_OUT,58512.85,C1000078,0.0,0.0,M9202053,0,0,1,2026-01-08T12:36:45.619067,rapid_succession
TXN-00008587,204,TRANSFER,7762.02,C1000011,0.0,0.0,M6456696,0,0,0,2026-01-08T12:36:45.619132,
TXN-00008588,204,TRANSFER,10.0,C1000041,252645.22,252635.22,M7521998,0,0,0,2026-01-08T12:36:45.619189,
TXN-00008589,204,PAYMENT,1018.05,C1000083,212904.46,211886.41,M2248029,0,0,0,2026-01-08T12:36:45.619245,
TXN-00008590,204,DEBIT,1484.08,C1000026,200710.29,199226.21,M1813186,0,0,0,2026-01-08T12:36:45.619302,
TXN-00008591,204,DEBIT,1273.94,C1000071,193375.43,192101.49,M6812807,0,0,0,2026-01-08T12:36:45.619358,
TXN-00008592,10,CASH_OUT,85213.37,C1000063,205.22,0.0,M6711414,0,0,1,2026-01-08T12:36:45.619387,rapid_succession
TXN-00008593,204,CASH_OUT,1601.16,C1000085,0.0,0.0,M9052128,0,0,0,2026-01-08T12:36:45.619447,
TXN-00008594,204,CASH_OUT,861.6,C1000066,0.0,0.0,M5118737,0,0,0,2026-01-08T12:36:45.619503,
TXN-00008595,204,TRANSFER,10.0,C1000009,133895.81,133885.81,M9200394,0,0,0,2026-01-08T12:36:45.619558,
TXN-00008596,204,PAYMENT,39388.1,C1000012,35251.06,0.0,M4260564,0,0,0,2026-01-08T12:36:45.619614,
TXN-00008597,204,TRANSFER,6984.43,C1000059,0.0,0.0,M2904943,0,0,0,2026-01-08T12:36:45.619675,
TXN-00008598,204,TRANSFER,50.63,C1000001,91059.55,91008.92,M7022985,0,0,0,2026-01-08T12:36:45.619731,
TXN-00008599,204,TRANSFER,10.0,C1000060,58233.16,58223.16,M8702513,0,0,0,2026-01-08T12:36:45.619787,
TXN-00008600,15,CASH_OUT,52510.84,C1000045,0.0,0.0,M4614211,0,0,1,2026-01-08T12:36:45.619818,rapid_succession
TXN-00008601,19,TRANSFER,100039.55,C1000089,174714.92,72351.35,M5520023,0,0,1,2026-01-08T12:36:45.619843,rapid_succession
TXN-00008602,19,CASH_OUT,101586.21,C1000015,0.0,0.0,M7970440,0,0,1,2026-01-08T12:36:45.619874,rapid_succession
TXN-00008603,204,PAYMENT,707.33,C1000075,447389.69,446682.37,M5303443,0,0,0,2026-01-08T12:36:45.619929,
TXN-00008604,12,TRANSFER,18240.05,C1000043,29405.5,11165.46,M1955728,0,0,1,2026-01-08T12:36:45.619959,rapid_succession
TXN-00008605,204,PAYMENT,731.44,C1000004,225490.31,224758.87,M3348014,0,0,0,2026-01-08T12:36:45.620015,
TXN-00008606,204,PAYMENT,6374.71,C1000046,0.0,0.0,M8534214,0,0,0,2026-01-08T12:36:45.620072,
TXN-00008607,204,PAYMENT,1187.87,C1000077,96837.23,95649.37,M9468943,0,0,0,2026-01-08T12:36:45.620129,
TXN-00008608,204,PAYMENT,23896.2,C1000095,0.0,0.0,M7264408,0,0,0,2026-01-08T12:36:45.620191,
TXN-00008609,204,DEBIT,3602.05,C1000043,29405.5,25803.45,M2064865,0,0,0,2026-01-08T12:36:45.620246,
TXN-00008610,204,DEBIT,10.0,C1000014,260293.38,260283.38,M6947883,0,0,0,2026-01-08T12:36:45.620303,
TXN-00008611,11,CASH_OUT,32462.96,C1000087,216841.01,184378.06,M5400050,0,0,1,2026-01-08T12:36:45.620332,rapid_succession
TXN-00008612,13,CASH_OUT,59337.55,C1000034,79782.11,20444.56,M8769658,0,0,1,2026-01-08T12:36:45.620359,rapid_succession
TXN-00008613,14,CASH_OUT,89054.4,C1000004,224758.87,135704.47,M7688309,0,0,1,2026-01-08T12:36:45.620386,rapid_succession
TXN-00008614,15,TRANSFER,77090.47,C1000037,0.0,0.0,M7345864,0,0,1,2026-01-08T12:36:45.620412,rapid_succession
TXN-00008615,18,CASH_OUT,118685.94,C1000027,0.0,0.0,M6013351,0,0,1,2026-01-08T12:36:45.620437,rapid_succession
TXN-00008616,19,TRANSFER,33638.59,C1000021,0.0,-36522.14,M8303068,0,0,1,2026-01-08T12:36:45.620461,rapid_succession
TXN-00008617,18,CASH_OUT,21792.86,C1000071,192101.49,170308.63,M8082487,0,0,1,2026-01-08T12:36:45.620492,rapid_succession
TXN-00008618,204,DEBIT,8200.56,C1000054,0.0,0.0,M9032354,0,0,0,2026-01-08T12:36:45.620548,
TXN-00008619,204,CASH_OUT,1461.71,C1000018,168210.11,166748.4,M7393139,0,0,0,2026-01-08T12:36:45.620604,
TXN-00008620,204,TRANSFER,939.86,C1000016,184084.74,183144.89,M4544606,0,0,0,2026-01-08T12:36:45.620665,
TXN-00008621,204,CASH_OUT,8563.06,C1000011,0.0,0.0,M1541053,0,0,0,2026-01-08T12:36:45.620723,
TXN-00008622,204,PAYMENT,3940.19,C1000045,0.0,0.0,M6442817,0,0,0,2026-01-08T12:36:45.620778,
TXN-00008623,204,CASH_OUT,5456.79,C1000059,0.0,0.0,M3890945,0,0,0,2026-01-08T12:36:45.620834,
TXN-00008624,204,TRANSFER,10.0,C1000081,98026.65,98016.65,M3725897,0,0,0,2026-01-08T12:36:45.620895,
TXN-00008625,204,DEBIT,3315.28,C1000045,0.0,0.0,M3491285,0,0,0,2026-01-08T12:36:45.620954,
TXN-00008626,204,TRANSFER,36173.68,C1000012,0.0,0.0,M3323675,0,0,0,2026-01-08T12:36:45.621011,
TXN-00008627,204,CASH_OUT,10.0,C1000075,446682.37,446672.37,M6173570,0,0,0,2026-01-08T12:36:45.621067,
TXN-00008628,204,CASH_OUT,10114.84,C1000015,0.0,0.0,M7539876,0,0,0,2026-01-08T12:36:45.621124,
TXN-00008629,204,DEBIT,2051.08,C1000090,266767.86,264716.78,M7994060,0,0,0,2026-01-08T12:36:45.621182,
TXN-00008630,204,CASH_OUT,4972.63,C1000091,0.0,0.0,M2218200,0,0,0,2026-01-08T12:36:45.621241,
TXN-00008631,204,PAYMENT,15248.18,C1000074,0.0,0.0,M9212494,0,0,0,2026-01-08T12:36:45.621299,
TXN-00008632,204,CASH_IN,1559.09,C1000068,111165.05,112724.14,M4861975,0,0,0,2026-01-08T12:36:45.621359,
TXN-00008633,204,CASH_IN,10429.43,C1000092,0.0,10429.43,M6460405,0,0,0,2026-01-08T12:36:45.621418,
TXN-00008634,204,CASH_OUT,6841.9,C1000036,0.0,0.0,M1743559,0,0,0,2026-01-08T12:36:45.621496,
TXN-00008635,204,CASH_OUT,10.0,C1000014,260283.38,260273.38,M5226120,0,0,0,2026-01-08T12:36:45.621573,
TXN-00008636,204,PAYMENT,6597.85,C1000088,0.0,0.0,M4246647,0,0,0,2026-01-08T12:36:45.621646,
TXN-00008637,204,TRANSFER,1874.11,C1000026,199226.21,197352.11,M8920369,0,0,0,2026-01-08T12:36:45.621716,
TXN-00008638,204,PAYMENT,20627.43,C1000042,0.0,0.0,M9319272,0,0,0,2026-01-08T12:36:45.621842,
TXN-00008639,204,TRANSFER,7114.4,C1000052,0.0,0.0,M8424403,0,0,0,2026-01-08T12:36:45.621949,
TXN-00008640,17,CASH_OUT,89656.71,C1000087,216841.01,127184.3,M9435656,0,0,1,2026-01-08T12:36:45.621989,rapid_succession
TXN-00008641,204,CASH_OUT,6733.86,C1000031,0.0,0.0,M6226155,0,0,0,2026-01-08T12:36:45.622064,
TXN-00008642,204,CASH_OUT,8067.26,C1000036,0.0,0.0,M8574073,0,0,0,2026-01-08T12:36:45.622135,
TXN-00008643,204,PAYMENT,2069.26,C1000072,0.0,0.0,M3789263,0,0,0,2026-01-08T12:36:45.622201,
TXN-00008644,204,TRANSFER,14542.86,C1000005,0.0,0.0,M1128186,0,0,0,2026-01-08T12:36:45.622266,
TXN-00008645,204,DEBIT,5418.25,C1000059,0.0,0.0,M5113331,0,0,0,2026-01-08T12:36:45.622341,
TXN-00008646,204,CASH_OUT,1268.26,C1000094,200686.22,199417.96,M5521774,0,0,0,2026-01-08T12:36:45.622405,
TXN-00008647,204,DEBIT,35704.22,C1000067,0.0,0.0,M1901057,0,0,0,2026-01-08T12:36:45.622471,
TXN-00008648,12,CASH_OUT,23104.62,C1000046,0.0,0.0,M8168610,0,0,1,2026-01-08T12:36:45.622512,rapid_succession
TXN-00008649,204,PAYMENT,32797.75,C1000067,0.0,0.0,M6660525,0,0,0,2026-01-08T12:36:45.622578,
TXN-00008650,12,CASH_OUT,75513.74,C1000036,0.0,0.0,M5297732,0,0,1,2026-01-08T12:36:45.622608,rapid_succession
TXN-00008651,204,PAYMENT,10816.32,C1000005,0.0,0.0,M8105096,0,0,0,2026-01-08T12:36:45.622669,
TXN-00008652,204,DEBIT,4943.7,C1000049,0.0,0.0,M7966796,0,0,0,2026-01-08T12:36:45.622733,
TXN-00008653,204,PAYMENT,7351.62,C1000013,0.0,0.0,M1904497,0,0,0,2026-01-08T12:36:45.622796,
TXN-00008654,17,CASH_OUT,127531.19,C1000091,0.0,0.0,M4284293,0,0,1,2026-01-08T12:36:45.622827,rapid_succession
TXN-00008655,204,CASH_OUT,1881.15,C1000043,25803.45,23922.29,M5383675,0,0,0,2026-01-08T12:36:45.622891,
TXN-00008656,19,TRANSFER,82279.56,C1000062,0.0,-82165.79,M9288609,0,0,1,2026-01-08T12:36:45.622920,rapid_succession
TXN-00008657,204,PAYMENT,3761.47,C1000010,0.0,0.0,M1354572,0,0,0,2026-01-08T12:36:45.622980,
TXN-00008658,15,CASH_OUT,143776.46,C1000027,0.0,0.0,M3370090,0,0,1,2026-01-08T12:36:45.623005,rapid_succession
TXN-00008659,204,CASH_OUT,513.51,C1000022,30067.49,29553.98,M8487105,0,0,0,2026-01-08T12:36:45.623056,
TXN-00008660,204,PAYMENT,1386.36,C1000068,112724.14,111337.78,M9230211,0,0,0,2026-01-08T12:36:45.623110,
TXN-00008661,204,PAYMENT,10.0,C1000009,133885.81,133875.81,M8074846,0,0,0,2026-01-08T12:36:45.623161,
TXN-00008662,16,CASH_OUT,51480.48,C1000042,0.0,0.0,M4312063,0,0,1,2026-01-08T12:36:45.623188,rapid_succession
TXN-00008663,204,TRANSFER,46758.89,C1000053,0.0,0.0,M1002087,0,0,0,2026-01-08T12:36:45.623240,
TXN-00008664,20,CASH_OUT,82338.03,C1000016,183144.89,100806.86,M8032173,0,0,1,2026-01-08T12:36:45.623265,rapid_succession
TXN-00008665,204,DEBIT,1944.97,C1000020,325538.52,323593.55,M7263310,0,0,0,2026-01-08T12:36:45.623316,
TXN-00008666,204,CASH_OUT,1897.22,C1000098,239115.45,237218.22,M7071071,0,0,0,2026-01-08T12:36:45.623403,
TXN-00008667,11,TRANSFER,135532.38,C1000070,1242.81,-135839.1,M3558980,0,0,1,2026-01-08T12:36:45.623447,rapid_succession
TXN-00008668,20,CASH_OUT,122729.72,C1000033,43702.26,0.0,M9396609,0,0,1,2026-01-08T12:36:45.623480,rapid_succession
TXN-00008669,204,DEBIT,1689.11,C1000007,59045.49,57356.37,M1999847,0,0,0,2026-01-08T12:36:45.623546,
TXN-00008670,17,TRANSFER,113168.0,C1000037,0.0,-116270.45,M2644312,0,0,1,2026-01-08T12:36:45.623577,rapid_succession
TXN-00008671,204,TRANSFER,3427.75,C1000045,0.0,0.0,M5258828,0,0,0,2026-01-08T12:36:45.623641,
TXN-00008672,204,PAYMENT,8278.23,C1000031,0.0,0.0,M8360762,0,0,0,2026-01-08T12:36:45.623699,
TXN-00008673,204,TRANSFER,19499.48,C1000019,0.0,0.0,M2239255,0,0,0,2026-01-08T12:36:45.623763,
TXN-00008674,204,CASH_OUT,3607.46,C1000096,271275.36,267667.9,M6465658,0,0,0,2026-01-08T12:36:45.623816,
TXN-00008675,204,PAYMENT,17860.42,C1000076,0.0,0.0,M8601299,0,0,0,2026-01-08T12:36:45.623871,
TXN-00008676,16,TRANSFER,116972.25,C1000069,88848.29,-26014.7,M1305487,0,0,1,2026-01-08T12:36:45.623901,rapid_succession
TXN-00008677,20,CASH_OUT,174210.39,C1000044,12704.58,0.0,M9386137,0,0,1,2026-01-08T12:36:45.623936,rapid_succession
TXN-00008678,204,TRANSFER,23794.87,C1000024,0.0,0.0,M2491381,0,0,0,2026-01-08T12:36:45.623993,
TXN-00008679,204,PAYMENT,936.94,C1000041,252635.22,251698.29,M7009081,0,0,0,2026-01-08T12:36:45.624046,
TXN-00008680,204,PAYMENT,19193.65,C1000082,91260.84,72067.19,M5791972,0,0,0,2026-01-08T12:36:45.624099,
TXN-00008681,204,CASH_OUT,10.0,C1000060,58223.16,58213.16,M8622761,0,0,0,2026-01-08T12:36:45.624151,
TXN-00008682,204,CASH_OUT,10.0,C1000061,246192.94,246182.94,M3118782,0,0,0,2026-01-08T12:36:45.624203,
TXN-00008683,204,TRANSFER,1559.58,C1000016,183144.89,181585.31,M4834037,0,0,0,2026-01-08T12:36:45.624254,
TXN-00008684,204,PAYMENT,10452.62,C1000092,10429.43,0.0,M9806679,0,0,0,2026-01-08T12:36:45.624309,
TXN-00008685,204,CASH_OUT,10.0,C1000042,0.0,0.0,M1475445,0,0,0,2026-01-08T12:36:45.624363,
TXN-00008686,11,TRANSFER,85635.06,C1000052,0.0,-86102.37,M2690441,0,0,1,2026-01-08T12:36:45.624389,rapid_succession
TXN-00008687,18,TRANSFER,93862.34,C1000091,0.0,-89147.44,M7947167,0,0,1,2026-01-08T12:36:45.624421,rapid_succession
TXN-00008688,204,TRANSFER,1749.37,C1000028,0.0,0.0,M6624068,0,0,0,2026-01-08T12:36:45.624480,
TXN-00008689,14,TRANSFER,114639.38,C1000044,12704.58,-99488.77,M1405176,0,0,1,2026-01-08T12:36:45.624506,rapid_succession
TXN-00008690,204,DEBIT,10.0,C1000009,133875.81,133865.81,M7214408,0,0,0,2026-01-08T12:36:45.624564,
TXN-00008691,204,CASH_OUT,8677.85,C1000013,0.0,0.0,M7003350,0,0,0,2026-01-08T12:36:45.624617,
TXN-00008692,204,CASH_OUT,264.65,C1000022,29553.98,29289.33,M3286354,0,0,0,2026-01-08T12:36:45.624670,
TXN-00008693,204,TRANSFER,10147.48,C1000054,0.0,0.0,M3423455,0,0,0,2026-01-08T12:36:45.624723,
TXN-00008694,17,CASH_OUT,55869.61,C1000042,0.0,0.0,M6349352,0,0,1,2026-01-08T12:36:45.624750,rapid_succession
TXN-00008695,204,TRANSFER,5408.32,C1000029,0.0,0.0,M3670321,0,0,0,2026-01-08T12:36:45.624801,
TXN-00008696,204,TRANSFER,2162.59,C1000090,264716.78,262554.19,M4581432,0,0,0,2026-01-08T12:36:45.624852,
TXN-00008697,204,TRANSFER,171.73,C1000034,79782.11,79610.38,M3337739,0,0,0,2026-01-08T12:36:45.624905,
TXN-00008698,17,TRANSFER,116242.54,C1000082,72067.19,-40176.89,M1412055,0,0,1,2026-01-08T12:36:45.624936,rapid_succession
TXN-00008699,204,TRANSFER,4833.53,C1000065,0.0,0.0,M8695655,0,0,0,2026-01-08T12:36:45.625000,
TXN-00008700,204,PAYMENT,10.0,C1000018,166748.4,166738.4,M8282799,0,0,0,2026-01-08T12:36:45.625051,
TXN-00008701,14,CASH_OUT,176745.72,C1000030,10231.97,0.0,M8968289,0,0,1,2026-01-08T12:36:45.625078,rapid_succession
TXN-00008702,204,PAYMENT,5775.27,C1000010,0.0,0.0,M2466696,0,0,0,2026-01-08T12:36:45.625127,
TXN-00008703,14,CASH_OUT,101631.7,C1000075,446672.37,345040.67,M4512387,0,0,1,2026-01-08T12:36:45.625152,rapid_succession
TXN-00008704,17,TRANSFER,115135.56,C1000031,0.0,-116250.81,M5730933,0,0,1,2026-01-08T12:36:45.625176,rapid_succession
TXN-00008705,11,CASH_OUT,46285.67,C1000061,246182.94,199897.27,M2629806,0,0,1,2026-01-08T12:36:45.625205,rapid_succession
TXN-00008706,204,CASH_IN,3820.98,C1000010,0.0,3820.98,M7048975,0,0,0,2026-01-08T12:36:45.625255,
TXN-00008707,204,TRANSFER,8995.54,C1000031,0.0,0.0,M4448123,0,0,0,2026-01-08T12:36:45.625305,
TXN-00008708,204,TRANSFER,10.0,C1000080,0.0,0.0,M6147715,0,0,0,2026-01-08T12:36:45.625354,
TXN-00008709,16,TRANSFER,83553.46,C1000022,29289.33,0.0,M6479473,0,0,1,2026-01-08T12:36:45.625377,rapid_succession
TXN-00008710,204,TRANSFER,9353.35,C1000033,43702.26,34348.92,M7585634,0,0,0,2026-01-08T12:36:45.625425,
TXN-00008711,204,TRANSFER,2581.89,C1000097,33921.38,31339.49,M5415678,0,0,0,2026-01-08T12:36:45.626418,
TXN-00008712,204,TRANSFER,5853.65,C1000059,0.0,0.0,M5262652,0,0,0,2026-01-08T12:36:45.626635,
TXN-00008713,11,TRANSFER,19451.39,C1000008,229824.86,210373.46,M3661059,0,0,1,2026-01-08T12:36:45.626691,rapid_succession
TXN-00008714,20,CASH_OUT,90128.13,C1000045,0.0,0.0,M1674646,0,0,1,2026-01-08T12:36:45.626732,rapid_succession
TXN-00008715,204,CASH_OUT,11383.97,C1000005,0.0,0.0,M2132285,0,0,0,2026-01-08T12:36:45.626839,
TXN-00008716,204,CASH_OUT,823.97,C1000083,211886.41,211062.43,M1437186,0,0,0,2026-01-08T12:36:45.626918,
TXN-00008717,204,PAYMENT,6540.66,C1000003,0.0,0.0,M9607849,0,0,0,2026-01-08T12:36:45.627046,
TXN-00008718,204,PAYMENT,36765.51,C1000042,0.0,0.0,M8366597,0,0,0,2026-01-08T12:36:45.627267,
TXN-00008719,14,TRANSFER,26459.88,C1000063,205.22,0.0,M9433018,0,0,1,2026-01-08T12:36:45.627351,rapid_succession
TXN-00008720,204,PAYMENT,1624.91,C1000086,164692.36,163067.45,M6139004,0,0,0,2026-01-08T12:36:45.627457,
TXN-00008721,204,CASH_OUT,796.59,C1000066,0.0,0.0,M9833136,0,0,0,2026-01-08T12:36:45.627532,
TXN-00008722,204,CASH_OUT,10.0,C1000055,195144.08,195134.08,M9994758,0,0,0,2026-01-08T12:36:45.628472,
TXN-00008723,204,PAYMENT,10976.39,C1000005,0.0,0.0,M9668121,0,0,0,2026-01-08T12:36:45.628607,
TXN-00008724,204,PAYMENT,18099.35,C1000035,0.0,0.0,M9670313,0,0,0,2026-01-08T12:36:45.628692,
TXN-00008725,204,TRANSFER,7579.78,C1000013,0.0,0.0,M5967131,0,0,0,2026-01-08T12:36:45.628855,
TXN-00008726,204,CASH_OUT,173565.89,C1000050,0.0,0.0,M9636927,0,0,0,2026-01-08T12:36:45.629082,
TXN-00008727,13,CASH_OUT,98944.4,C1000059,0.0,0.0,M5620640,0,0,1,2026-01-08T12:36:45.629319,rapid_succession
TXN-00008728,204,PAYMENT,6492.3,C1000088,0.0,0.0,M4434649,0,0,0,2026-01-08T12:36:45.630325,
TXN-00008729,204,PAYMENT,17527.29,C1000076,0.0,0.0,M8642356,0,0,0,2026-01-08T12:36:45.631367,
TXN-00008730,204,CASH_OUT,63.29,C1000001,91008.92,90945.63,M3994744,0,0,0,2026-01-08T12:36:45.631554,
TXN-00008731,204,TRANSFER,10.0,C1000038,0.0,0.0,M3706442,0,0,0,2026-01-08T12:36:45.631638,
TXN-00008732,204,TRANSFER,10.0,C1000060,58213.16,58203.16,M7130000,0,0,0,2026-01-08T12:36:45.631711,
TXN-00008733,204,TRANSFER,1451.08,C1000016,181585.31,180134.23,M6487477,0,0,0,2026-01-08T12:36:45.631783,
TXN-00008734,204,PAYMENT,14210.66,C1000074,0.0,0.0,M5803102,0,0,0,2026-01-08T12:36:45.631854,
TXN-00008735,204,TRANSFER,2258.84,C1000001,90945.63,88686.79,M1792341,0,0,0,2026-01-08T12:36:45.632641,
TXN-00008736,204,CASH_OUT,1995.9,C1000017,82864.8,80868.89,M1417629,0,0,0,2026-01-08T12:36:45.632908,
TXN-00008737,204,TRANSFER,3238.95,C1000084,133374.38,130135.43,M1758079,0,0,0,2026-01-08T12:36:45.633123,
TXN-00008738,204,PAYMENT,3383.39,C1000089,174714.92,171331.52,M4525442,0,0,0,2026-01-08T12:36:45.633232,
TXN-00008739,204,TRANSFER,4283.33,C1000065,0.0,0.0,M9507183,0,0,0,2026-01-08T12:36:45.633450,
TXN-00008740,204,TRANSFER,10.0,C1000091,0.0,0.0,M2433113,0,0,0,2026-01-08T12:36:45.633660,
TXN-00008741,204,TRANSFER,1156.75,C1000030,10231.97,9075.22,M9616348,0,0,0,2026-01-08T12:36:45.633771,
TXN-00008742,204,CASH_OUT,3719.02,C1000040,4172.45,453.43,M6693738,0,0,0,2026-01-08T12:36:45.633870,
TXN-00008743,204,PAYMENT,8323.42,C1000039,0.0,0.0,M1331929,0,0,0,2026-01-08T12:36:45.633947,
TXN-00008744,204,TRANSFER,245.54,C1000022,29289.33,29043.78,M7261956,0,0,0,2026-01-08T12:36:45.634016,
TXN-00008745,204,PAYMENT,2155.4,C1000044,12704.58,10549.18,M7299528,0,0,0,2026-01-08T12:36:45.634085,
TXN-00008746,11,TRANSFER,94260.69,C1000015,0.0,0.0,M7965215,0,0,1,2026-01-08T12:36:45.634124,rapid_succession
TXN-00008747,204,CASH_OUT,87.99,C1000008,229824.86,229736.87,M1328183,0,0,0,2026-01-08T12:36:45.634191,
TXN-00008748,204,TRANSFER,34790.12,C1000073,93.0,0.0,M3922352,0,0,0,2026-01-08T12:36:45.634258,
TXN-00008749,204,TRANSFER,1267.0,C1000094,199417.96,198150.96,M3472222,0,0,0,2026-01-08T12:36:45.634326,
TXN-00008750,204,TRANSFER,10.0,C1000014,260273.38,260263.38,M5058049,0,0,0,2026-01-08T12:36:45.634394,
TXN-00008751,204,CASH_OUT,19531.12,C1000019,0.0,0.0,M1184821,0,0,0,2026-01-08T12:36:45.634460,
TXN-00008752,204,TRANSFER,5980.15,C1000013,0.0,0.0,M7728873,0,0,0,2026-01-08T12:36:45.634524,
TXN-00008753,204,CASH_OUT,1000.55,C1000001,88686.79,87686.24,M7168682,0,0,0,2026-01-08T12:36:45.634588,
TXN-00008754,12,CASH_OUT,14962.43,C1000038,0.0,0.0,M2947566,0,0,1,2026-01-08T12:36:45.634632,rapid_succession
TXN-00008755,204,CASH_OUT,7613.14,C1000099,0.0,0.0,M7442523,0,0,0,2026-01-08T12:36:45.634735,
TXN-00008756,204,PAYMENT,3721.24,C1000023,34385.42,30664.18,M3635706,0,0,0,2026-01-08T12:36:45.634800,
TXN-00008757,18,TRANSFER,70076.1,C1000097,31339.49,0.0,M1662493,0,0,1,2026-01-08T12:36:45.634835,rapid_succession
TXN-00008758,13,CASH_OUT,83348.92,C1000038,0.0,0.0,M3878726,0,0,1,2026-01-08T12:36:45.634868,rapid_succession
TXN-00008759,11,TRANSFER,41711.96,C1000001,87686.24,45974.29,M5143840,0,0,1,2026-01-08T12:36:45.634907,rapid_succession
TXN-00008760,20,CASH_OUT,65309.2,C1000000,0.0,0.0,M2340245,0,0,1,2026-01-08T12:36:45.634945,rapid_succession
TXN-00008761,204,CASH_OUT,1896.99,C1000045,0.0,0.0,M3233347,0,0,0,2026-01-08T12:36:45.635043,
TXN-00008762,204,PAYMENT,4303.22,C1000091,0.0,0.0,M3922617,0,0,0,2026-01-08T12:36:45.635116,
TXN-00008763,204,CASH_OUT,13448.7,C1000005,0.0,0.0,M6659750,0,0,0,2026-01-08T12:36:45.635185,
TXN-00008764,17,CASH_OUT,81506.12,C1000090,262554.19,181048.08,M4356602,0,0,1,2026-01-08T12:36:45.635218,rapid_succession
TXN-00008765,15,TRANSFER,62844.35,C1000009,133865.81,72871.35,M1917112,0,0,1,2026-01-08T12:36:45.635250,rapid_succession
TXN-00008766,204,CASH_OUT,12007.74,C1000054,0.0,0.0,M5493646,0,0,0,2026-01-08T12:36:45.635322,
TXN-00008767,204,CASH_OUT,10268.45,C1000092,0.0,0.0,M6743157,0,0,0,2026-01-08T12:36:45.635387,
TXN-00008768,204,CASH_OUT,33104.78,C1000073,0.0,0.0,M5336572,0,0,0,2026-01-08T12:36:45.635452,
TXN-00008769,204,CASH_OUT,10.0,C1000089,171331.52,171321.52,M3259580,0,0,0,2026-01-08T12:36:45.635516,
TXN-00008770,204,CASH_OUT,2238.19,C1000038,0.0,0.0,M2746534,0,0,0,2026-01-08T12:36:45.635581,
TXN-00008771,204,TRANSFER,147.6,C1000002,285343.32,285195.72,M4048300,0,0,0,2026-01-08T12:36:45.635645,
TXN-00008772,204,PAYMENT,4674.47,C1000058,0.0,0.0,M7164620,0,0,0,2026-01-08T12:36:45.635711,
TXN-00008773,204,PAYMENT,3748.02,C1000021,0.0,0.0,M9915339,0,0,0,2026-01-08T12:36:45.635776,
TXN-00008774,204,CASH_OUT,814.1,C1000038,0.0,0.0,M8377762,0,0,0,2026-01-08T12:36:45.635840,
TXN-00008775,204,TRANSFER,5480.72,C1000059,0.0,0.0,M4777951,0,0,0,2026-01-08T12:36:45.635904,
TXN-00008776,204,PAYMENT,20014.98,C1000095,0.0,0.0,M2049549,0,0,0,2026-01-08T12:36:45.635968,
TXN-00008777,204,CASH_OUT,794.41,C1000075,446672.37,445877.95,M2627767,0,0,0,2026-01-08T12:36:45.636035,
TXN-00008778,204,DEBIT,813.47,C1000001,87686.24,86872.77,M2637261,0,0,0,2026-01-08T12:36:45.636108,
TXN-00008779,204,PAYMENT,1339.16,C1000072,0.0,0.0,M9568952,0,0,0,2026-01-08T12:36:45.636176,
TXN-00008780,204,TRANSFER,10.0,C1000029,0.0,0.0,M8152079,0,0,0,2026-01-08T12:36:45.636240,
TXN-00008781,14,TRANSFER,11097.1,C1000062,0.0,0.0,M8375224,0,0,1,2026-01-08T12:36:45.636275,rapid_succession
TXN-00008782,204,CASH_OUT,1781.64,C1000090,262554.19,260772.56,M3480446,0,0,0,2026-01-08T12:36:45.636339,
TXN-00008783,13,CASH_OUT,56580.03,C1000003,0.0,0.0,M3034208,0,0,1,2026-01-08T12:36:45.636373,rapid_succession
TXN-00008784,204,PAYMENT,2729.52,C1000045,0.0,0.0,M5720912,0,0,0,2026-01-08T12:36:45.636437,
TXN-00008785,204,CASH_OUT,7153.83,C1000011,0.0,0.0,M7938581,0,0,0,2026-01-08T12:36:45.636499,
TXN-00008786,204,DEBIT,47894.14,C1000053,0.0,0.0,M7496191,0,0,0,2026-01-08T12:36:45.636562,
TXN-00008787,15,CASH_OUT,57849.45,C1000083,211062.43,153212.98,M1152813,0,0,1,2026-01-08T12:36:45.636594,rapid_succession
TXN-00008788,204,TRANSFER,6247.86,C1000097,31339.49,25091.63,M3358775,0,0,0,2026-01-08T12:36:45.636661,
TXN-00008789,204,DEBIT,1517.1,C1000016,180134.23,178617.12,M4872092,0,0,0,2026-01-08T12:36:45.636719,
TXN-00008790,204,PAYMENT,904.14,C1000097,25091.63,24187.49,M6565962,0,0,0,2026-01-08T12:36:45.636776,
TXN-00008791,204,TRANSFER,1493.17,C1000097,24187.49,22694.32,M6008162,0,0,0,2026-01-08T12:36:45.636837,
TXN-00008792,204,CASH_OUT,26368.64,C1000056,0.0,0.0,M3919946,0,0,0,2026-01-08T12:36:45.636903,
TXN-00008793,204,CASH_OUT,7253.08,C1000013,0.0,0.0,M8640862,0,0,0,2026-01-08T12:36:45.636957,
TXN-00008794,204,PAYMENT,33688.39,C1000073,0.0,0.0,M1142697,0,0,0,2026-01-08T12:36:45.637012,
TXN-00008795,204,CASH_OUT,6238.25,C1000046,0.0,0.0,M8986603,0,0,0,2026-01-08T12:36:45.637067,
TXN-00008796,204,PAYMENT,6834.73,C1000088,0.0,0.0,M3929735,0,0,0,2026-01-08T12:36:45.637123,
TXN-00008797,204,PAYMENT,4908.52,C1000032,0.0,0.0,M8519116,0,0,0,2026-01-08T12:36:45.637179,
TXN-00008798,204,PAYMENT,20383.44,C1000035,0.0,0.0,M1057415,0,0,0,2026-01-08T12:36:45.637235,
TXN-00008799,204,PAYMENT,3373.35,C1000044,10549.18,7175.82,M2518711,0,0,0,2026-01-08T12:36:45.637290,
TXN-00008800,13,CASH_OUT,73573.2,C1000009,133865.81,60292.61,M3660072,0,0,1,2026-01-08T12:36:45.637323,rapid_succession
TXN-00008801,204,PAYMENT,10.0,C1000061,246182.94,246172.94,M6650967,0,0,0,2026-01-08T12:36:45.637381,
TXN-00008802,204,DEBIT,926.21,C1000048,220942.39,220016.19,M7645691,0,0,0,2026-01-08T12:36:45.637438,
TXN-00008803,204,PAYMENT,1179.76,C1000071,192101.49,190921.73,M4101921,0,0,0,2026-01-08T12:36:45.637495,
TXN-00008804,204,PAYMENT,8686.76,C1000049,0.0,0.0,M8258589,0,0,0,2026-01-08T12:36:45.637551,
TXN-00008805,204,CASH_OUT,3087.54,C1000084,130135.43,127047.89,M8585146,0,0,0,2026-01-08T12:36:45.637607,
TXN-00008806,14,TRANSFER,91027.22,C1000081,98016.65,3423.19,M7406758,0,0,1,2026-01-08T12:36:45.637637,rapid_succession
TXN-00008807,204,PAYMENT,2772.19,C1000048,220016.19,217244.0,M5237939,0,0,0,2026-01-08T12:36:45.637698,
TXN-00008808,204,PAYMENT,2046.37,C1000006,211516.8,209470.44,M5672891,0,0,0,2026-01-08T12:36:45.637755,
TXN-00008809,204,PAYMENT,3215.55,C1000040,453.43,0.0,M8883842,0,0,0,2026-01-08T12:36:45.637811,
TXN-00008810,19,CASH_OUT,16647.74,C1000021,0.0,0.0,M5106368,0,0,1,2026-01-08T12:36:45.637841,rapid_succession
TXN-00008811,16,CASH_OUT,43337.0,C1000021,0.0,0.0,M2557637,0,0,1,2026-01-08T12:36:45.637868,rapid_succession
TXN-00008812,204,CASH_OUT,1086.66,C1000094,198150.96,197064.3,M3538927,0,0,0,2026-01-08T12:36:45.637926,
TXN-00008813,204,CASH_OUT,230.58,C1000022,29043.78,28813.21,M2061334,0,0,0,2026-01-08T12:36:45.637983,
TXN-00008814,204,DEBIT,40085.99,C1000012,0.0,0.0,M9647489,0,0,0,2026-01-08T12:36:45.638040,
TXN-00008815,204,PAYMENT,33872.85,C1000067,0.0,0.0,M5857581,0,0,0,2026-01-08T12:36:45.638095,
TXN-00008816,204,PAYMENT,2766.49,C1000057,0.0,0.0,M6004371,0,0,0,2026-01-08T12:36:45.638151,
TXN-00008817,204,PAYMENT,55340.32,C1000000,0.0,0.0,M6408376,0,0,0,2026-01-08T12:36:45.638205,
TXN-00008818,204,PAYMENT,1476.28,C1000080,0.0,0.0,M7813245,0,0,0,2026-01-08T12:36:45.638261,
TXN-00008819,16,TRANSFER,138137.55,C1000038,0.0,-138560.63,M1561281,0,0,1,2026-01-08T12:36:45.638289,rapid_succession
TXN-00008820,20,TRANSFER,37581.6,C1000039,0.0,0.0,M6060712,0,0,1,2026-01-08T12:36:45.638323,rapid_succession
TXN-00008821,204,CASH_OUT,13431.41,C1000063,205.22,0.0,M6812787,0,0,0,2026-01-08T12:36:45.638378,
TXN-00008822,204,PAYMENT,21493.0,C1000024,0.0,0.0,M5104215,0,0,0,2026-01-08T12:36:45.638434,
TXN-00008823,204,PAYMENT,1152.19,C1000081,98016.65,96864.46,M4152308,0,0,0,2026-01-08T12:36:45.638488,
TXN-00008824,204,PAYMENT,10334.8,C1000057,0.0,0.0,M4572791,0,0,0,2026-01-08T12:36:45.638545,
TXN-00008825,204,PAYMENT,4152.4,C1000051,250172.24,246019.84,M6797557,0,0,0,2026-01-08T12:36:45.638600,
TXN-00008826,204,DEBIT,10.0,C1000048,217244.0,217234.0,M1100214,0,0,0,2026-01-08T12:36:45.638657,
TXN-00008827,204,PAYMENT,10.0,C1000089,171321.52,171311.52,M5264633,0,0,0,2026-01-08T12:36:45.638714,
TXN-00008828,204,TRANSFER,6963.97,C1000052,0.0,0.0,M5138565,0,0,0,2026-01-08T12:36:45.638770,
TXN-00008829,204,DEBIT,508.95,C1000007,57356.37,56847.42,M9127590,0,0,0,2026-01-08T12:36:45.638826,
TXN-00008830,10,CASH_OUT,72169.84,C1000012,0.0,0.0,M3351310,0,0,1,2026-01-08T12:36:45.638856,rapid_succession
TXN-00008831,204,CASH_OUT,7510.55,C1000033,34348.92,26838.37,M5046561,0,0,0,2026-01-08T12:36:45.638925,
TXN-00008832,204,TRANSFER,4611.44,C1000065,0.0,0.0,M2627502,0,0,0,2026-01-08T12:36:45.638987,
TXN-00008833,204,PAYMENT,12797.08,C1000015,0.0,0.0,M3107863,0,0,0,2026-01-08T12:36:45.639049,
TXN-00008834,204,TRANSFER,10.0,C1000051,246019.84,246009.84,M9034021,0,0,0,2026-01-08T12:36:45.639111,
TXN-00008835,204,TRANSFER,1664.24,C1000090,260772.56,259108.32,M7122123,0,0,0,2026-01-08T12:36:45.639183,
TXN-00008836,204,CASH_IN,1710.31,C1000086,163067.45,164777.76,M2829871,0,0,0,2026-01-08T12:36:45.639254,
TXN-00008837,204,CASH_OUT,1326.32,C1000043,23922.29,22595.97,M5270528,0,0,0,2026-01-08T12:36:45.639446,
TXN-00008838,204,TRANSFER,7549.76,C1000099,0.0,0.0,M7979609,0,0,0,2026-01-08T12:36:45.639513,
TXN-00008839,204,PAYMENT,6674.7,C1000088,0.0,0.0,M4163480,0,0,0,2026-01-08T12:36:45.641270,
TXN-00008840,204,DEBIT,4330.22,C1000027,0.0,0.0,M3591030,0,0,0,2026-01-08T12:36:45.641402,
TXN-00008841,204,TRANSFER,1840.22,C1000029,0.0,0.0,M7978124,0,0,0,2026-01-08T12:36:45.641478,
TXN-00008842,204,PAYMENT,6759.18,C1000088,0.0,0.0,M5054152,0,0,0,2026-01-08T12:36:45.641549,
TXN-00008843,204,TRANSFER,3259.6,C1000087,216841.01,213581.42,M8702780,0,0,0,2026-01-08T12:36:45.641615,
TXN-00008844,204,PAYMENT,3824.62,C1000030,9075.22,5250.6,M9034138,0,0,0,2026-01-08T12:36:45.641694,
TXN-00008845,204,TRANSFER,10.0,C1000007,56847.42,56837.42,M9537632,0,0,0,2026-01-08T12:36:45.641761,
TXN-00008846,204,CASH_OUT,2616.81,C1000043,22595.97,19979.16,M6171675,0,0,0,2026-01-08T12:36:45.641828,
TXN-00008847,204,TRANSFER,13938.08,C1000063,0.0,0.0,M2255098,0,0,0,2026-01-08T12:36:45.641896,
TXN-00008848,204,PAYMENT,7686.75,C1000099,0.0,0.0,M6120726,0,0,0,2026-01-08T12:36:45.641958,
TXN-00008849,204,CASH_OUT,6276.92,C1000003,0.0,0.0,M4685566,0,0,0,2026-01-08T12:36:45.642017,
TXN-00008850,204,TRANSFER,2493.2,C1000028,0.0,0.0,M5105397,0,0,0,2026-01-08T12:36:45.642077,
TXN-00008851,204,TRANSFER,8599.25,C1000039,0.0,0.0,M9733631,0,0,0,2026-01-08T12:36:45.642142,
TXN-00008852,204,TRANSFER,4341.45,C1000010,3820.98,0.0,M7706348,0,0,0,2026-01-08T12:36:45.642204,
TXN-00008853,204,CASH_OUT,6084.13,C1000036,0.0,0.0,M5586206,0,0,0,2026-01-08T12:36:45.642275,
TXN-00008854,14,TRANSFER,30406.39,C1000002,285195.72,254789.33,M7141351,0,0,1,2026-01-08T12:36:45.646201,rapid_succession
TXN-00008855,204,PAYMENT,4213.59,C1000082,72067.19,67853.6,M4213502,0,0,0,2026-01-08T12:36:45.647191,
TXN-00008856,204,PAYMENT,14424.21,C1000078,0.0,0.0,M7087386,0,0,0,2026-01-08T12:36:45.647637,
TXN-00008857,17,CASH_OUT,183163.79,C1000092,0.0,0.0,M3055150,0,0,1,2026-01-08T12:36:45.647818,rapid_succession
TXN-00008858,19,CASH_OUT,16528.72,C1000042,0.0,0.0,M4944097,0,0,1,2026-01-08T12:36:45.647931,rapid_succession
TXN-00008859,16,CASH_OUT,65891.73,C1000063,0.0,0.0,M8335196,0,0,1,2026-01-08T12:36:45.648052,rapid_succession
TXN-00008860,204,PAYMENT,2001.32,C1000033,26838.37,24837.05,M5912217,0,0,0,2026-01-08T12:36:45.648281,
TXN-00008861,204,CASH_OUT,387.42,C1000001,86872.77,86485.35,M3261111,0,0,0,2026-01-08T12:36:45.648381,
TXN-00008862,204,PAYMENT,4783.84,C1000002,285195.72,280411.88,M4971993,0,0,0,2026-01-08T12:36:45.648546,
TXN-00008863,204,PAYMENT,11598.63,C1000015,0.0,0.0,M3702653,0,0,0,2026-01-08T12:36:45.648628,
TXN-00008864,204,TRANSFER,7483.2,C1000036,0.0,0.0,M4867742,0,0,0,2026-01-08T12:36:45.648704,
TXN-00008865,20,CASH_OUT,159588.83,C1000080,0.0,0.0,M2278067,0,0,1,2026-01-08T12:36:45.648759,rapid_succession
TXN-00008866,204,TRANSFER,12562.62,C1000051,246009.84,233447.22,M2961372,0,0,0,2026-01-08T12:36:45.648842,
TXN-00008867,204,TRANSFER,4781.62,C1000062,0.0,0.0,M8036129,0,0,0,2026-01-08T12:36:45.648927,
TXN-00008868,15,CASH_OUT,94810.01,C1000081,96864.46,2054.45,M2920921,0,0,1,2026-01-08T12:36:45.648967,rapid_succession
TXN-00008869,204,TRANSFER,10.0,C1000060,58203.16,58193.16,M9626001,0,0,0,2026-01-08T12:36:45.649044,
TXN-00008870,10,CASH_OUT,82277.58,C1000055,195134.08,112856.51,M9988702,0,0,1,2026-01-08T12:36:45.649081,rapid_succession
TXN-00008871,204,CASH_OUT,919.64,C1000068,111337.78,110418.15,M2187626,0,0,0,2026-01-08T12:36:45.649153,
TXN-00008872,204,TRANSFER,1974.69,C1000086,164777.76,162803.07,M8320530,0,0,0,2026-01-08T12:36:45.649237,
TXN-00008873,204,PAYMENT,2664.05,C1000041,251698.29,249034.23,M4768912,0,0,0,2026-01-08T12:36:45.649307,
TXN-00008874,12,CASH_OUT,46401.73,C1000033,24837.05,0.0,M5628246,0,0,1,2026-01-08T12:36:45.649347,rapid_succession
TXN-00008875,204,PAYMENT,10.0,C1000040,0.0,0.0,M7006899,0,0,0,2026-01-08T12:36:45.649417,
TXN-00008876,204,CASH_OUT,1145.54,C1000021,0.0,0.0,M3016256,0,0,0,2026-01-08T12:36:45.649485,
TXN-00008877,12,TRANSFER,76969.1,C1000081,96864.46,17752.79,M8489916,0,0,1,2026-01-08T12:36:45.649520,rapid_succession
TXN-00008878,20,CASH_OUT,87732.74,C1000002,280411.88,192679.14,M4187128,0,0,1,2026-01-08T12:36:45.649562,rapid_succession
TXN-00008879,204,PAYMENT,258.12,C1000075,445877.95,445619.84,M5682901,0,0,0,2026-01-08T12:36:45.649634,
TXN-00008880,204,PAYMENT,4799.51,C1000029,0.0,0.0,M3075106,0,0,0,2026-01-08T12:36:45.649706,
TXN-00008881,204,CASH_OUT,1596.11,C1000001,86485.35,84889.24,M1033551,0,0,0,2026-01-08T12:36:45.649776,
TXN-00008882,204,PAYMENT,109.41,C1000072,0.0,0.0,M9771994,0,0,0,2026-01-08T12:36:45.649846,
TXN-00008883,204,TRANSFER,703.12,C1000004,224758.87,224055.76,M3205329,0,0,0,2026-01-08T12:36:45.649917,
TXN-00008884,204,DEBIT,18400.88,C1000082,67853.6,49452.72,M8088254,0,0,0,2026-01-08T12:36:45.649989,
TXN-00008885,204,PAYMENT,10.0,C1000082,49452.72,49442.72,M1986121,0,0,0,2026-01-08T12:36:45.650058,
TXN-00008886,204,DEBIT,7325.58,C1000011,0.0,0.0,M9716833,0,0,0,2026-01-08T12:36:45.650121,
TXN-00008887,18,CASH_OUT,14238.59,C1000083,211062.43,196823.84,M6893448,0,0,1,2026-01-08T12:36:45.650153,rapid_succession
TXN-00008888,204,PAYMENT,10.0,C1000033,24837.05,24827.05,M5387906,0,0,0,2026-01-08T12:36:45.650213,
TXN-00008889,204,TRANSFER,5644.17,C1000051,233447.22,227803.05,M1184901,0,0,0,2026-01-08T12:36:45.650283,
TXN-00008890,204,CASH_OUT,420.61,C1000051,227803.05,227382.44,M6286891,0,0,0,2026-01-08T12:36:45.650344,
TXN-00008891,204,CASH_OUT,173738.71,C1000050,0.0,0.0,M6445786,0,0,0,2026-01-08T12:36:45.650408,
TXN-00008892,204,PAYMENT,694.21,C1000016,178617.12,177922.91,M1449856,0,0,0,2026-01-08T12:36:45.650471,
TXN-00008893,204,CASH_OUT,18088.92,C1000076,0.0,0.0,M9749123,0,0,0,2026-01-08T12:36:45.650531,
TXN-00008894,204,PAYMENT,3660.36,C1000014,260263.38,256603.02,M9097194,0,0,0,2026-01-08T12:36:45.650592,
TXN-00008895,204,CASH_OUT,4503.23,C1000032,0.0,0.0,M4072339,0,0,0,2026-01-08T12:36:45.650654,
TXN-00008896,204,TRANSFER,10.0,C1000047,0.0,0.0,M1249965,0,0,0,2026-01-08T12:36:45.650716,
TXN-00008897,204,TRANSFER,11131.31,C1000015,0.0,0.0,M4609776,0,0,0,2026-01-08T12:36:45.650776,
TXN-00008898,17,TRANSFER,82798.93,C1000033,24827.05,-58791.67,M7775877,0,0,1,2026-01-08T12:36:45.650812,rapid_succession
TXN-00008899,19,CASH_OUT,27893.56,C1000094,197064.3,169170.73,M2827554,0,0,1,2026-01-08T12:36:45.650853,rapid_succession
TXN-00008900,204,PAYMENT,6738.13,C1000088,0.0,0.0,M2574406,0,0,0,2026-01-08T12:36:45.650920,
TXN-00008901,204,PAYMENT,513.49,C1000071,190921.73,190408.24,M8120830,0,0,0,2026-01-08T12:36:45.650980,
TXN-00008902,204,PAYMENT,1590.85,C1000048,217234.0,215643.15,M2408263,0,0,0,2026-01-08T12:36:45.651040,
TXN-00008903,19,CASH_OUT,78782.7,C1000044,7175.82,0.0,M5999716,0,0,1,2026-01-08T12:36:45.651070,rapid_succession
TXN-00008904,204,CASH_OUT,998.91,C1000021,0.0,0.0,M6030449,0,0,0,2026-01-08T12:36:45.651130,
TXN-00008905,204,CASH_OUT,3322.98,C1000045,0.0,0.0,M9217336,0,0,0,2026-01-08T12:36:45.651191,
TXN-00008906,204,CASH_OUT,10.0,C1000085,0.0,0.0,M2546992,0,0,0,2026-01-08T12:36:45.651252,
TXN-00008907,204,CASH_IN,2671.15,C1000014,256603.02,259274.17,M7975714,0,0,0,2026-01-08T12:36:45.651311,
TXN-00008908,204,CASH_OUT,10.0,C1000060,58193.16,58183.16,M2635866,0,0,0,2026-01-08T12:36:45.651379,
TXN-00008909,204,TRANSFER,775.26,C1000001,84889.24,84113.97,M1958956,0,0,0,2026-01-08T12:36:45.651442,
TXN-00008910,204,CASH_OUT,5157.9,C1000052,0.0,0.0,M1802458,0,0,0,2026-01-08T12:36:45.651504,
TXN-00008911,204,DEBIT,2818.52,C1000026,197352.11,194533.59,M9129188,0,0,0,2026-01-08T12:36:45.651565,
TXN-00008912,204,PAYMENT,1563.21,C1000070,1242.81,0.0,M3839447,0,0,0,2026-01-08T12:36:45.651628,
TXN-00008913,15,CASH_OUT,163301.1,C1000029,0.0,0.0,M4165039,0,0,1,2026-01-08T12:36:45.651662,rapid_succession
TXN-00008914,20,CASH_OUT,167050.47,C1000033,24827.05,0.0,M6359480,0,0,1,2026-01-08T12:36:45.651693,rapid_succession
TXN-00008915,204,TRANSFER,19674.07,C1000024,0.0,0.0,M6229819,0,0,0,2026-01-08T12:36:45.651755,
TXN-00008916,204,PAYMENT,171.56,C1000014,259274.17,259102.62,M4314857,0,0,0,2026-01-08T12:36:45.651818,
TXN-00008917,204,TRANSFER,449.56,C1000021,0.0,0.0,M9395572,0,0,0,2026-01-08T12:36:45.651881,
TXN-00008918,204,CASH_IN,10963.01,C1000051,227382.44,238345.46,M1196620,0,0,0,2026-01-08T12:36:45.651944,
TXN-00008919,204,CASH_OUT,8044.31,C1000013,0.0,0.0,M4041867,0,0,0,2026-01-08T12:36:45.652010,
TXN-00008920,204,TRANSFER,7157.26,C1000036,0.0,0.0,M4919619,0,0,0,2026-01-08T12:36:45.652072,
TXN-00008921,18,CASH_OUT,49934.84,C1000042,0.0,0.0,M1600655,0,0,1,2026-01-08T12:36:45.652105,rapid_succession
TXN-00008922,204,PAYMENT,1605.76,C1000023,30664.18,29058.42,M1011338,0,0,0,2026-01-08T12:36:45.652169,
TXN-00008923,204,TRANSFER,2150.17,C1000069,88848.29,86698.12,M7004041,0,0,0,2026-01-08T12:36:45.652233,
TXN-00008924,204,TRANSFER,26381.09,C1000067,0.0,0.0,M8209756,0,0,0,2026-01-08T12:36:45.652298,
TXN-00008925,204,PAYMENT,10.0,C1000023,29058.42,29048.42,M5528137,0,0,0,2026-01-08T12:36:45.652360,
TXN-00008926,204,PAYMENT,3912.23,C1000049,0.0,0.0,M1364926,0,0,0,2026-01-08T12:36:45.652425,
TXN-00008927,204,DEBIT,17698.6,C1000076,0.0,0.0,M1136535,0,0,0,2026-01-08T12:36:45.652489,
TXN-00008928,204,PAYMENT,7713.67,C1000099,0.0,0.0,M1066292,0,0,0,2026-01-08T12:36:45.652552,
TXN-00008929,204,PAYMENT,36696.69,C1000012,0.0,0.0,M1688361,0,0,0,2026-01-08T12:36:45.652616,
TXN-00008930,204,DEBIT,4328.05,C1000027,0.0,0.0,M1653289,0,0,0,2026-01-08T12:36:45.652687,
TXN-00008931,204,TRANSFER,6804.06,C1000088,0.0,0.0,M5634146,0,0,0,2026-01-08T12:36:45.652781,
TXN-00008932,204,CASH_OUT,172746.05,C1000050,0.0,0.0,M6100472,0,0,0,2026-01-08T12:36:45.652854,
TXN-00008933,204,TRANSFER,11.56,C1000023,29048.42,29036.86,M9133284,0,0,0,2026-01-08T12:36:45.652919,
TXN-00008934,204,CASH_IN,1857.14,C1000055,195134.08,196991.22,M1002201,0,0,0,2026-01-08T12:36:45.652986,
TXN-00008935,20,CASH_OUT,94660.01,C1000061,246172.94,151512.93,M2199831,0,0,1,2026-01-08T12:36:45.653023,rapid_succession
TXN-00008936,18,CASH_OUT,23450.58,C1000053,0.0,0.0,M8277906,0,0,1,2026-01-08T12:36:45.653059,rapid_succession
TXN-00008937,204,TRANSFER,7838.34,C1000054,0.0,0.0,M8514664,0,0,0,2026-01-08T12:36:45.653126,
TXN-00008938,204,CASH_OUT,4777.24,C1000003,0.0,0.0,M1296344,0,0,0,2026-01-08T12:36:45.653193,
TXN-00008939,204,TRANSFER,1864.19,C1000072,0.0,0.0,M7468337,0,0,0,2026-01-08T12:36:45.653257,
TXN-00008940,204,PAYMENT,3606.88,C1000087,213581.42,209974.54,M6011395,0,0,0,2026-01-08T12:36:45.653321,
TXN-00008941,204,TRANSFER,6062.6,C1000058,0.0,0.0,M1259828,0,0,0,2026-01-08T12:36:45.653388,
TXN-00008942,204,CASH_IN,13197.62,C1000005,0.0,13197.62,M9257166,0,0,0,2026-01-08T12:36:45.653451,
TXN-00008943,204,PAYMENT,574.59,C1000055,196991.22,196416.63,M1109233,0,0,0,2026-01-08T12:36:45.653520,
TXN-00008944,204,PAYMENT,2685.41,C1000044,7175.82,4490.42,M8286211,0,0,0,2026-01-08T12:36:45.653593,
TXN-00008945,204,CASH_OUT,3871.04,C1000084,127047.89,123176.85,M1827346,0,0,0,2026-01-08T12:36:45.653659,
TXN-00008946,13,TRANSFER,71308.15,C1000012,0.0,-68149.96,M3018204,0,0,1,2026-01-08T12:36:45.653695,rapid_succession
TXN-00008947,10,CASH_OUT,175445.48,C1000050,0.0,0.0,M2921591,0,0,1,2026-01-08T12:36:45.653738,rapid_succession
TXN-00008948,204,CASH_OUT,2000.55,C1000038,0.0,0.0,M3485038,0,0,0,2026-01-08T12:36:45.653807,
TXN-00008949,204,DEBIT,33198.58,C1000073,0.0,0.0,M7179202,0,0,0,2026-01-08T12:36:45.653871,
TXN-00008950,10,CASH_OUT,22274.66,C1000005,13197.62,0.0,M6985864,0,0,1,2026-01-08T12:36:45.653908,rapid_succession
TXN-00008951,20,TRANSFER,64035.09,C1000061,246172.94,182137.85,M3738179,0,0,1,2026-01-08T12:36:45.653940,rapid_succession
TXN-00008952,204,CASH_IN,5398.89,C1000059,0.0,5398.89,M5539560,0,0,0,2026-01-08T12:36:45.654014,
TXN-00008953,14,TRANSFER,44624.49,C1000080,0.0,0.0,M1833405,0,0,1,2026-01-08T12:36:45.654052,rapid_succession
TXN-00008954,204,PAYMENT,1483.43,C1000007,56837.42,55353.99,M2653980,0,0,0,2026-01-08T12:36:45.654131,
TXN-00008955,13,CASH_OUT,62776.36,C1000031,0.0,0.0,M3137235,0,0,1,2026-01-08T12:36:45.654168,rapid_succession
TXN-00008956,204,PAYMENT,1491.84,C1000008,229736.87,228245.02,M5106051,0,0,0,2026-01-08T12:36:45.654237,
TXN-00008957,204,PAYMENT,21262.82,C1000024,0.0,0.0,M9138641,0,0,0,2026-01-08T12:36:45.654299,
TXN-00008958,204,CASH_OUT,7171.09,C1000036,0.0,0.0,M4302999,0,0,0,2026-01-08T12:36:45.654358,
TXN-00008959,204,TRANSFER,17272.24,C1000054,0.0,0.0,M6650782,0,0,0,2026-01-08T12:36:45.654419,
TXN-00008960,204,TRANSFER,1707.34,C1000044,4490.42,2783.08,M5285098,0,0,0,2026-01-08T12:36:45.654481,
TXN-00008961,204,TRANSFER,9717.79,C1000092,0.0,0.0,M2307038,0,0,0,2026-01-08T12:36:45.654548,
TXN-00008962,204,TRANSFER,1431.32,C1000029,0.0,0.0,M5239639,0,0,0,2026-01-08T12:36:45.654700,
TXN-00008963,204,CASH_OUT,81.09,C1000048,215643.15,215562.06,M4136206,0,0,0,2026-01-08T12:36:45.654853,
TXN-00008964,204,PAYMENT,18113.79,C1000079,0.0,0.0,M6238258,0,0,0,2026-01-08T12:36:45.654943,
TXN-00008965,204,PAYMENT,474.23,C1000098,237218.22,236743.99,M5930004,0,0,0,2026-01-08T12:36:45.655016,
TXN-00008966,204,DEBIT,4636.45,C1000065,0.0,0.0,M9297495,0,0,0,2026-01-08T12:36:45.655090,
TXN-00008967,204,DEBIT,751.49,C1000089,171311.52,170560.03,M2345890,0,0,0,2026-01-08T12:36:45.655158,
TXN-00008968,204,TRANSFER,548.9,C1000016,177922.91,177374.01,M8758753,0,0,0,2026-01-08T12:36:45.655229,
TXN-00008969,12,CASH_OUT,104761.75,C1000016,177374.01,72612.26,M8511487,0,0,1,2026-01-08T12:36:45.655268,rapid_succession
TXN-00008970,19,CASH_OUT,95181.73,C1000026,194533.59,99351.86,M8321739,0,0,1,2026-01-08T12:36:45.655304,rapid_succession
TXN-00008971,204,TRANSFER,1088.08,C1000018,166738.4,165650.32,M9951527,0,0,0,2026-01-08T12:36:45.655375,
TXN-00008972,204,PAYMENT,4020.47,C1000045,0.0,0.0,M2621827,0,0,0,2026-01-08T12:36:45.655442,
TXN-00008973,204,TRANSFER,8675.48,C1000031,0.0,0.0,M8531907,0,0,0,2026-01-08T12:36:45.655511,
TXN-00008974,204,PAYMENT,19039.11,C1000079,0.0,0.0,M2687487,0,0,0,2026-01-08T12:36:45.655576,
TXN-00008975,204,TRANSFER,2567.11,C1000018,165650.32,163083.2,M2922837,0,0,0,2026-01-08T12:36:45.655637,
TXN-00008976,204,DEBIT,155.29,C1000041,249034.23,248878.95,M6594537,0,0,0,2026-01-08T12:36:45.655712,
TXN-00008977,204,TRANSFER,746.7,C1000077,95649.37,94902.67,M1983872,0,0,0,2026-01-08T12:36:45.655774,
TXN-00008978,204,TRANSFER,6579.13,C1000088,0.0,0.0,M1374750,0,0,0,2026-01-08T12:36:45.655838,
TXN-00008979,204,TRANSFER,1152.05,C1000066,0.0,0.0,M2768206,0,0,0,2026-01-08T12:36:45.655911,
TXN-00008980,204,DEBIT,149.35,C1000047,0.0,0.0,M7739541,0,0,0,2026-01-08T12:36:45.655976,
TXN-00008981,204,TRANSFER,406.32,C1000001,84113.97,83707.65,M2000796,0,0,0,2026-01-08T12:36:45.656039,
TXN-00008982,204,CASH_OUT,3257.6,C1000045,0.0,0.0,M4571629,0,0,0,2026-01-08T12:36:45.656119,
TXN-00008983,18,CASH_OUT,47283.85,C1000028,0.0,0.0,M5599897,0,0,1,2026-01-08T12:36:45.656158,rapid_succession
TXN-00008984,12,CASH_OUT,84542.97,C1000009,133865.81,49322.84,M9956755,0,0,1,2026-01-08T12:36:45.656198,rapid_succession
TXN-00008985,204,CASH_OUT,1236.65,C1000078,0.0,0.0,M4223721,0,0,0,2026-01-08T12:36:45.656269,
TXN-00008986,204,PAYMENT,2950.78,C1000018,163083.2,160132.42,M3168027,0,0,0,2026-01-08T12:36:45.656340,
TXN-00008987,204,DEBIT,7747.05,C1000099,0.0,0.0,M2926456,0,0,0,2026-01-08T12:36:45.656404,
TXN-00008988,204,PAYMENT,10.0,C1000029,0.0,0.0,M1328561,0,0,0,2026-01-08T12:36:45.656466,
TXN-00008989,204,CASH_IN,172521.3,C1000050,0.0,172521.3,M9239735,0,0,0,2026-01-08T12:36:45.656526,
TXN-00008990,204,PAYMENT,1989.49,C1000007,55353.99,53364.5,M6242741,0,0,0,2026-01-08T12:36:45.656590,
TXN-00008991,204,PAYMENT,6148.58,C1000062,0.0,0.0,M8317313,0,0,0,2026-01-08T12:36:45.656653,
TXN-00008992,17,TRANSFER,134003.05,C1000072,0.0,-131705.13,M1472572,0,0,1,2026-01-08T12:36:45.656685,rapid_succession
TXN-00008993,204,PAYMENT,21896.69,C1000024,0.0,0.0,M6902680,0,0,0,2026-01-08T12:36:45.656760,
TXN-00008994,204,CASH_OUT,8715.34,C1000039,0.0,0.0,M6094146,0,0,0,2026-01-08T12:36:45.656826,
TXN-00008995,204,DEBIT,34006.69,C1000073,0.0,0.0,M7612541,0,0,0,2026-01-08T12:36:45.656886,
TXN-00008996,15,TRANSFER,112668.27,C1000029,0.0,-112000.98,M6399630,0,0,1,2026-01-08T12:36:45.656920,rapid_succession
TXN-00008997,204,PAYMENT,9302.48,C1000057,0.0,0.0,M4967190,0,0,0,2026-01-08T12:36:45.656986,
TXN-00008998,204,TRANSFER,6944.96,C1000088,0.0,0.0,M6552007,0,0,0,2026-01-08T12:36:45.657048,
TXN-00008999,204,CASH_OUT,3950.71,C1000087,209974.54,206023.83,M7854874,0,0,0,2026-01-08T12:36:45.657110,
TXN-00009000,204,TRANSFER,3121.19,C1000047,0.0,0.0,M8076944,0,0,0,2026-01-08T12:36:45.657182,
TXN-00009001,204,TRANSFER,10.0,C1000097,22694.32,22684.32,M4497912,0,0,0,2026-01-08T12:36:45.657251,
TXN-00009002,204,CASH_OUT,13530.84,C1000063,0.0,0.0,M2216621,0,0,0,2026-01-08T12:36:45.657315,
TXN-00009003,204,PAYMENT,10.0,C1000047,0.0,0.0,M3715052,0,0,0,2026-01-08T12:36:45.657377,
TXN-00009004,204,CASH_OUT,3566.72,C1000087,206023.83,202457.11,M9976450,0,0,0,2026-01-08T12:36:45.657437,
TXN-00009005,14,TRANSFER,76867.43,C1000062,0.0,-76257.77,M7571899,0,0,1,2026-01-08T12:36:45.657470,rapid_succession
TXN-00009006,204,PAYMENT,4337.5,C1000091,0.0,0.0,M4875511,0,0,0,2026-01-08T12:36:45.657538,
TXN-00009007,204,PAYMENT,7726.48,C1000014,259102.62,251376.14,M4102642,0,0,0,2026-01-08T12:36:45.657600,
TXN-00009008,13,CASH_OUT,51999.27,C1000071,190408.24,138408.97,M7522531,0,0,1,2026-01-08T12:36:45.657634,rapid_succession
TXN-00009009,204,DEBIT,357.69,C1000038,0.0,0.0,M8520407,0,0,0,2026-01-08T12:36:45.657698,
TXN-00009010,204,PAYMENT,17678.49,C1000076,0.0,0.0,M2971347,0,0,0,2026-01-08T12:36:45.657766,
TXN-00009011,204,CASH_OUT,10.0,C1000078,0.0,0.0,M7724296,0,0,0,2026-01-08T12:36:45.657832,
TXN-00009012,204,DEBIT,10.0,C1000023,29036.86,29026.86,M7344026,0,0,0,2026-01-08T12:36:45.657899,
TXN-00009013,204,PAYMENT,10.0,C1000075,445619.84,445609.84,M9144772,0,0,0,2026-01-08T12:36:45.657962,
TXN-00009014,18,TRANSFER,94343.13,C1000050,172521.3,78178.17,M2609664,0,0,1,2026-01-08T12:36:45.657997,rapid_succession
TXN-00009015,204,PAYMENT,1172.36,C1000004,224055.76,222883.39,M5585888,0,0,0,2026-01-08T12:36:45.658059,
TXN-00009016,10,CASH_OUT,89865.93,C1000032,0.0,0.0,M5452924,0,0,1,2026-01-08T12:36:45.658091,rapid_succession
TXN-00009017,13,TRANSFER,18485.18,C1000017,80868.89,62383.71,M4094428,0,0,1,2026-01-08T12:36:45.658121,rapid_succession
TXN-00009018,204,CASH_OUT,294.14,C1000081,96864.46,96570.32,M6734309,0,0,0,2026-01-08T12:36:45.658185,
TXN-00009019,204,CASH_OUT,17978.45,C1000093,0.0,0.0,M9805117,0,0,0,2026-01-08T12:36:45.658248,
TXN-00009020,204,PAYMENT,7553.8,C1000014,251376.14,243822.34,M5476004,0,0,0,2026-01-08T12:36:45.658311,
TXN-00009021,12,TRANSFER,106644.02,C1000024,0.0,-108915.28,M6541821,0,0,1,2026-01-08T12:36:45.658344,rapid_succession
TXN-00009022,204,CASH_OUT,10.0,C1000029,0.0,0.0,M4502304,0,0,0,2026-01-08T12:36:45.658412,
TXN-00009023,204,TRANSFER,4747.82,C1000032,0.0,0.0,M2103744,0,0,0,2026-01-08T12:36:45.658473,
TXN-00009024,204,PAYMENT,20663.3,C1000024,0.0,0.0,M9719750,0,0,0,2026-01-08T12:36:45.658535,
TXN-00009025,204,DEBIT,173367.16,C1000050,172521.3,0.0,M8454080,0,0,0,2026-01-08T12:36:45.658598,
TXN-00009026,18,CASH_OUT,75869.4,C1000097,22684.32,0.0,M8970796,0,0,1,2026-01-08T12:36:45.658631,rapid_succession
TXN-00009027,204,CASH_IN,10.0,C1000029,0.0,10.0,M1804921,0,0,0,2026-01-08T12:36:45.658693,
TXN-00009028,204,CASH_OUT,7449.36,C1000031,0.0,0.0,M7326489,0,0,0,2026-01-08T12:36:45.658753,
TXN-00009029,204,TRANSFER,3396.65,C1000087,202457.11,199060.45,M1947842,0,0,0,2026-01-08T12:36:45.658815,
TXN-00009030,204,TRANSFER,4210.03,C1000027,0.0,0.0,M9558123,0,0,0,2026-01-08T12:36:45.658878,
TXN-00009031,204,TRANSFER,7385.86,C1000036,0.0,0.0,M4619981,0,0,0,2026-01-08T12:36:45.658947,
TXN-00009032,204,PAYMENT,19125.12,C1000079,0.0,0.0,M1257404,0,0,0,2026-01-08T12:36:45.660012,
TXN-00009033,204,DEBIT,2547.98,C1000080,0.0,0.0,M6399828,0,0,0,2026-01-08T12:36:45.660201,
TXN-00009034,204,CASH_OUT,746.01,C1000094,197064.3,196318.28,M9892813,0,0,0,2026-01-08T12:36:45.660298,
TXN-00009035,204,DEBIT,6833.89,C1000036,0.0,0.0,M8790734,0,0,0,2026-01-08T12:36:45.660431,
TXN-00009036,204,TRANSFER,451.79,C1000060,58183.16,57731.36,M3162699,0,0,0,2026-01-08T12:36:45.660704,
TXN-00009037,204,PAYMENT,6617.9,C1000088,0.0,0.0,M9707856,0,0,0,2026-01-08T12:36:45.660893,
TXN-00009038,10,CASH_OUT,68225.26,C1000024,0.0,0.0,M6322845,0,0,1,2026-01-08T12:36:45.660946,rapid_succession
TXN-00009039,204,PAYMENT,11868.26,C1000074,0.0,0.0,M3359423,0,0,0,2026-01-08T12:36:45.661993,
TXN-00009040,204,PAYMENT,550.69,C1000008,228245.02,227694.33,M7581237,0,0,0,2026-01-08T12:36:45.662156,
TXN-00009041,204,PAYMENT,418.46,C1000081,96570.32,96151.86,M9092341,0,0,0,2026-01-08T12:36:45.662243,
TXN-00009042,204,CASH_OUT,10.0,C1000051,238345.46,238335.46,M2673568,0,0,0,2026-01-08T12:36:45.662434,
TXN-00009043,204,CASH_OUT,3294.21,C1000038,0.0,0.0,M1479021,0,0,0,2026-01-08T12:36:45.663090,
TXN-00009044,204,PAYMENT,55405.96,C1000000,0.0,0.0,M2480920,0,0,0,2026-01-08T12:36:45.663893,
TXN-00009045,204,DEBIT,8482.21,C1000051,238335.46,229853.25,M1548104,0,0,0,2026-01-08T12:36:45.664403,
TXN-00009046,204,CASH_OUT,68.74,C1000014,243822.34,243753.6,M7542970,0,0,0,2026-01-08T12:36:45.664587,
TXN-00009047,15,TRANSFER,34472.19,C1000048,215562.06,183182.39,M9346908,0,0,1,2026-01-08T12:36:45.664637,rapid_succession
TXN-00009048,204,PAYMENT,827.51,C1000077,94902.67,94075.15,M1236584,0,0,0,2026-01-08T12:36:45.664831,
TXN-00009049,13,TRANSFER,47522.31,C1000070,0.0,0.0,M5218390,0,0,1,2026-01-08T12:36:45.664873,rapid_succession
TXN-00009050,204,PAYMENT,458.79,C1000094,196318.28,195859.49,M4666095,0,0,0,2026-01-08T12:36:45.664957,
TXN-00009051,19,TRANSFER,30899.14,C1000065,0.0,-32469.17,M3907322,0,0,1,2026-01-08T12:36:45.665006,rapid_succession
TXN-00009052,204,TRANSFER,5236.56,C1000025,0.0,0.0,M1392400,0,0,0,2026-01-08T12:36:45.665103,
TXN-00009053,204,CASH_OUT,846.32,C1000004,222883.39,222037.08,M5229670,0,0,0,2026-01-08T12:36:45.665189,
TXN-00009054,204,CASH_OUT,69094.02,C1000064,0.0,0.0,M3344849,0,0,0,2026-01-08T12:36:45.665273,
TXN-00009055,204,PAYMENT,269.7,C1000055,196416.63,196146.93,M6320951,0,0,0,2026-01-08T12:36:45.665357,
TXN-00009056,204,CASH_OUT,6540.0,C1000058,0.0,0.0,M5528079,0,0,0,2026-01-08T12:36:45.665440,
TXN-00009057,204,TRANSFER,4816.3,C1000032,0.0,0.0,M4170531,0,0,0,2026-01-08T12:36:45.665527,
TXN-00009058,18,TRANSFER,89566.97,C1000002,280411.88,190844.9,M8658420,0,0,1,2026-01-08T12:36:45.665576,rapid_succession
TXN-00009059,204,PAYMENT,6659.94,C1000046,0.0,0.0,M7772423,0,0,0,2026-01-08T12:36:45.665668,
TXN-00009060,204,TRANSFER,172575.45,C1000050,0.0,0.0,M7931830,0,0,0,2026-01-08T12:36:45.665753,
TXN-00009061,204,PAYMENT,172968.59,C1000050,0.0,0.0,M9591265,0,0,0,2026-01-08T12:36:45.665845,
TXN-00009062,204,PAYMENT,10.0,C1000022,28813.21,28803.21,M8237091,0,0,0,2026-01-08T12:36:45.665950,
TXN-00009063,204,CASH_OUT,340.53,C1000004,222037.08,221696.55,M4096462,0,0,0,2026-01-08T12:36:45.666036,
TXN-00009064,204,DEBIT,10.0,C1000022,28803.21,28793.21,M5860166,0,0,0,2026-01-08T12:36:45.666124,
TXN-00009065,20,CASH_OUT,39346.06,C1000029,10.0,0.0,M2351924,0,0,1,2026-01-08T12:36:45.666170,rapid_succession
TXN-00009066,204,DEBIT,37891.69,C1000012,0.0,0.0,M9931578,0,0,0,2026-01-08T12:36:45.666315,
TXN-00009067,204,CASH_OUT,6130.44,C1000049,0.0,0.0,M4083581,0,0,0,2026-01-08T12:36:45.666660,
TXN-00009068,204,PAYMENT,10.0,C1000072,0.0,0.0,M1221210,0,0,0,2026-01-08T12:36:45.666795,
TXN-00009069,204,PAYMENT,26419.48,C1000056,0.0,0.0,M6033937,0,0,0,2026-01-08T12:36:45.666877,
TXN-00009070,20,CASH_OUT,75349.38,C1000050,0.0,0.0,M9440828,0,0,1,2026-01-08T12:36:45.666918,rapid_succession
TXN-00009071,204,CASH_OUT,868.91,C1000029,10.0,0.0,M9322182,0,0,0,2026-01-08T12:36:45.667001,
TXN-00009072,204,TRANSFER,47258.05,C1000053,0.0,0.0,M6704317,0,0,0,2026-01-08T12:36:45.667062,
TXN-00009073,204,PAYMENT,1191.83,C1000038,0.0,0.0,M9698653,0,0,0,2026-01-08T12:36:45.667119,
TXN-00009074,204,PAYMENT,4673.36,C1000033,24827.05,20153.69,M7563890,0,0,0,2026-01-08T12:36:45.667180,
TXN-00009075,204,TRANSFER,1301.07,C1000016,177374.01,176072.93,M5906729,0,0,0,2026-01-08T12:36:45.667246,
TXN-00009076,204,TRANSFER,1940.38,C1000041,248878.95,246938.57,M8443890,0,0,0,2026-01-08T12:36:45.667429,
TXN-00009077,204,CASH_OUT,6988.99,C1000088,0.0,0.0,M5588505,0,0,0,2026-01-08T12:36:45.667560,
TXN-00009078,204,DEBIT,4381.82,C1000052,0.0,0.0,M5978360,0,0,0,2026-01-08T12:36:45.667663,
TXN-00009079,204,TRANSFER,1960.77,C1000006,209470.44,207509.67,M3766749,0,0,0,2026-01-08T12:36:45.667740,
TXN-00009080,204,TRANSFER,24622.68,C1000037,0.0,0.0,M5013564,0,0,0,2026-01-08T12:36:45.667817,
TXN-00009081,204,CASH_OUT,1286.07,C1000007,53364.5,52078.44,M1302840,0,0,0,2026-01-08T12:36:45.667891,
TXN-00009082,204,CASH_OUT,4774.75,C1000057,0.0,0.0,M1436680,0,0,0,2026-01-08T12:36:45.667966,
TXN-00009083,204,PAYMENT,2989.97,C1000087,199060.45,196070.49,M2366884,0,0,0,2026-01-08T12:36:45.668055,
TXN-00009084,11,CASH_OUT,40286.1,C1000059,5398.89,0.0,M1507296,0,0,1,2026-01-08T12:36:45.668095,rapid_succession
TXN-00009085,204,CASH_IN,2076.37,C1000033,20153.69,22230.06,M8433624,0,0,0,2026-01-08T12:36:45.668166,
TXN-00009086,11,CASH_OUT,70481.34,C1000007,52078.44,0.0,M9345333,0,0,1,2026-01-08T12:36:45.668204,rapid_succession
TXN-00009087,204,PAYMENT,5399.26,C1000033,22230.06,16830.8,M1812747,0,0,0,2026-01-08T12:36:45.668278,
TXN-00009088,204,CASH_OUT,281.7,C1000004,221696.55,221414.85,M7596323,0,0,0,2026-01-08T12:36:45.668373,
TXN-00009089,204,CASH_IN,2742.63,C1000030,5250.6,7993.23,M9974074,0,0,0,2026-01-08T12:36:45.668463,
TXN-00009090,204,CASH_OUT,10.0,C1000048,215562.06,215552.06,M6325896,0,0,0,2026-01-08T12:36:45.668552,
TXN-00009091,204,TRANSFER,2795.21,C1000089,170560.03,167764.82,M3454970,0,0,0,2026-01-08T12:36:45.668636,
TXN-00009092,204,PAYMENT,6306.63,C1000080,0.0,0.0,M5644960,0,0,0,2026-01-08T12:36:45.668718,
TXN-00009093,204,CASH_OUT,13476.07,C1000063,0.0,0.0,M1546872,0,0,0,2026-01-08T12:36:45.668793,
TXN-00009094,16,TRANSFER,120237.2,C1000066,0.0,-116010.9,M5283349,0,0,1,2026-01-08T12:36:45.668839,rapid_succession
TXN-00009095,14,CASH_OUT,56685.79,C1000063,0.0,0.0,M9725860,0,0,1,2026-01-08T12:36:45.668883,rapid_succession
TXN-00009096,11,TRANSFER,16622.3,C1000073,0.0,0.0,M2977211,0,0,1,2026-01-08T12:36:45.668922,rapid_succession
TXN-00009097,204,CASH_OUT,35714.09,C1000073,0.0,0.0,M6943817,0,0,0,2026-01-08T12:36:45.669007,
TXN-00009098,204,PAYMENT,18726.61,C1000076,0.0,0.0,M5541564,0,0,0,2026-01-08T12:36:45.669103,
TXN-00009099,204,TRANSFER,3815.35,C1000026,194533.59,190718.24,M6897850,0,0,0,2026-01-08T12:36:45.669194,
TXN-00009100,11,CASH_OUT,109048.67,C1000046,0.0,0.0,M8154308,0,0,1,2026-01-08T12:36:45.669236,rapid_succession
TXN-00009101,204,PAYMENT,2339.55,C1000070,0.0,0.0,M3988955,0,0,0,2026-01-08T12:36:45.669326,
TXN-00009102,204,CASH_IN,315.15,C1000066,0.0,315.15,M7678101,0,0,0,2026-01-08T12:36:45.669400,
TXN-00009103,204,TRANSFER,1144.83,C1000089,167764.82,166619.99,M8081779,0,0,0,2026-01-08T12:36:45.669476,
TXN-00009104,204,PAYMENT,1950.1,C1000041,246938.57,244988.48,M8437863,0,0,0,2026-01-08T12:36:45.669555,
TXN-00009105,204,TRANSFER,2809.78,C1000043,19979.16,17169.39,M1573815,0,0,0,2026-01-08T12:36:45.669629,
TXN-00009106,204,TRANSFER,10.0,C1000066,315.15,305.15,M6840814,0,0,0,2026-01-08T12:36:45.669710,
TXN-00009107,204,CASH_IN,5838.7,C1000091,0.0,5838.7,M2915771,0,0,0,2026-01-08T12:36:45.669783,
TXN-00009108,20,CASH_OUT,48140.85,C1000031,0.0,0.0,M2096504,0,0,1,2026-01-08T12:36:45.669827,rapid_succession
TXN-00009109,204,TRANSFER,17614.98,C1000076,0.0,0.0,M5397385,0,0,0,2026-01-08T12:36:45.669904,
TXN-00009110,204,TRANSFER,2389.39,C1000069,86698.12,84308.73,M5430202,0,0,0,2026-01-08T12:36:45.669975,
TXN-00009111,204,PAYMENT,10.0,C1000009,133865.81,133855.81,M7047997,0,0,0,2026-01-08T12:36:45.670047,
TXN-00009112,14,TRANSFER,32742.6,C1000089,166619.99,133877.39,M4458760,0,0,1,2026-01-08T12:36:45.670091,rapid_succession
TXN-00009113,204,PAYMENT,1848.98,C1000086,162803.07,160954.09,M3328592,0,0,0,2026-01-08T12:36:45.670187,
TXN-00009114,204,PAYMENT,4845.99,C1000025,0.0,0.0,M6221358,0,0,0,2026-01-08T12:36:45.670268,
TXN-00009115,204,DEBIT,7635.26,C1000099,0.0,0.0,M5253972,0,0,0,2026-01-08T12:36:45.670349,
TXN-00009116,10,TRANSFER,42541.12,C1000044,2783.08,0.0,M5803877,0,0,1,2026-01-08T12:36:45.670393,rapid_succession
TXN-00009117,204,TRANSFER,10.0,C1000057,0.0,0.0,M6252214,0,0,0,2026-01-08T12:36:45.670475,
TXN-00009118,204,PAYMENT,3962.96,C1000097,22684.32,18721.36,M3287534,0,0,0,2026-01-08T12:36:45.670552,
TXN-00009119,204,PAYMENT,2055.0,C1000026,190718.24,188663.25,M2744150,0,0,0,2026-01-08T12:36:45.670629,
TXN-00009120,204,CASH_OUT,6489.99,C1000088,0.0,0.0,M2634916,0,0,0,2026-01-08T12:36:45.670705,
TXN-00009121,204,PAYMENT,10880.37,C1000014,243753.6,232873.22,M2024307,0,0,0,2026-01-08T12:36:45.670781,
TXN-00009122,204,CASH_OUT,17719.37,C1000093,0.0,0.0,M6223089,0,0,0,2026-01-08T12:36:45.670855,
TXN-00009123,204,PAYMENT,24686.72,C1000037,0.0,0.0,M4691428,0,0,0,2026-01-08T12:36:45.670931,
TXN-00009124,204,DEBIT,4215.54,C1000058,0.0,0.0,M4377550,0,0,0,2026-01-08T12:36:45.671000,
TXN-00009125,204,TRANSFER,10.0,C1000082,49442.72,49432.72,M8459478,0,0,0,2026-01-08T12:36:45.671071,
TXN-00009126,204,PAYMENT,13950.52,C1000054,0.0,0.0,M6399845,0,0,0,2026-01-08T12:36:45.671139,
TXN-00009127,204,TRANSFER,14613.76,C1000095,0.0,0.0,M5594545,0,0,0,2026-01-08T12:36:45.671206,
TXN-00009128,204,PAYMENT,1657.29,C1000090,259108.32,257451.03,M3631787,0,0,0,2026-01-08T12:36:45.671283,
TXN-00009129,204,TRANSFER,319.65,C1000075,445609.84,445290.19,M8902621,0,0,0,2026-01-08T12:36:45.671353,
TXN-00009130,204,PAYMENT,1625.18,C1000021,0.0,0.0,M2908589,0,0,0,2026-01-08T12:36:45.671428,
TXN-00009131,204,PAYMENT,2452.27,C1000040,0.0,0.0,M8767839,0,0,0,2026-01-08T12:36:45.671500,
TXN-00009132,204,CASH_OUT,173616.31,C1000050,0.0,0.0,M5827873,0,0,0,2026-01-08T12:36:45.671576,
TXN-00009133,12,TRANSFER,57409.22,C1000087,196070.49,137084.87,M3674336,0,0,1,2026-01-08T12:36:45.671622,rapid_succession
TXN-00009134,204,CASH_OUT,4909.95,C1000032,0.0,0.0,M6505324,0,0,0,2026-01-08T12:36:45.671714,
TXN-00009135,10,TRANSFER,87990.0,C1000032,0.0,-84389.33,M9884407,0,0,1,2026-01-08T12:36:45.671752,rapid_succession
TXN-00009136,204,PAYMENT,1174.51,C1000094,195859.49,194684.98,M9706627,0,0,0,2026-01-08T12:36:45.671837,
TXN-00009137,204,TRANSFER,1792.94,C1000006,207509.67,205716.73,M6864905,0,0,0,2026-01-08T12:36:45.671916,
TXN-00009138,204,PAYMENT,10.0,C1000060,57731.36,57721.36,M3800540,0,0,0,2026-01-08T12:36:45.671995,
TXN-00009139,204,PAYMENT,1711.98,C1000026,188663.25,186951.27,M4256832,0,0,0,2026-01-08T12:36:45.672071,
TXN-00009140,204,TRANSFER,7289.24,C1000036,0.0,0.0,M1644124,0,0,0,2026-01-08T12:36:45.672151,
TXN-00009141,204,PAYMENT,2234.39,C1000086,160954.09,158719.7,M6469676,0,0,0,2026-01-08T12:36:45.672231,
TXN-00009142,11,TRANSFER,115908.47,C1000057,0.0,-111120.3,M2507857,0,0,1,2026-01-08T12:36:45.672270,rapid_succession
TXN-00009143,204,TRANSFER,7525.91,C1000099,0.0,0.0,M3565191,0,0,0,2026-01-08T12:36:45.672382,
TXN-00009144,204,CASH_OUT,2437.57,C1000086,158719.7,156282.13,M9945132,0,0,0,2026-01-08T12:36:45.672461,
TXN-00009145,19,TRANSFER,56003.32,C1000072,0.0,0.0,M9717258,0,0,1,2026-01-08T12:36:45.672507,rapid_succession
TXN-00009146,204,PAYMENT,308.26,C1000041,244988.48,244680.22,M7205308,0,0,0,2026-01-08T12:36:45.672583,
TXN-00009147,204,PAYMENT,5944.8,C1000003,0.0,0.0,M6117420,0,0,0,2026-01-08T12:36:45.672656,
TXN-00009148,13,CASH_OUT,24544.96,C1000074,0.0,0.0,M6339787,0,0,1,2026-01-08T12:36:45.672695,rapid_succession
TXN-00009149,18,CASH_OUT,119601.8,C1000070,0.0,0.0,M9048040,0,0,1,2026-01-08T12:36:45.672730,rapid_succession
TXN-00009150,204,PAYMENT,3870.81,C1000062,0.0,0.0,M7699935,0,0,0,2026-01-08T12:36:45.672801,
TXN-00009151,204,TRANSFER,33101.04,C1000073,0.0,0.0,M3724777,0,0,0,2026-01-08T12:36:45.672870,
TXN-00009152,204,CASH_OUT,13248.15,C1000074,0.0,0.0,M2693195,0,0,0,2026-01-08T12:36:45.673274,
TXN-00009153,204,TRANSFER,5699.91,C1000052,0.0,0.0,M8261137,0,0,0,2026-01-08T12:36:45.673452,
TXN-00009154,204,TRANSFER,1793.65,C1000066,305.15,0.0,M7059259,0,0,0,2026-01-08T12:36:45.673690,
TXN-00009155,12,CASH_OUT,71065.57,C1000049,0.0,0.0,M5410054,0,0,1,2026-01-08T12:36:45.673743,rapid_succession
TXN-00009156,204,PAYMENT,10.0,C1000018,160132.42,160122.42,M1732356,0,0,0,2026-01-08T12:36:45.673824,
TXN-00009157,204,TRANSFER,18231.28,C1000024,0.0,0.0,M7212852,0,0,0,2026-01-08T12:36:45.673906,
TXN-00009158,204,CASH_OUT,10.0,C1000080,0.0,0.0,M5566609,0,0,0,2026-01-08T12:36:45.673987,
TXN-00009159,204,CASH_OUT,18124.14,C1000076,0.0,0.0,M8702428,0,0,0,2026-01-08T12:36:45.674050,
TXN-00009160,204,PAYMENT,4931.08,C1000003,0.0,0.0,M1615041,0,0,0,2026-01-08T12:36:45.674110,
TXN-00009161,17,TRANSFER,124775.59,C1000031,0.0,-126419.88,M3456628,0,0,1,2026-01-08T12:36:45.674150,rapid_succession
TXN-00009162,204,CASH_OUT,10.0,C1000040,0.0,0.0,M4564359,0,0,0,2026-01-08T12:36:45.674219,
TXN-00009163,12,CASH_OUT,110434.45,C1000091,5838.7,0.0,M1533873,0,0,1,2026-01-08T12:36:45.674248,rapid_succession
TXN-00009164,204,CASH_OUT,190.75,C1000009,133855.81,133665.06,M2575057,0,0,0,2026-01-08T12:36:45.674316,
TXN-00009165,204,TRANSFER,18814.45,C1000019,0.0,0.0,M4661011,0,0,0,2026-01-08T12:36:45.674384,
TXN-00009166,204,CASH_OUT,7088.15,C1000080,0.0,0.0,M6397223,0,0,0,2026-01-08T12:36:45.674451,
TXN-00009167,204,DEBIT,1291.44,C1000044,2783.08,1491.64,M2801260,0,0,0,2026-01-08T12:36:45.674521,
TXN-00009168,204,CASH_OUT,23109.8,C1000035,0.0,0.0,M1689803,0,0,0,2026-01-08T12:36:45.674588,
TXN-00009169,204,PAYMENT,2745.92,C1000045,0.0,0.0,M5706872,0,0,0,2026-01-08T12:36:45.674654,
TXN-00009170,204,PAYMENT,4327.33,C1000062,0.0,0.0,M9664679,0,0,0,2026-01-08T12:36:45.674719,
TXN-00009171,204,PAYMENT,2901.31,C1000057,0.0,0.0,M3486861,0,0,0,2026-01-08T12:36:45.674783,
TXN-00009172,204,CASH_IN,5323.03,C1000062,0.0,5323.03,M8791934,0,0,0,2026-01-08T12:36:45.674846,
TXN-00009173,204,CASH_OUT,2005.32,C1000018,160122.42,158117.1,M8280749,0,0,0,2026-01-08T12:36:45.674910,
TXN-00009174,204,CASH_OUT,19506.29,C1000019,0.0,0.0,M6487936,0,0,0,2026-01-08T12:36:45.674975,
TXN-00009175,204,CASH_IN,6725.12,C1000054,0.0,6725.12,M9964462,0,0,0,2026-01-08T12:36:45.675038,
TXN-00009176,204,CASH_OUT,10.0,C1000066,0.0,0.0,M2917020,0,0,0,2026-01-08T12:36:45.675103,
TXN-00009177,204,TRANSFER,3753.59,C1000003,0.0,0.0,M3826512,0,0,0,2026-01-08T12:36:45.675163,
TXN-00009178,204,TRANSFER,6108.19,C1000091,5838.7,0.0,M3136365,0,0,0,2026-01-08T12:36:45.675226,
TXN-00009179,18,CASH_OUT,23426.95,C1000092,0.0,0.0,M1776628,0,0,1,2026-01-08T12:36:45.675261,rapid_succession
TXN-00009180,10,CASH_OUT,59952.31,C1000020,323593.55,263641.24,M5496278,0,0,1,2026-01-08T12:36:45.675293,rapid_succession
TXN-00009181,204,PAYMENT,2030.81,C1000097,18721.36,16690.56,M2398498,0,0,0,2026-01-08T12:36:45.675359,
TXN-00009182,204,PAYMENT,8556.54,C1000039,0.0,0.0,M9029279,0,0,0,2026-01-08T12:36:45.675424,
TXN-00009183,204,CASH_IN,18651.66,C1000019,0.0,18651.66,M8539241,0,0,0,2026-01-08T12:36:45.675487,
TXN-00009184,204,DEBIT,10.0,C1000014,232873.22,232863.22,M3987953,0,0,0,2026-01-08T12:36:45.675551,
TXN-00009185,204,TRANSFER,451.27,C1000048,215552.06,215100.78,M9212999,0,0,0,2026-01-08T12:36:45.675623,
TXN-00009186,19,CASH_OUT,39084.62,C1000083,211062.43,171977.81,M9700048,0,0,1,2026-01-08T12:36:45.675669,rapid_succession
TXN-00009187,11,CASH_OUT,44415.48,C1000000,0.0,0.0,M1922596,0,0,1,2026-01-08T12:36:45.677311,rapid_succession
TXN-00009188,20,TRANSFER,32469.48,C1000036,0.0,0.0,M6371073,0,0,1,2026-01-08T12:36:45.677455,rapid_succession
TXN-00009189,14,CASH_OUT,57438.05,C1000002,280411.88,222973.82,M3936559,0,0,1,2026-01-08T12:36:45.677899,rapid_succession
TXN-00009190,204,PAYMENT,4098.02,C1000072,0.0,0.0,M1659766,0,0,0,2026-01-08T12:36:45.678241,
TXN-00009191,204,PAYMENT,84416.43,C1000064,0.0,0.0,M6136359,0,0,0,2026-01-08T12:36:45.678497,
TXN-00009192,204,PAYMENT,10.0,C1000061,246172.94,246162.94,M5520464,0,0,0,2026-01-08T12:36:45.678638,
TXN-00009193,204,TRANSFER,4924.36,C1000032,0.0,0.0,M8663495,0,0,0,2026-01-08T12:36:45.678735,
TXN-00009194,204,TRANSFER,14251.58,C1000074,0.0,0.0,M5622555,0,0,0,2026-01-08T12:36:45.678819,
TXN-00009195,204,DEBIT,1468.8,C1000020,323593.55,322124.75,M2538058,0,0,0,2026-01-08T12:36:45.678968,
TXN-00009196,204,TRANSFER,41849.76,C1000042,0.0,0.0,M7048565,0,0,0,2026-01-08T12:36:45.679605,
TXN-00009197,204,CASH_OUT,5545.26,C1000052,0.0,0.0,M1944029,0,0,0,2026-01-08T12:36:45.680042,
TXN-00009198,204,PAYMENT,10.0,C1000082,49432.72,49422.72,M4766186,0,0,0,2026-01-08T12:36:45.680254,
TXN-00009199,204,PAYMENT,17560.18,C1000076,0.0,0.0,M4065525,0,0,0,2026-01-08T12:36:45.680564,
TXN-00009200,14,TRANSFER,80275.6,C1000004,221414.85,142242.59,M2715868,0,0,1,2026-01-08T12:36:45.680675,rapid_succession
TXN-00009201,204,PAYMENT,3439.6,C1000087,196070.49,192630.89,M5354794,0,0,0,2026-01-08T12:36:45.703280,
TXN-00009202,204,DEBIT,7942.77,C1000013,0.0,0.0,M1288463,0,0,0,2026-01-08T12:36:45.703456,
TXN-00009203,204,PAYMENT,459.69,C1000094,194684.98,194225.29,M8296497,0,0,0,2026-01-08T12:36:45.703576,
TXN-00009204,15,TRANSFER,21056.63,C1000062,5323.03,0.0,M7433358,0,0,1,2026-01-08T12:36:45.703622,rapid_succession
TXN-00009205,204,CASH_OUT,7362.49,C1000013,0.0,0.0,M8411857,0,0,0,2026-01-08T12:36:45.703699,
TXN-00009206,204,CASH_OUT,10.0,C1000002,280411.88,280401.88,M5990151,0,0,0,2026-01-08T12:36:45.703783,
TXN-00009207,204,TRANSFER,4669.5,C1000025,0.0,0.0,M7321817,0,0,0,2026-01-08T12:36:45.703868,
TXN-00009208,204,CASH_OUT,10.0,C1000047,0.0,0.0,M9384889,0,0,0,2026-01-08T12:36:45.703953,
TXN-00009209,19,CASH_OUT,107659.47,C1000046,0.0,0.0,M2943637,0,0,1,2026-01-08T12:36:45.703995,rapid_succession
TXN-00009210,10,CASH_OUT,20805.32,C1000044,1491.64,0.0,M3084748,0,0,1,2026-01-08T12:36:45.704038,rapid_succession
TXN-00009211,204,PAYMENT,1285.58,C1000061,246162.94,244877.36,M1240154,0,0,0,2026-01-08T12:36:45.704130,
TXN-00009212,204,PAYMENT,6147.84,C1000013,0.0,0.0,M2820935,0,0,0,2026-01-08T12:36:45.704241,
TXN-00009213,204,TRANSFER,2590.94,C1000069,84308.73,81717.79,M1758603,0,0,0,2026-01-08T12:36:45.704331,
TXN-00009214,204,PAYMENT,4199.31,C1000030,7993.23,3793.92,M7228756,0,0,0,2026-01-08T12:36:45.704423,
TXN-00009215,20,CASH_OUT,189707.68,C1000075,445290.19,255582.51,M8159697,0,0,1,2026-01-08T12:36:45.704472,rapid_succession
TXN-00009216,204,PAYMENT,4684.24,C1000084,123176.85,118492.6,M7249866,0,0,0,2026-01-08T12:36:45.704567,
TXN-00009217,10,CASH_OUT,91530.84,C1000085,0.0,0.0,M8010963,0,0,1,2026-01-08T12:36:45.704635,rapid_succession
TXN-00009218,18,CASH_OUT,58281.77,C1000064,0.0,0.0,M7682548,0,0,1,2026-01-08T12:36:45.704676,rapid_succession
TXN-00009219,16,TRANSFER,104761.13,C1000015,0.0,-107881.77,M9840714,0,0,1,2026-01-08T12:36:45.704714,rapid_succession
TXN-00009220,204,PAYMENT,1738.02,C1000045,0.0,0.0,M8039806,0,0,0,2026-01-08T12:36:45.704813,
TXN-00009221,17,CASH_OUT,33634.45,C1000059,5398.89,0.0,M7613262,0,0,1,2026-01-08T12:36:45.704853,rapid_succession
TXN-00009222,14,TRANSFER,99352.98,C1000098,236743.99,137391.01,M2590511,0,0,1,2026-01-08T12:36:45.704892,rapid_succession
TXN-00009223,204,PAYMENT,3480.16,C1000062,5323.03,1842.87,M9508207,0,0,0,2026-01-08T12:36:45.704978,
TXN-00009224,204,CASH_OUT,997.35,C1000030,3793.92,2796.57,M9745894,0,0,0,2026-01-08T12:36:45.705062,
TXN-00009225,17,CASH_OUT,67411.58,C1000099,0.0,0.0,M2504114,0,0,1,2026-01-08T12:36:45.705103,rapid_succession
TXN-00009226,204,PAYMENT,10.0,C1000002,280401.88,280391.88,M7767418,0,0,0,2026-01-08T12:36:45.705216,
TXN-00009227,204,DEBIT,3043.11,C1000041,244680.22,241637.11,M4102534,0,0,0,2026-01-08T12:36:45.705302,
TXN-00009228,16,CASH_OUT,44595.02,C1000030,2796.57,0.0,M6201012,0,0,1,2026-01-08T12:36:45.705342,rapid_succession
TXN-00009229,204,TRANSFER,53698.19,C1000000,0.0,0.0,M2838610,0,0,0,2026-01-08T12:36:45.705425,
TXN-00009230,204,PAYMENT,3738.27,C1000006,205716.73,201978.46,M4643247,0,0,0,2026-01-08T12:36:45.705507,
TXN-00009231,204,PAYMENT,17550.14,C1000076,0.0,0.0,M2426848,0,0,0,2026-01-08T12:36:45.705591,
TXN-00009232,204,CASH_OUT,529.99,C1000021,0.0,0.0,M5394998,0,0,0,2026-01-08T12:36:45.705674,
TXN-00009233,204,TRANSFER,173401.49,C1000050,0.0,0.0,M2138132,0,0,0,2026-01-08T12:36:45.705986,
TXN-00009234,204,TRANSFER,870.96,C1000022,28793.21,27922.25,M5523509,0,0,0,2026-01-08T12:36:45.706161,
TXN-00009235,12,CASH_OUT,164117.23,C1000046,0.0,0.0,M1812550,0,0,1,2026-01-08T12:36:45.706208,rapid_succession
TXN-00009236,204,CASH_OUT,1836.61,C1000018,158117.1,156280.49,M5044200,0,0,0,2026-01-08T12:36:45.706412,
TXN-00009237,14,CASH_OUT,35497.01,C1000039,0.0,0.0,M3453682,0,0,1,2026-01-08T12:36:45.706462,rapid_succession
TXN-00009238,204,DEBIT,10.0,C1000051,229853.25,229843.25,M1935013,0,0,0,2026-01-08T12:36:45.706545,
TXN-00009239,14,CASH_OUT,23657.98,C1000065,0.0,0.0,M8269359,0,0,1,2026-01-08T12:36:45.706580,rapid_succession
TXN-00009240,204,TRANSFER,1149.07,C1000098,236743.99,235594.92,M9594614,0,0,0,2026-01-08T12:36:45.706645,
TXN-00009241,204,CASH_IN,10.0,C1000061,244877.36,244887.36,M3553661,0,0,0,2026-01-08T12:36:45.706709,
TXN-00009242,15,CASH_OUT,51843.85,C1000051,229843.25,177999.39,M6087264,0,0,1,2026-01-08T12:36:45.706743,rapid_succession
TXN-00009243,204,TRANSFER,4902.04,C1000025,0.0,0.0,M1852592,0,0,0,2026-01-08T12:36:45.706812,
TXN-00009244,10,CASH_OUT,32470.1,C1000018,156280.49,123810.4,M7859365,0,0,1,2026-01-08T12:36:45.706843,rapid_succession
TXN-00009245,14,CASH_OUT,78998.21,C1000012,0.0,0.0,M4834972,0,0,1,2026-01-08T12:36:45.706878,rapid_succession
TXN-00009246,13,CASH_OUT,178018.95,C1000012,0.0,0.0,M9420982,0,0,1,2026-01-08T12:36:45.706906,rapid_succession
TXN-00009247,204,CASH_OUT,162.64,C1000068,110418.15,110255.51,M7558376,0,0,0,2026-01-08T12:36:45.707033,
TXN-00009248,204,PAYMENT,914.81,C1000083,211062.43,210147.62,M2769991,0,0,0,2026-01-08T12:36:45.707271,
TXN-00009249,204,PAYMENT,253.73,C1000081,96151.86,95898.13,M1062763,0,0,0,2026-01-08T12:36:45.707394,
TXN-00009250,19,CASH_OUT,88142.87,C1000043,17169.39,0.0,M9419587,0,0,1,2026-01-08T12:36:45.707438,rapid_succession
TXN-00009251,204,PAYMENT,178.96,C1000075,445290.19,445111.22,M1382002,0,0,0,2026-01-08T12:36:45.707515,
TXN-00009252,204,TRANSFER,1970.83,C1000041,241637.11,239666.29,M2815303,0,0,0,2026-01-08T12:36:45.707587,
TXN-00009253,204,PAYMENT,23712.96,C1000037,0.0,0.0,M4686387,0,0,0,2026-01-08T12:36:45.707658,
TXN-00009254,204,TRANSFER,8624.8,C1000005,13197.62,4572.82,M1095852,0,0,0,2026-01-08T12:36:45.707725,
TXN-00009255,204,DEBIT,13704.31,C1000063,0.0,0.0,M9163306,0,0,0,2026-01-08T12:36:45.707792,
TXN-00009256,204,TRANSFER,639.64,C1000075,445111.22,444471.58,M1947008,0,0,0,2026-01-08T12:36:45.707872,
TXN-00009257,204,PAYMENT,4786.67,C1000065,0.0,0.0,M4490287,0,0,0,2026-01-08T12:36:45.707939,
TXN-00009258,204,CASH_OUT,22983.88,C1000024,0.0,0.0,M2183258,0,0,0,2026-01-08T12:36:45.708005,
TXN-00009259,18,CASH_OUT,34410.59,C1000031,0.0,0.0,M5416723,0,0,1,2026-01-08T12:36:45.708044,rapid_succession
TXN-00009260,18,CASH_OUT,19318.25,C1000079,0.0,0.0,M6018399,0,0,1,2026-01-08T12:36:45.708075,rapid_succession
TXN-00009261,204,TRANSFER,2121.8,C1000086,156282.13,154160.34,M8887973,0,0,0,2026-01-08T12:36:45.708139,
TXN-00009262,13,CASH_OUT,115343.0,C1000030,2796.57,0.0,M9703371,0,0,1,2026-01-08T12:36:45.708172,rapid_succession
TXN-00009263,204,PAYMENT,10343.74,C1000092,0.0,0.0,M5670598,0,0,0,2026-01-08T12:36:45.708241,
TXN-00009264,11,TRANSFER,119905.93,C1000013,0.0,-124633.6,M5849885,0,0,1,2026-01-08T12:36:45.708271,rapid_succession
TXN-00009265,204,CASH_IN,1221.34,C1000030,2796.57,4017.91,M6336740,0,0,0,2026-01-08T12:36:45.708341,
TXN-00009266,204,TRANSFER,1859.3,C1000051,229843.25,227983.94,M9530737,0,0,0,2026-01-08T12:36:45.708405,
TXN-00009267,18,CASH_OUT,43776.32,C1000007,52078.44,8302.12,M9034969,0,0,1,2026-01-08T12:36:45.708434,rapid_succession
TXN-00009268,204,CASH_OUT,1729.73,C1000071,190408.24,188678.51,M4510157,0,0,0,2026-01-08T12:36:45.708492,
TXN-00009269,204,CASH_OUT,1525.77,C1000051,227983.94,226458.17,M9917761,0,0,0,2026-01-08T12:36:45.708550,
TXN-00009270,204,TRANSFER,23940.29,C1000037,0.0,0.0,M5202998,0,0,0,2026-01-08T12:36:45.708610,
TXN-00009271,204,TRANSFER,1789.75,C1000086,154160.34,152370.59,M8558107,0,0,0,2026-01-08T12:36:45.708672,
TXN-00009272,204,DEBIT,56261.71,C1000000,0.0,0.0,M8078237,0,0,0,2026-01-08T12:36:45.714319,
TXN-00009273,204,DEBIT,288.29,C1000075,444471.58,444183.3,M1623924,0,0,0,2026-01-08T12:36:45.715214,
TXN-00009274,204,CASH_IN,12055.93,C1000005,4572.82,16628.75,M9801122,0,0,0,2026-01-08T12:36:45.715547,
TXN-00009275,17,CASH_OUT,49543.44,C1000026,186951.27,137407.83,M8692257,0,0,1,2026-01-08T12:36:45.715607,rapid_succession
TXN-00009276,204,TRANSFER,10697.58,C1000051,226458.17,215760.59,M5536872,0,0,0,2026-01-08T12:36:45.715726,
TXN-00009277,204,PAYMENT,14457.89,C1000082,49422.72,34964.83,M5319625,0,0,0,2026-01-08T12:36:45.715831,
TXN-00009278,204,CASH_IN,571.48,C1000061,244887.36,245458.83,M5063985,0,0,0,2026-01-08T12:36:45.715950,
TXN-00009279,204,PAYMENT,23350.75,C1000024,0.0,0.0,M7490480,0,0,0,2026-01-08T12:36:45.716039,
TXN-00009280,204,TRANSFER,954.33,C1000071,188678.51,187724.18,M6890142,0,0,0,2026-01-08T12:36:45.716125,
TXN-00009281,204,CASH_OUT,47399.84,C1000053,0.0,0.0,M3705361,0,0,0,2026-01-08T12:36:45.716210,
TXN-00009282,204,PAYMENT,2614.8,C1000033,16830.8,14215.99,M4346070,0,0,0,2026-01-08T12:36:45.716294,
TXN-00009283,204,CASH_OUT,18474.32,C1000076,0.0,0.0,M1113206,0,0,0,2026-01-08T12:36:45.716379,
TXN-00009284,204,TRANSFER,4509.99,C1000025,0.0,0.0,M3270687,0,0,0,2026-01-08T12:36:45.716465,
TXN-00009285,204,PAYMENT,33016.62,C1000073,0.0,0.0,M3672865,0,0,0,2026-01-08T12:36:45.716551,
TXN-00009286,204,TRANSFER,10.0,C1000081,95898.13,95888.13,M8010928,0,0,0,2026-01-08T12:36:45.716638,
TXN-00009287,204,DEBIT,10.0,C1000002,280391.88,280381.88,M6059536,0,0,0,2026-01-08T12:36:45.716730,
TXN-00009288,204,CASH_IN,35017.3,C1000073,0.0,35017.3,M4120723,0,0,0,2026-01-08T12:36:45.716819,
TXN-00009289,204,CASH_OUT,3557.35,C1000057,0.0,0.0,M7283651,0,0,0,2026-01-08T12:36:45.716905,
TXN-00009290,204,PAYMENT,6508.55,C1000057,0.0,0.0,M8646587,0,0,0,2026-01-08T12:36:45.717023,
TXN-00009291,204,TRANSFER,3260.34,C1000045,0.0,0.0,M9045295,0,0,0,2026-01-08T12:36:45.717110,
TXN-00009292,204,PAYMENT,10690.48,C1000005,16628.75,5938.27,M8329388,0,0,0,2026-01-08T12:36:45.717195,
TXN-00009293,204,TRANSFER,1385.03,C1000044,1491.64,106.61,M7599904,0,0,0,2026-01-08T12:36:45.717284,
TXN-00009294,204,PAYMENT,36591.57,C1000073,35017.3,0.0,M7783883,0,0,0,2026-01-08T12:36:45.717370,
TXN-00009295,204,CASH_OUT,1787.4,C1000090,257451.03,255663.63,M9941136,0,0,0,2026-01-08T12:36:45.717457,
TXN-00009296,204,CASH_IN,3014.37,C1000030,4017.91,7032.28,M2890628,0,0,0,2026-01-08T12:36:45.717547,
TXN-00009297,204,CASH_OUT,2983.36,C1000038,0.0,0.0,M6011769,0,0,0,2026-01-08T12:36:45.717634,
TXN-00009298,204,CASH_OUT,1622.54,C1000077,94075.15,92452.61,M2487614,0,0,0,2026-01-08T12:36:45.717719,
TXN-00009299,204,TRANSFER,3216.75,C1000028,0.0,0.0,M4718122,0,0,0,2026-01-08T12:36:45.717807,
TXN-00009300,204,PAYMENT,20342.85,C1000082,34964.83,14621.98,M4374845,0,0,0,2026-01-08T12:36:45.717891,
TXN-00009301,204,PAYMENT,4634.79,C1000032,0.0,0.0,M8441704,0,0,0,2026-01-08T12:36:45.717979,
TXN-00009302,204,PAYMENT,6177.22,C1000059,5398.89,0.0,M2042905,0,0,0,2026-01-08T12:36:45.718092,
TXN-00009303,204,CASH_OUT,10.0,C1000060,57721.36,57711.36,M3634898,0,0,0,2026-01-08T12:36:45.718174,
TXN-00009304,204,PAYMENT,4532.19,C1000027,0.0,0.0,M6447817,0,0,0,2026-01-08T12:36:45.718259,
TXN-00009305,204,PAYMENT,1813.41,C1000086,152370.59,150557.17,M2818258,0,0,0,2026-01-08T12:36:45.718344,
TXN-00009306,204,CASH_OUT,7239.34,C1000051,215760.59,208521.25,M5790139,0,0,0,2026-01-08T12:36:45.718432,
TXN-00009307,204,TRANSFER,1862.69,C1000089,166619.99,164757.3,M3782923,0,0,0,2026-01-08T12:36:45.718515,
TXN-00009308,204,CASH_OUT,10.0,C1000047,0.0,0.0,M3052106,0,0,0,2026-01-08T12:36:45.718599,
TXN-00009309,204,PAYMENT,15362.74,C1000005,5938.27,0.0,M4005120,0,0,0,2026-01-08T12:36:45.718672,
TXN-00009310,204,DEBIT,6862.15,C1000091,0.0,0.0,M5287507,0,0,0,2026-01-08T12:36:45.718840,
TXN-00009311,204,PAYMENT,6828.79,C1000033,14215.99,7387.2,M9077837,0,0,0,2026-01-08T12:36:45.719051,
TXN-00009312,204,TRANSFER,10.0,C1000082,14621.98,14611.98,M4617088,0,0,0,2026-01-08T12:36:45.719218,
TXN-00009313,204,PAYMENT,10.0,C1000014,232863.22,232853.22,M7402342,0,0,0,2026-01-08T12:36:45.719306,
TXN-00009314,204,PAYMENT,10.0,C1000047,0.0,0.0,M4599902,0,0,0,2026-01-08T12:36:45.719384,
TXN-00009315,204,PAYMENT,9461.09,C1000074,0.0,0.0,M5904367,0,0,0,2026-01-08T12:36:45.719457,
TXN-00009316,204,PAYMENT,6594.78,C1000088,0.0,0.0,M7587078,0,0,0,2026-01-08T12:36:45.719529,
TXN-00009317,204,PAYMENT,173565.71,C1000050,0.0,0.0,M2298748,0,0,0,2026-01-08T12:36:45.719842,
TXN-00009318,204,PAYMENT,6493.45,C1000088,0.0,0.0,M4476714,0,0,0,2026-01-08T12:36:45.719994,
TXN-00009319,204,TRANSFER,7681.85,C1000013,0.0,0.0,M4697245,0,0,0,2026-01-08T12:36:45.720068,
TXN-00009320,204,PAYMENT,2208.95,C1000017,80868.89,78659.94,M6250103,0,0,0,2026-01-08T12:36:45.720152,
TXN-00009321,204,TRANSFER,1719.03,C1000098,235594.92,233875.89,M5159949,0,0,0,2026-01-08T12:36:45.720271,
TXN-00009322,204,TRANSFER,1162.9,C1000057,0.0,0.0,M9409465,0,0,0,2026-01-08T12:36:45.720351,
TXN-00009323,204,PAYMENT,3709.28,C1000062,1842.87,0.0,M8269909,0,0,0,2026-01-08T12:36:45.720431,
TXN-00009324,204,CASH_IN,1687.12,C1000026,186951.27,188638.39,M1293597,0,0,0,2026-01-08T12:36:45.720513,
TXN-00009325,204,PAYMENT,5443.9,C1000025,0.0,0.0,M3377262,0,0,0,2026-01-08T12:36:45.720595,
TXN-00009326,204,TRANSFER,1008.46,C1000068,110255.51,109247.05,M9767217,0,0,0,2026-01-08T12:36:45.720675,
TXN-00009327,11,CASH_OUT,26703.24,C1000092,0.0,0.0,M9124444,0,0,1,2026-01-08T12:36:45.720726,rapid_succession
TXN-00009328,19,TRANSFER,13176.44,C1000006,201978.46,188802.02,M9785470,0,0,1,2026-01-08T12:36:45.720770,rapid_succession
TXN-00009329,204,PAYMENT,364.95,C1000098,233875.89,233510.94,M6819782,0,0,0,2026-01-08T12:36:45.720853,
TXN-00009330,204,CASH_OUT,7850.76,C1000036,0.0,0.0,M6390955,0,0,0,2026-01-08T12:36:45.720936,
TXN-00009331,204,DEBIT,10.0,C1000007,52078.44,52068.44,M9149423,0,0,0,2026-01-08T12:36:45.721047,
TXN-00009332,10,CASH_OUT,31410.27,C1000003,0.0,0.0,M1710767,0,0,1,2026-01-08T12:36:45.721104,rapid_succession
TXN-00009333,204,PAYMENT,628.37,C1000055,196146.93,195518.55,M2231673,0,0,0,2026-01-08T12:36:45.721186,
TXN-00009334,204,PAYMENT,17389.4,C1000076,0.0,0.0,M7846814,0,0,0,2026-01-08T12:36:45.721287,
TXN-00009335,12,TRANSFER,67779.77,C1000041,239666.29,171886.52,M6364103,0,0,1,2026-01-08T12:36:45.721343,rapid_succession
TXN-00009336,204,CASH_OUT,6711.18,C1000091,0.0,0.0,M6176808,0,0,0,2026-01-08T12:36:45.721410,
TXN-00009337,204,CASH_IN,384.59,C1000098,233510.94,233895.53,M7013891,0,0,0,2026-01-08T12:36:45.721482,
TXN-00009338,11,TRANSFER,80767.71,C1000002,280381.88,198100.01,M9361572,0,0,1,2026-01-08T12:36:45.721525,rapid_succession
TXN-00009339,12,CASH_OUT,195160.99,C1000075,444183.3,249022.31,M2477947,0,0,1,2026-01-08T12:36:45.721571,rapid_succession
TXN-00009340,204,CASH_OUT,41845.27,C1000064,0.0,0.0,M8221219,0,0,0,2026-01-08T12:36:45.721652,
TXN-00009341,204,TRANSFER,3661.51,C1000087,192630.89,188969.37,M6667127,0,0,0,2026-01-08T12:36:45.721730,
TXN-00009342,204,CASH_OUT,241.43,C1000004,221414.85,221173.43,M4626770,0,0,0,2026-01-08T12:36:45.721811,
TXN-00009343,19,CASH_OUT,106847.3,C1000048,215100.78,108253.49,M5320661,0,0,1,2026-01-08T12:36:45.721863,rapid_succession
TXN-00009344,204,CASH_OUT,7015.82,C1000088,0.0,0.0,M2477791,0,0,0,2026-01-08T12:36:45.721943,
TXN-00009345,204,CASH_OUT,40940.12,C1000012,0.0,0.0,M4987880,0,0,0,2026-01-08T12:36:45.722023,
TXN-00009346,204,CASH_OUT,10.0,C1000060,57711.36,57701.36,M1280058,0,0,0,2026-01-08T12:36:45.722101,
TXN-00009347,204,DEBIT,2411.24,C1000030,7032.28,4621.04,M1330153,0,0,0,2026-01-08T12:36:45.722182,
TXN-00009348,204,PAYMENT,10.0,C1000057,0.0,0.0,M9231279,0,0,0,2026-01-08T12:36:45.722261,
TXN-00009349,204,TRANSFER,3336.37,C1000043,17169.39,13833.01,M2321313,0,0,0,2026-01-08T12:36:45.722340,
TXN-00009350,204,DEBIT,5279.07,C1000003,0.0,0.0,M1677520,0,0,0,2026-01-08T12:36:45.722442,
TXN-00009351,204,TRANSFER,4472.41,C1000025,0.0,0.0,M2500219,0,0,0,2026-01-08T12:36:45.722520,
TXN-00009352,204,CASH_IN,2055.03,C1000017,78659.94,80714.97,M3370359,0,0,0,2026-01-08T12:36:45.722598,
TXN-00009353,204,CASH_OUT,1345.36,C1000071,187724.18,186378.82,M7134775,0,0,0,2026-01-08T12:36:45.722680,
TXN-00009354,204,TRANSFER,9968.16,C1000031,0.0,0.0,M8203316,0,0,0,2026-01-08T12:36:45.722780,
TXN-00009355,11,TRANSFER,74232.8,C1000088,0.0,-73842.87,M9522463,0,0,1,2026-01-08T12:36:45.722844,rapid_succession
TXN-00009356,204,PAYMENT,4920.88,C1000010,0.0,0.0,M1420387,0,0,0,2026-01-08T12:36:45.722964,
TXN-00009357,204,CASH_IN,1699.27,C1000089,164757.3,166456.57,M2950946,0,0,0,2026-01-08T12:36:45.723065,
TXN-00009358,204,TRANSFER,7900.87,C1000013,0.0,0.0,M9975530,0,0,0,2026-01-08T12:36:45.723143,
TXN-00009359,204,PAYMENT,1543.76,C1000016,176072.93,174529.17,M1935856,0,0,0,2026-01-08T12:36:45.723232,
TXN-00009360,204,PAYMENT,1673.97,C1000086,150557.17,148883.2,M8353901,0,0,0,2026-01-08T12:36:45.723325,
TXN-00009361,12,TRANSFER,75640.69,C1000030,4621.04,0.0,M7920131,0,0,1,2026-01-08T12:36:45.723379,rapid_succession
TXN-00009362,204,DEBIT,1372.12,C1000020,322124.75,320752.64,M9123895,0,0,0,2026-01-08T12:36:45.723502,
TXN-00009363,204,PAYMENT,366.01,C1000009,133665.06,133299.05,M2245779,0,0,0,2026-01-08T12:36:45.723590,
TXN-00009364,204,PAYMENT,10.0,C1000029,0.0,0.0,M5906573,0,0,0,2026-01-08T12:36:45.723691,
TXN-00009365,204,PAYMENT,33363.54,C1000073,0.0,0.0,M5815904,0,0,0,2026-01-08T12:36:45.723779,
TXN-00009366,10,TRANSFER,60948.23,C1000026,188638.39,124290.46,M5616097,0,0,1,2026-01-08T12:36:45.723836,rapid_succession
TXN-00009367,20,TRANSFER,141009.42,C1000024,0.0,-141310.41,M8805666,0,0,1,2026-01-08T12:36:45.723894,rapid_succession
TXN-00009368,19,TRANSFER,70858.08,C1000037,0.0,-75659.66,M9877388,0,0,1,2026-01-08T12:36:45.723948,rapid_succession
TXN-00009369,204,PAYMENT,8178.15,C1000036,0.0,0.0,M3189399,0,0,0,2026-01-08T12:36:45.724053,
TXN-00009370,204,TRANSFER,8423.18,C1000039,0.0,0.0,M8143376,0,0,0,2026-01-08T12:36:45.724144,
TXN-00009371,204,PAYMENT,25844.49,C1000042,0.0,0.0,M6861657,0,0,0,2026-01-08T12:36:45.724228,
TXN-00009372,204,TRANSFER,5436.43,C1000091,0.0,0.0,M1905690,0,0,0,2026-01-08T12:36:45.724315,
TXN-00009373,204,CASH_IN,2834.72,C1000006,201978.46,204813.18,M3025129,0,0,0,2026-01-08T12:36:45.724403,
TXN-00009374,204,PAYMENT,3486.25,C1000089,166456.57,162970.31,M7373411,0,0,0,2026-01-08T12:36:45.724491,
TXN-00009375,204,PAYMENT,1814.53,C1000020,320752.64,318938.11,M1705391,0,0,0,2026-01-08T12:36:45.724613,
TXN-00009376,204,CASH_OUT,2553.21,C1000026,188638.39,186085.17,M7212260,0,0,0,2026-01-08T12:36:45.724699,
TXN-00009377,204,PAYMENT,824.81,C1000070,0.0,0.0,M9038757,0,0,0,2026-01-08T12:36:45.724789,
TXN-00009378,204,CASH_OUT,18641.1,C1000019,18651.66,10.57,M7340338,0,0,0,2026-01-08T12:36:45.724883,
TXN-00009379,204,PAYMENT,7955.22,C1000049,0.0,0.0,M6088892,0,0,0,2026-01-08T12:36:45.724971,
TXN-00009380,204,PAYMENT,5904.83,C1000046,0.0,0.0,M4300834,0,0,0,2026-01-08T12:36:45.725057,
TXN-00009381,204,DEBIT,1848.99,C1000020,318938.11,317089.13,M4515247,0,0,0,2026-01-08T12:36:45.725140,
TXN-00009382,204,PAYMENT,736.07,C1000001,83707.65,82971.59,M4670881,0,0,0,2026-01-08T12:36:45.725231,
TXN-00009383,204,TRANSFER,185.68,C1000018,156280.49,156094.81,M5284702,0,0,0,2026-01-08T12:36:45.725321,
TXN-00009384,14,CASH_OUT,84202.28,C1000088,0.0,0.0,M2167689,0,0,1,2026-01-08T12:36:45.725375,rapid_succession
TXN-00009385,204,PAYMENT,2528.3,C1000014,232853.22,230324.93,M5970613,0,0,0,2026-01-08T12:36:45.725469,
TXN-00009386,204,PAYMENT,1488.64,C1000096,267667.9,266179.26,M5020036,0,0,0,2026-01-08T12:36:45.725561,
TXN-00009387,17,CASH_OUT,135297.12,C1000049,0.0,0.0,M6723041,0,0,1,2026-01-08T12:36:45.725611,rapid_succession
TXN-00009388,204,PAYMENT,25004.0,C1000037,0.0,0.0,M6846731,0,0,0,2026-01-08T12:36:45.725710,
TXN-00009389,204,CASH_IN,2763.62,C1000040,0.0,2763.62,M3882062,0,0,0,2026-01-08T12:36:45.731155,
TXN-00009390,204,DEBIT,2905.04,C1000033,7387.2,4482.16,M5353648,0,0,0,2026-01-08T12:36:45.731562,
TXN-00009391,204,PAYMENT,10.0,C1000021,0.0,0.0,M5784225,0,0,0,2026-01-08T12:36:45.731646,
TXN-00009392,204,CASH_OUT,36886.86,C1000012,0.0,0.0,M7970303,0,0,0,2026-01-08T12:36:45.731724,
TXN-00009393,10,TRANSFER,56912.47,C1000067,0.0,-57583.64,M4157922,0,0,1,2026-01-08T12:36:45.731782,rapid_succession
TXN-00009394,204,CASH_IN,7115.59,C1000082,14611.98,21727.57,M2685122,0,0,0,2026-01-08T12:36:45.731871,
TXN-00009395,204,PAYMENT,18248.27,C1000042,0.0,0.0,M4911297,0,0,0,2026-01-08T12:36:45.731943,
TXN-00009396,204,TRANSFER,402.52,C1000094,194225.29,193822.77,M1774990,0,0,0,2026-01-08T12:36:45.732004,
TXN-00009397,204,CASH_OUT,6439.2,C1000013,0.0,0.0,M1725834,0,0,0,2026-01-08T12:36:45.732065,
TXN-00009398,204,PAYMENT,10125.82,C1000092,0.0,0.0,M2710523,0,0,0,2026-01-08T12:36:45.732127,
TXN-00009399,204,TRANSFER,9802.36,C1000092,0.0,0.0,M7527874,0,0,0,2026-01-08T12:36:45.732187,
TXN-00009400,204,PAYMENT,10.0,C1000029,0.0,0.0,M6950630,0,0,0,2026-01-08T12:36:45.732248,
TXN-00009401,204,DEBIT,11557.72,C1000074,0.0,0.0,M3489280,0,0,0,2026-01-08T12:36:45.732307,
TXN-00009402,204,TRANSFER,3639.2,C1000045,0.0,0.0,M7733363,0,0,0,2026-01-08T12:36:45.732362,
TXN-00009403,204,CASH_OUT,5356.95,C1000052,0.0,0.0,M8601836,0,0,0,2026-01-08T12:36:45.732431,
TXN-00009404,204,CASH_OUT,7208.27,C1000058,0.0,0.0,M9574529,0,0,0,2026-01-08T12:36:45.732492,
TXN-00009405,204,TRANSFER,38350.22,C1000012,0.0,0.0,M1355136,0,0,0,2026-01-08T12:36:45.732596,
TXN-00009406,204,PAYMENT,10.0,C1000014,230324.93,230314.93,M3920701,0,0,0,2026-01-08T12:36:45.732658,
TXN-00009407,204,PAYMENT,20977.05,C1000035,0.0,0.0,M7107893,0,0,0,2026-01-08T12:36:45.732719,
TXN-00009408,15,CASH_OUT,39560.44,C1000054,6725.12,0.0,M4393658,0,0,1,2026-01-08T12:36:45.732753,rapid_succession
TXN-00009409,14,CASH_OUT,114398.18,C1000047,0.0,0.0,M4780919,0,0,1,2026-01-08T12:36:45.732780,rapid_succession
TXN-00009410,204,PAYMENT,6368.62,C1000046,0.0,0.0,M6455358,0,0,0,2026-01-08T12:36:45.732838,
TXN-00009411,204,PAYMENT,10859.48,C1000031,0.0,0.0,M1579863,0,0,0,2026-01-08T12:36:45.732895,
TXN-00009412,18,CASH_OUT,51891.66,C1000068,109247.05,57355.38,M9058884,0,0,1,2026-01-08T12:36:45.732926,rapid_succession
TXN-00009413,19,CASH_OUT,184501.44,C1000096,266179.26,81677.81,M4647800,0,0,1,2026-01-08T12:36:45.732955,rapid_succession
TXN-00009414,204,PAYMENT,5428.25,C1000058,0.0,0.0,M2828906,0,0,0,2026-01-08T12:36:45.733016,
TXN-00009415,204,TRANSFER,173371.28,C1000050,0.0,0.0,M4986590,0,0,0,2026-01-08T12:36:45.733074,
TXN-00009416,204,PAYMENT,3066.47,C1000047,0.0,0.0,M9865190,0,0,0,2026-01-08T12:36:45.733131,
TXN-00009417,11,TRANSFER,73370.23,C1000039,0.0,0.0,M2767184,0,0,1,2026-01-08T12:36:45.733161,rapid_succession
TXN-00009418,204,TRANSFER,13592.75,C1000063,0.0,0.0,M5800156,0,0,0,2026-01-08T12:36:45.733219,
TXN-00009419,204,CASH_OUT,66.36,C1000001,82971.59,82905.22,M2960574,0,0,0,2026-01-08T12:36:45.733277,
TXN-00009420,20,TRANSFER,85562.92,C1000029,0.0,0.0,M5922158,0,0,1,2026-01-08T12:36:45.733309,rapid_succession
TXN-00009421,12,CASH_OUT,77820.67,C1000050,0.0,0.0,M7555814,0,0,1,2026-01-08T12:36:45.733335,rapid_succession
TXN-00009422,204,TRANSFER,1478.07,C1000061,245458.83,243980.76,M4129949,0,0,0,2026-01-08T12:36:45.733393,
TXN-00009423,204,PAYMENT,213.17,C1000007,52068.44,51855.27,M2294825,0,0,0,2026-01-08T12:36:45.733455,
TXN-00009424,204,PAYMENT,1018.22,C1000068,109247.05,108228.82,M6632153,0,0,0,2026-01-08T12:36:45.733516,
TXN-00009425,204,TRANSFER,2814.17,C1000047,0.0,0.0,M4758969,0,0,0,2026-01-08T12:36:45.733574,
TXN-00009426,204,TRANSFER,53745.14,C1000000,0.0,0.0,M3053486,0,0,0,2026-01-08T12:36:45.733647,
TXN-00009427,204,CASH_IN,18000.48,C1000076,0.0,18000.48,M4865768,0,0,0,2026-01-08T12:36:45.733711,
TXN-00009428,204,CASH_OUT,22284.78,C1000095,0.0,0.0,M7425363,0,0,0,2026-01-08T12:36:45.733772,
TXN-00009429,204,TRANSFER,50952.84,C1000053,0.0,0.0,M7865503,0,0,0,2026-01-08T12:36:45.733830,
TXN-00009430,204,DEBIT,565.51,C1000094,193822.77,193257.26,M4622886,0,0,0,2026-01-08T12:36:45.733885,
TXN-00009431,204,PAYMENT,1180.87,C1000062,0.0,0.0,M8558019,0,0,0,2026-01-08T12:36:45.733942,
TXN-00009432,204,TRANSFER,4717.9,C1000051,208521.25,203803.35,M5269967,0,0,0,2026-01-08T12:36:45.733997,
TXN-00009433,204,CASH_OUT,17548.07,C1000093,0.0,0.0,M8333254,0,0,0,2026-01-08T12:36:45.734058,
TXN-00009434,10,CASH_OUT,49378.89,C1000085,0.0,0.0,M7987992,0,0,1,2026-01-08T12:36:45.734091,rapid_succession
TXN-00009435,204,CASH_OUT,851.82,C1000021,0.0,0.0,M1259609,0,0,0,2026-01-08T12:36:45.734203,
TXN-00009436,204,PAYMENT,2059.43,C1000062,0.0,0.0,M4916230,0,0,0,2026-01-08T12:36:45.734263,
TXN-00009437,204,PAYMENT,9183.12,C1000013,0.0,0.0,M4747383,0,0,0,2026-01-08T12:36:45.734322,
TXN-00009438,204,CASH_OUT,413.88,C1000034,79610.38,79196.5,M4802516,0,0,0,2026-01-08T12:36:45.734436,
TXN-00009439,204,TRANSFER,6444.84,C1000088,0.0,0.0,M6386844,0,0,0,2026-01-08T12:36:45.734525,
TXN-00009440,204,PAYMENT,10.0,C1000075,444183.3,444173.3,M6551503,0,0,0,2026-01-08T12:36:45.734624,
TXN-00009441,204,PAYMENT,4000.94,C1000096,266179.26,262178.32,M2123554,0,0,0,2026-01-08T12:36:45.734705,
TXN-00009442,11,CASH_OUT,171429.84,C1000023,29026.86,0.0,M4336827,0,0,1,2026-01-08T12:36:45.734752,rapid_succession
TXN-00009443,204,TRANSFER,24121.69,C1000037,0.0,0.0,M1450650,0,0,0,2026-01-08T12:36:45.735011,
TXN-00009444,204,CASH_OUT,21705.19,C1000019,10.57,0.0,M8861356,0,0,0,2026-01-08T12:36:45.735235,
TXN-00009445,204,PAYMENT,17671.89,C1000093,0.0,0.0,M3605530,0,0,0,2026-01-08T12:36:45.735365,
TXN-00009446,204,CASH_OUT,4331.2,C1000065,0.0,0.0,M1256437,0,0,0,2026-01-08T12:36:45.735458,
TXN-00009447,204,CASH_OUT,8976.96,C1000033,4482.16,0.0,M6968762,0,0,0,2026-01-08T12:36:45.735545,
TXN-00009448,11,TRANSFER,14813.35,C1000071,186378.82,171565.47,M7914564,0,0,1,2026-01-08T12:36:45.735599,rapid_succession
TXN-00009449,204,TRANSFER,1675.26,C1000044,106.61,0.0,M5800979,0,0,0,2026-01-08T12:36:45.735684,
TXN-00009450,11,TRANSFER,71456.25,C1000099,0.0,0.0,M5626520,0,0,1,2026-01-08T12:36:45.735727,rapid_succession
TXN-00009451,204,PAYMENT,10.0,C1000098,233895.53,233885.53,M6170231,0,0,0,2026-01-08T12:36:45.735839,
TXN-00009452,204,PAYMENT,3814.55,C1000062,0.0,0.0,M1236459,0,0,0,2026-01-08T12:36:45.735918,
TXN-00009453,204,CASH_OUT,3251.34,C1000030,4621.04,1369.7,M6351123,0,0,0,2026-01-08T12:36:45.735993,
TXN-00009454,20,CASH_OUT,70544.53,C1000013,0.0,0.0,M8634396,0,0,1,2026-01-08T12:36:45.736034,rapid_succession
TXN-00009455,204,DEBIT,24312.92,C1000095,0.0,0.0,M2760791,0,0,0,2026-01-08T12:36:45.736111,
TXN-00009456,204,TRANSFER,19842.81,C1000035,0.0,0.0,M5039022,0,0,0,2026-01-08T12:36:45.736186,
TXN-00009457,204,PAYMENT,5797.37,C1000003,0.0,0.0,M1126138,0,0,0,2026-01-08T12:36:45.736282,
TXN-00009458,204,DEBIT,731.84,C1000048,215100.78,214368.95,M6347255,0,0,0,2026-01-08T12:36:45.736356,
TXN-00009459,204,TRANSFER,2967.62,C1000018,156094.81,153127.2,M6843760,0,0,0,2026-01-08T12:36:45.736476,
TXN-00009460,204,CASH_OUT,12056.78,C1000054,6725.12,0.0,M6912309,0,0,0,2026-01-08T12:36:45.736553,
TXN-00009461,204,TRANSFER,18045.47,C1000019,0.0,0.0,M2373761,0,0,0,2026-01-08T12:36:45.736621,
TXN-00009462,204,PAYMENT,1877.81,C1000023,29026.86,27149.05,M7257530,0,0,0,2026-01-08T12:36:45.736694,
TXN-00009463,204,DEBIT,3292.87,C1000049,0.0,0.0,M8148838,0,0,0,2026-01-08T12:36:45.736769,
TXN-00009464,20,TRANSFER,118819.09,C1000042,0.0,-114481.98,M2679827,0,0,1,2026-01-08T12:36:45.736810,rapid_succession
TXN-00009465,204,CASH_IN,3279.05,C1000002,280381.88,283660.93,M7565087,0,0,0,2026-01-08T12:36:45.736892,
TXN-00009466,204,PAYMENT,2879.74,C1000028,0.0,0.0,M5099471,0,0,0,2026-01-08T12:36:45.736995,
TXN-00009467,204,TRANSFER,17852.6,C1000093,0.0,0.0,M5455234,0,0,0,2026-01-08T12:36:45.737093,
TXN-00009468,204,TRANSFER,9951.08,C1000015,0.0,0.0,M4816975,0,0,0,2026-01-08T12:36:45.737169,
TXN-00009469,16,CASH_OUT,32051.27,C1000096,262178.32,230127.05,M6639014,0,0,1,2026-01-08T12:36:45.737207,rapid_succession
TXN-00009470,204,CASH_OUT,2728.78,C1000021,0.0,0.0,M6585245,0,0,0,2026-01-08T12:36:45.737272,
TXN-00009471,204,TRANSFER,8720.84,C1000052,0.0,0.0,M5580984,0,0,0,2026-01-08T12:36:45.737333,
TXN-00009472,12,TRANSFER,124486.14,C1000090,255663.63,135497.21,M1525464,0,0,1,2026-01-08T12:36:45.737365,rapid_succession
TXN-00009473,204,TRANSFER,10.0,C1000089,162970.31,162960.31,M1767644,0,0,0,2026-01-08T12:36:45.737431,
TXN-00009474,20,TRANSFER,62307.63,C1000043,13833.01,-50358.52,M4983382,0,0,1,2026-01-08T12:36:45.737458,rapid_succession
TXN-00009475,204,PAYMENT,7913.58,C1000099,0.0,0.0,M5661625,0,0,0,2026-01-08T12:36:45.737521,
TXN-00009476,204,TRANSFER,1832.8,C1000070,0.0,0.0,M2889235,0,0,0,2026-01-08T12:36:45.737584,
TXN-00009477,204,PAYMENT,1760.95,C1000026,186085.17,184324.22,M3539566,0,0,0,2026-01-08T12:36:45.737641,
TXN-00009478,204,CASH_OUT,916.8,C1000097,16690.56,15773.76,M4316192,0,0,0,2026-01-08T12:36:45.737697,
TXN-00009479,204,TRANSFER,10.0,C1000060,57701.36,57691.36,M1640553,0,0,0,2026-01-08T12:36:45.737753,
TXN-00009480,204,CASH_IN,34728.59,C1000073,0.0,34728.59,M3513004,0,0,0,2026-01-08T12:36:45.737808,
TXN-00009481,204,CASH_OUT,168.09,C1000034,79196.5,79028.41,M5203290,0,0,0,2026-01-08T12:36:45.737867,
TXN-00009482,204,PAYMENT,50533.54,C1000053,0.0,0.0,M4567058,0,0,0,2026-01-08T12:36:45.737931,
TXN-00009483,19,TRANSFER,15382.66,C1000034,79028.41,63645.74,M3828427,0,0,1,2026-01-08T12:36:45.737981,rapid_succession
TXN-00009484,14,CASH_OUT,10795.41,C1000052,0.0,0.0,M8222378,0,0,1,2026-01-08T12:36:45.738011,rapid_succession
TXN-00009485,204,CASH_OUT,4244.98,C1000065,0.0,0.0,M9782611,0,0,0,2026-01-08T12:36:45.738067,
TXN-00009486,204,TRANSFER,6907.21,C1000014,230314.93,223407.72,M5149578,0,0,0,2026-01-08T12:36:45.738123,
TXN-00009487,204,PAYMENT,339.61,C1000034,79028.41,78688.8,M8086348,0,0,0,2026-01-08T12:36:45.738177,
TXN-00009488,204,PAYMENT,1288.0,C1000071,186378.82,185090.83,M5334940,0,0,0,2026-01-08T12:36:45.738233,
TXN-00009489,204,CASH_OUT,2363.87,C1000030,1369.7,0.0,M3291564,0,0,0,2026-01-08T12:36:45.738290,
TXN-00009490,12,CASH_OUT,106502.66,C1000050,0.0,0.0,M5680508,0,0,1,2026-01-08T12:36:45.738321,rapid_succession
TXN-00009491,204,TRANSFER,26528.82,C1000056,0.0,0.0,M1465554,0,0,0,2026-01-08T12:36:45.738379,
TXN-00009492,204,CASH_IN,19770.5,C1000079,0.0,19770.5,M4785688,0,0,0,2026-01-08T12:36:45.738438,
TXN-00009493,204,PAYMENT,172571.41,C1000050,0.0,0.0,M9215941,0,0,0,2026-01-08T12:36:45.738504,
TXN-00009494,204,PAYMENT,10.0,C1000001,82905.22,82895.22,M6193171,0,0,0,2026-01-08T12:36:45.738564,
TXN-00009495,204,TRANSFER,6205.31,C1000046,0.0,0.0,M5884941,0,0,0,2026-01-08T12:36:45.738625,
TXN-00009496,204,PAYMENT,2237.74,C1000085,0.0,0.0,M4987854,0,0,0,2026-01-08T12:36:45.738685,
TXN-00009497,204,PAYMENT,2896.73,C1000084,118492.6,115595.87,M5769383,0,0,0,2026-01-08T12:36:45.738743,
TXN-00009498,204,PAYMENT,1460.41,C1000008,227694.33,226233.92,M2007963,0,0,0,2026-01-08T12:36:45.738803,
TXN-00009499,204,TRANSFER,1091.5,C1000044,0.0,0.0,M9721702,0,0,0,2026-01-08T12:36:45.738862,
TXN-00009500,204,TRANSFER,2370.47,C1000069,81717.79,79347.32,M2297125,0,0,0,2026-01-08T12:36:45.738922,
TXN-00009501,204,CASH_IN,1798.8,C1000055,195518.55,197317.35,M3591746,0,0,0,2026-01-08T12:36:45.738995,
TXN-00009502,204,PAYMENT,200.62,C1000009,133299.05,133098.43,M6517143,0,0,0,2026-01-08T12:36:45.739105,
TXN-00009503,204,PAYMENT,10743.13,C1000042,0.0,0.0,M6156750,0,0,0,2026-01-08T12:36:45.739165,
TXN-00009504,204,TRANSFER,806.28,C1000038,0.0,0.0,M7087943,0,0,0,2026-01-08T12:36:45.739227,
TXN-00009505,204,TRANSFER,962.02,C1000077,92452.61,91490.59,M8979839,0,0,0,2026-01-08T12:36:45.739287,
TXN-00009506,204,DEBIT,10.0,C1000066,0.0,0.0,M1962281,0,0,0,2026-01-08T12:36:45.739347,
TXN-00009507,18,CASH_OUT,28959.84,C1000065,0.0,0.0,M4785178,0,0,1,2026-01-08T12:36:45.739381,rapid_succession
TXN-00009508,19,CASH_OUT,89158.9,C1000061,243980.76,154821.86,M9622254,0,0,1,2026-01-08T12:36:45.739415,rapid_succession
TXN-00009509,204,TRANSFER,10.0,C1000081,95888.13,95878.13,M9452612,0,0,0,2026-01-08T12:36:45.739481,
TXN-00009510,17,CASH_OUT,30589.86,C1000083,210147.62,179557.76,M9545671,0,0,1,2026-01-08T12:36:45.739516,rapid_succession
TXN-00009511,204,CASH_IN,13610.95,C1000063,0.0,13610.95,M9677303,0,0,0,2026-01-08T12:36:45.739584,
TXN-00009512,204,PAYMENT,12827.93,C1000082,21727.57,8899.64,M6306089,0,0,0,2026-01-08T12:36:45.739651,
TXN-00009513,204,CASH_OUT,215.84,C1000055,197317.35,197101.51,M7899152,0,0,0,2026-01-08T12:36:45.739718,
TXN-00009514,16,CASH_OUT,76132.15,C1000033,0.0,0.0,M5981940,0,0,1,2026-01-08T12:36:45.739752,rapid_succession
TXN-00009515,11,CASH_OUT,186567.63,C1000039,0.0,0.0,M9889545,0,0,1,2026-01-08T12:36:45.739784,rapid_succession
TXN-00009516,204,PAYMENT,4480.2,C1000027,0.0,0.0,M5452170,0,0,0,2026-01-08T12:36:45.739848,
TXN-00009517,204,TRANSFER,2130.87,C1000030,0.0,0.0,M6113277,0,0,0,2026-01-08T12:36:45.739913,
TXN-00009518,204,PAYMENT,4436.78,C1000065,0.0,0.0,M6778802,0,0,0,2026-01-08T12:36:45.739979,
TXN-00009519,204,TRANSFER,564.82,C1000008,226233.92,225669.09,M5338575,0,0,0,2026-01-08T12:36:45.740038,
TXN-00009520,204,CASH_OUT,7171.78,C1000011,0.0,0.0,M7387556,0,0,0,2026-01-08T12:36:45.740106,
TXN-00009521,204,TRANSFER,17581.66,C1000093,0.0,0.0,M2000137,0,0,0,2026-01-08T12:36:45.740178,
TXN-00009522,204,TRANSFER,34210.61,C1000073,34728.59,517.97,M5520804,0,0,0,2026-01-08T12:36:45.740236,
TXN-00009523,204,TRANSFER,4675.21,C1000046,0.0,0.0,M5612055,0,0,0,2026-01-08T12:36:45.740297,
TXN-00009524,16,CASH_OUT,42008.39,C1000076,18000.48,0.0,M6048921,0,0,1,2026-01-08T12:36:45.740328,rapid_succession
TXN-00009525,204,PAYMENT,2430.17,C1000026,184324.22,181894.05,M9899526,0,0,0,2026-01-08T12:36:45.740392,
TXN-00009526,204,CASH_OUT,1674.46,C1000069,79347.32,77672.86,M6760933,0,0,0,2026-01-08T12:36:45.740458,
TXN-00009527,204,DEBIT,10.0,C1000022,27922.25,27912.25,M5710874,0,0,0,2026-01-08T12:36:45.740544,
TXN-00009528,204,CASH_OUT,18085.28,C1000019,0.0,0.0,M7951832,0,0,0,2026-01-08T12:36:45.740682,
TXN-00009529,204,CASH_OUT,1067.05,C1000014,223407.72,222340.67,M4554290,0,0,0,2026-01-08T12:36:45.740754,
TXN-00009530,13,TRANSFER,19557.07,C1000098,233885.53,214328.46,M3506992,0,0,1,2026-01-08T12:36:45.740790,rapid_succession
TXN-00009531,204,PAYMENT,899.12,C1000081,95878.13,94979.01,M2726289,0,0,0,2026-01-08T12:36:45.740858,
TXN-00009532,204,CASH_OUT,34374.42,C1000067,0.0,0.0,M3123009,0,0,0,2026-01-08T12:36:45.740920,
TXN-00009533,204,CASH_OUT,4874.88,C1000058,0.0,0.0,M7355200,0,0,0,2026-01-08T12:36:45.740980,
TXN-00009534,15,TRANSFER,40307.95,C1000060,57691.36,17383.41,M8657335,0,0,1,2026-01-08T12:36:45.741013,rapid_succession
TXN-00009535,204,CASH_OUT,1466.33,C1000098,233885.53,232419.21,M2593742,0,0,0,2026-01-08T12:36:45.741079,
TXN-00009536,15,CASH_OUT,48138.49,C1000068,108228.82,60090.34,M7453249,0,0,1,2026-01-08T12:36:45.741114,rapid_succession
TXN-00009537,204,CASH_OUT,1424.53,C1000047,0.0,0.0,M5342208,0,0,0,2026-01-08T12:36:45.741181,
TXN-00009538,204,TRANSFER,4300.18,C1000025,0.0,0.0,M5987884,0,0,0,2026-01-08T12:36:45.741254,
TXN-00009539,204,PAYMENT,374.45,C1000029,0.0,0.0,M5030011,0,0,0,2026-01-08T12:36:45.750355,
TXN-00009540,204,TRANSFER,10.0,C1000002,283660.93,283650.93,M3490503,0,0,0,2026-01-08T12:36:45.750489,
TXN-00009541,204,TRANSFER,7287.6,C1000014,222340.67,215053.06,M8748585,0,0,0,2026-01-08T12:36:45.750570,
TXN-00009542,204,CASH_OUT,843.79,C1000016,174529.17,173685.38,M7378600,0,0,0,2026-01-08T12:36:45.750633,
TXN-00009543,204,CASH_OUT,17261.71,C1000042,0.0,0.0,M4467017,0,0,0,2026-01-08T12:36:45.750696,
TXN-00009544,204,TRANSFER,6284.01,C1000046,0.0,0.0,M4495547,0,0,0,2026-01-08T12:36:45.750756,
TXN-00009545,10,CASH_OUT,58187.42,C1000061,243980.76,185793.34,M1788986,0,0,1,2026-01-08T12:36:45.750794,rapid_succession
TXN-00009546,15,CASH_OUT,46562.41,C1000002,283650.93,237088.52,M2816536,0,0,1,2026-01-08T12:36:45.750824,rapid_succession
TXN-00009547,204,CASH_IN,6185.25,C1000078,0.0,6185.25,M1559163,0,0,0,2026-01-08T12:36:45.750883,
TXN-00009548,204,CASH_OUT,986.24,C1000016,173685.38,172699.13,M6429876,0,0,0,2026-01-08T12:36:45.750944,
TXN-00009549,204,DEBIT,595.98,C1000001,82895.22,82299.25,M4573235,0,0,0,2026-01-08T12:36:45.751002,
TXN-00009550,204,CASH_OUT,140.5,C1000066,0.0,0.0,M4037031,0,0,0,2026-01-08T12:36:45.751060,
TXN-00009551,204,CASH_OUT,17515.5,C1000093,0.0,0.0,M1921815,0,0,0,2026-01-08T12:36:45.751118,
TXN-00009552,204,PAYMENT,8494.56,C1000082,8899.64,405.07,M2841717,0,0,0,2026-01-08T12:36:45.751174,
TXN-00009553,204,PAYMENT,1937.58,C1000020,317089.13,315151.54,M9495029,0,0,0,2026-01-08T12:36:45.751234,
TXN-00009554,12,TRANSFER,97709.53,C1000077,91490.59,0.0,M3628834,0,0,1,2026-01-08T12:36:45.751263,rapid_succession
TXN-00009555,204,TRANSFER,11050.15,C1000054,0.0,0.0,M9619029,0,0,0,2026-01-08T12:36:45.751318,
TXN-00009556,14,CASH_OUT,175621.49,C1000092,0.0,0.0,M9391050,0,0,1,2026-01-08T12:36:45.751345,rapid_succession
TXN-00009557,204,PAYMENT,10.0,C1000071,185090.83,185080.83,M8050071,0,0,0,2026-01-08T12:36:45.751409,
TXN-00009558,18,CASH_OUT,173893.59,C1000080,0.0,0.0,M3407874,0,0,1,2026-01-08T12:36:45.751439,rapid_succession
TXN-00009559,204,TRANSFER,26193.15,C1000056,0.0,0.0,M8714228,0,0,0,2026-01-08T12:36:45.751497,
TXN-00009560,204,TRANSFER,272.98,C1000008,225669.09,225396.11,M3833543,0,0,0,2026-01-08T12:36:45.751546,
TXN-00009561,204,PAYMENT,151.18,C1000034,78688.8,78537.62,M1530229,0,0,0,2026-01-08T12:36:45.751601,
TXN-00009562,204,TRANSFER,3125.06,C1000013,0.0,0.0,M8022074,0,0,0,2026-01-08T12:36:45.751653,
TXN-00009563,204,DEBIT,1852.2,C1000026,181894.05,180041.85,M2333401,0,0,0,2026-01-08T12:36:45.751706,
TXN-00009564,16,TRANSFER,30723.52,C1000062,0.0,0.0,M6670438,0,0,1,2026-01-08T12:36:45.751735,rapid_succession
TXN-00009565,204,DEBIT,2771.6,C1000072,0.0,0.0,M4616289,0,0,0,2026-01-08T12:36:45.751787,
TXN-00009566,204,PAYMENT,1792.14,C1000071,185080.83,183288.68,M5550614,0,0,0,2026-01-08T12:36:45.751840,
TXN-00009567,18,TRANSFER,60759.15,C1000075,444173.3,383414.14,M1785188,0,0,1,2026-01-08T12:36:45.751870,rapid_succession
TXN-00009568,17,TRANSFER,87720.5,C1000059,0.0,-89211.25,M3281849,0,0,1,2026-01-08T12:36:45.751897,rapid_succession
TXN-00009569,19,CASH_OUT,89968.46,C1000037,0.0,0.0,M9353708,0,0,1,2026-01-08T12:36:45.751949,rapid_succession
TXN-00009570,204,PAYMENT,2081.67,C1000085,0.0,0.0,M3216088,0,0,0,2026-01-08T12:36:45.752021,
TXN-00009571,204,PAYMENT,11670.64,C1000054,0.0,0.0,M5171562,0,0,0,2026-01-08T12:36:45.752081,
TXN-00009572,204,DEBIT,2590.98,C1000045,0.0,0.0,M9341440,0,0,0,2026-01-08T12:36:45.752182,
TXN-00009573,204,PAYMENT,4447.48,C1000027,0.0,0.0,M2668102,0,0,0,2026-01-08T12:36:45.752248,
TXN-00009574,204,DEBIT,4708.43,C1000069,77672.86,72964.43,M4324984,0,0,0,2026-01-08T12:36:45.752307,
TXN-00009575,204,PAYMENT,291.22,C1000058,0.0,0.0,M3119866,0,0,0,2026-01-08T12:36:45.752366,
TXN-00009576,204,TRANSFER,2259.73,C1000006,204813.18,202553.45,M1824793,0,0,0,2026-01-08T12:36:45.752424,
TXN-00009577,204,PAYMENT,21834.88,C1000024,0.0,0.0,M9217946,0,0,0,2026-01-08T12:36:45.752488,
TXN-00009578,204,PAYMENT,570.79,C1000001,82299.25,81728.45,M3847071,0,0,0,2026-01-08T12:36:45.752546,
TXN-00009579,204,PAYMENT,1741.33,C1000047,0.0,0.0,M3721130,0,0,0,2026-01-08T12:36:45.752612,
TXN-00009580,14,CASH_OUT,67701.9,C1000047,0.0,0.0,M9884496,0,0,1,2026-01-08T12:36:45.752646,rapid_succession
TXN-00009581,204,PAYMENT,2520.96,C1000040,2763.62,242.66,M5931254,0,0,0,2026-01-08T12:36:45.752709,
TXN-00009582,204,PAYMENT,607.13,C1000098,232419.21,231812.08,M6521395,0,0,0,2026-01-08T12:36:45.752772,
TXN-00009583,13,TRANSFER,47414.08,C1000047,0.0,-49478.76,M6652211,0,0,1,2026-01-08T12:36:45.752802,rapid_succession
TXN-00009584,204,CASH_OUT,998.23,C1000094,193257.26,192259.03,M3258057,0,0,0,2026-01-08T12:36:45.752873,
TXN-00009585,204,PAYMENT,5751.44,C1000091,0.0,0.0,M8597225,0,0,0,2026-01-08T12:36:45.752956,
TXN-00009586,204,PAYMENT,1340.29,C1000061,243980.76,242640.47,M9938784,0,0,0,2026-01-08T12:36:45.753022,
TXN-00009587,204,CASH_OUT,5567.52,C1000049,0.0,0.0,M6301078,0,0,0,2026-01-08T12:36:45.753089,
TXN-00009588,204,DEBIT,6764.74,C1000011,0.0,0.0,M4207423,0,0,0,2026-01-08T12:36:45.753153,
TXN-00009589,204,PAYMENT,4551.45,C1000078,6185.25,1633.81,M9285399,0,0,0,2026-01-08T12:36:45.753218,
TXN-00009590,19,TRANSFER,84032.92,C1000086,148883.2,63974.58,M4367143,0,0,1,2026-01-08T12:36:45.753253,rapid_succession
TXN-00009591,11,CASH_OUT,181355.02,C1000005,0.0,0.0,M2786618,0,0,1,2026-01-08T12:36:45.753290,rapid_succession
TXN-00009592,204,TRANSFER,8160.31,C1000039,0.0,0.0,M3331429,0,0,0,2026-01-08T12:36:45.753357,
TXN-00009593,12,TRANSFER,11180.87,C1000014,215053.06,203872.19,M3796835,0,0,1,2026-01-08T12:36:45.753391,rapid_succession
TXN-00009594,204,PAYMENT,745.52,C1000075,444173.3,443427.78,M2678167,0,0,0,2026-01-08T12:36:45.753460,
TXN-00009595,18,CASH_OUT,99487.92,C1000024,0.0,0.0,M6325627,0,0,1,2026-01-08T12:36:45.753494,rapid_succession
TXN-00009596,204,DEBIT,1651.74,C1000070,0.0,0.0,M1443794,0,0,0,2026-01-08T12:36:45.753583,
TXN-00009597,18,TRANSFER,79630.44,C1000095,0.0,0.0,M7783196,0,0,1,2026-01-08T12:36:45.753615,rapid_succession
TXN-00009598,204,PAYMENT,8671.04,C1000039,0.0,0.0,M9811244,0,0,0,2026-01-08T12:36:45.753687,
TXN-00009599,204,DEBIT,2657.59,C1000021,0.0,0.0,M2010962,0,0,0,2026-01-08T12:36:45.753750,
TXN-00009600,204,CASH_OUT,5310.56,C1000025,0.0,0.0,M4840628,0,0,0,2026-01-08T12:36:45.753809,
TXN-00009601,204,PAYMENT,3688.14,C1000029,0.0,0.0,M3824559,0,0,0,2026-01-08T12:36:45.753875,
TXN-00009602,204,CASH_OUT,2727.53,C1000066,0.0,0.0,M7319699,0,0,0,2026-01-08T12:36:45.753948,
TXN-00009603,204,CASH_OUT,6651.04,C1000013,0.0,0.0,M3883933,0,0,0,2026-01-08T12:36:45.754012,
TXN-00009604,204,PAYMENT,19047.84,C1000024,0.0,0.0,M2970899,0,0,0,2026-01-08T12:36:45.754075,
TXN-00009605,204,PAYMENT,10363.72,C1000092,0.0,0.0,M3902411,0,0,0,2026-01-08T12:36:45.754139,
TXN-00009606,15,CASH_OUT,13937.3,C1000040,242.66,0.0,M5789807,0,0,1,2026-01-08T12:36:45.754172,rapid_succession
TXN-00009607,13,TRANSFER,74257.47,C1000090,255663.63,181406.16,M9050954,0,0,1,2026-01-08T12:36:45.754203,rapid_succession
TXN-00009608,204,PAYMENT,18104.16,C1000079,19770.5,1666.34,M3910964,0,0,0,2026-01-08T12:36:45.754265,
TXN-00009609,204,TRANSFER,1739.46,C1000026,180041.85,178302.4,M9993911,0,0,0,2026-01-08T12:36:45.754328,
TXN-00009610,204,DEBIT,30225.1,C1000067,0.0,0.0,M2855001,0,0,0,2026-01-08T12:36:45.754393,
TXN-00009611,204,CASH_OUT,26310.02,C1000056,0.0,0.0,M3512710,0,0,0,2026-01-08T12:36:45.754458,
TXN-00009612,204,PAYMENT,26376.91,C1000067,0.0,0.0,M2666000,0,0,0,2026-01-08T12:36:45.754523,
TXN-00009613,204,TRANSFER,3911.16,C1000062,0.0,0.0,M5863904,0,0,0,2026-01-08T12:36:45.754589,
TXN-00009614,204,TRANSFER,3715.66,C1000006,202553.45,198837.79,M5860549,0,0,0,2026-01-08T12:36:45.754662,
TXN-00009615,204,PAYMENT,5071.54,C1000033,0.0,0.0,M1181676,0,0,0,2026-01-08T12:36:45.754727,
TXN-00009616,204,TRANSFER,17682.7,C1000076,18000.48,317.78,M9474268,0,0,0,2026-01-08T12:36:45.754791,
TXN-00009617,204,TRANSFER,4775.8,C1000065,0.0,0.0,M5493926,0,0,0,2026-01-08T12:36:45.754855,
TXN-00009618,204,PAYMENT,1128.28,C1000068,108228.82,107100.54,M7608298,0,0,0,2026-01-08T12:36:45.754926,
TXN-00009619,11,TRANSFER,35036.43,C1000072,0.0,-36727.14,M2419447,0,0,1,2026-01-08T12:36:45.764507,rapid_succession
TXN-00009620,204,TRANSFER,144.1,C1000066,0.0,0.0,M2815648,0,0,0,2026-01-08T12:36:45.764957,
TXN-00009621,204,PAYMENT,4457.88,C1000027,0.0,0.0,M7014419,0,0,0,2026-01-08T12:36:45.765068,
TXN-00009622,204,TRANSFER,5429.52,C1000085,0.0,0.0,M3130787,0,0,0,2026-01-08T12:36:45.765143,
TXN-00009623,204,PAYMENT,4321.39,C1000013,0.0,0.0,M7284817,0,0,0,2026-01-08T12:36:45.765213,
TXN-00009624,204,CASH_OUT,38582.73,C1000012,0.0,0.0,M2426429,0,0,0,2026-01-08T12:36:45.765279,
TXN-00009625,12,CASH_OUT,31518.79,C1000029,0.0,0.0,M3424267,0,0,1,2026-01-08T12:36:45.765316,rapid_succession
TXN-00009626,204,PAYMENT,26712.91,C1000056,0.0,0.0,M8088743,0,0,0,2026-01-08T12:36:45.765382,
TXN-00009627,204,CASH_OUT,17130.21,C1000076,317.78,0.0,M7858065,0,0,0,2026-01-08T12:36:45.765445,
TXN-00009628,204,TRANSFER,9336.68,C1000013,0.0,0.0,M3495077,0,0,0,2026-01-08T12:36:45.765548,
TXN-00009629,204,PAYMENT,8818.78,C1000036,0.0,0.0,M9302324,0,0,0,2026-01-08T12:36:45.765615,
TXN-00009630,204,TRANSFER,1174.11,C1000071,183288.68,182114.58,M6439488,0,0,0,2026-01-08T12:36:45.767046,
TXN-00009631,204,PAYMENT,3936.04,C1000080,0.0,0.0,M7376987,0,0,0,2026-01-08T12:36:45.767375,
TXN-00009632,204,PAYMENT,6416.9,C1000088,0.0,0.0,M6192665,0,0,0,2026-01-08T12:36:45.767503,
TXN-00009633,204,TRANSFER,2455.44,C1000084,115595.87,113140.44,M5833973,0,0,0,2026-01-08T12:36:45.767633,
TXN-00009634,204,DEBIT,4049.11,C1000006,198837.79,194788.68,M6363670,0,0,0,2026-01-08T12:36:45.767742,
TXN-00009635,204,TRANSFER,5887.36,C1000046,0.0,0.0,M5047096,0,0,0,2026-01-08T12:36:45.767872,
TXN-00009636,204,TRANSFER,18144.77,C1000093,0.0,0.0,M5553551,0,0,0,2026-01-08T12:36:45.767959,
TXN-00009637,204,CASH_OUT,879.84,C1000094,192259.03,191379.19,M7183578,0,0,0,2026-01-08T12:36:45.768303,
TXN-00009638,204,TRANSFER,10.0,C1000018,153127.2,153117.2,M7868026,0,0,0,2026-01-08T12:36:45.768504,
TXN-00009639,17,TRANSFER,129481.38,C1000060,57691.36,-74985.64,M6952316,0,0,1,2026-01-08T12:36:45.768572,rapid_succession
TXN-00009640,204,PAYMENT,5133.21,C1000074,0.0,0.0,M9089936,0,0,0,2026-01-08T12:36:45.768682,
TXN-00009641,204,TRANSFER,8535.95,C1000036,0.0,0.0,M7855572,0,0,0,2026-01-08T12:36:45.768770,
TXN-00009642,204,CASH_IN,1842.48,C1000090,255663.63,257506.11,M5231276,0,0,0,2026-01-08T12:36:45.768859,
TXN-00009643,204,PAYMENT,1769.36,C1000086,148883.2,147113.84,M8938833,0,0,0,2026-01-08T12:36:45.769038,
TXN-00009644,204,DEBIT,1897.89,C1000004,221173.43,219275.54,M2040811,0,0,0,2026-01-08T12:36:45.769574,
TXN-00009645,204,CASH_IN,1305.3,C1000018,153117.2,154422.49,M9738259,0,0,0,2026-01-08T12:36:45.769770,
TXN-00009646,204,PAYMENT,17964.42,C1000019,0.0,0.0,M8048513,0,0,0,2026-01-08T12:36:45.769872,
TXN-00009647,204,PAYMENT,15485.74,C1000074,0.0,0.0,M8001773,0,0,0,2026-01-08T12:36:45.769956,
TXN-00009648,204,PAYMENT,203.35,C1000009,133098.43,132895.08,M5375844,0,0,0,2026-01-08T12:36:45.770040,
TXN-00009649,17,CASH_OUT,173148.41,C1000080,0.0,0.0,M4262348,0,0,1,2026-01-08T12:36:45.770090,rapid_succession
TXN-00009650,204,PAYMENT,1318.3,C1000091,0.0,0.0,M3871292,0,0,0,2026-01-08T12:36:45.770263,
TXN-00009651,204,PAYMENT,19014.12,C1000035,0.0,0.0,M1904476,0,0,0,2026-01-08T12:36:45.770374,
TXN-00009652,204,PAYMENT,17753.57,C1000019,0.0,0.0,M7986151,0,0,0,2026-01-08T12:36:45.770443,
TXN-00009653,204,DEBIT,1147.77,C1000071,182114.58,180966.81,M9217642,0,0,0,2026-01-08T12:36:45.770505,
TXN-00009654,204,TRANSFER,10851.81,C1000015,0.0,0.0,M4014874,0,0,0,2026-01-08T12:36:45.770580,
TXN-00009655,204,CASH_OUT,13598.04,C1000063,13610.95,12.91,M1520769,0,0,0,2026-01-08T12:36:45.770642,
TXN-00009656,204,TRANSFER,1827.18,C1000068,107100.54,105273.36,M7225333,0,0,0,2026-01-08T12:36:45.770733,
TXN-00009657,10,TRANSFER,40550.02,C1000022,27912.25,-17466.5,M8879884,0,0,1,2026-01-08T12:36:45.770767,rapid_succession
TXN-00009658,204,DEBIT,629.54,C1000002,283650.93,283021.39,M4671797,0,0,0,2026-01-08T12:36:45.770828,
TXN-00009659,204,TRANSFER,2384.35,C1000045,0.0,0.0,M1874564,0,0,0,2026-01-08T12:36:45.770882,
TXN-00009660,204,TRANSFER,987.9,C1000004,219275.54,218287.63,M9091759,0,0,0,2026-01-08T12:36:45.770933,
TXN-00009661,204,CASH_OUT,4518.23,C1000057,0.0,0.0,M9421332,0,0,0,2026-01-08T12:36:45.770986,
TXN-00009662,204,CASH_OUT,1966.83,C1000086,147113.84,145147.01,M3408154,0,0,0,2026-01-08T12:36:45.771040,
TXN-00009663,20,CASH_OUT,54593.51,C1000063,12.91,0.0,M4182815,0,0,1,2026-01-08T12:36:45.771071,rapid_succession
TXN-00009664,204,CASH_OUT,5829.77,C1000059,0.0,0.0,M8609637,0,0,0,2026-01-08T12:36:45.771126,
TXN-00009665,204,DEBIT,1849.13,C1000045,0.0,0.0,M4490895,0,0,0,2026-01-08T12:36:45.771186,
TXN-00009666,204,PAYMENT,6258.36,C1000049,0.0,0.0,M3098356,0,0,0,2026-01-08T12:36:45.771251,
TXN-00009667,204,CASH_OUT,18556.01,C1000035,0.0,0.0,M1674769,0,0,0,2026-01-08T12:36:45.771357,
TXN-00009668,19,CASH_OUT,73769.36,C1000096,262178.32,188408.96,M4503412,0,0,1,2026-01-08T12:36:45.771386,rapid_succession
TXN-00009669,204,PAYMENT,10.0,C1000064,0.0,0.0,M8898289,0,0,0,2026-01-08T12:36:45.771439,
TXN-00009670,204,TRANSFER,10509.04,C1000092,0.0,0.0,M4678523,0,0,0,2026-01-08T12:36:45.771497,
TXN-00009671,204,CASH_OUT,1811.45,C1000017,80714.97,78903.52,M4678044,0,0,0,2026-01-08T12:36:45.771572,
TXN-00009672,204,PAYMENT,24684.54,C1000037,0.0,0.0,M3076205,0,0,0,2026-01-08T12:36:45.771648,
TXN-00009673,204,PAYMENT,5716.15,C1000052,0.0,0.0,M7530533,0,0,0,2026-01-08T12:36:45.771715,
TXN-00009674,204,PAYMENT,7720.9,C1000036,0.0,0.0,M7516167,0,0,0,2026-01-08T12:36:45.771789,
TXN-00009675,17,CASH_OUT,101341.91,C1000021,0.0,0.0,M4194017,0,0,1,2026-01-08T12:36:45.771830,rapid_succession
TXN-00009676,204,CASH_OUT,7188.91,C1000059,0.0,0.0,M4609785,0,0,0,2026-01-08T12:36:45.771898,
TXN-00009677,204,TRANSFER,10.0,C1000075,443427.78,443417.78,M9674324,0,0,0,2026-01-08T12:36:45.771961,
TXN-00009678,12,CASH_OUT,33474.31,C1000027,0.0,0.0,M2017326,0,0,1,2026-01-08T12:36:45.772001,rapid_succession
TXN-00009679,204,PAYMENT,10.0,C1000004,218287.63,218277.63,M7597917,0,0,0,2026-01-08T12:36:45.772068,
TXN-00009680,204,PAYMENT,4911.22,C1000032,0.0,0.0,M3101539,0,0,0,2026-01-08T12:36:45.772128,
TXN-00009681,204,TRANSFER,5946.57,C1000003,0.0,0.0,M1506321,0,0,0,2026-01-08T12:36:45.772187,
TXN-00009682,204,PAYMENT,44272.02,C1000053,0.0,0.0,M3632097,0,0,0,2026-01-08T12:36:45.772251,
TXN-00009683,204,CASH_IN,1481.05,C1000041,239666.29,241147.34,M2602450,0,0,0,2026-01-08T12:36:45.772319,
TXN-00009684,204,PAYMENT,4808.3,C1000032,0.0,0.0,M6272189,0,0,0,2026-01-08T12:36:45.772445,
TXN-00009685,20,TRANSFER,10366.86,C1000042,0.0,0.0,M9616522,0,0,1,2026-01-08T12:36:45.772479,rapid_succession
TXN-00009686,204,CASH_OUT,3026.85,C1000081,94979.01,91952.15,M4622667,0,0,0,2026-01-08T12:36:45.772538,
TXN-00009687,13,CASH_OUT,80683.18,C1000079,1666.34,0.0,M8439584,0,0,1,2026-01-08T12:36:45.772569,rapid_succession
TXN-00009688,204,CASH_OUT,7473.76,C1000074,0.0,0.0,M8761803,0,0,0,2026-01-08T12:36:45.772633,
TXN-00009689,204,CASH_IN,3470.12,C1000045,0.0,3470.12,M6816771,0,0,0,2026-01-08T12:36:45.772698,
TXN-00009690,20,CASH_OUT,102681.2,C1000096,262178.32,159497.11,M6872634,0,0,1,2026-01-08T12:36:45.772732,rapid_succession
TXN-00009691,204,TRANSFER,17708.03,C1000019,0.0,0.0,M1204914,0,0,0,2026-01-08T12:36:45.772806,
TXN-00009692,204,TRANSFER,628.31,C1000094,191379.19,190750.88,M8090643,0,0,0,2026-01-08T12:36:45.772873,
TXN-00009693,16,CASH_OUT,175760.98,C1000071,180966.81,5205.83,M8988405,0,0,1,2026-01-08T12:36:45.772921,rapid_succession
TXN-00009694,204,TRANSFER,34102.98,C1000073,517.97,0.0,M4004390,0,0,0,2026-01-08T12:36:45.773030,
TXN-00009695,204,PAYMENT,965.16,C1000008,225396.11,224430.96,M6069946,0,0,0,2026-01-08T12:36:45.773348,
TXN-00009696,13,CASH_OUT,66554.88,C1000031,0.0,0.0,M7756534,0,0,1,2026-01-08T12:36:45.773421,rapid_succession
TXN-00009697,204,PAYMENT,17833.4,C1000076,0.0,0.0,M3437209,0,0,0,2026-01-08T12:36:45.773581,
TXN-00009698,204,CASH_IN,382.35,C1000075,443417.78,443800.13,M5080149,0,0,0,2026-01-08T12:36:45.773978,
TXN-00009699,204,PAYMENT,3157.25,C1000038,0.0,0.0,M5478240,0,0,0,2026-01-08T12:36:45.774583,
TXN-00009700,204,DEBIT,2192.17,C1000090,257506.11,255313.95,M9382528,0,0,0,2026-01-08T12:36:45.775020,
TXN-00009701,204,CASH_IN,595.53,C1000077,91490.59,92086.12,M9326861,0,0,0,2026-01-08T12:36:45.775179,
TXN-00009702,204,CASH_OUT,10.0,C1000072,0.0,0.0,M8275245,0,0,0,2026-01-08T12:36:45.775291,
TXN-00009703,204,TRANSFER,1673.89,C1000038,0.0,0.0,M3380482,0,0,0,2026-01-08T12:36:45.775397,
TXN-00009704,204,PAYMENT,4344.67,C1000065,0.0,0.0,M9569444,0,0,0,2026-01-08T12:36:45.775506,
TXN-00009705,204,PAYMENT,6326.29,C1000057,0.0,0.0,M5628246,0,0,0,2026-01-08T12:36:45.775838,
TXN-00009706,13,CASH_OUT,152617.34,C1000081,91952.15,0.0,M3545122,0,0,1,2026-01-08T12:36:45.776052,rapid_succession
TXN-00009707,204,TRANSFER,5798.43,C1000052,0.0,0.0,M2255704,0,0,0,2026-01-08T12:36:45.776233,
TXN-00009708,204,TRANSFER,13716.6,C1000063,12.91,0.0,M3389047,0,0,0,2026-01-08T12:36:45.776341,
TXN-00009709,15,CASH_OUT,68969.46,C1000073,0.0,0.0,M2246106,0,0,1,2026-01-08T12:36:45.776387,rapid_succession
TXN-00009710,10,CASH_OUT,79674.53,C1000036,0.0,0.0,M4678485,0,0,1,2026-01-08T12:36:45.776419,rapid_succession
TXN-00009711,204,DEBIT,4073.33,C1000052,0.0,0.0,M7745419,0,0,0,2026-01-08T12:36:45.776499,
TXN-00009712,204,TRANSFER,19599.19,C1000035,0.0,0.0,M4732325,0,0,0,2026-01-08T12:36:45.776571,
TXN-00009713,204,DEBIT,200.4,C1000072,0.0,0.0,M4544437,0,0,0,2026-01-08T12:36:45.776637,
TXN-00009714,204,CASH_OUT,4111.77,C1000058,0.0,0.0,M6917469,0,0,0,2026-01-08T12:36:45.776701,
TXN-00009715,204,TRANSFER,101.16,C1000007,51855.27,51754.11,M5787449,0,0,0,2026-01-08T12:36:45.776765,
TXN-00009716,204,PAYMENT,1176.95,C1000055,197101.51,195924.56,M2257462,0,0,0,2026-01-08T12:36:45.776834,
TXN-00009717,204,PAYMENT,464.75,C1000094,190750.88,190286.13,M3104111,0,0,0,2026-01-08T12:36:45.776899,
TXN-00009718,14,TRANSFER,38822.75,C1000050,0.0,0.0,M4118907,0,0,1,2026-01-08T12:36:45.776936,rapid_succession
TXN-00009719,204,CASH_IN,7400.74,C1000099,0.0,7400.74,M6532960,0,0,0,2026-01-08T12:36:45.777245,
TXN-00009720,204,CASH_OUT,8463.28,C1000013,0.0,0.0,M9685849,0,0,0,2026-01-08T12:36:45.777398,
TXN-00009721,204,TRANSFER,1250.06,C1000080,0.0,0.0,M6445409,0,0,0,2026-01-08T12:36:45.777685,
TXN-00009722,204,CASH_OUT,9892.53,C1000092,0.0,0.0,M8552832,0,0,0,2026-01-08T12:36:45.777923,
TXN-00009723,204,PAYMENT,8363.95,C1000033,0.0,0.0,M9366772,0,0,0,2026-01-08T12:36:45.779260,
TXN-00009724,204,CASH_OUT,1222.68,C1000007,51754.11,50531.43,M8774930,0,0,0,2026-01-08T12:36:45.779573,
TXN-00009725,204,CASH_OUT,40.89,C1000004,218277.63,218236.74,M7754122,0,0,0,2026-01-08T12:36:45.779722,
TXN-00009726,10,CASH_OUT,137696.82,C1000021,0.0,0.0,M1074354,0,0,1,2026-01-08T12:36:45.779783,rapid_succession
TXN-00009727,204,TRANSFER,6131.95,C1000059,0.0,0.0,M9461524,0,0,0,2026-01-08T12:36:45.779894,
TXN-00009728,204,TRANSFER,3628.57,C1000026,178302.4,174673.82,M9924308,0,0,0,2026-01-08T12:36:45.780029,
TXN-00009729,204,PAYMENT,23294.38,C1000095,0.0,0.0,M4193137,0,0,0,2026-01-08T12:36:45.780201,
TXN-00009730,16,TRANSFER,62336.37,C1000041,241147.34,178810.97,M3108288,0,0,1,2026-01-08T12:36:45.780338,rapid_succession
TXN-00009731,204,PAYMENT,1106.65,C1000008,224430.96,223324.31,M4439461,0,0,0,2026-01-08T12:36:45.781066,
TXN-00009732,204,DEBIT,757.06,C1000071,180966.81,180209.75,M8349100,0,0,0,2026-01-08T12:36:45.782189,
TXN-00009733,204,CASH_OUT,5507.49,C1000003,0.0,0.0,M6061601,0,0,0,2026-01-08T12:36:45.784325,
TXN-00009734,204,TRANSFER,18486.6,C1000093,0.0,0.0,M7703810,0,0,0,2026-01-08T12:36:45.784565,
TXN-00009735,204,CASH_OUT,6020.81,C1000005,0.0,0.0,M7978341,0,0,0,2026-01-08T12:36:45.784800,
TXN-00009736,204,PAYMENT,4882.9,C1000032,0.0,0.0,M4146253,0,0,0,2026-01-08T12:36:45.784882,
TXN-00009737,204,TRANSFER,7274.87,C1000049,0.0,0.0,M3196772,0,0,0,2026-01-08T12:36:45.784963,
TXN-00009738,204,TRANSFER,4125.31,C1000029,0.0,0.0,M2319250,0,0,0,2026-01-08T12:36:45.785048,
TXN-00009739,14,TRANSFER,129207.71,C1000045,3470.12,-128619.73,M8286680,0,0,1,2026-01-08T12:36:45.785094,rapid_succession
TXN-00009740,204,TRANSFER,10.0,C1000097,15773.76,15763.76,M4808682,0,0,0,2026-01-08T12:36:45.785250,
TXN-00009741,204,CASH_IN,11191.09,C1000015,0.0,11191.09,M4224384,0,0,0,2026-01-08T12:36:45.785453,
TXN-00009742,204,TRANSFER,1262.31,C1000016,172699.13,171436.82,M8233327,0,0,0,2026-01-08T12:36:45.785542,
TXN-00009743,204,DEBIT,40474.04,C1000012,0.0,0.0,M8280955,0,0,0,2026-01-08T12:36:45.785606,
TXN-00009744,204,TRANSFER,10.0,C1000064,0.0,0.0,M1373645,0,0,0,2026-01-08T12:36:45.785713,
TXN-00009745,204,CASH_OUT,10.0,C1000060,57691.36,57681.36,M2944598,0,0,0,2026-01-08T12:36:45.785861,
TXN-00009746,204,CASH_OUT,12348.68,C1000054,0.0,0.0,M6951117,0,0,0,2026-01-08T12:36:45.786002,
TXN-00009747,18,TRANSFER,94363.06,C1000060,57681.36,-34292.73,M5652274,0,0,1,2026-01-08T12:36:45.786039,rapid_succession
TXN-00009748,204,CASH_OUT,48001.53,C1000053,0.0,0.0,M9552110,0,0,0,2026-01-08T12:36:45.786108,
TXN-00009749,204,CASH_OUT,7295.73,C1000011,0.0,0.0,M4172909,0,0,0,2026-01-08T12:36:45.786167,
TXN-00009750,13,CASH_OUT,58858.87,C1000002,283021.39,224162.52,M6338613,0,0,1,2026-01-08T12:36:45.786196,rapid_succession
TXN-00009751,204,CASH_IN,94.78,C1000072,0.0,94.78,M7064493,0,0,0,2026-01-08T12:36:45.786299,
TXN-00009752,204,PAYMENT,33850.34,C1000073,0.0,0.0,M2659945,0,0,0,2026-01-08T12:36:45.786480,
TXN-00009753,20,TRANSFER,123645.03,C1000081,91952.15,-32768.44,M5712383,0,0,1,2026-01-08T12:36:45.786595,rapid_succession
TXN-00009754,204,CASH_OUT,18857.05,C1000024,0.0,0.0,M9527622,0,0,0,2026-01-08T12:36:45.786704,
TXN-00009755,204,CASH_IN,2106.21,C1000026,174673.82,176780.03,M5133757,0,0,0,2026-01-08T12:36:45.786780,
TXN-00009756,19,TRANSFER,29093.46,C1000028,0.0,0.0,M1619744,0,0,1,2026-01-08T12:36:45.786817,rapid_succession
TXN-00009757,204,PAYMENT,937.54,C1000094,190286.13,189348.59,M3768345,0,0,0,2026-01-08T12:36:45.786912,
TXN-00009758,204,TRANSFER,3627.79,C1000062,0.0,0.0,M9523979,0,0,0,2026-01-08T12:36:45.786999,
TXN-00009759,11,TRANSFER,37501.89,C1000018,154422.49,116920.61,M5366675,0,0,1,2026-01-08T12:36:45.787102,rapid_succession
TXN-00009760,14,CASH_OUT,121635.19,C1000085,0.0,0.0,M1977163,0,0,1,2026-01-08T12:36:45.787181,rapid_succession
TXN-00009761,204,TRANSFER,3517.6,C1000045,3470.12,0.0,M9141466,0,0,0,2026-01-08T12:36:45.787528,
TXN-00009762,19,TRANSFER,47991.8,C1000062,0.0,0.0,M3446808,0,0,1,2026-01-08T12:36:45.787588,rapid_succession
TXN-00009763,17,CASH_OUT,69630.9,C1000022,27912.25,0.0,M9776359,0,0,1,2026-01-08T12:36:45.787623,rapid_succession
TXN-00009764,204,DEBIT,24289.05,C1000037,0.0,0.0,M2697426,0,0,0,2026-01-08T12:36:45.787722,
TXN-00009765,204,TRANSFER,10.0,C1000048,214368.95,214358.95,M3266309,0,0,0,2026-01-08T12:36:45.787793,
TXN-00009766,14,TRANSFER,40167.45,C1000093,0.0,0.0,M2815546,0,0,1,2026-01-08T12:36:45.787831,rapid_succession
TXN-00009767,204,TRANSFER,27795.44,C1000067,0.0,0.0,M1078968,0,0,0,2026-01-08T12:36:45.787902,
TXN-00009768,204,TRANSFER,2202.78,C1000028,0.0,0.0,M1567327,0,0,0,2026-01-08T12:36:45.787991,
TXN-00009769,204,PAYMENT,3596.31,C1000045,0.0,0.0,M7346663,0,0,0,2026-01-08T12:36:45.788059,
TXN-00009770,12,CASH_OUT,199444.41,C1000044,0.0,0.0,M9751894,0,0,1,2026-01-08T12:36:45.788093,rapid_succession
TXN-00009771,204,PAYMENT,2829.53,C1000084,113140.44,110310.91,M1319894,0,0,0,2026-01-08T12:36:45.788153,
TXN-00009772,204,CASH_IN,10.0,C1000078,1633.81,1643.81,M3526585,0,0,0,2026-01-08T12:36:45.788218,
TXN-00009773,204,PAYMENT,1597.41,C1000055,195924.56,194327.15,M7596851,0,0,0,2026-01-08T12:36:45.788281,
TXN-00009774,204,PAYMENT,17673.39,C1000095,0.0,0.0,M4335037,0,0,0,2026-01-08T12:36:45.788343,
TXN-00009775,15,CASH_OUT,153460.93,C1000069,72964.43,0.0,M6739462,0,0,1,2026-01-08T12:36:45.788376,rapid_succession
TXN-00009776,204,TRANSFER,4242.6,C1000048,214358.95,210116.35,M8638140,0,0,0,2026-01-08T12:36:45.788441,
TXN-00009777,204,PAYMENT,26587.0,C1000056,0.0,0.0,M9583391,0,0,0,2026-01-08T12:36:45.788512,
TXN-00009778,204,DEBIT,395.37,C1000066,0.0,0.0,M2184511,0,0,0,2026-01-08T12:36:45.788583,
TXN-00009779,204,PAYMENT,5480.98,C1000010,0.0,0.0,M8483628,0,0,0,2026-01-08T12:36:45.788669,
TXN-00009780,204,TRANSFER,735.31,C1000016,171436.82,170701.51,M1626064,0,0,0,2026-01-08T12:36:45.788738,
TXN-00009781,18,CASH_OUT,69935.84,C1000066,0.0,0.0,M3603350,0,0,1,2026-01-08T12:36:45.789467,rapid_succession
TXN-00009782,204,PAYMENT,65.62,C1000022,27912.25,27846.63,M5518106,0,0,0,2026-01-08T12:36:45.789649,
TXN-00009783,204,PAYMENT,1442.33,C1000091,0.0,0.0,M8001893,0,0,0,2026-01-08T12:36:45.789751,
TXN-00009784,204,TRANSFER,10.0,C1000002,283021.39,283011.39,M2740788,0,0,0,2026-01-08T12:36:45.789821,
TXN-00009785,204,PAYMENT,8842.2,C1000031,0.0,0.0,M8874208,0,0,0,2026-01-08T12:36:45.789887,
TXN-00009786,204,PAYMENT,2417.9,C1000072,94.78,0.0,M4480837,0,0,0,2026-01-08T12:36:45.789955,
TXN-00009787,204,CASH_OUT,5744.44,C1000059,0.0,0.0,M4140915,0,0,0,2026-01-08T12:36:45.790023,
TXN-00009788,204,CASH_IN,1120.8,C1000083,210147.62,211268.42,M3548219,0,0,0,2026-01-08T12:36:45.790089,
TXN-00009789,19,CASH_OUT,81609.44,C1000038,0.0,0.0,M9763563,0,0,1,2026-01-08T12:36:45.790191,rapid_succession
TXN-00009790,204,PAYMENT,1930.11,C1000021,0.0,0.0,M9393232,0,0,0,2026-01-08T12:36:45.790260,
TXN-00009791,204,TRANSFER,20372.8,C1000019,0.0,0.0,M1628296,0,0,0,2026-01-08T12:36:45.790324,
TXN-00009792,204,PAYMENT,10.0,C1000066,0.0,0.0,M1280000,0,0,0,2026-01-08T12:36:45.790390,
TXN-00009793,204,DEBIT,10.0,C1000055,194327.15,194317.15,M2958874,0,0,0,2026-01-08T12:36:45.790455,
TXN-00009794,204,TRANSFER,2291.15,C1000086,145147.01,142855.86,M1672308,0,0,0,2026-01-08T12:36:45.790525,
TXN-00009795,204,CASH_OUT,4245.89,C1000065,0.0,0.0,M4756191,0,0,0,2026-01-08T12:36:45.790594,
TXN-00009796,204,PAYMENT,2605.19,C1000069,72964.43,70359.24,M8898982,0,0,0,2026-01-08T12:36:45.790669,
TXN-00009797,204,CASH_OUT,2420.15,C1000038,0.0,0.0,M6280025,0,0,0,2026-01-08T12:36:45.790759,
TXN-00009798,204,DEBIT,8680.44,C1000033,0.0,0.0,M5670827,0,0,0,2026-01-08T12:36:45.790838,
TXN-00009799,204,CASH_OUT,5313.35,C1000046,0.0,0.0,M9563131,0,0,0,2026-01-08T12:36:45.790922,
TXN-00009800,204,TRANSFER,4536.85,C1000052,0.0,0.0,M2081582,0,0,0,2026-01-08T12:36:45.791000,
TXN-00009801,204,DEBIT,3284.19,C1000033,0.0,0.0,M9298225,0,0,0,2026-01-08T12:36:45.791071,
TXN-00009802,204,PAYMENT,10.0,C1000018,154422.49,154412.49,M7965324,0,0,0,2026-01-08T12:36:45.791243,
TXN-00009803,204,CASH_OUT,5886.0,C1000046,0.0,0.0,M1789151,0,0,0,2026-01-08T12:36:45.791334,
TXN-00009804,10,CASH_OUT,36737.99,C1000091,0.0,0.0,M9603524,0,0,1,2026-01-08T12:36:45.791377,rapid_succession
TXN-00009805,14,TRANSFER,133636.46,C1000088,0.0,-131185.6,M9504767,0,0,1,2026-01-08T12:36:45.791408,rapid_succession
TXN-00009806,204,DEBIT,14540.79,C1000054,0.0,0.0,M1320665,0,0,0,2026-01-08T12:36:45.791552,
TXN-00009807,204,CASH_IN,6488.92,C1000088,0.0,6488.92,M5813145,0,0,0,2026-01-08T12:36:45.791890,
TXN-00009808,204,PAYMENT,13186.26,C1000082,405.07,0.0,M9945790,0,0,0,2026-01-08T12:36:45.792030,
TXN-00009809,204,DEBIT,7441.31,C1000036,0.0,0.0,M5150678,0,0,0,2026-01-08T12:36:45.792132,
TXN-00009810,19,CASH_OUT,118682.67,C1000000,0.0,0.0,M3681966,0,0,1,2026-01-08T12:36:45.792179,rapid_succession
TXN-00009811,204,TRANSFER,3806.95,C1000002,283011.39,279204.44,M4058487,0,0,0,2026-01-08T12:36:45.792268,
TXN-00009812,204,DEBIT,879.54,C1000077,92086.12,91206.58,M9316563,0,0,0,2026-01-08T12:36:45.800572,
TXN-00009813,204,TRANSFER,1231.93,C1000083,211268.42,210036.49,M4933195,0,0,0,2026-01-08T12:36:45.800685,
TXN-00009814,204,TRANSFER,10.0,C1000048,210116.35,210106.35,M5539487,0,0,0,2026-01-08T12:36:45.800758,
TXN-00009815,204,TRANSFER,32340.03,C1000073,0.0,0.0,M7102769,0,0,0,2026-01-08T12:36:45.800823,
TXN-00009816,204,CASH_IN,4650.58,C1000002,279204.44,283855.02,M1972144,0,0,0,2026-01-08T12:36:45.800887,
TXN-00009817,204,CASH_OUT,2027.08,C1000020,315151.54,313124.46,M7843537,0,0,0,2026-01-08T12:36:45.800951,
TXN-00009818,204,PAYMENT,5857.22,C1000010,0.0,0.0,M7315685,0,0,0,2026-01-08T12:36:45.801012,
TXN-00009819,204,CASH_OUT,2668.0,C1000008,223324.31,220656.31,M2016073,0,0,0,2026-01-08T12:36:45.801071,
TXN-00009820,204,TRANSFER,6052.02,C1000003,0.0,0.0,M6038400,0,0,0,2026-01-08T12:36:45.801132,
TXN-00009821,204,PAYMENT,10.0,C1000082,0.0,0.0,M4847967,0,0,0,2026-01-08T12:36:45.801190,
TXN-00009822,204,CASH_OUT,21875.91,C1000064,0.0,0.0,M9358159,0,0,0,2026-01-08T12:36:45.801245,
TXN-00009823,14,CASH_OUT,89015.06,C1000094,189348.59,100333.53,M1386425,0,0,1,2026-01-08T12:36:45.801279,rapid_succession
TXN-00009824,204,PAYMENT,10.0,C1000075,443800.13,443790.13,M5271570,0,0,0,2026-01-08T12:36:45.801339,
TXN-00009825,204,PAYMENT,51708.73,C1000053,0.0,0.0,M9779815,0,0,0,2026-01-08T12:36:45.801456,
TXN-00009826,204,PAYMENT,2392.37,C1000020,313124.46,310732.09,M3029188,0,0,0,2026-01-08T12:36:45.801552,
TXN-00009827,204,TRANSFER,5130.42,C1000065,0.0,0.0,M2823006,0,0,0,2026-01-08T12:36:45.801617,
TXN-00009828,11,TRANSFER,52037.33,C1000035,0.0,-53481.47,M1800504,0,0,1,2026-01-08T12:36:45.801652,rapid_succession
TXN-00009829,204,TRANSFER,10.0,C1000064,0.0,0.0,M6016651,0,0,0,2026-01-08T12:36:45.801723,
TXN-00009830,204,PAYMENT,10.0,C1000033,0.0,0.0,M2643433,0,0,0,2026-01-08T12:36:45.801783,
TXN-00009831,204,CASH_IN,6735.43,C1000088,6488.92,13224.34,M4141397,0,0,0,2026-01-08T12:36:45.801840,
TXN-00009832,204,TRANSFER,1693.2,C1000097,15763.76,14070.56,M1519704,0,0,0,2026-01-08T12:36:45.801900,
TXN-00009833,204,CASH_OUT,18845.0,C1000019,0.0,0.0,M9025323,0,0,0,2026-01-08T12:36:45.801961,
TXN-00009834,204,CASH_OUT,53308.0,C1000000,0.0,0.0,M3709117,0,0,0,2026-01-08T12:36:45.802021,
TXN-00009835,11,CASH_OUT,79957.86,C1000079,1666.34,0.0,M6571756,0,0,1,2026-01-08T12:36:45.802053,rapid_succession
TXN-00009836,204,CASH_IN,4453.84,C1000065,0.0,4453.84,M5262179,0,0,0,2026-01-08T12:36:45.802117,
TXN-00009837,204,TRANSFER,10287.91,C1000092,0.0,0.0,M8403798,0,0,0,2026-01-08T12:36:45.802179,
TXN-00009838,204,PAYMENT,3041.31,C1000091,0.0,0.0,M1203633,0,0,0,2026-01-08T12:36:45.802239,
TXN-00009839,204,TRANSFER,8560.91,C1000091,0.0,0.0,M4828520,0,0,0,2026-01-08T12:36:45.802298,
TXN-00009840,204,CASH_OUT,10.0,C1000068,105273.36,105263.36,M9495019,0,0,0,2026-01-08T12:36:45.802355,
TXN-00009841,204,CASH_OUT,3697.39,C1000087,188969.37,185271.99,M1381157,0,0,0,2026-01-08T12:36:45.802418,
TXN-00009842,204,CASH_OUT,5653.78,C1000046,0.0,0.0,M7339207,0,0,0,2026-01-08T12:36:45.802514,
TXN-00009843,15,CASH_OUT,44205.2,C1000077,91206.58,47001.38,M6066866,0,0,1,2026-01-08T12:36:45.802548,rapid_succession
TXN-00009844,204,CASH_IN,8404.85,C1000039,0.0,8404.85,M8878579,0,0,0,2026-01-08T12:36:45.802610,
TXN-00009845,204,PAYMENT,3298.68,C1000030,0.0,0.0,M6849961,0,0,0,2026-01-08T12:36:45.802671,
TXN-00009846,204,CASH_OUT,50631.42,C1000053,0.0,0.0,M8514043,0,0,0,2026-01-08T12:36:45.802731,
TXN-00009847,204,TRANSFER,10771.8,C1000015,11191.09,419.29,M6679953,0,0,0,2026-01-08T12:36:45.802792,
TXN-00009848,204,PAYMENT,33495.33,C1000073,0.0,0.0,M2515076,0,0,0,2026-01-08T12:36:45.802853,
TXN-00009849,18,CASH_OUT,145060.72,C1000075,443790.13,298729.41,M6857013,0,0,1,2026-01-08T12:36:45.802885,rapid_succession
TXN-00009850,15,CASH_OUT,42982.14,C1000007,50531.43,7549.29,M2898764,0,0,1,2026-01-08T12:36:45.802917,rapid_succession
TXN-00009851,204,PAYMENT,25101.34,C1000067,0.0,0.0,M6760771,0,0,0,2026-01-08T12:36:45.802980,
TXN-00009852,204,PAYMENT,4437.93,C1000032,0.0,0.0,M2785878,0,0,0,2026-01-08T12:36:45.803040,
TXN-00009853,13,TRANSFER,105638.37,C1000052,0.0,-102597.5,M6128579,0,0,1,2026-01-08T12:36:45.803069,rapid_succession
TXN-00009854,19,TRANSFER,17054.19,C1000008,220656.31,203602.11,M4788105,0,0,1,2026-01-08T12:36:45.803105,rapid_succession
TXN-00009855,204,PAYMENT,1364.17,C1000070,0.0,0.0,M7628837,0,0,0,2026-01-08T12:36:45.803175,
TXN-00009856,12,TRANSFER,49188.29,C1000003,0.0,0.0,M9606318,0,0,1,2026-01-08T12:36:45.803206,rapid_succession
TXN-00009857,204,PAYMENT,10.0,C1000042,0.0,0.0,M1425694,0,0,0,2026-01-08T12:36:45.803269,
TXN-00009858,204,TRANSFER,7227.45,C1000049,0.0,0.0,M4520875,0,0,0,2026-01-08T12:36:45.803330,
TXN-00009859,204,DEBIT,3018.21,C1000058,0.0,0.0,M6364399,0,0,0,2026-01-08T12:36:45.803419,
TXN-00009860,10,CASH_OUT,124063.01,C1000021,0.0,0.0,M3097681,0,0,1,2026-01-08T12:36:45.803449,rapid_succession
TXN-00009861,204,PAYMENT,399.39,C1000060,57681.36,57281.98,M6266983,0,0,0,2026-01-08T12:36:45.803505,
TXN-00009862,204,CASH_OUT,13489.26,C1000063,0.0,0.0,M7264971,0,0,0,2026-01-08T12:36:45.803604,
TXN-00009863,204,TRANSFER,259.39,C1000048,210106.35,209846.95,M9717010,0,0,0,2026-01-08T12:36:45.803670,
TXN-00009864,204,CASH_IN,10.0,C1000023,27149.05,27159.05,M5253704,0,0,0,2026-01-08T12:36:45.803730,
TXN-00009865,204,PAYMENT,1350.01,C1000016,170701.51,169351.5,M4775778,0,0,0,2026-01-08T12:36:45.803794,
TXN-00009866,204,CASH_OUT,17623.7,C1000093,0.0,0.0,M5806101,0,0,0,2026-01-08T12:36:45.803862,
TXN-00009867,204,TRANSFER,7860.44,C1000099,7400.74,0.0,M3559278,0,0,0,2026-01-08T12:36:45.803921,
TXN-00009868,204,CASH_OUT,23110.76,C1000024,0.0,0.0,M7598767,0,0,0,2026-01-08T12:36:45.803989,
TXN-00009869,204,PAYMENT,8267.92,C1000051,203803.35,195535.43,M1849840,0,0,0,2026-01-08T12:36:45.804050,
TXN-00009870,204,PAYMENT,10.0,C1000064,0.0,0.0,M9953727,0,0,0,2026-01-08T12:36:45.804109,
TXN-00009871,204,PAYMENT,416.41,C1000043,13833.01,13416.6,M9476440,0,0,0,2026-01-08T12:36:45.804168,
TXN-00009872,204,DEBIT,17779.45,C1000019,0.0,0.0,M8892861,0,0,0,2026-01-08T12:36:45.804232,
TXN-00009873,204,CASH_OUT,20715.65,C1000035,0.0,0.0,M8532089,0,0,0,2026-01-08T12:36:45.804300,
TXN-00009874,204,PAYMENT,286.52,C1000041,241147.34,240860.82,M1768691,0,0,0,2026-01-08T12:36:45.804357,
TXN-00009875,204,TRANSFER,1502.82,C1000001,81728.45,80225.64,M6325239,0,0,0,2026-01-08T12:36:45.804414,
TXN-00009876,204,CASH_OUT,420.61,C1000004,218236.74,217816.13,M4240517,0,0,0,2026-01-08T12:36:45.804514,
TXN-00009877,204,PAYMENT,1216.85,C1000096,262178.32,260961.47,M2085468,0,0,0,2026-01-08T12:36:45.804583,
TXN-00009878,14,CASH_OUT,192252.34,C1000058,0.0,0.0,M6375277,0,0,1,2026-01-08T12:36:45.804615,rapid_succession
TXN-00009879,204,PAYMENT,64.33,C1000034,78537.62,78473.29,M5059182,0,0,0,2026-01-08T12:36:45.804707,
TXN-00009880,204,TRANSFER,532.51,C1000055,194317.15,193784.65,M4632550,0,0,0,2026-01-08T12:36:45.804766,
TXN-00009881,204,CASH_OUT,13558.03,C1000054,0.0,0.0,M6252252,0,0,0,2026-01-08T12:36:45.804829,
TXN-00009882,204,TRANSFER,11042.21,C1000015,419.29,0.0,M1529997,0,0,0,2026-01-08T12:36:45.804894,
TXN-00009883,204,TRANSFER,1218.04,C1000042,0.0,0.0,M6991149,0,0,0,2026-01-08T12:36:45.804955,
TXN-00009884,17,TRANSFER,92300.76,C1000091,0.0,-88219.25,M7748217,0,0,1,2026-01-08T12:36:45.804990,rapid_succession
TXN-00009885,204,CASH_OUT,7457.12,C1000054,0.0,0.0,M8082393,0,0,0,2026-01-08T12:36:45.805059,
TXN-00009886,204,PAYMENT,8453.15,C1000039,8404.85,0.0,M5734083,0,0,0,2026-01-08T12:36:45.805117,
TXN-00009887,15,CASH_OUT,184702.18,C1000068,105263.36,0.0,M4615728,0,0,1,2026-01-08T12:36:45.805148,rapid_succession
TXN-00009888,204,CASH_OUT,10575.23,C1000015,0.0,0.0,M7336359,0,0,0,2026-01-08T12:36:45.805210,
TXN-00009889,204,TRANSFER,10.0,C1000097,14070.56,14060.56,M7391057,0,0,0,2026-01-08T12:36:45.805271,
TXN-00009890,204,TRANSFER,13507.96,C1000063,0.0,0.0,M6869812,0,0,0,2026-01-08T12:36:45.805330,
TXN-00009891,204,CASH_IN,2374.61,C1000043,13416.6,15791.2,M2432296,0,0,0,2026-01-08T12:36:45.805387,
TXN-00009892,18,CASH_OUT,85385.29,C1000047,0.0,0.0,M2021756,0,0,1,2026-01-08T12:36:45.805422,rapid_succession
TXN-00009893,204,CASH_OUT,863.06,C1000034,78473.29,77610.22,M5298867,0,0,0,2026-01-08T12:36:45.805482,
TXN-00009894,13,CASH_OUT,41824.69,C1000083,210036.49,168211.8,M3395395,0,0,1,2026-01-08T12:36:45.805511,rapid_succession
TXN-00009895,204,CASH_OUT,3726.05,C1000045,0.0,0.0,M6445371,0,0,0,2026-01-08T12:36:45.805566,
TXN-00009896,204,CASH_OUT,3179.57,C1000062,0.0,0.0,M5153401,0,0,0,2026-01-08T12:36:45.805620,
TXN-00009897,204,TRANSFER,7909.26,C1000097,14060.56,6151.3,M1735839,0,0,0,2026-01-08T12:36:45.805675,
TXN-00009898,204,PAYMENT,5157.71,C1000010,0.0,0.0,M3274350,0,0,0,2026-01-08T12:36:45.805741,
TXN-00009899,18,TRANSFER,63503.16,C1000025,0.0,0.0,M7978745,0,0,1,2026-01-08T12:36:45.805774,rapid_succession
TXN-00009900,204,CASH_OUT,1099.68,C1000094,189348.59,188248.91,M3916012,0,0,0,2026-01-08T12:36:45.805830,
TXN-00009901,204,CASH_IN,1600.43,C1000090,255313.95,256914.37,M3283002,0,0,0,2026-01-08T12:36:45.805888,
TXN-00009902,204,PAYMENT,2893.2,C1000062,0.0,0.0,M6262681,0,0,0,2026-01-08T12:36:45.805944,
TXN-00009903,204,CASH_OUT,10.0,C1000001,80225.64,80215.64,M8965349,0,0,0,2026-01-08T12:36:45.806001,
TXN-00009904,204,DEBIT,9490.54,C1000082,0.0,0.0,M5668466,0,0,0,2026-01-08T12:36:45.806056,
TXN-00009905,204,TRANSFER,17649.95,C1000095,0.0,0.0,M6026053,0,0,0,2026-01-08T12:36:45.806110,
TXN-00009906,11,TRANSFER,43764.19,C1000039,0.0,0.0,M6486780,0,0,1,2026-01-08T12:36:45.806140,rapid_succession
TXN-00009907,15,CASH_OUT,95071.0,C1000036,0.0,0.0,M8659310,0,0,1,2026-01-08T12:36:45.806168,rapid_succession
TXN-00009908,204,TRANSFER,17774.03,C1000019,0.0,0.0,M3787027,0,0,0,2026-01-08T12:36:45.806222,
TXN-00009909,16,CASH_OUT,106304.7,C1000017,78903.52,0.0,M9759077,0,0,1,2026-01-08T12:36:45.806250,rapid_succession
TXN-00009910,204,PAYMENT,6823.98,C1000013,0.0,0.0,M4148111,0,0,0,2026-01-08T12:36:45.806310,
TXN-00009911,204,TRANSFER,1866.9,C1000047,0.0,0.0,M9772802,0,0,0,2026-01-08T12:36:45.806373,
TXN-00009912,204,DEBIT,25326.88,C1000037,0.0,0.0,M6430965,0,0,0,2026-01-08T12:36:45.806433,
TXN-00009913,204,TRANSFER,1469.54,C1000090,256914.37,255444.83,M8855422,0,0,0,2026-01-08T12:36:45.806494,
TXN-00009914,204,TRANSFER,10.0,C1000064,0.0,0.0,M9510568,0,0,0,2026-01-08T12:36:45.806556,
TXN-00009915,18,TRANSFER,83842.41,C1000012,0.0,-87134.32,M4608861,0,0,1,2026-01-08T12:36:45.806585,rapid_succession
TXN-00009916,204,PAYMENT,26483.62,C1000056,0.0,0.0,M7100028,0,0,0,2026-01-08T12:36:45.806652,
TXN-00009917,204,CASH_OUT,17195.46,C1000079,1666.34,0.0,M9467347,0,0,0,2026-01-08T12:36:45.806710,
TXN-00009918,204,PAYMENT,18525.76,C1000076,0.0,0.0,M8203813,0,0,0,2026-01-08T12:36:45.806770,
TXN-00009919,204,PAYMENT,4324.07,C1000065,4453.84,129.77,M2434990,0,0,0,2026-01-08T12:36:45.806864,
TXN-00009920,204,PAYMENT,3967.19,C1000040,242.66,0.0,M7232536,0,0,0,2026-01-08T12:36:45.806920,
TXN-00009921,12,CASH_OUT,89772.97,C1000001,80215.64,0.0,M1274159,0,0,1,2026-01-08T12:36:45.806951,rapid_succession
TXN-00009922,204,DEBIT,671.63,C1000043,15791.2,15119.57,M6534475,0,0,0,2026-01-08T12:36:45.807010,
TXN-00009923,204,PAYMENT,10664.08,C1000013,0.0,0.0,M7530421,0,0,0,2026-01-08T12:36:45.807069,
TXN-00009924,19,CASH_OUT,156578.33,C1000065,129.77,0.0,M4653969,0,0,1,2026-01-08T12:36:45.807097,rapid_succession
TXN-00009925,204,PAYMENT,7867.61,C1000011,0.0,0.0,M4735617,0,0,0,2026-01-08T12:36:45.807156,
TXN-00009926,204,PAYMENT,1075.62,C1000023,27159.05,26083.44,M8931060,0,0,0,2026-01-08T12:36:45.807214,
TXN-00009927,204,PAYMENT,10.0,C1000023,26083.44,26073.44,M9437272,0,0,0,2026-01-08T12:36:45.807274,
TXN-00009928,204,TRANSFER,19280.1,C1000064,0.0,0.0,M2648800,0,0,0,2026-01-08T12:36:45.807332,
TXN-00009929,10,CASH_OUT,163118.34,C1000032,0.0,0.0,M5425026,0,0,1,2026-01-08T12:36:45.807361,rapid_succession
TXN-00009930,204,CASH_OUT,10.0,C1000077,91206.58,91196.58,M4302123,0,0,0,2026-01-08T12:36:45.807418,
TXN-00009931,13,TRANSFER,79076.01,C1000064,0.0,-74584.6,M4969401,0,0,1,2026-01-08T12:36:45.807448,rapid_succession
TXN-00009932,204,TRANSFER,10908.87,C1000054,0.0,0.0,M9612068,0,0,0,2026-01-08T12:36:45.807514,
TXN-00009933,204,PAYMENT,2044.06,C1000033,0.0,0.0,M6571785,0,0,0,2026-01-08T12:36:45.807571,
TXN-00009934,13,TRANSFER,66459.51,C1000049,0.0,-69747.11,M7673369,0,0,1,2026-01-08T12:36:45.807599,rapid_succession
TXN-00009935,204,CASH_OUT,1064.64,C1000061,242640.47,241575.84,M9141135,0,0,0,2026-01-08T12:36:45.807663,
TXN-00009936,204,CASH_OUT,3845.41,C1000065,129.77,0.0,M6876976,0,0,0,2026-01-08T12:36:45.807720,
TXN-00009937,10,TRANSFER,79239.83,C1000071,180209.75,104940.4,M1121512,0,0,1,2026-01-08T12:36:45.807750,rapid_succession
TXN-00009938,204,TRANSFER,47169.14,C1000053,0.0,0.0,M2123118,0,0,0,2026-01-08T12:36:45.807816,
TXN-00009939,204,CASH_OUT,852.28,C1000021,0.0,0.0,M8963611,0,0,0,2026-01-08T12:36:45.807899,
TXN-00009940,204,CASH_OUT,1304.51,C1000016,169351.5,168046.99,M8703600,0,0,0,2026-01-08T12:36:45.807969,
TXN-00009941,204,PAYMENT,1163.26,C1000083,210036.49,208873.23,M4615725,0,0,0,2026-01-08T12:36:45.808028,
TXN-00009942,20,TRANSFER,112603.52,C1000042,0.0,-116065.08,M9433562,0,0,1,2026-01-08T12:36:45.808057,rapid_succession
TXN-00009943,204,DEBIT,3346.96,C1000049,0.0,0.0,M6691738,0,0,0,2026-01-08T12:36:45.808126,
TXN-00009944,204,PAYMENT,8553.24,C1000013,0.0,0.0,M7430308,0,0,0,2026-01-08T12:36:45.808183,
TXN-00009945,18,CASH_OUT,111154.44,C1000063,0.0,0.0,M5796810,0,0,1,2026-01-08T12:36:45.808214,rapid_succession
TXN-00009946,204,CASH_OUT,10.0,C1000072,0.0,0.0,M9360053,0,0,0,2026-01-08T12:36:45.808274,
TXN-00009947,204,PAYMENT,252.29,C1000018,154412.49,154160.2,M2421889,0,0,0,2026-01-08T12:36:45.808330,
TXN-00009948,204,TRANSFER,738.86,C1000091,0.0,0.0,M5353192,0,0,0,2026-01-08T12:36:45.808389,
TXN-00009949,204,CASH_IN,36490.0,C1000012,0.0,36490.0,M2045917,0,0,0,2026-01-08T12:36:45.808445,
TXN-00009950,204,PAYMENT,1232.11,C1000043,15119.57,13887.46,M2275540,0,0,0,2026-01-08T12:36:45.808519,
TXN-00009951,15,CASH_OUT,85944.86,C1000046,0.0,0.0,M2816263,0,0,1,2026-01-08T12:36:45.808550,rapid_succession
TXN-00009952,204,PAYMENT,10.0,C1000075,443790.13,443780.13,M2952480,0,0,0,2026-01-08T12:36:45.808608,
TXN-00009953,17,TRANSFER,31980.11,C1000069,70359.24,38379.13,M6146567,0,0,1,2026-01-08T12:36:45.808640,rapid_succession
TXN-00009954,19,CASH_OUT,38971.13,C1000086,142855.86,103884.74,M3166452,0,0,1,2026-01-08T12:36:45.808669,rapid_succession
TXN-00009955,204,TRANSFER,844.14,C1000070,0.0,0.0,M9591306,0,0,0,2026-01-08T12:36:45.808729,
TXN-00009956,204,PAYMENT,13783.84,C1000005,0.0,0.0,M4748385,0,0,0,2026-01-08T12:36:45.808808,
TXN-00009957,204,TRANSFER,10189.47,C1000031,0.0,0.0,M2736592,0,0,0,2026-01-08T12:36:45.808874,
TXN-00009958,204,PAYMENT,9859.9,C1000054,0.0,0.0,M5515080,0,0,0,2026-01-08T12:36:45.808939,
TXN-00009959,204,TRANSFER,604.32,C1000034,77610.22,77005.9,M1489414,0,0,0,2026-01-08T12:36:45.809039,
TXN-00009960,204,PAYMENT,5106.17,C1000013,0.0,0.0,M2145913,0,0,0,2026-01-08T12:36:45.814098,
TXN-00009961,204,DEBIT,2021.0,C1000086,142855.86,140834.86,M2107724,0,0,0,2026-01-08T12:36:45.814235,
TXN-00009962,204,CASH_IN,21.8,C1000047,0.0,21.8,M5451138,0,0,0,2026-01-08T12:36:45.814308,
TXN-00009963,204,TRANSFER,2067.79,C1000017,78903.52,76835.73,M8725788,0,0,0,2026-01-08T12:36:45.814370,
TXN-00009964,204,CASH_OUT,10.0,C1000057,0.0,0.0,M9004812,0,0,0,2026-01-08T12:36:45.814431,
TXN-00009965,204,PAYMENT,10.0,C1000033,0.0,0.0,M4300182,0,0,0,2026-01-08T12:36:45.814489,
TXN-00009966,16,TRANSFER,55747.24,C1000034,77005.9,21258.66,M6272531,0,0,1,2026-01-08T12:36:45.814520,rapid_succession
TXN-00009967,204,PAYMENT,1218.88,C1000043,13887.46,12668.58,M9039817,0,0,0,2026-01-08T12:36:45.814580,
TXN-00009968,204,PAYMENT,26960.73,C1000056,0.0,0.0,M9600031,0,0,0,2026-01-08T12:36:45.814638,
TXN-00009969,20,TRANSFER,30354.4,C1000019,0.0,0.0,M8144272,0,0,1,2026-01-08T12:36:45.814667,rapid_succession
TXN-00009970,204,DEBIT,54485.59,C1000000,0.0,0.0,M3622804,0,0,0,2026-01-08T12:36:45.814724,
TXN-00009971,204,DEBIT,4676.47,C1000027,0.0,0.0,M8592322,0,0,0,2026-01-08T12:36:45.814780,
TXN-00009972,204,TRANSFER,1900.02,C1000086,140834.86,138934.85,M4717997,0,0,0,2026-01-08T12:36:45.814837,
TXN-00009973,204,CASH_OUT,2121.16,C1000070,0.0,0.0,M7716944,0,0,0,2026-01-08T12:36:45.814896,
TXN-00009974,204,DEBIT,1120.05,C1000016,168046.99,166926.94,M6883483,0,0,0,2026-01-08T12:36:45.814951,
TXN-00009975,17,CASH_OUT,49626.4,C1000034,77005.9,27379.5,M5842020,0,0,1,2026-01-08T12:36:45.814981,rapid_succession
TXN-00009976,204,CASH_OUT,6124.37,C1000003,0.0,0.0,M4511253,0,0,0,2026-01-08T12:36:45.815038,
TXN-00009977,204,PAYMENT,21031.67,C1000035,0.0,0.0,M8943893,0,0,0,2026-01-08T12:36:45.815097,
TXN-00009978,18,CASH_OUT,70494.89,C1000004,217816.13,147321.24,M4338935,0,0,1,2026-01-08T12:36:45.815310,rapid_succession
TXN-00009979,204,CASH_OUT,10.0,C1000042,0.0,0.0,M8052135,0,0,0,2026-01-08T12:36:45.815408,
TXN-00009980,17,CASH_OUT,105608.6,C1000086,138934.85,33326.24,M4360020,0,0,1,2026-01-08T12:36:45.815443,rapid_succession
TXN-00009981,204,TRANSFER,2030.24,C1000043,12668.58,10638.34,M6729340,0,0,0,2026-01-08T12:36:45.815512,
TXN-00009982,204,PAYMENT,10.0,C1000098,231812.08,231802.08,M3245384,0,0,0,2026-01-08T12:36:45.815574,
TXN-00009983,15,CASH_OUT,109626.39,C1000011,0.0,0.0,M4435733,0,0,1,2026-01-08T12:36:45.815607,rapid_succession
TXN-00009984,14,CASH_OUT,88442.01,C1000080,0.0,0.0,M6233033,0,0,1,2026-01-08T12:36:45.815636,rapid_succession
TXN-00009985,204,TRANSFER,10.0,C1000072,0.0,0.0,M6954666,0,0,0,2026-01-08T12:36:45.815724,
TXN-00009986,204,CASH_OUT,10962.05,C1000082,0.0,0.0,M8349253,0,0,0,2026-01-08T12:36:45.815983,
TXN-00009987,204,CASH_IN,55631.77,C1000000,0.0,55631.77,M1485470,0,0,0,2026-01-08T12:36:45.816251,
TXN-00009988,204,CASH_OUT,8720.49,C1000039,0.0,0.0,M9629984,0,0,0,2026-01-08T12:36:45.816385,
TXN-00009989,12,CASH_OUT,41023.87,C1000061,241575.84,200551.97,M3333707,0,0,1,2026-01-08T12:36:45.816424,rapid_succession
TXN-00009990,204,PAYMENT,19147.27,C1000019,0.0,0.0,M8773750,0,0,0,2026-01-08T12:36:45.816494,
TXN-00009991,204,TRANSFER,1525.33,C1000008,220656.31,219130.97,M7274248,0,0,0,2026-01-08T12:36:45.817509,
TXN-00009992,204,PAYMENT,55306.18,C1000000,55631.77,325.58,M9585808,0,0,0,2026-01-08T12:36:45.817611,
TXN-00009993,204,PAYMENT,10.0,C1000061,241575.84,241565.84,M2376503,0,0,0,2026-01-08T12:36:45.817683,
TXN-00009994,204,CASH_OUT,12532.57,C1000015,0.0,0.0,M1790634,0,0,0,2026-01-08T12:36:45.817749,
TXN-00009995,204,CASH_OUT,4474.04,C1000062,0.0,0.0,M5576820,0,0,0,2026-01-08T12:36:45.817818,
TXN-00009996,204,TRANSFER,1011.87,C1000022,27846.63,26834.75,M1382951,0,0,0,2026-01-08T12:36:45.817881,
TXN-00009997,204,TRANSFER,33962.69,C1000073,0.0,0.0,M7909578,0,0,0,2026-01-08T12:36:45.817950,
TXN-00009998,204,PAYMENT,1604.33,C1000090,255444.83,253840.5,M4088813,0,0,0,2026-01-08T12:36:45.818015,
TXN-00009999,204,PAYMENT,34594.79,C1000073,0.0,0.0,M5369680,0,0,0,2026-01-08T12:36:45.818086,
