transaction_id,step,type,amount,nameOrig,oldbalanceOrg,newbalanceOrig,nameDest,oldbalanceDest,newbalanceDest,isFraud,timestamp,fraud_pattern
TXN-00010000,204,PAYMENT,17255.47,C1000076,0.0,0.0,M7766136,0,0,0,2026-01-08T12:36:45.855285,
TXN-00010001,204,CASH_OUT,864.28,C1000018,154160.2,153295.92,M7599281,0,0,0,2026-01-08T12:36:45.855396,
TXN-00010002,197,TRANSFER,0.0,C1000072,0.0,0.0,M5377568,0,0,1,2026-01-08T12:36:45.855434,balance_drain
TXN-00010003,204,PAYMENT,8754.51,C1000039,0.0,0.0,M7538057,0,0,0,2026-01-08T12:36:45.855504,
TXN-00010004,204,PAYMENT,4505.89,C1000003,0.0,0.0,M5932979,0,0,0,2026-01-08T12:36:45.855563,
TXN-00010005,204,DEBIT,16602.37,C1000093,0.0,0.0,M4270149,0,0,0,2026-01-08T12:36:45.855670,
TXN-00010006,204,PAYMENT,1946.62,C1000017,76835.73,74889.11,M7945987,0,0,0,2026-01-08T12:36:45.855759,
TXN-00010007,204,TRANSFER,10.0,C1000029,0.0,0.0,M4135120,0,0,0,2026-01-08T12:36:45.855830,
TXN-00010008,204,PAYMENT,10.0,C1000064,0.0,0.0,M6430469,0,0,0,2026-01-08T12:36:45.855889,
TXN-00010009,204,PAYMENT,48346.18,C1000053,0.0,0.0,M1315713,0,0,0,2026-01-08T12:36:45.855944,
TXN-00010010,204,DEBIT,4027.35,C1000062,0.0,0.0,M5979779,0,0,0,2026-01-08T12:36:45.856000,
TXN-00010011,204,TRANSFER,1547.78,C1000089,162960.31,161412.54,M4693615,0,0,0,2026-01-08T12:36:45.856054,
TXN-00010012,204,CASH_OUT,17819.04,C1000079,0.0,0.0,M6365265,0,0,0,2026-01-08T12:36:45.856113,
TXN-00010013,204,PAYMENT,21442.87,C1000067,0.0,0.0,M6791791,0,0,0,2026-01-08T12:36:45.856172,
TXN-00010014,204,CASH_OUT,10.0,C1000021,0.0,0.0,M1810986,0,0,0,2026-01-08T12:36:45.856226,
TXN-00010015,204,CASH_OUT,266.68,C1000009,132895.08,132628.4,M2040333,0,0,0,2026-01-08T12:36:45.856277,
TXN-00010016,204,CASH_OUT,583.0,C1000029,0.0,0.0,M6938002,0,0,0,2026-01-08T12:36:45.856331,
TXN-00010017,204,TRANSFER,1381.5,C1000085,0.0,0.0,M7884060,0,0,0,2026-01-08T12:36:45.856384,
TXN-00010018,204,TRANSFER,10.0,C1000098,231802.08,231792.08,M7891642,0,0,0,2026-01-08T12:36:45.856436,
TXN-00010019,204,PAYMENT,1371.26,C1000071,180209.75,178838.49,M4649673,0,0,0,2026-01-08T12:36:45.856488,
TXN-00010020,205,CASH_OUT,217816.13,C1000004,217816.13,0.0,M4086855,0,0,1,2026-01-08T12:36:45.856519,balance_drain
TXN-00010021,204,CASH_IN,17425.47,C1000076,0.0,17425.47,M2855957,0,0,0,2026-01-08T12:36:45.856576,
TXN-00010022,198,CASH_OUT,185271.99,C1000087,185271.99,0.0,M7370218,0,0,1,2026-01-08T12:36:45.856606,balance_drain
TXN-00010023,204,PAYMENT,20990.1,C1000019,0.0,0.0,M6664360,0,0,0,2026-01-08T12:36:45.856664,
TXN-00010024,204,TRANSFER,1137.78,C1000008,219130.97,217993.19,M1536788,0,0,0,2026-01-08T12:36:45.856726,
TXN-00010025,204,PAYMENT,2654.84,C1000084,110310.91,107656.07,M5538359,0,0,0,2026-01-08T12:36:45.856787,
TXN-00010026,204,CASH_OUT,22714.97,C1000095,0.0,0.0,M9373505,0,0,0,2026-01-08T12:36:45.856847,
TXN-00010027,204,CASH_IN,54780.97,C1000000,325.58,55106.55,M2174489,0,0,0,2026-01-08T12:36:45.856903,
TXN-00010028,204,CASH_IN,2706.87,C1000062,0.0,2706.87,M5451803,0,0,0,2026-01-08T12:36:45.856957,
TXN-00010029,204,CASH_OUT,215053.06,C1000014,215053.06,0.0,M3344817,0,0,1,2026-01-08T12:36:45.856986,balance_drain
TXN-00010030,204,PAYMENT,10.0,C1000021,0.0,0.0,M7553575,0,0,0,2026-01-08T12:36:45.857041,
TXN-00010031,204,CASH_OUT,17630.76,C1000093,0.0,0.0,M4920590,0,0,0,2026-01-08T12:36:45.857092,
TXN-00010032,204,PAYMENT,15858.75,C1000005,0.0,0.0,M6585350,0,0,0,2026-01-08T12:36:45.857147,
TXN-00010033,204,DEBIT,10.0,C1000001,80215.64,80205.64,M1887948,0,0,0,2026-01-08T12:36:45.857203,
TXN-00010034,204,PAYMENT,68.36,C1000001,80205.64,80137.28,M2419152,0,0,0,2026-01-08T12:36:45.857258,
TXN-00010035,204,PAYMENT,869.68,C1000077,91196.58,90326.9,M5517242,0,0,0,2026-01-08T12:36:45.857312,
TXN-00010036,204,DEBIT,663.07,C1000038,0.0,0.0,M1768115,0,0,0,2026-01-08T12:36:45.857374,
TXN-00010037,204,DEBIT,2008.14,C1000066,0.0,0.0,M9300190,0,0,0,2026-01-08T12:36:45.857447,
TXN-00010038,204,CASH_OUT,1353.87,C1000090,253840.5,252486.63,M9761222,0,0,0,2026-01-08T12:36:45.857519,
TXN-00010039,204,PAYMENT,21545.44,C1000019,0.0,0.0,M1810537,0,0,0,2026-01-08T12:36:45.857583,
TXN-00010040,204,PAYMENT,246.42,C1000034,77005.9,76759.47,M8707504,0,0,0,2026-01-08T12:36:45.857653,
TXN-00010041,204,CASH_OUT,594.75,C1000034,76759.47,76164.72,M1158115,0,0,0,2026-01-08T12:36:45.857805,
TXN-00010042,204,DEBIT,6349.38,C1000051,195535.43,189186.05,M5528613,0,0,0,2026-01-08T12:36:45.857879,
TXN-00010043,204,CASH_IN,37.68,C1000055,193784.65,193822.33,M7742491,0,0,0,2026-01-08T12:36:45.857955,
TXN-00010044,204,PAYMENT,1875.43,C1000017,74889.11,73013.68,M7195184,0,0,0,2026-01-08T12:36:45.858021,
TXN-00010045,204,PAYMENT,50692.59,C1000053,0.0,0.0,M2109105,0,0,0,2026-01-08T12:36:45.858081,
TXN-00010046,204,TRANSFER,2473.46,C1000041,240860.82,238387.36,M3979150,0,0,0,2026-01-08T12:36:45.858135,
TXN-00010047,204,PAYMENT,10.0,C1000082,0.0,0.0,M8176287,0,0,0,2026-01-08T12:36:45.858190,
TXN-00010048,204,CASH_IN,1411.23,C1000038,0.0,1411.23,M7647931,0,0,0,2026-01-08T12:36:45.858241,
TXN-00010049,204,CASH_OUT,13667.62,C1000005,0.0,0.0,M3660020,0,0,0,2026-01-08T12:36:45.858300,
TXN-00010050,204,PAYMENT,4485.75,C1000032,0.0,0.0,M8139993,0,0,0,2026-01-08T12:36:45.858353,
TXN-00010051,215,TRANSFER,0.0,C1000054,0.0,0.0,M3029838,0,0,1,2026-01-08T12:36:45.858381,balance_drain
TXN-00010052,204,DEBIT,747.15,C1000061,241565.84,240818.69,M8868888,0,0,0,2026-01-08T12:36:45.858439,
TXN-00010053,204,TRANSFER,10.0,C1000042,0.0,0.0,M2916433,0,0,0,2026-01-08T12:36:45.858501,
TXN-00010054,204,PAYMENT,10.0,C1000096,260961.47,260951.47,M5977428,0,0,0,2026-01-08T12:36:45.858574,
TXN-00010055,204,CASH_OUT,17822.4,C1000076,17425.47,0.0,M2510033,0,0,0,2026-01-08T12:36:45.858633,
TXN-00010056,204,PAYMENT,8722.86,C1000039,0.0,0.0,M4884487,0,0,0,2026-01-08T12:36:45.858688,
TXN-00010057,209,TRANSFER,0.0,C1000085,0.0,0.0,M7181057,0,0,1,2026-01-08T12:36:45.858717,balance_drain
TXN-00010058,204,TRANSFER,17339.92,C1000079,0.0,0.0,M9491567,0,0,0,2026-01-08T12:36:45.858805,
TXN-00010059,204,PAYMENT,27008.57,C1000056,0.0,0.0,M2271470,0,0,0,2026-01-08T12:36:45.858925,
TXN-00010060,204,CASH_IN,6466.96,C1000059,0.0,6466.96,M5681221,0,0,0,2026-01-08T12:36:45.859008,
TXN-00010061,205,TRANSFER,188248.91,C1000094,188248.91,0.0,M9076410,0,0,1,2026-01-08T12:36:45.859048,balance_drain
TXN-00010062,204,TRANSFER,3949.18,C1000010,0.0,0.0,M1412606,0,0,0,2026-01-08T12:36:45.859242,
TXN-00010063,204,PAYMENT,2941.32,C1000028,0.0,0.0,M7133959,0,0,0,2026-01-08T12:36:45.859358,
TXN-00010064,212,CASH_OUT,0.0,C1000091,0.0,0.0,M3692636,0,0,1,2026-01-08T12:36:45.859408,balance_drain
TXN-00010065,204,TRANSFER,3059.79,C1000044,0.0,0.0,M4410662,0,0,0,2026-01-08T12:36:45.859624,
TXN-00010066,204,CASH_OUT,641.26,C1000072,0.0,0.0,M3635370,0,0,0,2026-01-08T12:36:45.859782,
TXN-00010067,204,PAYMENT,4983.69,C1000010,0.0,0.0,M9950194,0,0,0,2026-01-08T12:36:45.859896,
TXN-00010068,204,CASH_OUT,260.22,C1000034,76164.72,75904.51,M6924268,0,0,0,2026-01-08T12:36:45.859982,
TXN-00010069,204,CASH_OUT,1886.14,C1000017,73013.68,71127.54,M8215525,0,0,0,2026-01-08T12:36:45.860155,
TXN-00010070,204,TRANSFER,6718.6,C1000084,107656.07,100937.47,M9631997,0,0,0,2026-01-08T12:36:45.860247,
TXN-00010071,204,CASH_OUT,4674.53,C1000065,0.0,0.0,M3261355,0,0,0,2026-01-08T12:36:45.860331,
TXN-00010072,204,CASH_OUT,2507.8,C1000028,0.0,0.0,M7735755,0,0,0,2026-01-08T12:36:45.860406,
TXN-00010073,204,TRANSFER,756.97,C1000089,161412.54,160655.56,M4846841,0,0,0,2026-01-08T12:36:45.860485,
TXN-00010074,201,CASH_OUT,10638.34,C1000043,10638.34,0.0,M6113403,0,0,1,2026-01-08T12:36:45.860626,balance_drain
TXN-00010075,204,TRANSFER,11829.02,C1000054,0.0,0.0,M4636008,0,0,0,2026-01-08T12:36:45.860753,
TXN-00010076,204,CASH_OUT,7653.14,C1000099,0.0,0.0,M4658449,0,0,0,2026-01-08T12:36:45.860819,
TXN-00010077,204,TRANSFER,8171.07,C1000031,0.0,0.0,M1802314,0,0,0,2026-01-08T12:36:45.860878,
TXN-00010078,204,TRANSFER,1892.22,C1000072,0.0,0.0,M6417497,0,0,0,2026-01-08T12:36:45.860954,
TXN-00010079,204,PAYMENT,1666.81,C1000055,193822.33,192155.52,M1975496,0,0,0,2026-01-08T12:36:45.861090,
TXN-00010080,196,CASH_OUT,185271.99,C1000087,185271.99,0.0,M5190487,0,0,1,2026-01-08T12:36:45.861171,balance_drain
TXN-00010081,204,TRANSFER,3535.29,C1000010,0.0,0.0,M1333621,0,0,0,2026-01-08T12:36:45.861285,
TXN-00010082,204,TRANSFER,1685.08,C1000090,252486.63,250801.55,M3274226,0,0,0,2026-01-08T12:36:45.861345,
TXN-00010083,204,TRANSFER,8236.43,C1000039,0.0,0.0,M6529610,0,0,0,2026-01-08T12:36:45.861448,
TXN-00010084,205,CASH_OUT,0.0,C1000010,0.0,0.0,M2518337,0,0,1,2026-01-08T12:36:45.861516,balance_drain
TXN-00010085,204,DEBIT,45207.18,C1000053,0.0,0.0,M8334726,0,0,0,2026-01-08T12:36:45.861639,
TXN-00010086,204,DEBIT,11822.61,C1000015,0.0,0.0,M1822909,0,0,0,2026-01-08T12:36:45.861718,
TXN-00010087,208,CASH_OUT,192155.52,C1000055,192155.52,0.0,M3084023,0,0,1,2026-01-08T12:36:45.861747,balance_drain
TXN-00010088,197,TRANSFER,0.0,C1000058,0.0,0.0,M4327953,0,0,1,2026-01-08T12:36:45.861773,balance_drain
TXN-00010089,204,PAYMENT,432.74,C1000034,75904.51,75471.77,M2379939,0,0,0,2026-01-08T12:36:45.861828,
TXN-00010090,204,PAYMENT,37604.86,C1000012,36490.0,0.0,M6750291,0,0,0,2026-01-08T12:36:45.861886,
TXN-00010091,204,CASH_OUT,1643.81,C1000078,1643.81,0.0,M9505204,0,0,1,2026-01-08T12:36:45.861928,balance_drain
TXN-00010092,204,CASH_OUT,4983.42,C1000080,0.0,0.0,M8439656,0,0,0,2026-01-08T12:36:45.861995,
TXN-00010093,204,PAYMENT,625.17,C1000007,50531.43,49906.26,M3526013,0,0,0,2026-01-08T12:36:45.862057,
TXN-00010094,204,DEBIT,37945.48,C1000012,0.0,0.0,M4361089,0,0,0,2026-01-08T12:36:45.862115,
TXN-00010095,204,PAYMENT,25975.26,C1000024,0.0,0.0,M3956543,0,0,0,2026-01-08T12:36:45.862171,
TXN-00010096,204,CASH_OUT,16809.55,C1000093,0.0,0.0,M6111899,0,0,0,2026-01-08T12:36:45.862227,
TXN-00010097,204,DEBIT,11256.4,C1000054,0.0,0.0,M2459172,0,0,0,2026-01-08T12:36:45.862280,
TXN-00010098,204,PAYMENT,10.0,C1000038,1411.23,1401.23,M8501031,0,0,0,2026-01-08T12:36:45.862330,
TXN-00010099,204,TRANSFER,6279.16,C1000059,6466.96,187.8,M3215215,0,0,0,2026-01-08T12:36:45.862382,
TXN-00010100,204,PAYMENT,3435.18,C1000082,0.0,0.0,M2749353,0,0,0,2026-01-08T12:36:45.862437,
TXN-00010101,204,DEBIT,14101.68,C1000005,0.0,0.0,M7298863,0,0,0,2026-01-08T12:36:45.862490,
TXN-00010102,204,PAYMENT,10.0,C1000004,217816.13,217806.13,M7068374,0,0,0,2026-01-08T12:36:45.862540,
TXN-00010103,204,PAYMENT,215.3,C1000066,0.0,0.0,M7257101,0,0,0,2026-01-08T12:36:45.862593,
TXN-00010104,204,TRANSFER,2033.28,C1000080,0.0,0.0,M1178256,0,0,0,2026-01-08T12:36:45.862645,
TXN-00010105,204,CASH_OUT,23.24,C1000075,443780.13,443756.89,M2154933,0,0,0,2026-01-08T12:36:45.862741,
TXN-00010106,204,TRANSFER,23445.08,C1000095,0.0,0.0,M9915403,0,0,0,2026-01-08T12:36:45.862802,
TXN-00010107,204,PAYMENT,4130.01,C1000027,0.0,0.0,M2739437,0,0,0,2026-01-08T12:36:45.862856,
TXN-00010108,204,PAYMENT,37645.8,C1000012,0.0,0.0,M5954870,0,0,0,2026-01-08T12:36:45.862908,
TXN-00010109,204,PAYMENT,34968.81,C1000073,0.0,0.0,M7831707,0,0,0,2026-01-08T12:36:45.862962,
TXN-00010110,204,TRANSFER,10.0,C1000061,240818.69,240808.69,M3110829,0,0,0,2026-01-08T12:36:45.863014,
TXN-00010111,204,PAYMENT,5066.54,C1000046,0.0,0.0,M9850915,0,0,0,2026-01-08T12:36:45.863067,
TXN-00010112,204,CASH_OUT,10.0,C1000040,0.0,0.0,M1431919,0,0,0,2026-01-08T12:36:45.863118,
TXN-00010113,204,TRANSFER,1045.17,C1000049,0.0,0.0,M1570262,0,0,0,2026-01-08T12:36:45.863169,
TXN-00010114,204,DEBIT,6724.52,C1000080,0.0,0.0,M8856351,0,0,0,2026-01-08T12:36:45.863220,
TXN-00010115,204,CASH_OUT,17934.99,C1000079,0.0,0.0,M9317229,0,0,0,2026-01-08T12:36:45.863271,
TXN-00010116,204,DEBIT,1435.52,C1000089,160655.56,159220.05,M2953691,0,0,0,2026-01-08T12:36:45.863322,
TXN-00010117,204,PAYMENT,18361.6,C1000095,0.0,0.0,M9355653,0,0,0,2026-01-08T12:36:45.863374,
TXN-00010118,204,TRANSFER,10980.21,C1000015,0.0,0.0,M4291118,0,0,0,2026-01-08T12:36:45.863424,
TXN-00010119,204,PAYMENT,2406.4,C1000030,0.0,0.0,M4415286,0,0,0,2026-01-08T12:36:45.863475,
TXN-00010120,197,TRANSFER,238387.36,C1000041,238387.36,0.0,M7311957,0,0,1,2026-01-08T12:36:45.863504,balance_drain
TXN-00010121,204,PAYMENT,22114.1,C1000024,0.0,0.0,M2122776,0,0,0,2026-01-08T12:36:45.863555,
TXN-00010122,204,DEBIT,10197.68,C1000074,0.0,0.0,M5816248,0,0,0,2026-01-08T12:36:45.863605,
TXN-00010123,195,TRANSFER,0.0,C1000027,0.0,0.0,M7385836,0,0,1,2026-01-08T12:36:45.863634,balance_drain
TXN-00010124,204,TRANSFER,53998.08,C1000000,55106.55,1108.47,M6654860,0,0,0,2026-01-08T12:36:45.863693,
TXN-00010125,204,PAYMENT,49613.46,C1000053,0.0,0.0,M4542772,0,0,0,2026-01-08T12:36:45.863753,
TXN-00010126,204,CASH_OUT,6175.44,C1000080,0.0,0.0,M1391210,0,0,0,2026-01-08T12:36:45.863807,
TXN-00010127,204,CASH_OUT,1330.62,C1000022,26834.75,25504.13,M4201634,0,0,0,2026-01-08T12:36:45.863859,
TXN-00010128,204,TRANSFER,18110.9,C1000076,0.0,0.0,M9214121,0,0,0,2026-01-08T12:36:45.863911,
TXN-00010129,194,CASH_OUT,0.0,C1000005,0.0,0.0,M2190257,0,0,1,2026-01-08T12:36:45.863937,balance_drain
TXN-00010130,204,CASH_OUT,4420.47,C1000096,260951.47,256531.0,M5953255,0,0,0,2026-01-08T12:36:45.863987,
TXN-00010131,204,TRANSFER,15417.06,C1000064,0.0,0.0,M8026921,0,0,0,2026-01-08T12:36:45.864039,
TXN-00010132,204,TRANSFER,2867.38,C1000044,0.0,0.0,M2435440,0,0,0,2026-01-08T12:36:45.864089,
TXN-00010133,204,TRANSFER,10.0,C1000060,57281.98,57271.98,M3428214,0,0,0,2026-01-08T12:36:45.864139,
TXN-00010134,204,PAYMENT,17783.37,C1000076,0.0,0.0,M4702563,0,0,0,2026-01-08T12:36:45.864192,
TXN-00010135,197,CASH_OUT,208873.23,C1000083,208873.23,0.0,M3631205,0,0,1,2026-01-08T12:36:45.864219,balance_drain
TXN-00010136,204,CASH_IN,1255.96,C1000048,209846.95,211102.91,M4869484,0,0,0,2026-01-08T12:36:45.864270,
TXN-00010137,204,PAYMENT,3452.71,C1000087,185271.99,181819.28,M5423622,0,0,0,2026-01-08T12:36:45.864322,
TXN-00010138,204,DEBIT,17793.58,C1000093,0.0,0.0,M8702027,0,0,0,2026-01-08T12:36:45.864372,
TXN-00010139,204,TRANSFER,6610.27,C1000011,0.0,0.0,M2979278,0,0,0,2026-01-08T12:36:45.864425,
TXN-00010140,204,TRANSFER,6304.62,C1000074,0.0,0.0,M6377869,0,0,0,2026-01-08T12:36:45.864477,
TXN-00010141,204,PAYMENT,1212.77,C1000041,238387.36,237174.59,M9407994,0,0,0,2026-01-08T12:36:45.864529,
TXN-00010142,204,DEBIT,17735.13,C1000093,0.0,0.0,M9593195,0,0,0,2026-01-08T12:36:45.864580,
TXN-00010143,204,CASH_OUT,10.0,C1000042,0.0,0.0,M7525120,0,0,0,2026-01-08T12:36:45.864632,
TXN-00010144,204,PAYMENT,2608.96,C1000096,256531.0,253922.04,M8615217,0,0,0,2026-01-08T12:36:45.864687,
TXN-00010145,213,CASH_OUT,1401.23,C1000038,1401.23,0.0,M9640979,0,0,1,2026-01-08T12:36:45.864714,balance_drain
TXN-00010146,194,CASH_OUT,215053.06,C1000014,215053.06,0.0,M9244219,0,0,1,2026-01-08T12:36:45.864741,balance_drain
TXN-00010147,204,PAYMENT,24606.56,C1000037,0.0,0.0,M1165402,0,0,0,2026-01-08T12:36:45.864794,
TXN-00010148,204,PAYMENT,10.0,C1000071,178838.49,178828.49,M9243051,0,0,0,2026-01-08T12:36:45.864846,
TXN-00010149,204,PAYMENT,2668.08,C1000008,217993.19,215325.11,M6403162,0,0,0,2026-01-08T12:36:45.864901,
TXN-00010150,204,PAYMENT,1403.08,C1000070,0.0,0.0,M2740948,0,0,0,2026-01-08T12:36:45.864950,
TXN-00010151,204,CASH_OUT,3788.33,C1000049,0.0,0.0,M8579168,0,0,0,2026-01-08T12:36:45.864999,
TXN-00010152,204,CASH_OUT,10068.02,C1000092,0.0,0.0,M5974441,0,0,0,2026-01-08T12:36:45.865047,
TXN-00010153,204,TRANSFER,7039.56,C1000036,0.0,0.0,M2401838,0,0,0,2026-01-08T12:36:45.865097,
TXN-00010154,204,CASH_OUT,38.71,C1000051,189186.05,189147.34,M5048692,0,0,0,2026-01-08T12:36:45.865148,
TXN-00010155,204,DEBIT,7955.59,C1000036,0.0,0.0,M4680955,0,0,0,2026-01-08T12:36:45.865201,
TXN-00010156,204,PAYMENT,26338.65,C1000056,0.0,0.0,M4841460,0,0,0,2026-01-08T12:36:45.865252,
TXN-00010157,204,TRANSFER,4836.63,C1000058,0.0,0.0,M3454333,0,0,0,2026-01-08T12:36:45.865301,
TXN-00010158,204,PAYMENT,2720.44,C1000022,25504.13,22783.69,M1035050,0,0,0,2026-01-08T12:36:45.865349,
TXN-00010159,214,TRANSFER,159220.05,C1000089,159220.05,0.0,M1998324,0,0,1,2026-01-08T12:36:45.865376,balance_drain
TXN-00010160,204,CASH_IN,10.0,C1000082,0.0,10.0,M5168637,0,0,0,2026-01-08T12:36:45.865429,
TXN-00010161,204,DEBIT,1377.64,C1000091,0.0,0.0,M4643261,0,0,0,2026-01-08T12:36:45.865480,
TXN-00010162,204,PAYMENT,1571.58,C1000083,208873.23,207301.65,M2913644,0,0,0,2026-01-08T12:36:45.865531,
TXN-00010163,204,PAYMENT,1923.07,C1000069,70359.24,68436.17,M3327237,0,0,0,2026-01-08T12:36:45.865581,
TXN-00010164,204,TRANSFER,10.0,C1000061,240808.69,240798.69,M1843607,0,0,0,2026-01-08T12:36:45.865630,
TXN-00010165,204,CASH_OUT,10.0,C1000018,153295.92,153285.92,M9744087,0,0,0,2026-01-08T12:36:45.865683,
TXN-00010166,204,TRANSFER,10.0,C1000014,215053.06,215043.06,M5268329,0,0,0,2026-01-08T12:36:45.865733,
TXN-00010167,204,CASH_OUT,2008.92,C1000021,0.0,0.0,M3174611,0,0,0,2026-01-08T12:36:45.865783,
TXN-00010168,204,PAYMENT,23830.54,C1000067,0.0,0.0,M4022277,0,0,0,2026-01-08T12:36:45.865831,
TXN-00010169,204,DEBIT,1942.57,C1000029,0.0,0.0,M7493031,0,0,0,2026-01-08T12:36:45.865879,
TXN-00010170,204,PAYMENT,9333.84,C1000057,0.0,0.0,M6347869,0,0,0,2026-01-08T12:36:45.865935,
TXN-00010171,192,TRANSFER,166926.94,C1000016,166926.94,0.0,M7914034,0,0,1,2026-01-08T12:36:45.865964,balance_drain
TXN-00010172,204,PAYMENT,750.5,C1000083,207301.65,206551.15,M4664857,0,0,0,2026-01-08T12:36:45.866021,
TXN-00010173,204,PAYMENT,172793.77,C1000050,0.0,0.0,M1401253,0,0,0,2026-01-08T12:36:45.866075,
TXN-00010174,204,PAYMENT,10.0,C1000072,0.0,0.0,M2346234,0,0,0,2026-01-08T12:36:45.866125,
TXN-00010175,204,CASH_OUT,3252.65,C1000030,0.0,0.0,M8872511,0,0,0,2026-01-08T12:36:45.866174,
TXN-00010176,204,PAYMENT,8218.4,C1000054,0.0,0.0,M4968233,0,0,0,2026-01-08T12:36:45.866274,
TXN-00010177,204,CASH_OUT,6715.7,C1000011,0.0,0.0,M2823021,0,0,0,2026-01-08T12:36:45.866358,
TXN-00010178,204,PAYMENT,973.1,C1000007,49906.26,48933.16,M1096255,0,0,0,2026-01-08T12:36:45.866410,
TXN-00010179,204,TRANSFER,498.94,C1000038,1401.23,902.29,M3019209,0,0,0,2026-01-08T12:36:45.866455,
TXN-00010180,204,CASH_OUT,10248.26,C1000074,0.0,0.0,M6862067,0,0,0,2026-01-08T12:36:45.866497,
TXN-00010181,204,TRANSFER,6952.46,C1000064,0.0,0.0,M7302314,0,0,0,2026-01-08T12:36:45.866537,
TXN-00010182,212,TRANSFER,240798.69,C1000061,240798.69,0.0,M2302341,0,0,1,2026-01-08T12:36:45.866558,balance_drain
TXN-00010183,204,CASH_OUT,10.0,C1000082,10.0,0.0,M9748772,0,0,0,2026-01-08T12:36:45.866600,
TXN-00010184,204,PAYMENT,4858.2,C1000027,0.0,0.0,M9763810,0,0,0,2026-01-08T12:36:45.866637,
TXN-00010185,204,CASH_IN,10.0,C1000080,0.0,10.0,M2928037,0,0,0,2026-01-08T12:36:45.866678,
TXN-00010186,204,TRANSFER,2363.22,C1000044,0.0,0.0,M2364984,0,0,0,2026-01-08T12:36:45.866715,
TXN-00010187,204,PAYMENT,4988.86,C1000051,189147.34,184158.48,M1583991,0,0,0,2026-01-08T12:36:45.866753,
TXN-00010188,204,PAYMENT,1377.06,C1000051,184158.48,182781.42,M4932405,0,0,0,2026-01-08T12:36:45.866792,
TXN-00010189,204,CASH_OUT,20404.67,C1000035,0.0,0.0,M9025548,0,0,0,2026-01-08T12:36:45.866830,
TXN-00010190,204,CASH_IN,8663.72,C1000039,0.0,8663.72,M3997111,0,0,0,2026-01-08T12:36:45.866868,
TXN-00010191,195,TRANSFER,0.0,C1000012,0.0,0.0,M6674341,0,0,1,2026-01-08T12:36:45.866888,balance_drain
TXN-00010192,204,TRANSFER,357.68,C1000016,166926.94,166569.26,M9061680,0,0,0,2026-01-08T12:36:45.866925,
TXN-00010193,204,CASH_OUT,173164.97,C1000050,0.0,0.0,M9227691,0,0,0,2026-01-08T12:36:45.866964,
TXN-00010194,204,TRANSFER,1593.77,C1000020,310732.09,309138.32,M9647233,0,0,0,2026-01-08T12:36:45.867001,
TXN-00010195,204,CASH_OUT,43199.07,C1000053,0.0,0.0,M1235762,0,0,0,2026-01-08T12:36:45.867041,
TXN-00010196,204,PAYMENT,25988.23,C1000037,0.0,0.0,M1749059,0,0,0,2026-01-08T12:36:45.867079,
TXN-00010197,204,CASH_OUT,6488.86,C1000058,0.0,0.0,M4049165,0,0,0,2026-01-08T12:36:45.867116,
TXN-00010198,204,DEBIT,6364.26,C1000049,0.0,0.0,M6373218,0,0,0,2026-01-08T12:36:45.867153,
TXN-00010199,204,DEBIT,33182.14,C1000067,0.0,0.0,M6441478,0,0,0,2026-01-08T12:36:45.867190,
TXN-00010200,204,TRANSFER,1253.28,C1000083,206551.15,205297.87,M7268419,0,0,0,2026-01-08T12:36:45.867226,
TXN-00010201,204,DEBIT,249.68,C1000034,75471.77,75222.09,M3923557,0,0,0,2026-01-08T12:36:45.867265,
TXN-00010202,204,CASH_OUT,9194.86,C1000078,1643.81,0.0,M4808665,0,0,0,2026-01-08T12:36:45.867303,
TXN-00010203,204,PAYMENT,10.0,C1000047,21.8,11.8,M2374712,0,0,0,2026-01-08T12:36:45.867340,
TXN-00010204,204,TRANSFER,673.4,C1000016,166569.26,165895.85,M6933551,0,0,0,2026-01-08T12:36:45.867377,
TXN-00010205,200,CASH_OUT,0.0,C1000011,0.0,0.0,M3107377,0,0,1,2026-01-08T12:36:45.867396,balance_drain
TXN-00010206,204,TRANSFER,5542.65,C1000003,0.0,0.0,M1693332,0,0,0,2026-01-08T12:36:45.867433,
TXN-00010207,204,PAYMENT,1110.03,C1000058,0.0,0.0,M1949992,0,0,0,2026-01-08T12:36:45.867470,
TXN-00010208,204,TRANSFER,314.79,C1000041,237174.59,236859.8,M6689862,0,0,0,2026-01-08T12:36:45.867507,
TXN-00010209,204,TRANSFER,4856.6,C1000032,0.0,0.0,M1507040,0,0,0,2026-01-08T12:36:45.867545,
TXN-00010210,204,DEBIT,1282.79,C1000083,205297.87,204015.08,M3048114,0,0,0,2026-01-08T12:36:45.867582,
TXN-00010211,204,CASH_OUT,13568.35,C1000005,0.0,0.0,M3702008,0,0,0,2026-01-08T12:36:45.867619,
TXN-00010212,204,CASH_OUT,36240.82,C1000012,0.0,0.0,M1645297,0,0,0,2026-01-08T12:36:45.867656,
TXN-00010213,204,DEBIT,1660.56,C1000068,105263.36,103602.8,M2932017,0,0,0,2026-01-08T12:36:45.867707,
TXN-00010214,204,PAYMENT,7033.0,C1000014,215043.06,208010.07,M8620379,0,0,0,2026-01-08T12:36:45.867807,
TXN-00010215,204,TRANSFER,37436.4,C1000012,0.0,0.0,M1885686,0,0,0,2026-01-08T12:36:45.867921,
TXN-00010216,204,PAYMENT,4396.59,C1000027,0.0,0.0,M6747322,0,0,0,2026-01-08T12:36:45.868039,
TXN-00010217,204,PAYMENT,6447.43,C1000082,0.0,0.0,M6595278,0,0,0,2026-01-08T12:36:45.868204,
TXN-00010218,204,CASH_OUT,4337.94,C1000091,0.0,0.0,M6744204,0,0,0,2026-01-08T12:36:45.868322,
TXN-00010219,204,TRANSFER,741.06,C1000094,188248.91,187507.85,M3414497,0,0,0,2026-01-08T12:36:45.868447,
TXN-00010220,204,DEBIT,10.0,C1000072,0.0,0.0,M2913477,0,0,0,2026-01-08T12:36:45.868573,
TXN-00010221,204,PAYMENT,173129.79,C1000050,0.0,0.0,M2551902,0,0,0,2026-01-08T12:36:45.868673,
TXN-00010222,204,PAYMENT,4355.74,C1000043,10638.34,6282.6,M6858985,0,0,0,2026-01-08T12:36:45.868786,
TXN-00010223,204,TRANSFER,1945.66,C1000094,187507.85,185562.19,M5717640,0,0,0,2026-01-08T12:36:45.868904,
TXN-00010224,197,TRANSFER,0.0,C1000074,0.0,0.0,M8501715,0,0,1,2026-01-08T12:36:45.868969,balance_drain
TXN-00010225,204,PAYMENT,10.0,C1000081,91952.15,91942.15,M4253671,0,0,0,2026-01-08T12:36:45.869093,
TXN-00010226,204,CASH_OUT,9796.17,C1000054,0.0,0.0,M5749505,0,0,0,2026-01-08T12:36:45.869264,
TXN-00010227,204,CASH_OUT,10.0,C1000048,211102.91,211092.91,M1155345,0,0,0,2026-01-08T12:36:45.869335,
TXN-00010228,204,PAYMENT,10.0,C1000033,0.0,0.0,M2409685,0,0,0,2026-01-08T12:36:45.869385,
TXN-00010229,197,TRANSFER,0.0,C1000092,0.0,0.0,M9093650,0,0,1,2026-01-08T12:36:45.869409,balance_drain
TXN-00010230,204,PAYMENT,36687.66,C1000073,0.0,0.0,M7127054,0,0,0,2026-01-08T12:36:45.869457,
TXN-00010231,192,CASH_OUT,0.0,C1000031,0.0,0.0,M1255836,0,0,1,2026-01-08T12:36:45.869481,balance_drain
TXN-00010232,204,PAYMENT,7505.43,C1000036,0.0,0.0,M2051760,0,0,0,2026-01-08T12:36:45.869529,
TXN-00010233,204,PAYMENT,10.0,C1000068,103602.8,103592.8,M9410199,0,0,0,2026-01-08T12:36:45.869580,
TXN-00010234,204,CASH_IN,891.51,C1000009,132628.4,133519.91,M9302975,0,0,0,2026-01-08T12:36:45.869630,
TXN-00010235,204,PAYMENT,13311.19,C1000054,0.0,0.0,M4135398,0,0,0,2026-01-08T12:36:45.869683,
TXN-00010236,204,TRANSFER,18929.11,C1000079,0.0,0.0,M2398530,0,0,0,2026-01-08T12:36:45.869731,
TXN-00010237,204,CASH_OUT,441.1,C1000001,80137.28,79696.18,M9225307,0,0,0,2026-01-08T12:36:45.869780,
TXN-00010238,204,CASH_OUT,386.83,C1000060,57271.98,56885.14,M9164088,0,0,0,2026-01-08T12:36:45.869829,
TXN-00010239,204,CASH_OUT,359.03,C1000034,75222.09,74863.06,M5807456,0,0,0,2026-01-08T12:36:45.869878,
TXN-00010240,204,DEBIT,4377.18,C1000002,283855.02,279477.84,M1302935,0,0,0,2026-01-08T12:36:45.869929,
TXN-00010241,204,TRANSFER,1775.16,C1000022,22783.69,21008.52,M6708148,0,0,0,2026-01-08T12:36:45.869978,
TXN-00010242,204,CASH_OUT,173472.9,C1000050,0.0,0.0,M4814242,0,0,0,2026-01-08T12:36:45.870027,
TXN-00010243,206,TRANSFER,159220.05,C1000089,159220.05,0.0,M3991117,0,0,1,2026-01-08T12:36:45.870053,balance_drain
TXN-00010244,196,CASH_OUT,443756.89,C1000075,443756.89,0.0,M8235908,0,0,1,2026-01-08T12:36:45.870084,balance_drain
TXN-00010245,204,CASH_IN,1904.48,C1000021,0.0,1904.48,M3429518,0,0,0,2026-01-08T12:36:45.870137,
TXN-00010246,204,PAYMENT,3471.25,C1000096,253922.04,250450.79,M4939540,0,0,0,2026-01-08T12:36:45.870191,
TXN-00010247,204,TRANSFER,7274.98,C1000005,0.0,0.0,M8837106,0,0,0,2026-01-08T12:36:45.870252,
TXN-00010248,204,PAYMENT,54696.63,C1000000,1108.47,0.0,M5260302,0,0,0,2026-01-08T12:36:45.870314,
TXN-00010249,204,PAYMENT,2705.17,C1000026,176780.03,174074.86,M1712695,0,0,0,2026-01-08T12:36:45.870363,
TXN-00010250,204,PAYMENT,1334.02,C1000026,174074.86,172740.84,M3921246,0,0,0,2026-01-08T12:36:45.870411,
TXN-00010251,204,TRANSFER,3070.44,C1000002,279477.84,276407.4,M3383600,0,0,0,2026-01-08T12:36:45.870460,
TXN-00010252,204,CASH_OUT,10.0,C1000074,0.0,0.0,M6800013,0,0,0,2026-01-08T12:36:45.870509,
TXN-00010253,204,CASH_OUT,2517.13,C1000045,0.0,0.0,M7510845,0,0,0,2026-01-08T12:36:45.870557,
TXN-00010254,204,TRANSFER,3686.58,C1000018,153285.92,149599.34,M2023638,0,0,0,2026-01-08T12:36:45.870604,
TXN-00010255,204,TRANSFER,13494.01,C1000063,0.0,0.0,M3558464,0,0,0,2026-01-08T12:36:45.870655,
TXN-00010256,212,CASH_OUT,187.8,C1000059,187.8,0.0,M3771626,0,0,1,2026-01-08T12:36:45.870680,balance_drain
TXN-00010257,204,CASH_OUT,6489.91,C1000031,0.0,0.0,M8395820,0,0,0,2026-01-08T12:36:45.870731,
TXN-00010258,214,TRANSFER,100937.47,C1000084,100937.47,0.0,M8886550,0,0,1,2026-01-08T12:36:45.870757,balance_drain
TXN-00010259,204,PAYMENT,26585.61,C1000056,0.0,0.0,M8439019,0,0,0,2026-01-08T12:36:45.870806,
TXN-00010260,204,CASH_OUT,2736.55,C1000055,192155.52,189418.97,M5035156,0,0,0,2026-01-08T12:36:45.870856,
TXN-00010261,204,DEBIT,6086.63,C1000082,0.0,0.0,M4488050,0,0,0,2026-01-08T12:36:45.870909,
TXN-00010262,204,TRANSFER,885.36,C1000008,215325.11,214439.75,M9958523,0,0,0,2026-01-08T12:36:45.870959,
TXN-00010263,204,PAYMENT,5742.67,C1000003,0.0,0.0,M1953755,0,0,0,2026-01-08T12:36:45.871012,
TXN-00010264,204,PAYMENT,1152.27,C1000066,0.0,0.0,M8955215,0,0,0,2026-01-08T12:36:45.871062,
TXN-00010265,204,CASH_OUT,2500.35,C1000044,0.0,0.0,M1436655,0,0,0,2026-01-08T12:36:45.871112,
TXN-00010266,204,PAYMENT,10.0,C1000009,133519.91,133509.91,M8272713,0,0,0,2026-01-08T12:36:45.871163,
TXN-00010267,204,PAYMENT,8316.72,C1000011,0.0,0.0,M8004934,0,0,0,2026-01-08T12:36:45.871212,
TXN-00010268,204,CASH_OUT,1564.04,C1000018,149599.34,148035.3,M9280730,0,0,0,2026-01-08T12:36:45.871261,
TXN-00010269,204,DEBIT,26693.59,C1000056,0.0,0.0,M2088267,0,0,0,2026-01-08T12:36:45.871315,
TXN-00010270,204,TRANSFER,1260.31,C1000085,0.0,0.0,M1835119,0,0,0,2026-01-08T12:36:45.871383,
TXN-00010271,204,CASH_IN,21364.82,C1000024,0.0,21364.82,M8041009,0,0,0,2026-01-08T12:36:45.871433,
TXN-00010272,204,PAYMENT,19921.15,C1000035,0.0,0.0,M7532756,0,0,0,2026-01-08T12:36:45.871481,
TXN-00010273,204,CASH_OUT,464.69,C1000081,91942.15,91477.46,M7897565,0,0,0,2026-01-08T12:36:45.871529,
TXN-00010274,204,PAYMENT,10.0,C1000033,0.0,0.0,M1326917,0,0,0,2026-01-08T12:36:45.871580,
TXN-00010275,204,TRANSFER,2546.49,C1000028,0.0,0.0,M2216308,0,0,0,2026-01-08T12:36:45.871628,
TXN-00010276,204,TRANSFER,1949.23,C1000028,0.0,0.0,M7402123,0,0,0,2026-01-08T12:36:45.871680,
TXN-00010277,204,PAYMENT,5169.93,C1000003,0.0,0.0,M5065205,0,0,0,2026-01-08T12:36:45.871732,
TXN-00010278,204,PAYMENT,10204.26,C1000092,0.0,0.0,M9045474,0,0,0,2026-01-08T12:36:45.871780,
TXN-00010279,204,PAYMENT,36746.67,C1000012,0.0,0.0,M2775762,0,0,0,2026-01-08T12:36:45.871830,
TXN-00010280,204,PAYMENT,17503.67,C1000095,0.0,0.0,M8268871,0,0,0,2026-01-08T12:36:45.871880,
TXN-00010281,204,CASH_OUT,596.83,C1000023,26073.44,25476.61,M6779011,0,0,0,2026-01-08T12:36:45.871934,
TXN-00010282,204,DEBIT,1510.15,C1000051,182781.42,181271.27,M7349121,0,0,0,2026-01-08T12:36:45.871987,
TXN-00010283,204,TRANSFER,5500.05,C1000025,0.0,0.0,M4624625,0,0,0,2026-01-08T12:36:45.872040,
TXN-00010284,200,TRANSFER,103592.8,C1000068,103592.8,0.0,M6282437,0,0,1,2026-01-08T12:36:45.872067,balance_drain
TXN-00010285,204,PAYMENT,1362.83,C1000085,0.0,0.0,M6689191,0,0,0,2026-01-08T12:36:45.872117,
TXN-00010286,204,TRANSFER,1007.52,C1000083,204015.08,203007.56,M9802084,0,0,0,2026-01-08T12:36:45.872168,
TXN-00010287,204,TRANSFER,6529.04,C1000005,0.0,0.0,M2069535,0,0,0,2026-01-08T12:36:45.872218,
TXN-00010288,204,TRANSFER,4246.04,C1000062,2706.87,0.0,M6975791,0,0,0,2026-01-08T12:36:45.872268,
TXN-00010289,204,DEBIT,18123.7,C1000079,0.0,0.0,M8296745,0,0,0,2026-01-08T12:36:45.872319,
TXN-00010290,204,CASH_OUT,26862.08,C1000056,0.0,0.0,M7431326,0,0,0,2026-01-08T12:36:45.872370,
TXN-00010291,204,TRANSFER,10.0,C1000002,276407.4,276397.4,M9120199,0,0,0,2026-01-08T12:36:45.872444,
TXN-00010292,204,PAYMENT,5622.94,C1000046,0.0,0.0,M1015601,0,0,0,2026-01-08T12:36:45.872498,
TXN-00010293,204,PAYMENT,96.1,C1000004,217806.13,217710.03,M1368999,0,0,0,2026-01-08T12:36:45.872549,
TXN-00010294,204,PAYMENT,10141.59,C1000031,0.0,0.0,M7668865,0,0,0,2026-01-08T12:36:45.872597,
TXN-00010295,204,CASH_OUT,3764.49,C1000052,0.0,0.0,M4251894,0,0,0,2026-01-08T12:36:45.872645,
TXN-00010296,204,PAYMENT,21141.26,C1000024,21364.82,223.56,M1225204,0,0,0,2026-01-08T12:36:45.872694,
TXN-00010297,204,PAYMENT,2088.12,C1000069,68436.17,66348.05,M1587929,0,0,0,2026-01-08T12:36:45.872743,
TXN-00010298,204,TRANSFER,4910.45,C1000027,0.0,0.0,M3845406,0,0,0,2026-01-08T12:36:45.872791,
TXN-00010299,204,TRANSFER,1299.63,C1000043,6282.6,4982.96,M4767880,0,0,0,2026-01-08T12:36:45.872839,
TXN-00010300,204,CASH_OUT,460.43,C1000018,148035.3,147574.87,M7134199,0,0,0,2026-01-08T12:36:45.872888,
TXN-00010301,204,CASH_OUT,2030.59,C1000017,71127.54,69096.95,M2997936,0,0,0,2026-01-08T12:36:45.872941,
TXN-00010302,204,PAYMENT,4662.59,C1000065,0.0,0.0,M8852960,0,0,0,2026-01-08T12:36:45.873118,
TXN-00010303,204,PAYMENT,2022.34,C1000002,276397.4,274375.06,M1133994,0,0,0,2026-01-08T12:36:45.873213,
TXN-00010304,204,PAYMENT,9122.63,C1000078,0.0,0.0,M2921991,0,0,0,2026-01-08T12:36:45.873867,
TXN-00010305,204,TRANSFER,689.24,C1000077,90326.9,89637.66,M3868241,0,0,0,2026-01-08T12:36:45.873974,
TXN-00010306,204,PAYMENT,10.0,C1000014,208010.07,208000.07,M6375826,0,0,0,2026-01-08T12:36:45.874046,
TXN-00010307,204,TRANSFER,16432.95,C1000019,0.0,0.0,M2522881,0,0,0,2026-01-08T12:36:45.874106,
TXN-00010308,204,PAYMENT,478.22,C1000023,25476.61,24998.39,M1039406,0,0,0,2026-01-08T12:36:45.874167,
TXN-00010309,204,TRANSFER,2507.7,C1000061,240798.69,238290.99,M2632969,0,0,0,2026-01-08T12:36:45.874228,
TXN-00010310,204,CASH_OUT,46653.84,C1000053,0.0,0.0,M3112539,0,0,0,2026-01-08T12:36:45.874285,
TXN-00010311,204,CASH_OUT,33617.06,C1000067,0.0,0.0,M1403971,0,0,0,2026-01-08T12:36:45.874344,
TXN-00010312,204,PAYMENT,6045.72,C1000003,0.0,0.0,M6900265,0,0,0,2026-01-08T12:36:45.874401,
TXN-00010313,204,TRANSFER,589.79,C1000094,185562.19,184972.4,M3882942,0,0,0,2026-01-08T12:36:45.874459,
TXN-00010314,204,PAYMENT,1701.82,C1000008,214439.75,212737.93,M7489263,0,0,0,2026-01-08T12:36:45.874515,
TXN-00010315,204,PAYMENT,37351.97,C1000012,0.0,0.0,M4936686,0,0,0,2026-01-08T12:36:45.874571,
TXN-00010316,194,CASH_OUT,165895.85,C1000016,165895.85,0.0,M8635157,0,0,1,2026-01-08T12:36:45.874610,balance_drain
TXN-00010317,194,TRANSFER,0.0,C1000005,0.0,0.0,M6658319,0,0,1,2026-01-08T12:36:45.874638,balance_drain
TXN-00010318,204,DEBIT,5869.94,C1000046,0.0,0.0,M2599127,0,0,0,2026-01-08T12:36:45.874692,
TXN-00010319,204,TRANSFER,10.0,C1000041,236859.8,236849.8,M1954259,0,0,0,2026-01-08T12:36:45.874745,
TXN-00010320,204,CASH_OUT,13708.46,C1000063,0.0,0.0,M8429041,0,0,0,2026-01-08T12:36:45.874804,
TXN-00010321,204,TRANSFER,2388.67,C1000086,138934.85,136546.17,M7624296,0,0,0,2026-01-08T12:36:45.874859,
TXN-00010322,204,DEBIT,5921.31,C1000059,187.8,0.0,M4575750,0,0,0,2026-01-08T12:36:45.874916,
TXN-00010323,204,PAYMENT,17632.48,C1000076,0.0,0.0,M5435728,0,0,0,2026-01-08T12:36:45.874972,
TXN-00010324,204,CASH_IN,6566.28,C1000046,0.0,6566.28,M6313101,0,0,0,2026-01-08T12:36:45.875028,
TXN-00010325,204,PAYMENT,10.0,C1000038,902.29,892.29,M7652348,0,0,0,2026-01-08T12:36:45.875082,
TXN-00010326,204,DEBIT,1105.24,C1000018,147574.87,146469.63,M6899711,0,0,0,2026-01-08T12:36:45.875138,
TXN-00010327,204,DEBIT,1963.87,C1000086,136546.17,134582.3,M9764643,0,0,0,2026-01-08T12:36:45.875195,
TXN-00010328,204,PAYMENT,2247.03,C1000030,0.0,0.0,M2304966,0,0,0,2026-01-08T12:36:45.875252,
TXN-00010329,204,PAYMENT,21497.74,C1000024,223.56,0.0,M8665654,0,0,0,2026-01-08T12:36:45.875311,
TXN-00010330,204,TRANSFER,2142.2,C1000026,172740.84,170598.64,M1760201,0,0,0,2026-01-08T12:36:45.875369,
TXN-00010331,204,CASH_IN,6916.09,C1000036,0.0,6916.09,M8131448,0,0,0,2026-01-08T12:36:45.875424,
TXN-00010332,204,CASH_OUT,5468.09,C1000003,0.0,0.0,M6120510,0,0,0,2026-01-08T12:36:45.875477,
TXN-00010333,204,TRANSFER,54360.22,C1000000,0.0,0.0,M1645347,0,0,0,2026-01-08T12:36:45.875529,
TXN-00010334,204,TRANSFER,6655.65,C1000088,13224.34,6568.69,M1430799,0,0,0,2026-01-08T12:36:45.875581,
TXN-00010335,204,CASH_OUT,4384.99,C1000025,0.0,0.0,M3763888,0,0,0,2026-01-08T12:36:45.875634,
TXN-00010336,204,PAYMENT,99.77,C1000097,6151.3,6051.53,M3682269,0,0,0,2026-01-08T12:36:45.875695,
TXN-00010337,204,CASH_OUT,954.8,C1000021,1904.48,949.68,M2016059,0,0,0,2026-01-08T12:36:45.875942,
TXN-00010338,204,TRANSFER,10.0,C1000040,0.0,0.0,M1323953,0,0,0,2026-01-08T12:36:45.876085,
TXN-00010339,204,PAYMENT,26517.87,C1000056,0.0,0.0,M2825198,0,0,0,2026-01-08T12:36:45.876256,
TXN-00010340,204,CASH_OUT,1101.51,C1000001,79696.18,78594.67,M1377410,0,0,0,2026-01-08T12:36:45.876350,
TXN-00010341,204,PAYMENT,4290.98,C1000084,100937.47,96646.49,M4825363,0,0,0,2026-01-08T12:36:45.876417,
TXN-00010342,204,PAYMENT,1382.09,C1000068,103592.8,102210.71,M7005472,0,0,0,2026-01-08T12:36:45.876478,
TXN-00010343,204,PAYMENT,36698.75,C1000012,0.0,0.0,M9250285,0,0,0,2026-01-08T12:36:45.876536,
TXN-00010344,204,TRANSFER,1900.03,C1000008,212737.93,210837.9,M1308333,0,0,0,2026-01-08T12:36:45.876593,
TXN-00010345,204,TRANSFER,2808.2,C1000070,0.0,0.0,M5985069,0,0,0,2026-01-08T12:36:45.876651,
TXN-00010346,204,PAYMENT,1526.12,C1000002,274375.06,272848.93,M1480672,0,0,0,2026-01-08T12:36:45.876706,
TXN-00010347,204,CASH_OUT,10.0,C1000014,208000.07,207990.07,M8202761,0,0,0,2026-01-08T12:36:45.876765,
TXN-00010348,204,CASH_IN,80.01,C1000071,178828.49,178908.5,M6912589,0,0,0,2026-01-08T12:36:45.876825,
TXN-00010349,204,CASH_OUT,20670.25,C1000035,0.0,0.0,M7830781,0,0,0,2026-01-08T12:36:45.876887,
TXN-00010350,204,CASH_OUT,5604.42,C1000046,6566.28,961.86,M5440200,0,0,0,2026-01-08T12:36:45.876943,
TXN-00010351,204,PAYMENT,10.0,C1000061,238290.99,238280.99,M3201242,0,0,0,2026-01-08T12:36:45.876998,
TXN-00010352,204,DEBIT,4619.31,C1000065,0.0,0.0,M8157399,0,0,0,2026-01-08T12:36:45.877049,
TXN-00010353,204,TRANSFER,7009.14,C1000011,0.0,0.0,M1663146,0,0,0,2026-01-08T12:36:45.877100,
TXN-00010354,204,CASH_IN,4306.62,C1000027,0.0,4306.62,M8400785,0,0,0,2026-01-08T12:36:45.877150,
TXN-00010355,204,TRANSFER,2614.22,C1000020,309138.32,306524.1,M1336227,0,0,0,2026-01-08T12:36:45.877205,
TXN-00010356,204,CASH_OUT,6931.3,C1000036,6916.09,0.0,M9127059,0,0,0,2026-01-08T12:36:45.877259,
TXN-00010357,204,PAYMENT,31799.39,C1000042,0.0,0.0,M5524870,0,0,0,2026-01-08T12:36:45.877308,
TXN-00010358,204,TRANSFER,3281.04,C1000058,0.0,0.0,M9531893,0,0,0,2026-01-08T12:36:45.877357,
TXN-00010359,204,CASH_OUT,1295.96,C1000083,203007.56,201711.6,M3361806,0,0,0,2026-01-08T12:36:45.877406,
TXN-00010360,204,PAYMENT,1038.07,C1000004,217710.03,216671.97,M9251262,0,0,0,2026-01-08T12:36:45.877457,
TXN-00010361,204,DEBIT,10038.52,C1000092,0.0,0.0,M6277935,0,0,0,2026-01-08T12:36:45.877507,
TXN-00010362,204,PAYMENT,4211.51,C1000043,4982.96,771.46,M4819538,0,0,0,2026-01-08T12:36:45.877556,
TXN-00010363,204,PAYMENT,7115.31,C1000036,0.0,0.0,M4308109,0,0,0,2026-01-08T12:36:45.877605,
TXN-00010364,204,PAYMENT,18757.94,C1000079,0.0,0.0,M5101234,0,0,0,2026-01-08T12:36:45.877653,
TXN-00010365,204,PAYMENT,18377.88,C1000024,0.0,0.0,M4336524,0,0,0,2026-01-08T12:36:45.877701,
TXN-00010366,204,CASH_OUT,1854.72,C1000084,96646.49,94791.77,M4220683,0,0,0,2026-01-08T12:36:45.877750,
TXN-00010367,204,CASH_OUT,5732.4,C1000033,0.0,0.0,M4052166,0,0,0,2026-01-08T12:36:45.877803,
TXN-00010368,204,TRANSFER,5448.35,C1000046,961.86,0.0,M9230520,0,0,0,2026-01-08T12:36:45.877852,
TXN-00010369,204,PAYMENT,12322.03,C1000005,0.0,0.0,M4468357,0,0,0,2026-01-08T12:36:45.877902,
TXN-00010370,204,DEBIT,19.32,C1000066,0.0,0.0,M8814560,0,0,0,2026-01-08T12:36:45.877953,
TXN-00010371,204,CASH_IN,10.0,C1000081,91477.46,91487.46,M5888961,0,0,0,2026-01-08T12:36:45.878002,
TXN-00010372,204,PAYMENT,3314.24,C1000030,0.0,0.0,M3543715,0,0,0,2026-01-08T12:36:45.878054,
TXN-00010373,204,CASH_OUT,526.16,C1000070,0.0,0.0,M7713311,0,0,0,2026-01-08T12:36:45.878103,
TXN-00010374,204,CASH_OUT,2270.93,C1000038,892.29,0.0,M5072560,0,0,0,2026-01-08T12:36:45.878152,
TXN-00010375,204,TRANSFER,8163.09,C1000036,0.0,0.0,M1517416,0,0,0,2026-01-08T12:36:45.878202,
TXN-00010376,204,PAYMENT,3947.03,C1000049,0.0,0.0,M9899428,0,0,0,2026-01-08T12:36:45.878250,
TXN-00010377,204,CASH_OUT,11.8,C1000047,11.8,0.0,M2756681,0,0,1,2026-01-08T12:36:45.878299,balance_drain
TXN-00010378,204,PAYMENT,10.0,C1000097,6051.53,6041.53,M7481476,0,0,0,2026-01-08T12:36:45.878355,
TXN-00010379,204,TRANSFER,1263.79,C1000083,201711.6,200447.81,M2560249,0,0,0,2026-01-08T12:36:45.878406,
TXN-00010380,204,CASH_IN,10.0,C1000034,74863.06,74873.06,M1190096,0,0,0,2026-01-08T12:36:45.878491,
TXN-00010381,204,TRANSFER,2293.75,C1000098,231792.08,229498.33,M4307313,0,0,0,2026-01-08T12:36:45.878556,
TXN-00010382,204,TRANSFER,2508.29,C1000070,0.0,0.0,M7558031,0,0,0,2026-01-08T12:36:45.878611,
TXN-00010383,197,TRANSFER,0.0,C1000085,0.0,0.0,M6410801,0,0,1,2026-01-08T12:36:45.878641,balance_drain
TXN-00010384,204,CASH_OUT,10142.1,C1000092,0.0,0.0,M3973241,0,0,0,2026-01-08T12:36:45.878694,
TXN-00010385,204,CASH_IN,5923.02,C1000049,0.0,5923.02,M2437250,0,0,0,2026-01-08T12:36:45.878747,
TXN-00010386,204,PAYMENT,3551.06,C1000030,0.0,0.0,M7188262,0,0,0,2026-01-08T12:36:45.878805,
TXN-00010387,204,PAYMENT,5301.62,C1000051,181271.27,175969.65,M8508730,0,0,0,2026-01-08T12:36:45.878860,
TXN-00010388,204,PAYMENT,10.0,C1000047,11.8,1.8,M3913443,0,0,0,2026-01-08T12:36:45.878912,
TXN-00010389,204,CASH_IN,10.0,C1000022,21008.52,21018.52,M1395359,0,0,0,2026-01-08T12:36:45.878962,
TXN-00010390,204,PAYMENT,10.0,C1000023,24998.39,24988.39,M7161995,0,0,0,2026-01-08T12:36:45.879012,
TXN-00010391,204,CASH_OUT,3451.11,C1000091,0.0,0.0,M5026985,0,0,0,2026-01-08T12:36:45.879062,
TXN-00010392,207,CASH_OUT,0.0,C1000063,0.0,0.0,M8803459,0,0,1,2026-01-08T12:36:45.879088,balance_drain
TXN-00010393,204,TRANSFER,612.31,C1000016,165895.85,165283.55,M7640607,0,0,0,2026-01-08T12:36:45.879139,
TXN-00010394,204,PAYMENT,4404.35,C1000027,4306.62,0.0,M4739268,0,0,0,2026-01-08T12:36:45.879190,
TXN-00010395,204,CASH_OUT,9069.72,C1000064,0.0,0.0,M3688628,0,0,0,2026-01-08T12:36:45.879240,
TXN-00010396,204,PAYMENT,842.06,C1000001,78594.67,77752.61,M2827892,0,0,0,2026-01-08T12:36:45.879290,
TXN-00010397,204,TRANSFER,10.0,C1000009,133509.91,133499.91,M5770125,0,0,0,2026-01-08T12:36:45.879344,
TXN-00010398,204,PAYMENT,5856.03,C1000003,0.0,0.0,M2011950,0,0,0,2026-01-08T12:36:45.879409,
TXN-00010399,204,DEBIT,4861.14,C1000065,0.0,0.0,M9657221,0,0,0,2026-01-08T12:36:45.879460,
TXN-00010400,204,PAYMENT,7317.19,C1000011,0.0,0.0,M1698935,0,0,0,2026-01-08T12:36:45.879509,
TXN-00010401,204,CASH_OUT,18645.51,C1000093,0.0,0.0,M2989222,0,0,0,2026-01-08T12:36:45.879564,
TXN-00010402,204,PAYMENT,914.17,C1000070,0.0,0.0,M5157813,0,0,0,2026-01-08T12:36:45.879614,
TXN-00010403,204,PAYMENT,6300.06,C1000088,6568.69,268.63,M4148130,0,0,0,2026-01-08T12:36:45.879663,
TXN-00010404,204,PAYMENT,23834.05,C1000037,0.0,0.0,M4993417,0,0,0,2026-01-08T12:36:45.879714,
TXN-00010405,204,PAYMENT,12248.57,C1000015,0.0,0.0,M1668926,0,0,0,2026-01-08T12:36:45.879763,
TXN-00010406,204,CASH_OUT,6125.96,C1000052,0.0,0.0,M9151958,0,0,0,2026-01-08T12:36:45.879820,
TXN-00010407,204,PAYMENT,172816.45,C1000050,0.0,0.0,M9594577,0,0,0,2026-01-08T12:36:45.879879,
TXN-00010408,204,PAYMENT,7926.72,C1000057,0.0,0.0,M6155472,0,0,0,2026-01-08T12:36:45.879931,
TXN-00010409,204,DEBIT,18161.18,C1000076,0.0,0.0,M9161337,0,0,0,2026-01-08T12:36:45.879981,
TXN-00010410,204,CASH_OUT,10.0,C1000061,238280.99,238270.99,M8652558,0,0,0,2026-01-08T12:36:45.880030,
TXN-00010411,204,TRANSFER,1499.65,C1000083,200447.81,198948.16,M1393860,0,0,0,2026-01-08T12:36:45.880080,
TXN-00010412,204,PAYMENT,4041.26,C1000065,0.0,0.0,M9166554,0,0,0,2026-01-08T12:36:45.880129,
TXN-00010413,204,CASH_OUT,0.0,C1000067,0.0,0.0,M3307397,0,0,1,2026-01-08T12:36:45.880156,balance_drain
TXN-00010414,194,CASH_OUT,0.0,C1000076,0.0,0.0,M6795276,0,0,1,2026-01-08T12:36:45.880179,balance_drain
TXN-00010415,204,CASH_OUT,54755.07,C1000000,0.0,0.0,M1998406,0,0,0,2026-01-08T12:36:45.880227,
TXN-00010416,204,CASH_IN,6155.29,C1000088,268.63,6423.92,M1629883,0,0,0,2026-01-08T12:36:45.880276,
TXN-00010417,204,CASH_OUT,3766.61,C1000062,0.0,0.0,M9569876,0,0,0,2026-01-08T12:36:45.880327,
TXN-00010418,204,CASH_IN,4857.12,C1000091,0.0,4857.12,M3802738,0,0,0,2026-01-08T12:36:45.880375,
TXN-00010419,204,TRANSFER,10.0,C1000009,133499.91,133489.91,M9184610,0,0,0,2026-01-08T12:36:45.880430,
TXN-00010420,204,TRANSFER,7460.15,C1000099,0.0,0.0,M1257665,0,0,0,2026-01-08T12:36:45.880490,
TXN-00010421,204,PAYMENT,2934.01,C1000006,194788.68,191854.68,M8544634,0,0,0,2026-01-08T12:36:45.880538,
TXN-00010422,204,PAYMENT,1166.17,C1000081,91487.46,90321.3,M4557398,0,0,0,2026-01-08T12:36:45.880588,
TXN-00010423,204,PAYMENT,10.0,C1000023,24988.39,24978.39,M4363433,0,0,0,2026-01-08T12:36:45.880638,
TXN-00010424,204,TRANSFER,28064.71,C1000064,0.0,0.0,M5496481,0,0,0,2026-01-08T12:36:45.880687,
TXN-00010425,204,CASH_OUT,10573.15,C1000015,0.0,0.0,M4092306,0,0,0,2026-01-08T12:36:45.880735,
TXN-00010426,204,CASH_OUT,152.57,C1000085,0.0,0.0,M8256657,0,0,0,2026-01-08T12:36:45.880784,
TXN-00010427,204,DEBIT,51.97,C1000097,6041.53,5989.56,M2768251,0,0,0,2026-01-08T12:36:45.880846,
TXN-00010428,204,CASH_OUT,137.46,C1000060,56885.14,56747.68,M2709561,0,0,0,2026-01-08T12:36:45.880899,
TXN-00010429,201,TRANSFER,0.0,C1000067,0.0,0.0,M9798886,0,0,1,2026-01-08T12:36:45.880927,balance_drain
TXN-00010430,204,TRANSFER,4343.54,C1000006,191854.68,187511.14,M6382908,0,0,0,2026-01-08T12:36:45.880981,
TXN-00010431,204,PAYMENT,10.0,C1000047,1.8,0.0,M2076842,0,0,0,2026-01-08T12:36:45.881030,
TXN-00010432,204,CASH_IN,7982.67,C1000078,0.0,7982.67,M4833467,0,0,0,2026-01-08T12:36:45.881079,
TXN-00010433,204,TRANSFER,6860.4,C1000057,0.0,0.0,M6353292,0,0,0,2026-01-08T12:36:45.881127,
TXN-00010434,204,PAYMENT,10.0,C1000061,238270.99,238260.99,M4471243,0,0,0,2026-01-08T12:36:45.881177,
TXN-00010435,204,CASH_IN,2082.24,C1000028,0.0,2082.24,M5321402,0,0,0,2026-01-08T12:36:45.881227,
TXN-00010436,204,PAYMENT,6673.47,C1000031,0.0,0.0,M7130490,0,0,0,2026-01-08T12:36:45.881278,
TXN-00010437,204,CASH_OUT,1283.75,C1000083,198948.16,197664.41,M5429053,0,0,0,2026-01-08T12:36:45.881326,
TXN-00010438,204,PAYMENT,55863.14,C1000000,0.0,0.0,M7846164,0,0,0,2026-01-08T12:36:45.881375,
TXN-00010439,204,TRANSFER,3155.95,C1000098,229498.33,226342.38,M7405686,0,0,0,2026-01-08T12:36:45.881422,
TXN-00010440,204,PAYMENT,10.0,C1000068,102210.71,102200.71,M3484571,0,0,0,2026-01-08T12:36:45.881470,
TXN-00010441,201,CASH_OUT,0.0,C1000063,0.0,0.0,M7940807,0,0,1,2026-01-08T12:36:45.881496,balance_drain
TXN-00010442,204,TRANSFER,19637.81,C1000024,0.0,0.0,M2123806,0,0,0,2026-01-08T12:36:45.881554,
TXN-00010443,204,DEBIT,23612.5,C1000095,0.0,0.0,M7321516,0,0,0,2026-01-08T12:36:45.881601,
TXN-00010444,204,PAYMENT,1240.81,C1000077,89637.66,88396.85,M7312684,0,0,0,2026-01-08T12:36:45.881649,
TXN-00010445,204,PAYMENT,822.71,C1000077,88396.85,87574.15,M9076054,0,0,0,2026-01-08T12:36:45.881698,
TXN-00010446,204,TRANSFER,1521.29,C1000018,146469.63,144948.34,M3239532,0,0,0,2026-01-08T12:36:45.881747,
TXN-00010447,204,PAYMENT,887.01,C1000066,0.0,0.0,M4008392,0,0,0,2026-01-08T12:36:45.881801,
TXN-00010448,204,CASH_IN,10.0,C1000064,0.0,10.0,M8770936,0,0,0,2026-01-08T12:36:45.881856,
TXN-00010449,204,DEBIT,3210.39,C1000051,175969.65,172759.26,M9206307,0,0,0,2026-01-08T12:36:45.881903,
TXN-00010450,208,CASH_OUT,207990.07,C1000014,207990.07,0.0,M3848431,0,0,1,2026-01-08T12:36:45.881930,balance_drain
TXN-00010451,204,TRANSFER,1158.1,C1000001,77752.61,76594.51,M3751865,0,0,0,2026-01-08T12:36:45.881979,
TXN-00010452,204,TRANSFER,10.0,C1000029,0.0,0.0,M5911759,0,0,0,2026-01-08T12:36:45.882028,
TXN-00010453,206,CASH_OUT,210837.9,C1000008,210837.9,0.0,M4817090,0,0,1,2026-01-08T12:36:45.882051,balance_drain
TXN-00010454,204,TRANSFER,3325.81,C1000080,10.0,0.0,M6356519,0,0,0,2026-01-08T12:36:45.882100,
TXN-00010455,204,TRANSFER,7747.4,C1000011,0.0,0.0,M3832671,0,0,0,2026-01-08T12:36:45.882148,
TXN-00010456,206,CASH_OUT,0.0,C1000015,0.0,0.0,M5776749,0,0,1,2026-01-08T12:36:45.882171,balance_drain
TXN-00010457,204,TRANSFER,1341.86,C1000089,159220.05,157878.19,M2583358,0,0,0,2026-01-08T12:36:45.882222,
TXN-00010458,204,CASH_OUT,2017.37,C1000026,170598.64,168581.27,M9047053,0,0,0,2026-01-08T12:36:45.882271,
TXN-00010459,204,TRANSFER,2966.78,C1000028,2082.24,0.0,M2577905,0,0,0,2026-01-08T12:36:45.882321,
TXN-00010460,204,CASH_OUT,15457.03,C1000005,0.0,0.0,M6728837,0,0,0,2026-01-08T12:36:45.882369,
TXN-00010461,204,PAYMENT,10.0,C1000014,207990.07,207980.07,M4064282,0,0,0,2026-01-08T12:36:45.882418,
TXN-00010462,204,TRANSFER,7604.29,C1000099,0.0,0.0,M3586899,0,0,0,2026-01-08T12:36:45.882467,
TXN-00010463,206,TRANSFER,184972.4,C1000094,184972.4,0.0,M3918139,0,0,1,2026-01-08T12:36:45.882494,balance_drain
TXN-00010464,204,PAYMENT,1644.79,C1000090,250801.55,249156.76,M3329530,0,0,0,2026-01-08T12:36:45.882702,
TXN-00010465,204,TRANSFER,2608.44,C1000098,226342.38,223733.94,M4899178,0,0,0,2026-01-08T12:36:45.882773,
TXN-00010466,204,CASH_OUT,622.17,C1000077,87574.15,86951.98,M8902686,0,0,0,2026-01-08T12:36:45.882865,
TXN-00010467,204,PAYMENT,585.08,C1000068,102200.71,101615.63,M7978361,0,0,0,2026-01-08T12:36:45.882928,
TXN-00010468,204,TRANSFER,5846.45,C1000059,0.0,0.0,M8969696,0,0,0,2026-01-08T12:36:45.882986,
TXN-00010469,211,CASH_OUT,0.0,C1000066,0.0,0.0,M6456642,0,0,1,2026-01-08T12:36:45.883018,balance_drain
TXN-00010470,204,PAYMENT,7465.79,C1000052,0.0,0.0,M3121022,0,0,0,2026-01-08T12:36:45.883075,
TXN-00010471,204,CASH_OUT,13325.62,C1000063,0.0,0.0,M6730251,0,0,0,2026-01-08T12:36:45.883130,
TXN-00010472,204,TRANSFER,6525.39,C1000088,6423.92,0.0,M8216280,0,0,0,2026-01-08T12:36:45.883183,
TXN-00010473,204,TRANSFER,17635.41,C1000076,0.0,0.0,M8024167,0,0,0,2026-01-08T12:36:45.883238,
TXN-00010474,204,CASH_OUT,293.27,C1000030,0.0,0.0,M7475446,0,0,0,2026-01-08T12:36:45.883291,
TXN-00010475,204,TRANSFER,1322.66,C1000029,0.0,0.0,M9719430,0,0,0,2026-01-08T12:36:45.883344,
TXN-00010476,204,PAYMENT,13642.04,C1000063,0.0,0.0,M6422950,0,0,0,2026-01-08T12:36:45.883398,
TXN-00010477,204,PAYMENT,34022.62,C1000073,0.0,0.0,M4070641,0,0,0,2026-01-08T12:36:45.883452,
TXN-00010478,204,TRANSFER,2402.55,C1000048,211092.91,208690.37,M8513880,0,0,0,2026-01-08T12:36:45.883505,
TXN-00010479,204,CASH_OUT,23.33,C1000094,184972.4,184949.07,M8213900,0,0,0,2026-01-08T12:36:45.883559,
TXN-00010480,204,TRANSFER,4303.96,C1000052,0.0,0.0,M5190585,0,0,0,2026-01-08T12:36:45.883613,
TXN-00010481,204,DEBIT,10.0,C1000047,0.0,0.0,M7773494,0,0,0,2026-01-08T12:36:45.883668,
TXN-00010482,204,TRANSFER,49994.0,C1000053,0.0,0.0,M4049605,0,0,0,2026-01-08T12:36:45.883722,
TXN-00010483,204,PAYMENT,17501.73,C1000076,0.0,0.0,M9091692,0,0,0,2026-01-08T12:36:45.883776,
TXN-00010484,204,DEBIT,391.36,C1000075,443756.89,443365.54,M8725819,0,0,0,2026-01-08T12:36:45.883837,
TXN-00010485,204,TRANSFER,5236.75,C1000052,0.0,0.0,M1041614,0,0,0,2026-01-08T12:36:45.883892,
TXN-00010486,204,PAYMENT,1389.13,C1000043,771.46,0.0,M5908517,0,0,0,2026-01-08T12:36:45.883946,
TXN-00010487,204,DEBIT,26559.52,C1000056,0.0,0.0,M8766038,0,0,0,2026-01-08T12:36:45.883998,
TXN-00010488,204,DEBIT,1671.53,C1000055,189418.97,187747.44,M4710289,0,0,0,2026-01-08T12:36:45.884052,
TXN-00010489,204,PAYMENT,9240.65,C1000013,0.0,0.0,M5464417,0,0,0,2026-01-08T12:36:45.884106,
TXN-00010490,204,PAYMENT,8296.15,C1000039,8663.72,367.57,M5902915,0,0,0,2026-01-08T12:36:45.884160,
TXN-00010491,204,TRANSFER,10.0,C1000055,187747.44,187737.44,M4768987,0,0,0,2026-01-08T12:36:45.884214,
TXN-00010492,204,PAYMENT,35203.42,C1000012,0.0,0.0,M5803041,0,0,0,2026-01-08T12:36:45.884268,
TXN-00010493,204,TRANSFER,9987.2,C1000092,0.0,0.0,M9155200,0,0,0,2026-01-08T12:36:45.884322,
TXN-00010494,205,TRANSFER,0.0,C1000059,0.0,0.0,M2046434,0,0,1,2026-01-08T12:36:45.884351,balance_drain
TXN-00010495,204,TRANSFER,1220.77,C1000083,197664.41,196443.63,M6580409,0,0,0,2026-01-08T12:36:45.884403,
TXN-00010496,204,TRANSFER,2144.37,C1000038,0.0,0.0,M1871003,0,0,0,2026-01-08T12:36:45.884457,
TXN-00010497,204,CASH_OUT,10.0,C1000009,133489.91,133479.91,M7267163,0,0,0,2026-01-08T12:36:45.884509,
TXN-00010498,200,TRANSFER,0.0,C1000003,0.0,0.0,M3084004,0,0,1,2026-01-08T12:36:45.884536,balance_drain
TXN-00010499,204,CASH_IN,17520.5,C1000093,0.0,17520.5,M2027454,0,0,0,2026-01-08T12:36:45.884594,
TXN-00010500,204,PAYMENT,356.36,C1000061,238260.99,237904.63,M7667679,0,0,0,2026-01-08T12:36:45.884647,
TXN-00010501,204,TRANSFER,11074.18,C1000015,0.0,0.0,M1213050,0,0,0,2026-01-08T12:36:45.884701,
TXN-00010502,204,CASH_OUT,1603.48,C1000090,249156.76,247553.28,M6058001,0,0,0,2026-01-08T12:36:45.884757,
TXN-00010503,204,DEBIT,1869.7,C1000083,196443.63,194573.93,M9892962,0,0,0,2026-01-08T12:36:45.884826,
TXN-00010504,202,CASH_OUT,21018.52,C1000022,21018.52,0.0,M9402531,0,0,1,2026-01-08T12:36:45.884856,balance_drain
TXN-00010505,205,CASH_OUT,0.0,C1000057,0.0,0.0,M2187793,0,0,1,2026-01-08T12:36:45.884882,balance_drain
TXN-00010506,204,CASH_OUT,20851.18,C1000079,0.0,0.0,M9969375,0,0,0,2026-01-08T12:36:45.884936,
TXN-00010507,197,TRANSFER,0.0,C1000027,0.0,0.0,M7933530,0,0,1,2026-01-08T12:36:45.884964,balance_drain
TXN-00010508,204,DEBIT,5296.72,C1000046,0.0,0.0,M1573141,0,0,0,2026-01-08T12:36:45.885018,
TXN-00010509,204,TRANSFER,35056.75,C1000073,0.0,0.0,M4143013,0,0,0,2026-01-08T12:36:45.885073,
TXN-00010510,204,PAYMENT,4373.69,C1000003,0.0,0.0,M6230858,0,0,0,2026-01-08T12:36:45.885128,
TXN-00010511,204,TRANSFER,10.0,C1000042,0.0,0.0,M9744119,0,0,0,2026-01-08T12:36:45.885183,
TXN-00010512,204,TRANSFER,4430.44,C1000003,0.0,0.0,M9383384,0,0,0,2026-01-08T12:36:45.885237,
TXN-00010513,204,PAYMENT,10.0,C1000072,0.0,0.0,M4817859,0,0,0,2026-01-08T12:36:45.885292,
TXN-00010514,204,CASH_OUT,11958.68,C1000005,0.0,0.0,M6286273,0,0,0,2026-01-08T12:36:45.885343,
TXN-00010515,204,PAYMENT,2586.02,C1000069,66348.05,63762.04,M8213138,0,0,0,2026-01-08T12:36:45.885397,
TXN-00010516,204,PAYMENT,5319.53,C1000003,0.0,0.0,M5036374,0,0,0,2026-01-08T12:36:45.885453,
TXN-00010517,204,PAYMENT,17736.18,C1000093,17520.5,0.0,M4402879,0,0,0,2026-01-08T12:36:45.885506,
TXN-00010518,197,CASH_OUT,76594.51,C1000001,76594.51,0.0,M7790751,0,0,1,2026-01-08T12:36:45.885534,balance_drain
TXN-00010519,204,TRANSFER,7978.06,C1000013,0.0,0.0,M6707539,0,0,0,2026-01-08T12:36:45.885588,
TXN-00010520,204,PAYMENT,24692.46,C1000037,0.0,0.0,M3936853,0,0,0,2026-01-08T12:36:45.885646,
TXN-00010521,204,TRANSFER,48987.6,C1000053,0.0,0.0,M2496334,0,0,0,2026-01-08T12:36:45.885706,
TXN-00010522,204,TRANSFER,422.0,C1000040,0.0,0.0,M1515842,0,0,0,2026-01-08T12:36:45.885760,
TXN-00010523,204,PAYMENT,173095.05,C1000050,0.0,0.0,M2194478,0,0,0,2026-01-08T12:36:45.885821,
TXN-00010524,204,TRANSFER,10.0,C1000051,172759.26,172749.26,M4104197,0,0,0,2026-01-08T12:36:45.885880,
TXN-00010525,204,DEBIT,1617.08,C1000044,0.0,0.0,M8851326,0,0,0,2026-01-08T12:36:45.885936,
TXN-00010526,204,CASH_OUT,869.42,C1000023,24978.39,24108.97,M6201331,0,0,0,2026-01-08T12:36:45.885991,
TXN-00010527,204,CASH_OUT,646.16,C1000068,101615.63,100969.47,M7324031,0,0,0,2026-01-08T12:36:45.886045,
TXN-00010528,204,TRANSFER,7365.16,C1000099,0.0,0.0,M4287838,0,0,0,2026-01-08T12:36:45.886104,
TXN-00010529,204,CASH_OUT,15026.65,C1000095,0.0,0.0,M4848494,0,0,0,2026-01-08T12:36:45.886162,
TXN-00010530,204,PAYMENT,2525.57,C1000029,0.0,0.0,M2855613,0,0,0,2026-01-08T12:36:45.886214,
TXN-00010531,204,PAYMENT,7499.06,C1000099,0.0,0.0,M6311194,0,0,0,2026-01-08T12:36:45.886266,
TXN-00010532,204,PAYMENT,10.0,C1000033,0.0,0.0,M7902777,0,0,0,2026-01-08T12:36:45.886317,
TXN-00010533,204,TRANSFER,7000.84,C1000011,0.0,0.0,M6883124,0,0,0,2026-01-08T12:36:45.886372,
TXN-00010534,204,PAYMENT,2728.08,C1000091,4857.12,2129.04,M1062098,0,0,0,2026-01-08T12:36:45.886435,
TXN-00010535,204,PAYMENT,631.67,C1000047,0.0,0.0,M4412350,0,0,0,2026-01-08T12:36:45.887765,
TXN-00010536,204,PAYMENT,350.32,C1000075,443365.54,443015.22,M6204452,0,0,0,2026-01-08T12:36:45.887914,
TXN-00010537,204,PAYMENT,10.0,C1000060,56747.68,56737.68,M4142774,0,0,0,2026-01-08T12:36:45.887992,
TXN-00010538,204,PAYMENT,490.59,C1000081,90321.3,89830.7,M8640083,0,0,0,2026-01-08T12:36:45.888090,
TXN-00010539,204,DEBIT,172809.81,C1000050,0.0,0.0,M4024560,0,0,0,2026-01-08T12:36:45.888150,
TXN-00010540,204,TRANSFER,8243.22,C1000011,0.0,0.0,M4710845,0,0,0,2026-01-08T12:36:45.888206,
TXN-00010541,204,PAYMENT,17370.28,C1000019,0.0,0.0,M7112205,0,0,0,2026-01-08T12:36:45.888264,
TXN-00010542,204,TRANSFER,4995.01,C1000025,0.0,0.0,M9138528,0,0,0,2026-01-08T12:36:45.888323,
TXN-00010543,204,CASH_IN,1038.63,C1000083,194573.93,195612.56,M9012667,0,0,0,2026-01-08T12:36:45.888381,
TXN-00010544,204,PAYMENT,2752.26,C1000043,0.0,0.0,M8830369,0,0,0,2026-01-08T12:36:45.888457,
TXN-00010545,204,TRANSFER,4704.57,C1000080,0.0,0.0,M1462990,0,0,0,2026-01-08T12:36:45.888553,
TXN-00010546,204,PAYMENT,55666.41,C1000000,0.0,0.0,M1672074,0,0,0,2026-01-08T12:36:45.888613,
TXN-00010547,204,DEBIT,4933.36,C1000084,94791.77,89858.41,M5779529,0,0,0,2026-01-08T12:36:45.888667,
TXN-00010548,204,PAYMENT,2488.5,C1000041,236849.8,234361.3,M8333583,0,0,0,2026-01-08T12:36:45.888723,
TXN-00010549,204,DEBIT,10.0,C1000078,7982.67,7972.67,M5207969,0,0,0,2026-01-08T12:36:45.888785,
TXN-00010550,204,TRANSFER,18300.66,C1000024,0.0,0.0,M1765947,0,0,0,2026-01-08T12:36:45.889050,
TXN-00010551,199,CASH_OUT,237904.63,C1000061,237904.63,0.0,M2099304,0,0,1,2026-01-08T12:36:45.889138,balance_drain
TXN-00010552,204,PAYMENT,3523.95,C1000087,181819.28,178295.32,M1135048,0,0,0,2026-01-08T12:36:45.889223,
TXN-00010553,204,CASH_OUT,732.1,C1000077,86951.98,86219.88,M5231739,0,0,0,2026-01-08T12:36:45.889525,
TXN-00010554,204,PAYMENT,20332.89,C1000095,0.0,0.0,M6836247,0,0,0,2026-01-08T12:36:45.889694,
TXN-00010555,204,PAYMENT,2010.17,C1000028,0.0,0.0,M2869147,0,0,0,2026-01-08T12:36:45.889810,
TXN-00010556,197,CASH_OUT,187511.14,C1000006,187511.14,0.0,M7674061,0,0,1,2026-01-08T12:36:45.889862,balance_drain
TXN-00010557,204,CASH_OUT,8403.99,C1000036,0.0,0.0,M1159582,0,0,0,2026-01-08T12:36:45.890072,
TXN-00010558,204,PAYMENT,173992.72,C1000050,0.0,0.0,M3944600,0,0,0,2026-01-08T12:36:45.890163,
TXN-00010559,199,CASH_OUT,216671.97,C1000004,216671.97,0.0,M9126149,0,0,1,2026-01-08T12:36:45.890218,balance_drain
TXN-00010560,204,TRANSFER,3225.61,C1000096,250450.79,247225.18,M1687749,0,0,0,2026-01-08T12:36:45.890399,
TXN-00010561,204,TRANSFER,6458.47,C1000046,0.0,0.0,M7602496,0,0,0,2026-01-08T12:36:45.890611,
TXN-00010562,204,TRANSFER,7056.88,C1000036,0.0,0.0,M1355314,0,0,0,2026-01-08T12:36:45.890699,
TXN-00010563,204,PAYMENT,10.0,C1000082,0.0,0.0,M4348141,0,0,0,2026-01-08T12:36:45.890779,
TXN-00010564,204,DEBIT,338.02,C1000016,165283.55,164945.53,M7894882,0,0,0,2026-01-08T12:36:45.890852,
TXN-00010565,204,CASH_OUT,17454.66,C1000076,0.0,0.0,M3152554,0,0,0,2026-01-08T12:36:45.890928,
TXN-00010566,195,TRANSFER,0.0,C1000045,0.0,0.0,M2995534,0,0,1,2026-01-08T12:36:45.890964,balance_drain
TXN-00010567,204,PAYMENT,8965.34,C1000074,0.0,0.0,M1286281,0,0,0,2026-01-08T12:36:45.891034,
TXN-00010568,204,TRANSFER,6444.31,C1000049,5923.02,0.0,M5946591,0,0,0,2026-01-08T12:36:45.891099,
TXN-00010569,204,PAYMENT,172801.21,C1000050,0.0,0.0,M5126530,0,0,0,2026-01-08T12:36:45.891170,
TXN-00010570,204,DEBIT,33749.31,C1000095,0.0,0.0,M8103174,0,0,0,2026-01-08T12:36:45.891257,
TXN-00010571,204,PAYMENT,15954.61,C1000054,0.0,0.0,M6088202,0,0,0,2026-01-08T12:36:45.891321,
TXN-00010572,204,TRANSFER,15029.56,C1000074,0.0,0.0,M2792691,0,0,0,2026-01-08T12:36:45.891381,
TXN-00010573,204,TRANSFER,2359.7,C1000089,157878.19,155518.48,M7958899,0,0,0,2026-01-08T12:36:45.891440,
TXN-00010574,204,PAYMENT,10.0,C1000042,0.0,0.0,M6129008,0,0,0,2026-01-08T12:36:45.891527,
TXN-00010575,204,TRANSFER,2452.09,C1000090,247553.28,245101.19,M8260093,0,0,0,2026-01-08T12:36:45.891598,
TXN-00010576,204,CASH_IN,20780.36,C1000024,0.0,20780.36,M4038808,0,0,0,2026-01-08T12:36:45.891658,
TXN-00010577,204,TRANSFER,6495.01,C1000003,0.0,0.0,M5098594,0,0,0,2026-01-08T12:36:45.891716,
TXN-00010578,211,CASH_OUT,0.0,C1000037,0.0,0.0,M6830037,0,0,1,2026-01-08T12:36:45.891747,balance_drain
TXN-00010579,204,TRANSFER,7559.96,C1000099,0.0,0.0,M5178473,0,0,0,2026-01-08T12:36:45.891800,
TXN-00010580,204,CASH_OUT,649.45,C1000055,187737.44,187088.0,M5064433,0,0,0,2026-01-08T12:36:45.891856,
TXN-00010581,204,PAYMENT,1578.05,C1000020,306524.1,304946.05,M2468603,0,0,0,2026-01-08T12:36:45.891912,
TXN-00010582,204,TRANSFER,842.4,C1000022,21018.52,20176.13,M5448758,0,0,0,2026-01-08T12:36:45.891967,
TXN-00010583,204,TRANSFER,3605.82,C1000045,0.0,0.0,M1220044,0,0,0,2026-01-08T12:36:45.892023,
TXN-00010584,204,TRANSFER,17715.27,C1000076,0.0,0.0,M1108537,0,0,0,2026-01-08T12:36:45.892079,
TXN-00010585,204,PAYMENT,9228.62,C1000013,0.0,0.0,M4124961,0,0,0,2026-01-08T12:36:45.892132,
TXN-00010586,204,PAYMENT,1124.94,C1000001,76594.51,75469.57,M9543004,0,0,0,2026-01-08T12:36:45.892186,
TXN-00010587,204,CASH_OUT,608.42,C1000072,0.0,0.0,M5650320,0,0,0,2026-01-08T12:36:45.892241,
TXN-00010588,215,CASH_OUT,0.0,C1000080,0.0,0.0,M2292310,0,0,1,2026-01-08T12:36:45.892269,balance_drain
TXN-00010589,212,CASH_OUT,0.0,C1000028,0.0,0.0,M8224921,0,0,1,2026-01-08T12:36:45.892293,balance_drain
TXN-00010590,196,CASH_OUT,0.0,C1000038,0.0,0.0,M5588692,0,0,1,2026-01-08T12:36:45.892318,balance_drain
TXN-00010591,204,CASH_IN,1700.77,C1000090,245101.19,246801.96,M5187867,0,0,0,2026-01-08T12:36:45.892379,
TXN-00010592,204,TRANSFER,3307.56,C1000045,0.0,0.0,M2198248,0,0,0,2026-01-08T12:36:45.893440,
TXN-00010593,213,CASH_OUT,56737.68,C1000060,56737.68,0.0,M1044074,0,0,1,2026-01-08T12:36:45.893526,balance_drain
TXN-00010594,196,TRANSFER,168581.27,C1000026,168581.27,0.0,M7492427,0,0,1,2026-01-08T12:36:45.893574,balance_drain
TXN-00010595,204,TRANSFER,10.0,C1000060,56737.68,56727.68,M7595854,0,0,0,2026-01-08T12:36:45.893681,
TXN-00010596,204,TRANSFER,1091.82,C1000022,20176.13,19084.31,M6023095,0,0,0,2026-01-08T12:36:45.893763,
TXN-00010597,204,TRANSFER,10.0,C1000097,5989.56,5979.56,M6667115,0,0,0,2026-01-08T12:36:45.893835,
TXN-00010598,204,DEBIT,283.2,C1000034,74873.06,74589.85,M9067569,0,0,0,2026-01-08T12:36:45.893934,
TXN-00010599,204,TRANSFER,18457.49,C1000079,0.0,0.0,M8814105,0,0,0,2026-01-08T12:36:45.894004,
TXN-00010600,212,CASH_OUT,187088.0,C1000055,187088.0,0.0,M7876306,0,0,1,2026-01-08T12:36:45.894046,balance_drain
TXN-00010601,204,TRANSFER,247.56,C1000081,89830.7,89583.15,M7295870,0,0,0,2026-01-08T12:36:45.894250,
TXN-00010602,197,TRANSFER,0.0,C1000040,0.0,0.0,M7845080,0,0,1,2026-01-08T12:36:45.894374,balance_drain
TXN-00010603,204,PAYMENT,3012.9,C1000030,0.0,0.0,M8551395,0,0,0,2026-01-08T12:36:45.894463,
TXN-00010604,204,PAYMENT,3838.39,C1000080,0.0,0.0,M2818181,0,0,0,2026-01-08T12:36:45.894538,
TXN-00010605,204,PAYMENT,8169.63,C1000039,367.57,0.0,M3150073,0,0,0,2026-01-08T12:36:45.894609,
TXN-00010606,204,CASH_OUT,10.0,C1000002,272848.93,272838.93,M1421724,0,0,0,2026-01-08T12:36:45.894675,
TXN-00010607,204,CASH_IN,158.51,C1000001,75469.57,75628.08,M6729100,0,0,0,2026-01-08T12:36:45.894738,
TXN-00010608,197,CASH_OUT,0.0,C1000059,0.0,0.0,M6937641,0,0,1,2026-01-08T12:36:45.894776,balance_drain
TXN-00010609,204,PAYMENT,13833.73,C1000063,0.0,0.0,M7966598,0,0,0,2026-01-08T12:36:45.894847,
TXN-00010610,204,PAYMENT,23501.08,C1000064,10.0,0.0,M1169640,0,0,0,2026-01-08T12:36:45.894921,
TXN-00010611,204,CASH_OUT,10.0,C1000051,172749.26,172739.26,M1564478,0,0,0,2026-01-08T12:36:45.895004,
TXN-00010612,208,CASH_OUT,19084.31,C1000022,19084.31,0.0,M6962363,0,0,1,2026-01-08T12:36:45.895048,balance_drain
TXN-00010613,204,TRANSFER,2818.68,C1000071,178908.5,176089.82,M4243191,0,0,0,2026-01-08T12:36:45.895127,
TXN-00010614,204,PAYMENT,1978.51,C1000017,69096.95,67118.44,M1456212,0,0,0,2026-01-08T12:36:45.895202,
TXN-00010615,204,DEBIT,4383.43,C1000027,0.0,0.0,M8953459,0,0,0,2026-01-08T12:36:45.895274,
TXN-00010616,204,TRANSFER,4286.24,C1000087,178295.32,174009.08,M5292416,0,0,0,2026-01-08T12:36:45.895345,
TXN-00010617,204,PAYMENT,724.66,C1000083,195612.56,194887.9,M7182292,0,0,0,2026-01-08T12:36:45.895417,
TXN-00010618,204,TRANSFER,10.0,C1000085,0.0,0.0,M5654935,0,0,0,2026-01-08T12:36:45.895491,
TXN-00010619,204,DEBIT,10.0,C1000051,172739.26,172729.26,M5720311,0,0,0,2026-01-08T12:36:45.895561,
TXN-00010620,204,PAYMENT,26645.1,C1000056,0.0,0.0,M9460697,0,0,0,2026-01-08T12:36:45.895634,
TXN-00010621,204,TRANSFER,27913.32,C1000067,0.0,0.0,M2132813,0,0,0,2026-01-08T12:36:45.895705,
TXN-00010622,204,PAYMENT,10322.51,C1000092,0.0,0.0,M3925516,0,0,0,2026-01-08T12:36:45.895794,
TXN-00010623,204,TRANSFER,4328.28,C1000027,0.0,0.0,M4894903,0,0,0,2026-01-08T12:36:45.895873,
TXN-00010624,214,TRANSFER,0.0,C1000003,0.0,0.0,M6481065,0,0,1,2026-01-08T12:36:45.895911,balance_drain
TXN-00010625,204,DEBIT,172732.28,C1000050,0.0,0.0,M4205244,0,0,0,2026-01-08T12:36:45.895990,
TXN-00010626,212,TRANSFER,0.0,C1000045,0.0,0.0,M4971084,0,0,1,2026-01-08T12:36:45.896029,balance_drain
TXN-00010627,204,TRANSFER,9437.72,C1000074,0.0,0.0,M5460834,0,0,0,2026-01-08T12:36:45.896124,
TXN-00010628,204,CASH_OUT,10.0,C1000034,74589.85,74579.85,M7214730,0,0,0,2026-01-08T12:36:45.896196,
TXN-00010629,204,CASH_OUT,54984.4,C1000000,0.0,0.0,M1015049,0,0,0,2026-01-08T12:36:45.896269,
TXN-00010630,204,DEBIT,33898.97,C1000073,0.0,0.0,M5007538,0,0,0,2026-01-08T12:36:45.896340,
TXN-00010631,204,DEBIT,446.87,C1000068,100969.47,100522.6,M8000855,0,0,0,2026-01-08T12:36:45.896410,
TXN-00010632,204,TRANSFER,2552.79,C1000028,0.0,0.0,M9493776,0,0,0,2026-01-08T12:36:45.896481,
TXN-00010633,212,CASH_OUT,75628.08,C1000001,75628.08,0.0,M3897676,0,0,1,2026-01-08T12:36:45.896521,balance_drain
TXN-00010634,204,PAYMENT,4311.2,C1000057,0.0,0.0,M4200289,0,0,0,2026-01-08T12:36:45.896592,
TXN-00010635,204,CASH_OUT,1160.3,C1000077,86219.88,85059.57,M2684762,0,0,0,2026-01-08T12:36:45.896661,
TXN-00010636,204,PAYMENT,2676.72,C1000020,304946.05,302269.33,M2596259,0,0,0,2026-01-08T12:36:45.896733,
TXN-00010637,204,CASH_OUT,35834.55,C1000012,0.0,0.0,M8261750,0,0,0,2026-01-08T12:36:45.896799,
TXN-00010638,204,PAYMENT,10.0,C1000061,237904.63,237894.63,M2899866,0,0,0,2026-01-08T12:36:45.896860,
TXN-00010639,204,PAYMENT,1863.93,C1000016,164945.53,163081.6,M4954782,0,0,0,2026-01-08T12:36:45.896925,
TXN-00010640,204,CASH_OUT,19301.15,C1000035,0.0,0.0,M8164810,0,0,0,2026-01-08T12:36:45.896987,
TXN-00010641,204,CASH_IN,59.75,C1000009,133479.91,133539.66,M6071286,0,0,0,2026-01-08T12:36:45.897055,
TXN-00010642,204,PAYMENT,13235.51,C1000095,0.0,0.0,M2942589,0,0,0,2026-01-08T12:36:45.897140,
TXN-00010643,204,PAYMENT,3588.33,C1000051,172729.26,169140.93,M6562974,0,0,0,2026-01-08T12:36:45.897203,
TXN-00010644,204,CASH_IN,6737.41,C1000059,0.0,6737.41,M9058378,0,0,0,2026-01-08T12:36:45.897261,
TXN-00010645,204,TRANSFER,1265.37,C1000048,208690.37,207425.0,M4416242,0,0,0,2026-01-08T12:36:45.897321,
TXN-00010646,204,PAYMENT,3341.5,C1000043,0.0,0.0,M3565379,0,0,0,2026-01-08T12:36:45.897380,
TXN-00010647,204,PAYMENT,3855.6,C1000006,187511.14,183655.54,M2653507,0,0,0,2026-01-08T12:36:45.897437,
TXN-00010648,204,CASH_OUT,1515.55,C1000004,216671.97,215156.42,M3148928,0,0,0,2026-01-08T12:36:45.897496,
TXN-00010649,206,TRANSFER,215156.42,C1000004,215156.42,0.0,M7009339,0,0,1,2026-01-08T12:36:45.897530,balance_drain
TXN-00010650,204,TRANSFER,25241.47,C1000095,0.0,0.0,M6272950,0,0,0,2026-01-08T12:36:45.897594,
TXN-00010651,215,TRANSFER,0.0,C1000031,0.0,0.0,M1763211,0,0,1,2026-01-08T12:36:45.897623,balance_drain
TXN-00010652,204,CASH_OUT,2582.65,C1000084,89858.41,87275.76,M2864223,0,0,0,2026-01-08T12:36:45.897686,
TXN-00010653,204,PAYMENT,181.87,C1000071,176089.82,175907.94,M8280210,0,0,0,2026-01-08T12:36:45.897744,
TXN-00010654,204,CASH_OUT,4189.7,C1000010,0.0,0.0,M1908681,0,0,0,2026-01-08T12:36:45.897803,
TXN-00010655,204,TRANSFER,3918.87,C1000097,5979.56,2060.68,M7166256,0,0,0,2026-01-08T12:36:45.897861,
TXN-00010656,204,PAYMENT,35636.47,C1000073,0.0,0.0,M4249098,0,0,0,2026-01-08T12:36:45.897920,
TXN-00010657,204,TRANSFER,4344.29,C1000027,0.0,0.0,M5947397,0,0,0,2026-01-08T12:36:45.897977,
TXN-00010658,204,DEBIT,10.0,C1000064,0.0,0.0,M9664169,0,0,0,2026-01-08T12:36:45.898041,
TXN-00010659,204,CASH_OUT,3964.29,C1000049,0.0,0.0,M8018843,0,0,0,2026-01-08T12:36:45.898098,
TXN-00010660,204,PAYMENT,4564.5,C1000032,0.0,0.0,M4169554,0,0,0,2026-01-08T12:36:45.898157,
TXN-00010661,204,DEBIT,9279.7,C1000036,0.0,0.0,M3694400,0,0,0,2026-01-08T12:36:45.898229,
TXN-00010662,204,CASH_OUT,780.4,C1000016,163081.6,162301.2,M4020976,0,0,0,2026-01-08T12:36:45.898286,
TXN-00010663,204,TRANSFER,10.0,C1000081,89583.15,89573.15,M7632037,0,0,0,2026-01-08T12:36:45.898345,
TXN-00010664,204,PAYMENT,1455.95,C1000089,155518.48,154062.53,M4097929,0,0,0,2026-01-08T12:36:45.898404,
TXN-00010665,204,TRANSFER,15178.92,C1000074,0.0,0.0,M6881153,0,0,0,2026-01-08T12:36:45.898470,
TXN-00010666,204,DEBIT,17234.64,C1000076,0.0,0.0,M3933834,0,0,0,2026-01-08T12:36:45.898532,
TXN-00010667,204,PAYMENT,897.43,C1000020,302269.33,301371.9,M6493155,0,0,0,2026-01-08T12:36:45.898593,
TXN-00010668,204,CASH_OUT,4091.13,C1000058,0.0,0.0,M6240384,0,0,0,2026-01-08T12:36:45.898654,
TXN-00010669,195,TRANSFER,134582.3,C1000086,134582.3,0.0,M5330012,0,0,1,2026-01-08T12:36:45.898686,balance_drain
TXN-00010670,204,TRANSFER,1161.22,C1000022,19084.31,17923.09,M9130788,0,0,0,2026-01-08T12:36:45.898753,
TXN-00010671,204,PAYMENT,3085.88,C1000006,183655.54,180569.66,M9650446,0,0,0,2026-01-08T12:36:45.898815,
TXN-00010672,204,TRANSFER,2889.05,C1000078,7972.67,5083.62,M2680921,0,0,0,2026-01-08T12:36:45.898876,
TXN-00010673,204,CASH_OUT,47117.16,C1000053,0.0,0.0,M9805475,0,0,0,2026-01-08T12:36:45.898942,
TXN-00010674,204,CASH_IN,10.0,C1000060,56727.68,56737.68,M4116125,0,0,0,2026-01-08T12:36:45.899004,
TXN-00010675,204,PAYMENT,10.0,C1000042,0.0,0.0,M8229756,0,0,0,2026-01-08T12:36:45.899069,
TXN-00010676,204,CASH_OUT,10.0,C1000057,0.0,0.0,M6338867,0,0,0,2026-01-08T12:36:45.899126,
TXN-00010677,204,PAYMENT,6602.9,C1000011,0.0,0.0,M6078483,0,0,0,2026-01-08T12:36:45.899183,
TXN-00010678,204,TRANSFER,10.0,C1000047,0.0,0.0,M1049872,0,0,0,2026-01-08T12:36:45.899250,
TXN-00010679,204,TRANSFER,1395.67,C1000083,194887.9,193492.23,M2684600,0,0,0,2026-01-08T12:36:45.899319,
TXN-00010680,204,CASH_OUT,2220.13,C1000055,187088.0,184867.86,M4666816,0,0,0,2026-01-08T12:36:45.899385,
TXN-00010681,204,DEBIT,8692.46,C1000039,0.0,0.0,M2984948,0,0,0,2026-01-08T12:36:45.899455,
TXN-00010682,204,TRANSFER,7630.36,C1000099,0.0,0.0,M2194307,0,0,0,2026-01-08T12:36:45.899521,
TXN-00010683,204,CASH_OUT,2326.94,C1000055,184867.86,182540.92,M7318456,0,0,0,2026-01-08T12:36:45.899581,
TXN-00010684,204,CASH_OUT,419.6,C1000072,0.0,0.0,M9233134,0,0,0,2026-01-08T12:36:45.899642,
TXN-00010685,204,DEBIT,3110.92,C1000045,0.0,0.0,M5008423,0,0,0,2026-01-08T12:36:45.899699,
TXN-00010686,204,TRANSFER,4664.44,C1000074,0.0,0.0,M3313848,0,0,0,2026-01-08T12:36:45.899760,
TXN-00010687,204,CASH_OUT,5023.97,C1000025,0.0,0.0,M3290492,0,0,0,2026-01-08T12:36:45.899820,
TXN-00010688,204,CASH_OUT,17953.85,C1000076,0.0,0.0,M1017457,0,0,0,2026-01-08T12:36:45.899883,
TXN-00010689,204,PAYMENT,2322.37,C1000080,0.0,0.0,M8442757,0,0,0,2026-01-08T12:36:45.899947,
TXN-00010690,204,PAYMENT,4577.26,C1000032,0.0,0.0,M9509806,0,0,0,2026-01-08T12:36:45.900008,
TXN-00010691,204,PAYMENT,1871.99,C1000090,246801.96,244929.97,M6788487,0,0,0,2026-01-08T12:36:45.900078,
TXN-00010692,204,TRANSFER,2107.52,C1000072,0.0,0.0,M6767549,0,0,0,2026-01-08T12:36:45.900147,
TXN-00010693,204,DEBIT,10.0,C1000060,56737.68,56727.68,M5706338,0,0,0,2026-01-08T12:36:45.900210,
TXN-00010694,204,PAYMENT,840.08,C1000094,184949.07,184108.98,M2920877,0,0,0,2026-01-08T12:36:45.900280,
TXN-00010695,204,CASH_OUT,7556.22,C1000011,0.0,0.0,M7068778,0,0,0,2026-01-08T12:36:45.900378,
TXN-00010696,204,PAYMENT,4820.94,C1000065,0.0,0.0,M6058639,0,0,0,2026-01-08T12:36:45.900450,
TXN-00010697,204,TRANSFER,5073.07,C1000032,0.0,0.0,M9160027,0,0,0,2026-01-08T12:36:45.900512,
TXN-00010698,204,DEBIT,1778.94,C1000038,0.0,0.0,M9716186,0,0,0,2026-01-08T12:36:45.900570,
TXN-00010699,204,PAYMENT,3237.64,C1000062,0.0,0.0,M9362927,0,0,0,2026-01-08T12:36:45.900625,
TXN-00010700,204,TRANSFER,11524.34,C1000015,0.0,0.0,M5785447,0,0,0,2026-01-08T12:36:45.900699,
TXN-00010701,204,TRANSFER,1674.0,C1000080,0.0,0.0,M7854815,0,0,0,2026-01-08T12:36:45.900768,
TXN-00010702,204,TRANSFER,5851.07,C1000013,0.0,0.0,M1858819,0,0,0,2026-01-08T12:36:45.900838,
TXN-00010703,208,CASH_OUT,0.0,C1000074,0.0,0.0,M7238309,0,0,1,2026-01-08T12:36:45.900879,balance_drain
TXN-00010704,204,TRANSFER,4746.14,C1000025,0.0,0.0,M9236860,0,0,0,2026-01-08T12:36:45.900945,
TXN-00010705,204,DEBIT,6371.99,C1000059,6737.41,365.42,M8272645,0,0,0,2026-01-08T12:36:45.901015,
TXN-00010706,205,CASH_OUT,0.0,C1000085,0.0,0.0,M7534988,0,0,1,2026-01-08T12:36:45.901055,balance_drain
TXN-00010707,204,CASH_OUT,1996.05,C1000089,154062.53,152066.48,M9861314,0,0,0,2026-01-08T12:36:45.901121,
TXN-00010708,204,TRANSFER,165.81,C1000009,133539.66,133373.85,M3007538,0,0,0,2026-01-08T12:36:45.901189,
TXN-00010709,204,TRANSFER,10.0,C1000089,152066.48,152056.48,M8311889,0,0,0,2026-01-08T12:36:45.901257,
TXN-00010710,211,CASH_OUT,144948.34,C1000018,144948.34,0.0,M5941456,0,0,1,2026-01-08T12:36:45.901293,balance_drain
TXN-00010711,204,TRANSFER,48368.77,C1000053,0.0,0.0,M6165159,0,0,0,2026-01-08T12:36:45.901361,
TXN-00010712,204,TRANSFER,606.07,C1000038,0.0,0.0,M2793085,0,0,0,2026-01-08T12:36:45.901470,
TXN-00010713,204,PAYMENT,1727.7,C1000069,63762.04,62034.33,M7019509,0,0,0,2026-01-08T12:36:45.901534,
TXN-00010714,204,TRANSFER,1713.83,C1000081,89573.15,87859.31,M1374203,0,0,0,2026-01-08T12:36:45.901602,
TXN-00010715,204,TRANSFER,487.06,C1000066,0.0,0.0,M4090007,0,0,0,2026-01-08T12:36:45.901670,
TXN-00010716,197,TRANSFER,0.0,C1000079,0.0,0.0,M6321240,0,0,1,2026-01-08T12:36:45.901706,balance_drain
TXN-00010717,204,DEBIT,48675.58,C1000053,0.0,0.0,M2208447,0,0,0,2026-01-08T12:36:45.901772,
TXN-00010718,204,CASH_OUT,17758.8,C1000093,0.0,0.0,M2824215,0,0,0,2026-01-08T12:36:45.901840,
TXN-00010719,204,PAYMENT,89.26,C1000009,133373.85,133284.59,M1082331,0,0,0,2026-01-08T12:36:45.901907,
TXN-00010720,204,TRANSFER,1636.25,C1000069,62034.33,60398.09,M3857891,0,0,0,2026-01-08T12:36:45.901975,
TXN-00010721,204,PAYMENT,19103.07,C1000079,0.0,0.0,M1645674,0,0,0,2026-01-08T12:36:45.902044,
TXN-00010722,204,CASH_OUT,0.0,C1000035,0.0,0.0,M1146225,0,0,1,2026-01-08T12:36:45.902080,balance_drain
TXN-00010723,204,CASH_OUT,2494.0,C1000033,0.0,0.0,M7075727,0,0,0,2026-01-08T12:36:45.902148,
TXN-00010724,204,CASH_OUT,205.5,C1000060,56727.68,56522.18,M3853887,0,0,0,2026-01-08T12:36:45.902214,
TXN-00010725,204,PAYMENT,1000.37,C1000070,0.0,0.0,M7022727,0,0,0,2026-01-08T12:36:45.902278,
TXN-00010726,204,TRANSFER,4514.74,C1000006,180569.66,176054.92,M7935248,0,0,0,2026-01-08T12:36:45.902341,
TXN-00010727,204,PAYMENT,10.0,C1000014,207980.07,207970.07,M8463492,0,0,0,2026-01-08T12:36:45.902407,
TXN-00010728,204,CASH_IN,4696.85,C1000010,0.0,4696.85,M5440786,0,0,0,2026-01-08T12:36:45.902471,
TXN-00010729,204,CASH_OUT,6610.1,C1000010,4696.85,0.0,M6898502,0,0,0,2026-01-08T12:36:45.902547,
TXN-00010730,204,PAYMENT,21066.51,C1000079,0.0,0.0,M9176644,0,0,0,2026-01-08T12:36:45.902612,
TXN-00010731,204,PAYMENT,8596.77,C1000039,0.0,0.0,M4794399,0,0,0,2026-01-08T12:36:45.902676,
TXN-00010732,208,TRANSFER,0.0,C1000092,0.0,0.0,M3866791,0,0,1,2026-01-08T12:36:45.902708,balance_drain
TXN-00010733,198,TRANSFER,152056.48,C1000089,152056.48,0.0,M6835356,0,0,1,2026-01-08T12:36:45.902744,balance_drain
TXN-00010734,204,PAYMENT,54796.85,C1000000,0.0,0.0,M7451181,0,0,0,2026-01-08T12:36:45.902814,
TXN-00010735,204,PAYMENT,901.87,C1000082,0.0,0.0,M7561162,0,0,0,2026-01-08T12:36:45.902877,
TXN-00010736,204,PAYMENT,1284.04,C1000069,60398.09,59114.05,M9375861,0,0,0,2026-01-08T12:36:45.902941,
TXN-00010737,204,CASH_IN,1670.73,C1000070,0.0,1670.73,M2502170,0,0,0,2026-01-08T12:36:45.903005,
TXN-00010738,204,PAYMENT,24652.39,C1000037,0.0,0.0,M3082090,0,0,0,2026-01-08T12:36:45.903069,
TXN-00010739,204,PAYMENT,18109.76,C1000093,0.0,0.0,M3669567,0,0,0,2026-01-08T12:36:45.903136,
TXN-00010740,204,PAYMENT,3708.98,C1000002,272838.93,269129.95,M4822886,0,0,0,2026-01-08T12:36:45.903198,
TXN-00010741,204,CASH_IN,3564.89,C1000041,234361.3,237926.19,M2470543,0,0,0,2026-01-08T12:36:45.903263,
TXN-00010742,204,CASH_IN,18258.94,C1000093,0.0,18258.94,M9276176,0,0,0,2026-01-08T12:36:45.903327,
TXN-00010743,204,TRANSFER,64.4,C1000004,215156.42,215092.02,M5287636,0,0,0,2026-01-08T12:36:45.903392,
TXN-00010744,204,PAYMENT,17676.39,C1000024,20780.36,3103.97,M9396439,0,0,0,2026-01-08T12:36:45.903454,
TXN-00010745,204,DEBIT,4274.81,C1000072,0.0,0.0,M8914708,0,0,0,2026-01-08T12:36:45.903516,
TXN-00010746,204,PAYMENT,906.78,C1000049,0.0,0.0,M6169566,0,0,0,2026-01-08T12:36:45.903576,
TXN-00010747,204,PAYMENT,10.0,C1000078,5083.62,5073.62,M4710712,0,0,0,2026-01-08T12:36:45.903641,
TXN-00010748,204,CASH_IN,27698.27,C1000067,0.0,27698.27,M8094379,0,0,0,2026-01-08T12:36:45.903704,
TXN-00010749,204,PAYMENT,6295.66,C1000046,0.0,0.0,M6819346,0,0,0,2026-01-08T12:36:45.903768,
TXN-00010750,204,PAYMENT,5406.83,C1000096,247225.18,241818.35,M3888026,0,0,0,2026-01-08T12:36:45.903836,
TXN-00010751,204,PAYMENT,2085.15,C1000089,152056.48,149971.32,M4599262,0,0,0,2026-01-08T12:36:45.903897,
TXN-00010752,204,PAYMENT,10.0,C1000089,149971.32,149961.32,M3614212,0,0,0,2026-01-08T12:36:45.903954,
TXN-00010753,204,CASH_IN,11358.42,C1000031,0.0,11358.42,M1157638,0,0,0,2026-01-08T12:36:45.904015,
TXN-00010754,204,PAYMENT,467.11,C1000048,207425.0,206957.89,M2044324,0,0,0,2026-01-08T12:36:45.904077,
TXN-00010755,195,TRANSFER,169140.93,C1000051,169140.93,0.0,M2128390,0,0,1,2026-01-08T12:36:45.904402,balance_drain
TXN-00010756,204,TRANSFER,4030.73,C1000087,174009.08,169978.35,M1402913,0,0,0,2026-01-08T12:36:45.905374,
TXN-00010757,204,TRANSFER,2749.41,C1000058,0.0,0.0,M6932954,0,0,0,2026-01-08T12:36:45.905611,
TXN-00010758,204,CASH_OUT,3654.94,C1000091,2129.04,0.0,M8117550,0,0,0,2026-01-08T12:36:45.905721,
TXN-00010759,204,CASH_OUT,13678.9,C1000063,0.0,0.0,M3045404,0,0,0,2026-01-08T12:36:45.905821,
TXN-00010760,204,TRANSFER,7454.44,C1000011,0.0,0.0,M5129132,0,0,0,2026-01-08T12:36:45.905884,
TXN-00010761,204,CASH_IN,20052.51,C1000019,0.0,20052.51,M5219611,0,0,0,2026-01-08T12:36:45.906036,
TXN-00010762,204,CASH_OUT,8587.17,C1000013,0.0,0.0,M4427344,0,0,0,2026-01-08T12:36:45.906142,
TXN-00010763,204,CASH_IN,644.7,C1000034,74579.85,75224.55,M4280350,0,0,0,2026-01-08T12:36:45.906236,
TXN-00010764,204,TRANSFER,3583.95,C1000084,87275.76,83691.8,M6883332,0,0,0,2026-01-08T12:36:45.906317,
TXN-00010765,204,CASH_IN,24318.35,C1000037,0.0,24318.35,M6328710,0,0,0,2026-01-08T12:36:45.906383,
TXN-00010766,204,TRANSFER,1626.44,C1000007,48933.16,47306.72,M7208766,0,0,0,2026-01-08T12:36:45.906429,
TXN-00010767,204,PAYMENT,26466.22,C1000056,0.0,0.0,M5548895,0,0,0,2026-01-08T12:36:45.906471,
TXN-00010768,204,TRANSFER,18695.78,C1000093,18258.94,0.0,M1312855,0,0,0,2026-01-08T12:36:45.906511,
TXN-00010769,204,PAYMENT,1504.22,C1000026,168581.27,167077.05,M4922919,0,0,0,2026-01-08T12:36:45.906550,
TXN-00010770,204,DEBIT,42936.23,C1000042,0.0,0.0,M1214886,0,0,0,2026-01-08T12:36:45.906643,
TXN-00010771,204,CASH_OUT,38635.92,C1000067,27698.27,0.0,M8169491,0,0,0,2026-01-08T12:36:45.906703,
TXN-00010772,204,PAYMENT,8158.94,C1000036,0.0,0.0,M5377067,0,0,0,2026-01-08T12:36:45.906750,
TXN-00010773,204,TRANSFER,24099.21,C1000037,24318.35,219.13,M1505504,0,0,0,2026-01-08T12:36:45.906815,
TXN-00010774,204,PAYMENT,1775.7,C1000096,241818.35,240042.64,M2889189,0,0,0,2026-01-08T12:36:45.906864,
TXN-00010775,204,CASH_OUT,39087.9,C1000012,0.0,0.0,M9750538,0,0,0,2026-01-08T12:36:45.906907,
TXN-00010776,204,PAYMENT,10.0,C1000064,0.0,0.0,M2458930,0,0,0,2026-01-08T12:36:45.906946,
TXN-00010777,204,PAYMENT,3018.56,C1000006,176054.92,173036.36,M8152706,0,0,0,2026-01-08T12:36:45.906982,
TXN-00010778,204,TRANSFER,26237.43,C1000056,0.0,0.0,M4748228,0,0,0,2026-01-08T12:36:45.907022,
TXN-00010779,204,TRANSFER,6739.18,C1000011,0.0,0.0,M8853518,0,0,0,2026-01-08T12:36:45.907059,
TXN-00010780,212,TRANSFER,0.0,C1000099,0.0,0.0,M9618730,0,0,1,2026-01-08T12:36:45.907082,balance_drain
TXN-00010781,204,PAYMENT,2912.03,C1000045,0.0,0.0,M2164363,0,0,0,2026-01-08T12:36:45.907124,
TXN-00010782,204,PAYMENT,3221.74,C1000055,182540.92,179319.18,M9358301,0,0,0,2026-01-08T12:36:45.907161,
TXN-00010783,204,PAYMENT,4262.98,C1000065,0.0,0.0,M3837581,0,0,0,2026-01-08T12:36:45.907209,
TXN-00010784,204,CASH_OUT,4378.79,C1000027,0.0,0.0,M3322846,0,0,0,2026-01-08T12:36:45.907256,
TXN-00010785,196,CASH_OUT,301371.9,C1000020,301371.9,0.0,M8880041,0,0,1,2026-01-08T12:36:45.907276,balance_drain
TXN-00010786,196,CASH_OUT,0.0,C1000015,0.0,0.0,M1700827,0,0,1,2026-01-08T12:36:45.907294,balance_drain
TXN-00010787,204,CASH_OUT,4199.07,C1000062,0.0,0.0,M1213007,0,0,0,2026-01-08T12:36:45.907331,
TXN-00010788,204,TRANSFER,8007.24,C1000099,0.0,0.0,M1747114,0,0,0,2026-01-08T12:36:45.907369,
TXN-00010789,204,CASH_OUT,33318.84,C1000073,0.0,0.0,M6789302,0,0,0,2026-01-08T12:36:45.907407,
TXN-00010790,204,CASH_OUT,6971.09,C1000091,0.0,0.0,M5186359,0,0,0,2026-01-08T12:36:45.907444,
TXN-00010791,204,PAYMENT,10.0,C1000042,0.0,0.0,M3584987,0,0,0,2026-01-08T12:36:45.907482,
TXN-00010792,204,CASH_OUT,2670.45,C1000071,175907.94,173237.49,M1688876,0,0,0,2026-01-08T12:36:45.907518,
TXN-00010793,204,TRANSFER,10.0,C1000029,0.0,0.0,M7862218,0,0,0,2026-01-08T12:36:45.907556,
TXN-00010794,204,PAYMENT,1978.26,C1000045,0.0,0.0,M5116802,0,0,0,2026-01-08T12:36:45.907592,
TXN-00010795,204,TRANSFER,1625.78,C1000089,149961.32,148335.55,M3908938,0,0,0,2026-01-08T12:36:45.907629,
TXN-00010796,204,PAYMENT,18039.45,C1000035,0.0,0.0,M4500461,0,0,0,2026-01-08T12:36:45.907668,
TXN-00010797,204,CASH_OUT,24608.53,C1000067,0.0,0.0,M2259250,0,0,0,2026-01-08T12:36:45.907705,
TXN-00010798,204,TRANSFER,837.24,C1000020,301371.9,300534.66,M2235897,0,0,0,2026-01-08T12:36:45.907750,
TXN-00010799,204,PAYMENT,56239.15,C1000000,0.0,0.0,M8990101,0,0,0,2026-01-08T12:36:45.907793,
TXN-00010800,215,CASH_OUT,0.0,C1000043,0.0,0.0,M2558528,0,0,1,2026-01-08T12:36:45.907812,balance_drain
TXN-00010801,204,TRANSFER,25703.86,C1000037,219.13,0.0,M4679455,0,0,0,2026-01-08T12:36:45.907850,
TXN-00010802,207,CASH_OUT,0.0,C1000043,0.0,0.0,M3690309,0,0,1,2026-01-08T12:36:45.907869,balance_drain
TXN-00010803,204,PAYMENT,27081.4,C1000042,0.0,0.0,M8396259,0,0,0,2026-01-08T12:36:45.907906,
TXN-00010804,204,PAYMENT,4360.97,C1000010,0.0,0.0,M3965725,0,0,0,2026-01-08T12:36:45.907947,
TXN-00010805,204,DEBIT,19470.2,C1000019,20052.51,582.31,M8638744,0,0,0,2026-01-08T12:36:45.907985,
TXN-00010806,204,CASH_OUT,5743.61,C1000058,0.0,0.0,M8001988,0,0,0,2026-01-08T12:36:45.908023,
TXN-00010807,204,TRANSFER,2914.25,C1000069,59114.05,56199.8,M8777422,0,0,0,2026-01-08T12:36:45.908061,
TXN-00010808,204,PAYMENT,9276.88,C1000058,0.0,0.0,M9638353,0,0,0,2026-01-08T12:36:45.908099,
TXN-00010809,204,PAYMENT,19795.59,C1000074,0.0,0.0,M4021189,0,0,0,2026-01-08T12:36:45.908137,
TXN-00010810,204,PAYMENT,3484.05,C1000081,87859.31,84375.26,M3378608,0,0,0,2026-01-08T12:36:45.908174,
TXN-00010811,204,PAYMENT,944.7,C1000077,85059.57,84114.88,M2175756,0,0,0,2026-01-08T12:36:45.908212,
TXN-00010812,204,PAYMENT,17739.12,C1000019,582.31,0.0,M7232029,0,0,0,2026-01-08T12:36:45.908251,
TXN-00010813,196,TRANSFER,0.0,C1000054,0.0,0.0,M7873845,0,0,1,2026-01-08T12:36:45.908271,balance_drain
TXN-00010814,204,PAYMENT,1009.96,C1000044,0.0,0.0,M4893699,0,0,0,2026-01-08T12:36:45.908309,
TXN-00010815,204,TRANSFER,10.0,C1000048,206957.89,206947.89,M7641357,0,0,0,2026-01-08T12:36:45.908347,
TXN-00010816,204,PAYMENT,10.0,C1000018,144948.34,144938.34,M5158408,0,0,0,2026-01-08T12:36:45.908387,
TXN-00010817,204,PAYMENT,3438.06,C1000087,169978.35,166540.29,M2837327,0,0,0,2026-01-08T12:36:45.908425,
TXN-00010818,204,PAYMENT,214.52,C1000071,173237.49,173022.97,M1614142,0,0,0,2026-01-08T12:36:45.908463,
TXN-00010819,204,PAYMENT,8347.34,C1000039,0.0,0.0,M5541369,0,0,0,2026-01-08T12:36:45.908502,
TXN-00010820,204,CASH_OUT,983.05,C1000004,215092.02,214108.97,M7178216,0,0,0,2026-01-08T12:36:45.908539,
TXN-00010821,204,TRANSFER,5822.03,C1000057,0.0,0.0,M8442094,0,0,0,2026-01-08T12:36:45.908577,
TXN-00010822,204,TRANSFER,19944.18,C1000035,0.0,0.0,M5984881,0,0,0,2026-01-08T12:36:45.908614,
TXN-00010823,204,CASH_IN,1862.61,C1000086,134582.3,136444.92,M9970377,0,0,0,2026-01-08T12:36:45.908651,
TXN-00010824,192,CASH_OUT,0.0,C1000053,0.0,0.0,M9688599,0,0,1,2026-01-08T12:36:45.908670,balance_drain
TXN-00010825,204,TRANSFER,10.0,C1000064,0.0,0.0,M4235272,0,0,0,2026-01-08T12:36:45.908706,
TXN-00010826,204,PAYMENT,22.9,C1000061,237894.63,237871.72,M3010609,0,0,0,2026-01-08T12:36:45.908748,
TXN-00010827,200,TRANSFER,0.0,C1000038,0.0,0.0,M9050246,0,0,1,2026-01-08T12:36:45.908768,balance_drain
TXN-00010828,204,DEBIT,8687.92,C1000039,0.0,0.0,M9841224,0,0,0,2026-01-08T12:36:45.908807,
TXN-00010829,204,CASH_OUT,10.0,C1000061,237871.72,237861.72,M6867966,0,0,0,2026-01-08T12:36:45.908845,
TXN-00010830,204,TRANSFER,10.0,C1000040,0.0,0.0,M9615595,0,0,0,2026-01-08T12:36:45.908882,
TXN-00010831,204,TRANSFER,2155.59,C1000071,173022.97,170867.38,M5280789,0,0,0,2026-01-08T12:36:45.908917,
TXN-00010832,201,TRANSFER,133284.59,C1000009,133284.59,0.0,M4271586,0,0,1,2026-01-08T12:36:45.908936,balance_drain
TXN-00010833,204,PAYMENT,2146.84,C1000017,67118.44,64971.61,M2508042,0,0,0,2026-01-08T12:36:45.908976,
TXN-00010834,204,DEBIT,24767.23,C1000037,0.0,0.0,M4341431,0,0,0,2026-01-08T12:36:45.909027,
TXN-00010835,204,TRANSFER,3562.12,C1000006,173036.36,169474.24,M6730180,0,0,0,2026-01-08T12:36:45.910070,
TXN-00010836,204,CASH_IN,7452.98,C1000033,0.0,7452.98,M3905519,0,0,0,2026-01-08T12:36:45.910395,
TXN-00010837,204,PAYMENT,1147.27,C1000077,84114.88,82967.6,M6680516,0,0,0,2026-01-08T12:36:45.910523,
TXN-00010838,204,PAYMENT,18704.92,C1000035,0.0,0.0,M8948292,0,0,0,2026-01-08T12:36:45.910641,
TXN-00010839,204,CASH_OUT,3858.85,C1000069,56199.8,52340.95,M3610776,0,0,0,2026-01-08T12:36:45.910863,
TXN-00010840,204,CASH_OUT,139.3,C1000060,56522.18,56382.88,M7157915,0,0,0,2026-01-08T12:36:45.911167,
TXN-00010841,204,TRANSFER,3755.71,C1000010,0.0,0.0,M6171023,0,0,0,2026-01-08T12:36:45.911285,
TXN-00010842,204,TRANSFER,26534.12,C1000056,0.0,0.0,M1612703,0,0,0,2026-01-08T12:36:45.911386,
TXN-00010843,204,TRANSFER,10.0,C1000001,75628.08,75618.08,M2878991,0,0,0,2026-01-08T12:36:45.911460,
TXN-00010844,204,CASH_OUT,299.07,C1000075,443015.22,442716.14,M6269176,0,0,0,2026-01-08T12:36:45.911533,
TXN-00010845,204,PAYMENT,1505.45,C1000049,0.0,0.0,M8549997,0,0,0,2026-01-08T12:36:45.911606,
TXN-00010846,204,PAYMENT,5815.92,C1000049,0.0,0.0,M4786415,0,0,0,2026-01-08T12:36:45.911680,
TXN-00010847,204,CASH_OUT,323.78,C1000068,100522.6,100198.82,M3872486,0,0,0,2026-01-08T12:36:45.911757,
TXN-00010848,204,TRANSFER,7078.7,C1000088,0.0,0.0,M6644537,0,0,0,2026-01-08T12:36:45.911830,
TXN-00010849,204,PAYMENT,6110.29,C1000088,0.0,0.0,M5141956,0,0,0,2026-01-08T12:36:45.911900,
TXN-00010850,204,CASH_OUT,2397.06,C1000028,0.0,0.0,M8202657,0,0,0,2026-01-08T12:36:45.911971,
TXN-00010851,204,CASH_IN,10.0,C1000061,237861.72,237871.72,M3072686,0,0,0,2026-01-08T12:36:45.912042,
TXN-00010852,204,PAYMENT,4327.31,C1000062,0.0,0.0,M3777641,0,0,0,2026-01-08T12:36:45.912113,
TXN-00010853,204,CASH_OUT,10.0,C1000022,17923.09,17913.09,M2176128,0,0,0,2026-01-08T12:36:45.912182,
TXN-00010854,204,PAYMENT,2431.45,C1000097,2060.68,0.0,M3461969,0,0,0,2026-01-08T12:36:45.912253,
TXN-00010855,204,CASH_OUT,932.96,C1000094,184108.98,183176.02,M6701130,0,0,0,2026-01-08T12:36:45.912323,
TXN-00010856,204,CASH_IN,4173.63,C1000027,0.0,4173.63,M2502166,0,0,0,2026-01-08T12:36:45.912393,
TXN-00010857,204,PAYMENT,13581.21,C1000063,0.0,0.0,M4347795,0,0,0,2026-01-08T12:36:45.912464,
TXN-00010858,204,PAYMENT,24.89,C1000009,133284.59,133259.69,M8428435,0,0,0,2026-01-08T12:36:45.912533,
TXN-00010859,204,CASH_IN,8328.9,C1000057,0.0,8328.9,M6416666,0,0,0,2026-01-08T12:36:45.912603,
TXN-00010860,204,CASH_OUT,2089.01,C1000090,244929.97,242840.96,M4413028,0,0,0,2026-01-08T12:36:45.912674,
TXN-00010861,204,CASH_OUT,199.62,C1000040,0.0,0.0,M2462141,0,0,0,2026-01-08T12:36:45.912786,
TXN-00010862,204,CASH_OUT,8228.33,C1000054,0.0,0.0,M6176756,0,0,0,2026-01-08T12:36:45.912854,
TXN-00010863,203,CASH_OUT,223733.94,C1000098,223733.94,0.0,M7896817,0,0,1,2026-01-08T12:36:45.912887,balance_drain
TXN-00010864,204,CASH_OUT,13698.15,C1000063,0.0,0.0,M8780595,0,0,0,2026-01-08T12:36:45.912948,
TXN-00010865,204,CASH_IN,10.0,C1000033,7452.98,7462.98,M7252855,0,0,0,2026-01-08T12:36:45.913006,
TXN-00010866,204,CASH_OUT,10089.27,C1000092,0.0,0.0,M6506828,0,0,0,2026-01-08T12:36:45.913065,
TXN-00010867,204,PAYMENT,2343.49,C1000045,0.0,0.0,M1692956,0,0,0,2026-01-08T12:36:45.913129,
TXN-00010868,204,CASH_OUT,54753.53,C1000000,0.0,0.0,M2228264,0,0,0,2026-01-08T12:36:45.913191,
TXN-00010869,204,CASH_OUT,10.0,C1000082,0.0,0.0,M5979337,0,0,0,2026-01-08T12:36:45.913251,
TXN-00010870,204,DEBIT,1408.38,C1000082,0.0,0.0,M1818825,0,0,0,2026-01-08T12:36:45.913310,
TXN-00010871,204,TRANSFER,10.0,C1000048,206947.89,206937.89,M5107517,0,0,0,2026-01-08T12:36:45.913371,
TXN-00010872,204,PAYMENT,10.0,C1000033,7462.98,7452.98,M8596358,0,0,0,2026-01-08T12:36:45.913434,
TXN-00010873,204,PAYMENT,3079.37,C1000062,0.0,0.0,M2665520,0,0,0,2026-01-08T12:36:45.913495,
TXN-00010874,204,DEBIT,583.83,C1000008,210837.9,210254.06,M7096396,0,0,0,2026-01-08T12:36:45.913558,
TXN-00010875,204,DEBIT,6559.24,C1000088,0.0,0.0,M1168841,0,0,0,2026-01-08T12:36:45.913621,
TXN-00010876,204,CASH_OUT,2393.0,C1000069,52340.95,49947.95,M8744075,0,0,0,2026-01-08T12:36:45.913682,
TXN-00010877,212,CASH_OUT,0.0,C1000079,0.0,0.0,M6686570,0,0,1,2026-01-08T12:36:45.913717,balance_drain
TXN-00010878,204,PAYMENT,10.0,C1000075,442716.14,442706.14,M1329368,0,0,0,2026-01-08T12:36:45.913785,
TXN-00010879,204,PAYMENT,611.43,C1000048,206937.89,206326.46,M1461290,0,0,0,2026-01-08T12:36:45.913848,
TXN-00010880,204,PAYMENT,7533.37,C1000011,0.0,0.0,M4949128,0,0,0,2026-01-08T12:36:45.913910,
TXN-00010881,204,PAYMENT,8301.84,C1000031,11358.42,3056.58,M6701872,0,0,0,2026-01-08T12:36:45.913970,
TXN-00010882,204,TRANSFER,5123.99,C1000084,83691.8,78567.82,M8858741,0,0,0,2026-01-08T12:36:45.914033,
TXN-00010883,204,CASH_OUT,2044.04,C1000041,237926.19,235882.15,M6316866,0,0,0,2026-01-08T12:36:45.914097,
TXN-00010884,204,CASH_OUT,20369.87,C1000035,0.0,0.0,M9459729,0,0,0,2026-01-08T12:36:45.914160,
TXN-00010885,204,TRANSFER,3978.57,C1000065,0.0,0.0,M6016058,0,0,0,2026-01-08T12:36:45.914221,
TXN-00010886,204,TRANSFER,2095.39,C1000089,148335.55,146240.16,M6121851,0,0,0,2026-01-08T12:36:45.914282,
TXN-00010887,204,CASH_OUT,1540.96,C1000026,167077.05,165536.08,M6104389,0,0,0,2026-01-08T12:36:45.914346,
TXN-00010888,213,CASH_OUT,0.0,C1000067,0.0,0.0,M8568458,0,0,1,2026-01-08T12:36:45.914383,balance_drain
TXN-00010889,204,CASH_OUT,10.0,C1000098,223733.94,223723.94,M5944475,0,0,0,2026-01-08T12:36:45.914446,
TXN-00010890,213,CASH_OUT,210254.06,C1000008,210254.06,0.0,M2919257,0,0,1,2026-01-08T12:36:45.914481,balance_drain
TXN-00010891,204,CASH_IN,26038.03,C1000056,0.0,26038.03,M9854500,0,0,0,2026-01-08T12:36:45.914546,
TXN-00010892,204,PAYMENT,1287.07,C1000084,78567.82,77280.75,M3284526,0,0,0,2026-01-08T12:36:45.914610,
TXN-00010893,204,TRANSFER,10.0,C1000018,144938.34,144928.34,M9451257,0,0,0,2026-01-08T12:36:45.914675,
TXN-00010894,204,TRANSFER,10.0,C1000061,237871.72,237861.72,M1999769,0,0,0,2026-01-08T12:36:45.914746,
TXN-00010895,204,TRANSFER,10.0,C1000047,0.0,0.0,M4494864,0,0,0,2026-01-08T12:36:45.914811,
TXN-00010896,204,CASH_IN,3513.86,C1000085,0.0,3513.86,M2474175,0,0,0,2026-01-08T12:36:45.914876,
TXN-00010897,204,PAYMENT,175.63,C1000041,235882.15,235706.52,M8606060,0,0,0,2026-01-08T12:36:45.914940,
TXN-00010898,204,CASH_OUT,1352.54,C1000085,3513.86,2161.33,M7345770,0,0,0,2026-01-08T12:36:45.915004,
TXN-00010899,204,CASH_OUT,949.68,C1000021,949.68,0.0,M1030487,0,0,1,2026-01-08T12:36:45.915038,balance_drain
TXN-00010900,204,DEBIT,1853.44,C1000038,0.0,0.0,M9826871,0,0,0,2026-01-08T12:36:45.915103,
TXN-00010901,204,PAYMENT,90525.04,C1000064,0.0,0.0,M5146601,0,0,0,2026-01-08T12:36:45.915169,
TXN-00010902,204,PAYMENT,6499.38,C1000088,0.0,0.0,M2009847,0,0,0,2026-01-08T12:36:45.915234,
TXN-00010903,204,PAYMENT,1010.82,C1000021,949.68,0.0,M9583855,0,0,0,2026-01-08T12:36:45.915297,
TXN-00010904,204,TRANSFER,20846.56,C1000019,0.0,0.0,M8499111,0,0,0,2026-01-08T12:36:45.915361,
TXN-00010905,204,CASH_OUT,5974.4,C1000059,365.42,0.0,M5848352,0,0,0,2026-01-08T12:36:45.915423,
TXN-00010906,204,PAYMENT,190.14,C1000001,75618.08,75427.94,M2985054,0,0,0,2026-01-08T12:36:45.915488,
TXN-00010907,195,TRANSFER,179319.18,C1000055,179319.18,0.0,M9531456,0,0,1,2026-01-08T12:36:45.915525,balance_drain
TXN-00010908,203,CASH_OUT,3056.58,C1000031,3056.58,0.0,M1193240,0,0,1,2026-01-08T12:36:45.915556,balance_drain
TXN-00010909,204,PAYMENT,25203.89,C1000037,0.0,0.0,M9054680,0,0,0,2026-01-08T12:36:45.915622,
TXN-00010910,205,TRANSFER,0.0,C1000032,0.0,0.0,M5373436,0,0,1,2026-01-08T12:36:45.915658,balance_drain
TXN-00010911,204,TRANSFER,8382.56,C1000039,0.0,0.0,M2064188,0,0,0,2026-01-08T12:36:45.915748,
TXN-00010912,204,PAYMENT,55293.56,C1000000,0.0,0.0,M3294193,0,0,0,2026-01-08T12:36:45.915825,
TXN-00010913,204,PAYMENT,1643.18,C1000026,165536.08,163892.91,M1027651,0,0,0,2026-01-08T12:36:45.915897,
TXN-00010914,204,TRANSFER,74.47,C1000018,144928.34,144853.87,M6039882,0,0,0,2026-01-08T12:36:45.915985,
TXN-00010915,204,TRANSFER,1139.89,C1000049,0.0,0.0,M6829871,0,0,0,2026-01-08T12:36:45.916060,
TXN-00010916,204,CASH_OUT,26223.48,C1000056,26038.03,0.0,M2659172,0,0,0,2026-01-08T12:36:45.916133,
TXN-00010917,197,CASH_OUT,0.0,C1000011,0.0,0.0,M1451734,0,0,1,2026-01-08T12:36:45.916172,balance_drain
TXN-00010918,194,CASH_OUT,269129.95,C1000002,269129.95,0.0,M2763985,0,0,1,2026-01-08T12:36:45.916208,balance_drain
TXN-00010919,204,CASH_OUT,3357.94,C1000084,77280.75,73922.8,M7564507,0,0,0,2026-01-08T12:36:45.916284,
TXN-00010920,204,CASH_IN,18903.44,C1000079,0.0,18903.44,M9728664,0,0,0,2026-01-08T12:36:45.916360,
TXN-00010921,204,PAYMENT,2121.9,C1000006,169474.24,167352.34,M5250882,0,0,0,2026-01-08T12:36:45.916438,
TXN-00010922,204,CASH_OUT,689.14,C1000071,170867.38,170178.24,M7518779,0,0,0,2026-01-08T12:36:45.916517,
TXN-00010923,204,PAYMENT,10.0,C1000034,75224.55,75214.55,M4048069,0,0,0,2026-01-08T12:36:45.916592,
TXN-00010924,211,CASH_OUT,206326.46,C1000048,206326.46,0.0,M3525682,0,0,1,2026-01-08T12:36:45.916629,balance_drain
TXN-00010925,204,TRANSFER,6331.2,C1000088,0.0,0.0,M9675190,0,0,0,2026-01-08T12:36:45.916700,
TXN-00010926,204,TRANSFER,3374.3,C1000023,24108.97,20734.67,M3227053,0,0,0,2026-01-08T12:36:45.916780,
TXN-00010927,204,PAYMENT,8784.44,C1000031,3056.58,0.0,M3966510,0,0,0,2026-01-08T12:36:45.916855,
TXN-00010928,204,PAYMENT,97.33,C1000022,17913.09,17815.75,M9326369,0,0,0,2026-01-08T12:36:45.916932,
TXN-00010929,204,CASH_OUT,24440.73,C1000037,0.0,0.0,M4574998,0,0,0,2026-01-08T12:36:45.917005,
TXN-00010930,204,CASH_OUT,2568.15,C1000069,49947.95,47379.81,M5026241,0,0,0,2026-01-08T12:36:45.917069,
TXN-00010931,204,PAYMENT,3347.74,C1000028,0.0,0.0,M1725720,0,0,0,2026-01-08T12:36:45.917129,
TXN-00010932,204,TRANSFER,832.68,C1000001,75427.94,74595.26,M3705702,0,0,0,2026-01-08T12:36:45.917187,
TXN-00010933,204,PAYMENT,10.0,C1000034,75214.55,75204.55,M5942612,0,0,0,2026-01-08T12:36:45.917249,
TXN-00010934,204,TRANSFER,2697.49,C1000062,0.0,0.0,M5047734,0,0,0,2026-01-08T12:36:45.917313,
TXN-00010935,204,TRANSFER,2564.97,C1000038,0.0,0.0,M3292871,0,0,0,2026-01-08T12:36:45.917379,
TXN-00010936,204,TRANSFER,10.0,C1000042,0.0,0.0,M6234835,0,0,0,2026-01-08T12:36:45.917441,
TXN-00010937,204,CASH_OUT,4059.78,C1000003,0.0,0.0,M2845814,0,0,0,2026-01-08T12:36:45.917506,
TXN-00010938,204,TRANSFER,13045.73,C1000047,0.0,0.0,M8807373,0,0,0,2026-01-08T12:36:45.917666,
TXN-00010939,204,PAYMENT,39767.9,C1000012,0.0,0.0,M2383733,0,0,0,2026-01-08T12:36:45.918233,
TXN-00010940,204,PAYMENT,18362.43,C1000035,0.0,0.0,M2651293,0,0,0,2026-01-08T12:36:45.918532,
TXN-00010941,204,PAYMENT,10.0,C1000021,0.0,0.0,M7257242,0,0,0,2026-01-08T12:36:45.918742,
TXN-00010942,204,PAYMENT,55144.06,C1000000,0.0,0.0,M4260121,0,0,0,2026-01-08T12:36:45.918864,
TXN-00010943,204,CASH_OUT,24630.8,C1000037,0.0,0.0,M3972826,0,0,0,2026-01-08T12:36:45.918958,
TXN-00010944,204,DEBIT,2508.7,C1000096,240042.64,237533.94,M2796949,0,0,0,2026-01-08T12:36:45.919032,
TXN-00010945,204,DEBIT,18833.05,C1000024,3103.97,0.0,M7053442,0,0,0,2026-01-08T12:36:45.919102,
TXN-00010946,204,DEBIT,26632.95,C1000056,0.0,0.0,M2541409,0,0,0,2026-01-08T12:36:45.919174,
TXN-00010947,204,PAYMENT,2037.12,C1000097,0.0,0.0,M9003648,0,0,0,2026-01-08T12:36:45.919277,
TXN-00010948,204,DEBIT,6614.32,C1000013,0.0,0.0,M7343098,0,0,0,2026-01-08T12:36:45.919430,
TXN-00010949,204,PAYMENT,7034.6,C1000058,0.0,0.0,M3840924,0,0,0,2026-01-08T12:36:45.919498,
TXN-00010950,204,CASH_OUT,3173.95,C1000091,0.0,0.0,M4561444,0,0,0,2026-01-08T12:36:45.919678,
TXN-00010951,204,DEBIT,10.0,C1000060,56382.88,56372.88,M5940293,0,0,0,2026-01-08T12:36:45.919795,
TXN-00010952,204,PAYMENT,10.0,C1000002,269129.95,269119.95,M7541752,0,0,0,2026-01-08T12:36:45.919904,
TXN-00010953,204,PAYMENT,1746.89,C1000069,47379.81,45632.92,M4125069,0,0,0,2026-01-08T12:36:45.919987,
TXN-00010954,204,PAYMENT,7084.88,C1000011,0.0,0.0,M3866300,0,0,0,2026-01-08T12:36:45.920037,
TXN-00010955,204,CASH_OUT,41529.58,C1000012,0.0,0.0,M4184778,0,0,0,2026-01-08T12:36:45.920077,
TXN-00010956,204,PAYMENT,23870.38,C1000037,0.0,0.0,M2012814,0,0,0,2026-01-08T12:36:45.920119,
TXN-00010957,204,DEBIT,37737.56,C1000012,0.0,0.0,M2753853,0,0,0,2026-01-08T12:36:45.920157,
TXN-00010958,204,PAYMENT,6209.05,C1000059,0.0,0.0,M2619580,0,0,0,2026-01-08T12:36:45.920195,
TXN-00010959,204,PAYMENT,173165.48,C1000050,0.0,0.0,M2197594,0,0,0,2026-01-08T12:36:45.920232,
TXN-00010960,204,CASH_OUT,9627.1,C1000031,0.0,0.0,M6325868,0,0,0,2026-01-08T12:36:45.920273,
TXN-00010961,204,PAYMENT,10.0,C1000041,235706.52,235696.52,M2689660,0,0,0,2026-01-08T12:36:45.920313,
TXN-00010962,204,PAYMENT,55068.32,C1000000,0.0,0.0,M2838938,0,0,0,2026-01-08T12:36:45.920353,
TXN-00010963,204,PAYMENT,10.0,C1000038,0.0,0.0,M3804682,0,0,0,2026-01-08T12:36:45.920390,
TXN-00010964,204,DEBIT,382.49,C1000077,82967.6,82585.11,M1642381,0,0,0,2026-01-08T12:36:45.920428,
TXN-00010965,204,TRANSFER,8503.11,C1000080,0.0,0.0,M4115344,0,0,0,2026-01-08T12:36:45.920477,
TXN-00010966,204,CASH_OUT,10212.38,C1000092,0.0,0.0,M6486443,0,0,0,2026-01-08T12:36:45.920527,
TXN-00010967,204,PAYMENT,10.0,C1000033,7452.98,7442.98,M6740899,0,0,0,2026-01-08T12:36:45.920566,
TXN-00010968,204,TRANSFER,4860.59,C1000091,0.0,0.0,M9810914,0,0,0,2026-01-08T12:36:45.920605,
TXN-00010969,204,PAYMENT,2748.9,C1000044,0.0,0.0,M4263295,0,0,0,2026-01-08T12:36:45.920642,
TXN-00010970,204,TRANSFER,7522.32,C1000099,0.0,0.0,M3435879,0,0,0,2026-01-08T12:36:45.920680,
TXN-00010971,204,TRANSFER,10.0,C1000064,0.0,0.0,M4478432,0,0,0,2026-01-08T12:36:45.920718,
TXN-00010972,204,TRANSFER,10.0,C1000048,206326.46,206316.46,M4007897,0,0,0,2026-01-08T12:36:45.920755,
TXN-00010973,204,TRANSFER,1880.24,C1000018,144853.87,142973.63,M4558517,0,0,0,2026-01-08T12:36:45.920800,
TXN-00010974,215,TRANSFER,193492.23,C1000083,193492.23,0.0,M5325705,0,0,1,2026-01-08T12:36:45.920827,balance_drain
TXN-00010975,206,CASH_OUT,167352.34,C1000006,167352.34,0.0,M7272775,0,0,1,2026-01-08T12:36:45.920851,balance_drain
TXN-00010976,204,PAYMENT,12392.61,C1000015,0.0,0.0,M3482735,0,0,0,2026-01-08T12:36:45.920892,
TXN-00010977,205,CASH_OUT,0.0,C1000067,0.0,0.0,M6958779,0,0,1,2026-01-08T12:36:45.920911,balance_drain
TXN-00010978,204,PAYMENT,2060.55,C1000017,64971.61,62911.06,M4180331,0,0,0,2026-01-08T12:36:45.920948,
TXN-00010979,204,TRANSFER,8788.7,C1000039,0.0,0.0,M4370773,0,0,0,2026-01-08T12:36:45.920987,
TXN-00010980,204,TRANSFER,2130.78,C1000044,0.0,0.0,M9035084,0,0,0,2026-01-08T12:36:45.921043,
TXN-00010981,204,PAYMENT,24844.72,C1000037,0.0,0.0,M2624378,0,0,0,2026-01-08T12:36:45.921091,
TXN-00010982,204,PAYMENT,1087.31,C1000085,2161.33,1074.02,M1798969,0,0,0,2026-01-08T12:36:45.921130,
TXN-00010983,195,CASH_OUT,162301.2,C1000016,162301.2,0.0,M4413494,0,0,1,2026-01-08T12:36:45.921150,balance_drain
TXN-00010984,204,CASH_OUT,1490.16,C1000001,74595.26,73105.09,M6322282,0,0,0,2026-01-08T12:36:45.921188,
TXN-00010985,204,PAYMENT,13333.49,C1000095,0.0,0.0,M7987039,0,0,0,2026-01-08T12:36:45.921227,
TXN-00010986,204,PAYMENT,18894.18,C1000079,18903.44,9.26,M2045512,0,0,0,2026-01-08T12:36:45.921267,
TXN-00010987,204,PAYMENT,1498.5,C1000016,162301.2,160802.7,M1464095,0,0,0,2026-01-08T12:36:45.921305,
TXN-00010988,204,PAYMENT,9842.78,C1000074,0.0,0.0,M5478652,0,0,0,2026-01-08T12:36:45.921351,
TXN-00010989,204,TRANSFER,10.0,C1000033,7442.98,7432.98,M7313745,0,0,0,2026-01-08T12:36:45.921394,
TXN-00010990,204,TRANSFER,6904.2,C1000088,0.0,0.0,M1000003,0,0,0,2026-01-08T12:36:45.921432,
TXN-00010991,204,PAYMENT,19174.73,C1000024,0.0,0.0,M2849649,0,0,0,2026-01-08T12:36:45.921471,
TXN-00010992,204,TRANSFER,1459.56,C1000090,242840.96,241381.39,M6146362,0,0,0,2026-01-08T12:36:45.921508,
TXN-00010993,204,CASH_OUT,9321.23,C1000054,0.0,0.0,M5605909,0,0,0,2026-01-08T12:36:45.921545,
TXN-00010994,204,CASH_OUT,167164.3,C1000064,0.0,0.0,M2364158,0,0,0,2026-01-08T12:36:45.921582,
TXN-00010995,204,PAYMENT,27041.56,C1000056,0.0,0.0,M7695629,0,0,0,2026-01-08T12:36:45.921619,
TXN-00010996,204,TRANSFER,6092.66,C1000046,0.0,0.0,M3311471,0,0,0,2026-01-08T12:36:45.921656,
TXN-00010997,204,DEBIT,1100.58,C1000083,193492.23,192391.65,M4966980,0,0,0,2026-01-08T12:36:45.921693,
TXN-00010998,204,TRANSFER,2912.79,C1000084,73922.8,71010.02,M5943464,0,0,0,2026-01-08T12:36:45.921731,
TXN-00010999,204,PAYMENT,16409.54,C1000095,0.0,0.0,M8877006,0,0,0,2026-01-08T12:36:45.921768,
TXN-00011000,204,CASH_OUT,551.51,C1000029,0.0,0.0,M7682872,0,0,0,2026-01-08T12:36:45.921805,
TXN-00011001,204,CASH_OUT,1104.42,C1000001,73105.09,72000.67,M8303775,0,0,0,2026-01-08T12:36:45.921842,
TXN-00011002,204,CASH_OUT,7242.03,C1000011,0.0,0.0,M8565520,0,0,0,2026-01-08T12:36:45.921880,
TXN-00011003,204,PAYMENT,40328.53,C1000012,0.0,0.0,M4387962,0,0,0,2026-01-08T12:36:45.921917,
TXN-00011004,204,PAYMENT,3910.13,C1000025,0.0,0.0,M8964004,0,0,0,2026-01-08T12:36:45.921954,
TXN-00011005,204,PAYMENT,2576.63,C1000043,0.0,0.0,M5754094,0,0,0,2026-01-08T12:36:45.921990,
TXN-00011006,204,TRANSFER,10.0,C1000021,0.0,0.0,M9228070,0,0,0,2026-01-08T12:36:45.922047,
TXN-00011007,204,PAYMENT,8682.93,C1000031,0.0,0.0,M1874393,0,0,0,2026-01-08T12:36:45.922084,
TXN-00011008,197,CASH_OUT,0.0,C1000013,0.0,0.0,M6366048,0,0,1,2026-01-08T12:36:45.922103,balance_drain
TXN-00011009,204,PAYMENT,11041.22,C1000031,0.0,0.0,M6836688,0,0,0,2026-01-08T12:36:45.922139,
TXN-00011010,204,TRANSFER,7491.47,C1000036,0.0,0.0,M4476651,0,0,0,2026-01-08T12:36:45.922176,
TXN-00011011,204,CASH_OUT,1094.84,C1000083,192391.65,191296.81,M7162439,0,0,0,2026-01-08T12:36:45.922214,
TXN-00011012,204,PAYMENT,4065.85,C1000096,237533.94,233468.09,M3079737,0,0,0,2026-01-08T12:36:45.922251,
TXN-00011013,204,PAYMENT,2299.56,C1000038,0.0,0.0,M5078397,0,0,0,2026-01-08T12:36:45.922288,
TXN-00011014,204,DEBIT,10.0,C1000002,269119.95,269109.95,M4407864,0,0,0,2026-01-08T12:36:45.922325,
TXN-00011015,204,PAYMENT,8099.26,C1000049,0.0,0.0,M1666921,0,0,0,2026-01-08T12:36:45.922362,
TXN-00011016,204,CASH_IN,1860.9,C1000030,0.0,1860.9,M9164043,0,0,0,2026-01-08T12:36:45.922398,
TXN-00011017,212,TRANSFER,241381.39,C1000090,241381.39,0.0,M6907717,0,0,1,2026-01-08T12:36:45.922417,balance_drain
TXN-00011018,204,CASH_IN,8308.24,C1000031,0.0,8308.24,M6944406,0,0,0,2026-01-08T12:36:45.922458,
TXN-00011019,204,PAYMENT,264.71,C1000029,0.0,0.0,M1513745,0,0,0,2026-01-08T12:36:45.922495,
TXN-00011020,204,PAYMENT,1805.31,C1000091,0.0,0.0,M1654506,0,0,0,2026-01-08T12:36:45.922532,
TXN-00011021,204,PAYMENT,7629.95,C1000091,0.0,0.0,M1196391,0,0,0,2026-01-08T12:36:45.922568,
TXN-00011022,204,PAYMENT,10.0,C1000014,207970.07,207960.07,M7071368,0,0,0,2026-01-08T12:36:45.922604,
TXN-00011023,204,PAYMENT,1739.49,C1000086,136444.92,134705.42,M7527603,0,0,0,2026-01-08T12:36:45.922641,
TXN-00011024,204,DEBIT,4323.88,C1000085,1074.02,0.0,M9003070,0,0,0,2026-01-08T12:36:45.922678,
TXN-00011025,204,CASH_OUT,285.98,C1000004,214108.97,213822.98,M4208946,0,0,0,2026-01-08T12:36:45.922715,
TXN-00011026,204,PAYMENT,10.0,C1000098,223723.94,223713.94,M6901382,0,0,0,2026-01-08T12:36:45.922752,
TXN-00011027,204,TRANSFER,3169.11,C1000087,166540.29,163371.18,M8701795,0,0,0,2026-01-08T12:36:45.922788,
TXN-00011028,204,PAYMENT,2658.06,C1000071,170178.24,167520.17,M6197991,0,0,0,2026-01-08T12:36:45.922826,
TXN-00011029,204,TRANSFER,19748.01,C1000035,0.0,0.0,M2806175,0,0,0,2026-01-08T12:36:45.922862,
TXN-00011030,197,CASH_OUT,0.0,C1000093,0.0,0.0,M5010171,0,0,1,2026-01-08T12:36:45.922881,balance_drain
TXN-00011031,204,CASH_OUT,6446.28,C1000014,207960.07,201513.79,M6077195,0,0,0,2026-01-08T12:36:45.922917,
TXN-00011032,204,TRANSFER,10.0,C1000042,0.0,0.0,M5058938,0,0,0,2026-01-08T12:36:45.922954,
TXN-00011033,204,TRANSFER,33938.91,C1000073,0.0,0.0,M6662606,0,0,0,2026-01-08T12:36:45.922989,
TXN-00011034,204,CASH_OUT,7813.87,C1000042,0.0,0.0,M8460427,0,0,0,2026-01-08T12:36:45.923041,
TXN-00011035,204,CASH_OUT,1497.35,C1000096,233468.09,231970.74,M4006419,0,0,0,2026-01-08T12:36:45.923080,
TXN-00011036,204,CASH_OUT,8049.31,C1000099,0.0,0.0,M7912775,0,0,0,2026-01-08T12:36:45.923118,
TXN-00011037,204,DEBIT,10016.59,C1000092,0.0,0.0,M7569419,0,0,0,2026-01-08T12:36:45.923155,
TXN-00011038,204,DEBIT,10.0,C1000057,8328.9,8318.9,M2231232,0,0,0,2026-01-08T12:36:45.923201,
TXN-00011039,215,CASH_OUT,169140.93,C1000051,169140.93,0.0,M3274258,0,0,1,2026-01-08T12:36:45.923228,balance_drain
TXN-00011040,204,PAYMENT,4275.03,C1000058,0.0,0.0,M1443295,0,0,0,2026-01-08T12:36:45.923283,
TXN-00011041,204,PAYMENT,2047.45,C1000072,0.0,0.0,M9557328,0,0,0,2026-01-08T12:36:45.923331,
TXN-00011042,204,PAYMENT,175.12,C1000001,72000.67,71825.55,M3141804,0,0,0,2026-01-08T12:36:45.923369,
TXN-00011043,204,PAYMENT,4762.24,C1000058,0.0,0.0,M5371423,0,0,0,2026-01-08T12:36:45.923407,
TXN-00011044,204,TRANSFER,528.32,C1000004,213822.98,213294.66,M4896796,0,0,0,2026-01-08T12:36:45.923443,
TXN-00011045,194,CASH_OUT,237861.72,C1000061,237861.72,0.0,M9962283,0,0,1,2026-01-08T12:36:45.923464,balance_drain
TXN-00011046,204,CASH_OUT,20198.3,C1000095,0.0,0.0,M8175552,0,0,0,2026-01-08T12:36:45.923501,
TXN-00011047,204,CASH_OUT,928.09,C1000083,191296.81,190368.72,M3366767,0,0,0,2026-01-08T12:36:45.923539,
TXN-00011048,204,PAYMENT,734.02,C1000023,20734.67,20000.65,M6708534,0,0,0,2026-01-08T12:36:45.923577,
TXN-00011049,204,PAYMENT,11315.42,C1000015,0.0,0.0,M1216391,0,0,0,2026-01-08T12:36:45.923615,
TXN-00011050,200,CASH_OUT,0.0,C1000095,0.0,0.0,M9832924,0,0,1,2026-01-08T12:36:45.923634,balance_drain
TXN-00011051,204,CASH_IN,1345.12,C1000006,167352.34,168697.46,M8250345,0,0,0,2026-01-08T12:36:45.923669,
TXN-00011052,204,PAYMENT,10.0,C1000029,0.0,0.0,M7784712,0,0,0,2026-01-08T12:36:45.923706,
TXN-00011053,204,CASH_OUT,1770.54,C1000090,241381.39,239610.85,M4841287,0,0,0,2026-01-08T12:36:45.923742,
TXN-00011054,204,TRANSFER,6123.49,C1000025,0.0,0.0,M2942564,0,0,0,2026-01-08T12:36:45.923779,
TXN-00011055,204,PAYMENT,20098.2,C1000019,0.0,0.0,M7560858,0,0,0,2026-01-08T12:36:45.923815,
TXN-00011056,215,TRANSFER,201513.79,C1000014,201513.79,0.0,M5541915,0,0,1,2026-01-08T12:36:45.923834,balance_drain
TXN-00011057,204,CASH_OUT,6552.01,C1000003,0.0,0.0,M5422916,0,0,0,2026-01-08T12:36:45.923871,
TXN-00011058,204,CASH_OUT,8456.74,C1000039,0.0,0.0,M9031718,0,0,0,2026-01-08T12:36:45.923907,
TXN-00011059,204,TRANSFER,7664.55,C1000099,0.0,0.0,M7808436,0,0,0,2026-01-08T12:36:45.923944,
TXN-00011060,204,PAYMENT,2897.92,C1000089,146240.16,143342.24,M6122263,0,0,0,2026-01-08T12:36:45.923980,
TXN-00011061,204,CASH_OUT,1147.22,C1000018,142973.63,141826.41,M2696868,0,0,0,2026-01-08T12:36:45.924020,
TXN-00011062,204,TRANSFER,8543.31,C1000039,0.0,0.0,M8090843,0,0,0,2026-01-08T12:36:45.924056,
TXN-00011063,204,PAYMENT,2276.86,C1000085,0.0,0.0,M7023989,0,0,0,2026-01-08T12:36:45.924093,
TXN-00011064,204,CASH_IN,2375.95,C1000020,300534.66,302910.61,M9407564,0,0,0,2026-01-08T12:36:45.924129,
TXN-00011065,204,PAYMENT,20019.84,C1000019,0.0,0.0,M7903053,0,0,0,2026-01-08T12:36:45.924167,
TXN-00011066,204,TRANSFER,7569.84,C1000099,0.0,0.0,M6606600,0,0,0,2026-01-08T12:36:45.924203,
TXN-00011067,194,TRANSFER,8318.9,C1000057,8318.9,0.0,M4721213,0,0,1,2026-01-08T12:36:45.924222,balance_drain
TXN-00011068,204,PAYMENT,400.68,C1000071,167520.17,167119.49,M2311784,0,0,0,2026-01-08T12:36:45.924258,
TXN-00011069,204,DEBIT,10.0,C1000057,8318.9,8308.9,M7160915,0,0,0,2026-01-08T12:36:45.924295,
TXN-00011070,204,PAYMENT,10.0,C1000064,0.0,0.0,M5350183,0,0,0,2026-01-08T12:36:45.924332,
TXN-00011071,204,TRANSFER,4187.24,C1000087,163371.18,159183.94,M1686137,0,0,0,2026-01-08T12:36:45.924368,
TXN-00011072,204,PAYMENT,1773.1,C1000090,239610.85,237837.76,M1436963,0,0,0,2026-01-08T12:36:45.924405,
TXN-00011073,204,CASH_IN,11238.99,C1000015,0.0,11238.99,M8121836,0,0,0,2026-01-08T12:36:45.924441,
TXN-00011074,204,TRANSFER,5431.13,C1000062,0.0,0.0,M7545273,0,0,0,2026-01-08T12:36:45.924478,
TXN-00011075,204,PAYMENT,173056.29,C1000050,0.0,0.0,M6436359,0,0,0,2026-01-08T12:36:45.924514,
TXN-00011076,204,PAYMENT,2886.92,C1000062,0.0,0.0,M2760653,0,0,0,2026-01-08T12:36:45.924550,
TXN-00011077,204,TRANSFER,1889.09,C1000061,237861.72,235972.64,M6319658,0,0,0,2026-01-08T12:36:45.924587,
TXN-00011078,204,PAYMENT,7415.05,C1000058,0.0,0.0,M2729026,0,0,0,2026-01-08T12:36:45.924623,
TXN-00011079,204,PAYMENT,874.82,C1000094,183176.02,182301.2,M3578046,0,0,0,2026-01-08T12:36:45.924659,
TXN-00011080,204,TRANSFER,2003.2,C1000017,62911.06,60907.86,M9051919,0,0,0,2026-01-08T12:36:45.924696,
TXN-00011081,204,CASH_IN,10.0,C1000051,169140.93,169150.93,M6689969,0,0,0,2026-01-08T12:36:45.924733,
TXN-00011082,204,CASH_OUT,5941.88,C1000062,0.0,0.0,M7794047,0,0,0,2026-01-08T12:36:45.924770,
TXN-00011083,204,TRANSFER,6336.3,C1000052,0.0,0.0,M2279991,0,0,0,2026-01-08T12:36:45.924805,
TXN-00011084,194,CASH_OUT,0.0,C1000088,0.0,0.0,M4621888,0,0,1,2026-01-08T12:36:45.924824,balance_drain
TXN-00011085,204,PAYMENT,1871.42,C1000069,45632.92,43761.5,M6068980,0,0,0,2026-01-08T12:36:45.924860,
TXN-00011086,204,TRANSFER,9767.63,C1000074,0.0,0.0,M4453271,0,0,0,2026-01-08T12:36:45.924897,
TXN-00011087,204,PAYMENT,1278.78,C1000072,0.0,0.0,M9896360,0,0,0,2026-01-08T12:36:45.924933,
TXN-00011088,204,PAYMENT,2128.56,C1000016,160802.7,158674.14,M8707675,0,0,0,2026-01-08T12:36:45.924969,
TXN-00011089,204,PAYMENT,49877.32,C1000053,0.0,0.0,M5014384,0,0,0,2026-01-08T12:36:45.925013,
TXN-00011090,204,CASH_IN,4829.94,C1000091,0.0,4829.94,M1552118,0,0,0,2026-01-08T12:36:45.925061,
TXN-00011091,204,CASH_OUT,1548.67,C1000029,0.0,0.0,M2000022,0,0,0,2026-01-08T12:36:45.925099,
TXN-00011092,204,DEBIT,1764.66,C1000026,163892.91,162128.24,M7291206,0,0,0,2026-01-08T12:36:45.925135,
TXN-00011093,204,CASH_OUT,10.0,C1000082,0.0,0.0,M7642921,0,0,0,2026-01-08T12:36:45.925172,
TXN-00011094,204,CASH_OUT,8418.43,C1000039,0.0,0.0,M4550837,0,0,0,2026-01-08T12:36:45.925207,
TXN-00011095,204,TRANSFER,4395.16,C1000027,4173.63,0.0,M2625928,0,0,0,2026-01-08T12:36:45.925244,
TXN-00011096,204,PAYMENT,1140.7,C1000044,0.0,0.0,M8873938,0,0,0,2026-01-08T12:36:45.925281,
TXN-00011097,204,CASH_OUT,280.4,C1000029,0.0,0.0,M4517371,0,0,0,2026-01-08T12:36:45.925317,
TXN-00011098,204,TRANSFER,10.0,C1000007,47306.72,47296.72,M2856125,0,0,0,2026-01-08T12:36:45.925354,
TXN-00011099,204,CASH_OUT,19958.49,C1000024,0.0,0.0,M5053970,0,0,0,2026-01-08T12:36:45.925391,
TXN-00011100,204,DEBIT,10.0,C1000051,169150.93,169140.93,M2391821,0,0,0,2026-01-08T12:36:45.925428,
TXN-00011101,204,CASH_OUT,1205.01,C1000008,210254.06,209049.05,M7556075,0,0,0,2026-01-08T12:36:45.925470,
TXN-00011102,204,CASH_OUT,1497.44,C1000007,47296.72,45799.28,M2996092,0,0,0,2026-01-08T12:36:45.925506,
TXN-00011103,204,CASH_OUT,5114.34,C1000025,0.0,0.0,M4188966,0,0,0,2026-01-08T12:36:45.925543,
TXN-00011104,204,PAYMENT,2750.57,C1000051,169140.93,166390.36,M9762980,0,0,0,2026-01-08T12:36:45.925580,
TXN-00011105,204,PAYMENT,493.7,C1000071,167119.49,166625.79,M5744748,0,0,0,2026-01-08T12:36:45.925617,
TXN-00011106,204,CASH_OUT,732.7,C1000034,75204.55,74471.85,M2505201,0,0,0,2026-01-08T12:36:45.925654,
TXN-00011107,204,PAYMENT,5647.15,C1000091,4829.94,0.0,M7033790,0,0,0,2026-01-08T12:36:45.925693,
TXN-00011108,204,TRANSFER,940.39,C1000040,0.0,0.0,M1858501,0,0,0,2026-01-08T12:36:45.925731,
TXN-00011109,204,CASH_OUT,1011.04,C1000007,45799.28,44788.25,M7541862,0,0,0,2026-01-08T12:36:45.926267,
TXN-00011110,204,CASH_OUT,1203.0,C1000071,166625.79,165422.79,M8415328,0,0,0,2026-01-08T12:36:45.926586,
TXN-00011111,204,TRANSFER,205.48,C1000071,165422.79,165217.31,M2195407,0,0,0,2026-01-08T12:36:45.926715,
TXN-00011112,204,CASH_OUT,4197.15,C1000006,168697.46,164500.3,M1788922,0,0,0,2026-01-08T12:36:45.926793,
TXN-00011113,204,TRANSFER,3412.75,C1000038,0.0,0.0,M7276366,0,0,0,2026-01-08T12:36:45.926862,
TXN-00011114,204,CASH_IN,35054.28,C1000073,0.0,35054.28,M7449713,0,0,0,2026-01-08T12:36:45.926935,
TXN-00011115,204,TRANSFER,18891.95,C1000042,0.0,0.0,M6533531,0,0,0,2026-01-08T12:36:45.927025,
TXN-00011116,204,PAYMENT,37830.22,C1000012,0.0,0.0,M7199301,0,0,0,2026-01-08T12:36:45.927089,
TXN-00011117,204,CASH_OUT,3747.94,C1000097,0.0,0.0,M4342041,0,0,0,2026-01-08T12:36:45.927261,
TXN-00011118,204,PAYMENT,2390.12,C1000051,166390.36,164000.24,M4765127,0,0,0,2026-01-08T12:36:45.927346,
TXN-00011119,204,PAYMENT,323.32,C1000008,209049.05,208725.73,M7240467,0,0,0,2026-01-08T12:36:45.927425,
TXN-00011120,204,TRANSFER,1378.3,C1000007,44788.25,43409.95,M8493547,0,0,0,2026-01-08T12:36:45.927501,
TXN-00011121,204,CASH_OUT,195.56,C1000085,0.0,0.0,M7731749,0,0,0,2026-01-08T12:36:45.927580,
TXN-00011122,204,PAYMENT,10.0,C1000009,133259.69,133249.69,M8450081,0,0,0,2026-01-08T12:36:45.927651,
TXN-00011123,204,DEBIT,5017.28,C1000065,0.0,0.0,M3955140,0,0,0,2026-01-08T12:36:45.927730,
TXN-00011124,204,DEBIT,4974.1,C1000032,0.0,0.0,M1277132,0,0,0,2026-01-08T12:36:45.927804,
TXN-00011125,204,PAYMENT,1148.64,C1000004,213294.66,212146.03,M8580642,0,0,0,2026-01-08T12:36:45.927874,
TXN-00011126,204,CASH_OUT,0.0,C1000067,0.0,0.0,M4414312,0,0,1,2026-01-08T12:36:45.927920,balance_drain
TXN-00011127,204,CASH_OUT,26973.94,C1000056,0.0,0.0,M6971429,0,0,0,2026-01-08T12:36:45.928003,
TXN-00011128,204,PAYMENT,164.57,C1000021,0.0,0.0,M9837832,0,0,0,2026-01-08T12:36:45.928197,
TXN-00011129,204,PAYMENT,887.04,C1000055,179319.18,178432.14,M6900811,0,0,0,2026-01-08T12:36:45.928478,
TXN-00011130,204,PAYMENT,12291.58,C1000013,0.0,0.0,M4152302,0,0,0,2026-01-08T12:36:45.928562,
TXN-00011131,204,CASH_OUT,6448.24,C1000046,0.0,0.0,M5831407,0,0,0,2026-01-08T12:36:45.928641,
TXN-00011132,204,PAYMENT,3086.15,C1000028,0.0,0.0,M1287078,0,0,0,2026-01-08T12:36:45.928690,
TXN-00011133,204,TRANSFER,4315.88,C1000096,231970.74,227654.86,M3279195,0,0,0,2026-01-08T12:36:45.928730,
TXN-00011134,204,TRANSFER,10.0,C1000014,201513.79,201503.79,M6685995,0,0,0,2026-01-08T12:36:45.928771,
TXN-00011135,204,TRANSFER,2341.69,C1000016,158674.14,156332.45,M8654268,0,0,0,2026-01-08T12:36:45.928811,
TXN-00011136,204,PAYMENT,1120.86,C1000094,182301.2,181180.34,M8267851,0,0,0,2026-01-08T12:36:45.928851,
TXN-00011137,204,PAYMENT,13972.0,C1000063,0.0,0.0,M3016408,0,0,0,2026-01-08T12:36:45.928890,
TXN-00011138,204,TRANSFER,1813.02,C1000028,0.0,0.0,M4132858,0,0,0,2026-01-08T12:36:45.928927,
TXN-00011139,204,TRANSFER,35963.91,C1000073,35054.28,0.0,M4065606,0,0,0,2026-01-08T12:36:45.928965,
TXN-00011140,204,CASH_OUT,0.0,C1000073,0.0,0.0,M1367055,0,0,1,2026-01-08T12:36:45.928991,balance_drain
TXN-00011141,195,TRANSFER,181180.34,C1000094,181180.34,0.0,M5628335,0,0,1,2026-01-08T12:36:45.929010,balance_drain
TXN-00011142,204,DEBIT,1616.69,C1000086,134705.42,133088.73,M6598266,0,0,0,2026-01-08T12:36:45.929049,
TXN-00011143,204,DEBIT,5088.79,C1000003,0.0,0.0,M4376746,0,0,0,2026-01-08T12:36:45.929089,
TXN-00011144,204,PAYMENT,20166.85,C1000019,0.0,0.0,M1936976,0,0,0,2026-01-08T12:36:45.929128,
TXN-00011145,204,CASH_OUT,1866.02,C1000071,165217.31,163351.29,M1289723,0,0,0,2026-01-08T12:36:45.929167,
TXN-00011146,204,CASH_OUT,1625.7,C1000086,133088.73,131463.03,M2046130,0,0,0,2026-01-08T12:36:45.929206,
TXN-00011147,210,TRANSFER,20000.65,C1000023,20000.65,0.0,M5914110,0,0,1,2026-01-08T12:36:45.929227,balance_drain
TXN-00011148,204,PAYMENT,5222.84,C1000033,7432.98,2210.14,M9058326,0,0,0,2026-01-08T12:36:45.929266,
TXN-00011149,204,PAYMENT,858.52,C1000038,0.0,0.0,M6283944,0,0,0,2026-01-08T12:36:45.929306,
TXN-00011150,204,CASH_OUT,1246.82,C1000085,0.0,0.0,M3352414,0,0,0,2026-01-08T12:36:45.929344,
TXN-00011151,204,TRANSFER,4641.77,C1000098,223713.94,219072.16,M9996511,0,0,0,2026-01-08T12:36:45.929389,
TXN-00011152,198,TRANSFER,0.0,C1000074,0.0,0.0,M6668168,0,0,1,2026-01-08T12:36:45.929416,balance_drain
TXN-00011153,204,CASH_OUT,2186.92,C1000084,71010.02,68823.09,M1184486,0,0,0,2026-01-08T12:36:45.929458,
TXN-00011154,204,DEBIT,683.62,C1000038,0.0,0.0,M1374257,0,0,0,2026-01-08T12:36:45.929498,
TXN-00011155,204,PAYMENT,47724.67,C1000053,0.0,0.0,M9288026,0,0,0,2026-01-08T12:36:45.929536,
TXN-00011156,204,PAYMENT,30790.68,C1000067,0.0,0.0,M3989033,0,0,0,2026-01-08T12:36:45.929573,
TXN-00011157,204,CASH_OUT,269109.95,C1000002,269109.95,0.0,M5745115,0,0,1,2026-01-08T12:36:45.929592,balance_drain
TXN-00011158,204,PAYMENT,543.67,C1000016,156332.45,155788.79,M9128843,0,0,0,2026-01-08T12:36:45.929630,
TXN-00011159,204,PAYMENT,27192.97,C1000095,0.0,0.0,M8690012,0,0,0,2026-01-08T12:36:45.929669,
TXN-00011160,204,TRANSFER,10.0,C1000001,71825.55,71815.55,M3689652,0,0,0,2026-01-08T12:36:45.929706,
TXN-00011161,204,PAYMENT,10.0,C1000034,74471.85,74461.85,M8412871,0,0,0,2026-01-08T12:36:45.929744,
TXN-00011162,204,PAYMENT,2439.56,C1000008,208725.73,206286.17,M7609274,0,0,0,2026-01-08T12:36:45.929782,
TXN-00011163,204,PAYMENT,1557.68,C1000070,1670.73,113.06,M8751415,0,0,0,2026-01-08T12:36:45.929820,
TXN-00011164,204,PAYMENT,48328.16,C1000053,0.0,0.0,M1633222,0,0,0,2026-01-08T12:36:45.929858,
TXN-00011165,204,PAYMENT,10547.75,C1000015,11238.99,691.24,M8857278,0,0,0,2026-01-08T12:36:45.929896,
TXN-00011166,204,TRANSFER,1954.73,C1000084,68823.09,66868.37,M1983386,0,0,0,2026-01-08T12:36:45.929933,
TXN-00011167,199,CASH_OUT,0.0,C1000052,0.0,0.0,M5251169,0,0,1,2026-01-08T12:36:45.929953,balance_drain
TXN-00011168,204,CASH_IN,1057.57,C1000070,113.06,1170.63,M6184193,0,0,0,2026-01-08T12:36:45.929993,
TXN-00011169,204,PAYMENT,24874.63,C1000037,0.0,0.0,M5943034,0,0,0,2026-01-08T12:36:45.930048,
TXN-00011170,204,TRANSFER,1722.56,C1000020,302910.61,301188.05,M2881338,0,0,0,2026-01-08T12:36:45.930090,
TXN-00011171,204,TRANSFER,7009.75,C1000088,0.0,0.0,M8557093,0,0,0,2026-01-08T12:36:45.930129,
TXN-00011172,204,PAYMENT,17211.46,C1000076,0.0,0.0,M3937853,0,0,0,2026-01-08T12:36:45.930166,
TXN-00011173,194,TRANSFER,8308.24,C1000031,8308.24,0.0,M4877537,0,0,1,2026-01-08T12:36:45.930185,balance_drain
TXN-00011174,204,TRANSFER,943.67,C1000051,164000.24,163056.57,M8566776,0,0,0,2026-01-08T12:36:45.930222,
TXN-00011175,204,DEBIT,8485.84,C1000049,0.0,0.0,M7955407,0,0,0,2026-01-08T12:36:45.930260,
TXN-00011176,204,CASH_OUT,15133.74,C1000005,0.0,0.0,M7224848,0,0,0,2026-01-08T12:36:45.930296,
TXN-00011177,204,TRANSFER,970.28,C1000022,17815.75,16845.48,M3371487,0,0,0,2026-01-08T12:36:45.930333,
TXN-00011178,204,CASH_IN,3267.84,C1000044,0.0,3267.84,M1692075,0,0,0,2026-01-08T12:36:45.930371,
TXN-00011179,204,PAYMENT,126.28,C1000068,100198.82,100072.54,M5853481,0,0,0,2026-01-08T12:36:45.930408,
TXN-00011180,204,PAYMENT,3756.11,C1000062,0.0,0.0,M9897998,0,0,0,2026-01-08T12:36:45.930446,
TXN-00011181,204,TRANSFER,25132.4,C1000037,0.0,0.0,M5784183,0,0,0,2026-01-08T12:36:45.930485,
TXN-00011182,204,PAYMENT,195.02,C1000096,227654.86,227459.84,M4777169,0,0,0,2026-01-08T12:36:45.930522,
TXN-00011183,204,TRANSFER,1276.26,C1000081,84375.26,83099.0,M4932442,0,0,0,2026-01-08T12:36:45.930559,
TXN-00011184,204,CASH_OUT,373.79,C1000018,141826.41,141452.62,M9882744,0,0,0,2026-01-08T12:36:45.930596,
TXN-00011185,204,PAYMENT,821.74,C1000004,212146.03,211324.29,M7684238,0,0,0,2026-01-08T12:36:45.930634,
TXN-00011186,204,TRANSFER,1884.37,C1000086,131463.03,129578.66,M4040488,0,0,0,2026-01-08T12:36:45.930671,
TXN-00011187,206,CASH_OUT,0.0,C1000099,0.0,0.0,M8114034,0,0,1,2026-01-08T12:36:45.930690,balance_drain
TXN-00011188,214,CASH_OUT,3267.84,C1000044,3267.84,0.0,M4599579,0,0,1,2026-01-08T12:36:45.930706,balance_drain
TXN-00011189,204,DEBIT,25060.48,C1000037,0.0,0.0,M7024156,0,0,0,2026-01-08T12:36:45.930743,
TXN-00011190,204,CASH_OUT,10.0,C1000060,56372.88,56362.88,M1162241,0,0,0,2026-01-08T12:36:45.930782,
TXN-00011191,204,CASH_OUT,1587.1,C1000030,1860.9,273.8,M9648094,0,0,0,2026-01-08T12:36:45.930819,
TXN-00011192,204,PAYMENT,7669.79,C1000036,0.0,0.0,M3874329,0,0,0,2026-01-08T12:36:45.930857,
TXN-00011193,204,PAYMENT,1019.23,C1000070,1170.63,151.4,M2830541,0,0,0,2026-01-08T12:36:45.930895,
TXN-00011194,204,PAYMENT,140.81,C1000033,2210.14,2069.34,M8849343,0,0,0,2026-01-08T12:36:45.930932,
TXN-00011195,204,PAYMENT,43161.66,C1000012,0.0,0.0,M9900289,0,0,0,2026-01-08T12:36:45.930969,
TXN-00011196,204,TRANSFER,5716.43,C1000047,0.0,0.0,M1288577,0,0,0,2026-01-08T12:36:45.931021,
TXN-00011197,204,PAYMENT,728.71,C1000066,0.0,0.0,M4732880,0,0,0,2026-01-08T12:36:45.931062,
TXN-00011198,204,PAYMENT,280.94,C1000033,2069.34,1788.4,M3736533,0,0,0,2026-01-08T12:36:45.931100,
TXN-00011199,204,PAYMENT,8921.86,C1000039,0.0,0.0,M7994155,0,0,0,2026-01-08T12:36:45.931137,
TXN-00011200,204,TRANSFER,10.0,C1000040,0.0,0.0,M1635963,0,0,0,2026-01-08T12:36:45.931173,
TXN-00011201,204,CASH_OUT,1466.92,C1000029,0.0,0.0,M7640459,0,0,0,2026-01-08T12:36:45.931209,
TXN-00011202,204,PAYMENT,2121.5,C1000043,0.0,0.0,M5642563,0,0,0,2026-01-08T12:36:45.931246,
TXN-00011203,204,DEBIT,3543.58,C1000006,164500.3,160956.72,M6561646,0,0,0,2026-01-08T12:36:45.931283,
TXN-00011204,204,DEBIT,8509.3,C1000011,0.0,0.0,M3802932,0,0,0,2026-01-08T12:36:45.931320,
TXN-00011205,204,TRANSFER,509.0,C1000033,1788.4,1279.4,M8359605,0,0,0,2026-01-08T12:36:45.931358,
TXN-00011206,204,PAYMENT,849.31,C1000083,190368.72,189519.42,M2962636,0,0,0,2026-01-08T12:36:45.931396,
TXN-00011207,204,TRANSFER,17098.0,C1000035,0.0,0.0,M4234466,0,0,0,2026-01-08T12:36:45.931434,
TXN-00011208,204,DEBIT,1682.21,C1000028,0.0,0.0,M9592449,0,0,0,2026-01-08T12:36:45.931471,
TXN-00011209,194,CASH_OUT,16845.48,C1000022,16845.48,0.0,M6779232,0,0,1,2026-01-08T12:36:45.931491,balance_drain
TXN-00011210,204,PAYMENT,54711.94,C1000000,0.0,0.0,M5754380,0,0,0,2026-01-08T12:36:45.931530,
TXN-00011211,204,CASH_OUT,1523.41,C1000020,301188.05,299664.64,M2103186,0,0,0,2026-01-08T12:36:45.931569,
TXN-00011212,204,CASH_OUT,36616.5,C1000012,0.0,0.0,M8270000,0,0,0,2026-01-08T12:36:45.931607,
TXN-00011213,204,TRANSFER,7802.4,C1000099,0.0,0.0,M8907992,0,0,0,2026-01-08T12:36:45.931644,
TXN-00011214,204,CASH_OUT,19339.44,C1000093,0.0,0.0,M2498888,0,0,0,2026-01-08T12:36:45.931681,
TXN-00011215,204,TRANSFER,166.06,C1000009,133249.69,133083.64,M4778662,0,0,0,2026-01-08T12:36:45.931718,
TXN-00011216,204,TRANSFER,54246.99,C1000000,0.0,0.0,M4427064,0,0,0,2026-01-08T12:36:45.931756,
TXN-00011217,204,TRANSFER,10.0,C1000047,0.0,0.0,M8246803,0,0,0,2026-01-08T12:36:45.931792,
TXN-00011218,204,TRANSFER,1593.13,C1000026,162128.24,160535.11,M4529117,0,0,0,2026-01-08T12:36:45.931828,
TXN-00011219,204,PAYMENT,2584.28,C1000020,299664.64,297080.37,M6553010,0,0,0,2026-01-08T12:36:45.931865,
TXN-00011220,206,TRANSFER,0.0,C1000076,0.0,0.0,M7369540,0,0,1,2026-01-08T12:36:45.931884,balance_drain
TXN-00011221,204,PAYMENT,13198.78,C1000063,0.0,0.0,M8469279,0,0,0,2026-01-08T12:36:45.931924,
TXN-00011222,204,CASH_OUT,15527.16,C1000005,0.0,0.0,M3908449,0,0,0,2026-01-08T12:36:45.931961,
TXN-00011223,204,CASH_OUT,245.26,C1000060,56362.88,56117.62,M7220571,0,0,0,2026-01-08T12:36:45.932012,
TXN-00011224,194,TRANSFER,0.0,C1000005,0.0,0.0,M4681362,0,0,1,2026-01-08T12:36:45.932033,balance_drain
TXN-00011225,204,TRANSFER,4659.86,C1000032,0.0,0.0,M7960432,0,0,0,2026-01-08T12:36:45.932074,
TXN-00011226,204,PAYMENT,10.0,C1000082,0.0,0.0,M5313038,0,0,0,2026-01-08T12:36:45.932111,
TXN-00011227,204,PAYMENT,8715.09,C1000039,0.0,0.0,M4011154,0,0,0,2026-01-08T12:36:45.932147,
TXN-00011228,204,TRANSFER,10.0,C1000023,20000.65,19990.65,M8502766,0,0,0,2026-01-08T12:36:45.932184,
TXN-00011229,194,TRANSFER,219072.16,C1000098,219072.16,0.0,M6190258,0,0,1,2026-01-08T12:36:45.932203,balance_drain
TXN-00011230,204,PAYMENT,18781.1,C1000079,9.26,0.0,M5740706,0,0,0,2026-01-08T12:36:45.932243,
TXN-00011231,204,TRANSFER,2475.61,C1000044,3267.84,792.23,M1490830,0,0,0,2026-01-08T12:36:45.932281,
TXN-00011232,204,DEBIT,173650.77,C1000050,0.0,0.0,M2094355,0,0,0,2026-01-08T12:36:45.932319,
TXN-00011233,204,TRANSFER,7526.63,C1000036,0.0,0.0,M7091055,0,0,0,2026-01-08T12:36:45.932356,
TXN-00011234,204,DEBIT,12056.88,C1000095,0.0,0.0,M1917484,0,0,0,2026-01-08T12:36:45.932393,
TXN-00011235,204,DEBIT,33266.0,C1000073,0.0,0.0,M5646044,0,0,0,2026-01-08T12:36:45.932430,
TXN-00011236,204,CASH_OUT,1574.74,C1000044,792.23,0.0,M4692816,0,0,0,2026-01-08T12:36:45.932467,
TXN-00011237,204,TRANSFER,3501.03,C1000084,66868.37,63367.34,M5883734,0,0,0,2026-01-08T12:36:45.932504,
TXN-00011238,204,PAYMENT,10.0,C1000021,0.0,0.0,M3812745,0,0,0,2026-01-08T12:36:45.932541,
TXN-00011239,204,PAYMENT,5818.23,C1000040,0.0,0.0,M5772262,0,0,0,2026-01-08T12:36:45.932576,
TXN-00011240,204,DEBIT,26769.91,C1000056,0.0,0.0,M5918374,0,0,0,2026-01-08T12:36:45.932613,
TXN-00011241,204,PAYMENT,1415.44,C1000066,0.0,0.0,M2181723,0,0,0,2026-01-08T12:36:45.932650,
TXN-00011242,204,CASH_OUT,5379.99,C1000059,0.0,0.0,M6167673,0,0,0,2026-01-08T12:36:45.932687,
TXN-00011243,194,TRANSFER,129578.66,C1000086,129578.66,0.0,M1439943,0,0,1,2026-01-08T12:36:45.932706,balance_drain
TXN-00011244,204,TRANSFER,1726.75,C1000016,155788.79,154062.04,M5541774,0,0,0,2026-01-08T12:36:45.932742,
TXN-00011245,204,PAYMENT,1625.76,C1000026,160535.11,158909.35,M9630491,0,0,0,2026-01-08T12:36:45.932783,
TXN-00011246,202,CASH_OUT,0.0,C1000011,0.0,0.0,M9479184,0,0,1,2026-01-08T12:36:45.932802,balance_drain
TXN-00011247,204,CASH_OUT,8374.01,C1000039,0.0,0.0,M8056213,0,0,0,2026-01-08T12:36:45.932838,
TXN-00011248,204,PAYMENT,479.45,C1000009,133083.64,132604.19,M1735206,0,0,0,2026-01-08T12:36:45.932875,
TXN-00011249,204,PAYMENT,214.51,C1000085,0.0,0.0,M2593077,0,0,0,2026-01-08T12:36:45.932912,
TXN-00011250,204,PAYMENT,33921.43,C1000073,0.0,0.0,M5402455,0,0,0,2026-01-08T12:36:45.932948,
TXN-00011251,204,CASH_IN,10.0,C1000061,235972.64,235982.64,M2022293,0,0,0,2026-01-08T12:36:45.933003,
TXN-00011252,204,CASH_OUT,987.97,C1000016,154062.04,153074.07,M6423166,0,0,0,2026-01-08T12:36:45.933075,
TXN-00011253,215,CASH_OUT,269109.95,C1000002,269109.95,0.0,M8049446,0,0,1,2026-01-08T12:36:45.933106,balance_drain
TXN-00011254,204,TRANSFER,10.0,C1000078,5073.62,5063.62,M8744764,0,0,0,2026-01-08T12:36:45.933164,
TXN-00011255,204,CASH_IN,7872.9,C1000031,8308.24,16181.14,M4648175,0,0,0,2026-01-08T12:36:45.933222,
TXN-00011256,204,TRANSFER,10.0,C1000085,0.0,0.0,M1594560,0,0,0,2026-01-08T12:36:45.933279,
TXN-00011257,204,CASH_IN,8833.1,C1000039,0.0,8833.1,M6483308,0,0,0,2026-01-08T12:36:45.933334,
TXN-00011258,204,PAYMENT,5591.16,C1000046,0.0,0.0,M6032572,0,0,0,2026-01-08T12:36:45.933390,
TXN-00011259,204,DEBIT,10.0,C1000034,74461.85,74451.85,M4400624,0,0,0,2026-01-08T12:36:45.933445,
TXN-00011260,204,TRANSFER,10.0,C1000061,235982.64,235972.64,M6818333,0,0,0,2026-01-08T12:36:45.933503,
TXN-00011261,204,TRANSFER,10.0,C1000080,0.0,0.0,M6736250,0,0,0,2026-01-08T12:36:45.933558,
TXN-00011262,204,CASH_OUT,20735.33,C1000024,0.0,0.0,M6870386,0,0,0,2026-01-08T12:36:45.933613,
TXN-00011263,204,PAYMENT,33754.56,C1000012,0.0,0.0,M6028421,0,0,0,2026-01-08T12:36:45.933667,
TXN-00011264,204,TRANSFER,2317.9,C1000026,158909.35,156591.45,M2670866,0,0,0,2026-01-08T12:36:45.933727,
TXN-00011265,204,PAYMENT,3800.39,C1000033,1279.4,0.0,M5200455,0,0,0,2026-01-08T12:36:45.933784,
TXN-00011266,204,CASH_OUT,18381.87,C1000093,0.0,0.0,M6675539,0,0,0,2026-01-08T12:36:45.933839,
TXN-00011267,204,DEBIT,118.97,C1000075,442706.14,442587.17,M9032991,0,0,0,2026-01-08T12:36:45.933895,
TXN-00011268,195,CASH_OUT,189519.42,C1000083,189519.42,0.0,M2041790,0,0,1,2026-01-08T12:36:45.933925,balance_drain
TXN-00011269,204,PAYMENT,653.34,C1000018,141452.62,140799.27,M2394579,0,0,0,2026-01-08T12:36:45.933981,
TXN-00011270,204,PAYMENT,173199.32,C1000050,0.0,0.0,M1336739,0,0,0,2026-01-08T12:36:45.934040,
TXN-00011271,204,TRANSFER,1082.65,C1000085,0.0,0.0,M7258675,0,0,0,2026-01-08T12:36:45.934099,
TXN-00011272,204,PAYMENT,4647.74,C1000078,5063.62,415.88,M9494991,0,0,0,2026-01-08T12:36:45.934207,
TXN-00011273,204,PAYMENT,17162.44,C1000093,0.0,0.0,M7507569,0,0,0,2026-01-08T12:36:45.934291,
TXN-00011274,204,PAYMENT,410.77,C1000060,56117.62,55706.85,M7476709,0,0,0,2026-01-08T12:36:45.934360,
TXN-00011275,204,DEBIT,37363.31,C1000012,0.0,0.0,M2911730,0,0,0,2026-01-08T12:36:45.934426,
TXN-00011276,195,TRANSFER,63367.34,C1000084,63367.34,0.0,M9512059,0,0,1,2026-01-08T12:36:45.934460,balance_drain
TXN-00011277,204,PAYMENT,1267.94,C1000048,206316.46,205048.51,M5477907,0,0,0,2026-01-08T12:36:45.934524,
TXN-00011278,204,TRANSFER,7397.99,C1000058,0.0,0.0,M2666152,0,0,0,2026-01-08T12:36:45.934588,
TXN-00011279,204,CASH_OUT,904.17,C1000008,206286.17,205382.01,M7654499,0,0,0,2026-01-08T12:36:45.934650,
TXN-00011280,204,PAYMENT,6772.91,C1000058,0.0,0.0,M5203887,0,0,0,2026-01-08T12:36:45.934712,
TXN-00011281,204,CASH_OUT,5838.75,C1000010,0.0,0.0,M2506440,0,0,0,2026-01-08T12:36:45.934773,
TXN-00011282,204,CASH_OUT,5535.88,C1000046,0.0,0.0,M8676655,0,0,0,2026-01-08T12:36:45.934834,
TXN-00011283,204,PAYMENT,7663.75,C1000036,0.0,0.0,M1161900,0,0,0,2026-01-08T12:36:45.934894,
TXN-00011284,204,CASH_OUT,3375.02,C1000045,0.0,0.0,M3719002,0,0,0,2026-01-08T12:36:45.934954,
TXN-00011285,204,TRANSFER,268.14,C1000016,153074.07,152805.93,M6464907,0,0,0,2026-01-08T12:36:45.935014,
TXN-00011286,204,TRANSFER,10.0,C1000042,0.0,0.0,M3139568,0,0,0,2026-01-08T12:36:45.935299,
TXN-00011287,204,CASH_OUT,10.0,C1000051,163056.57,163046.57,M7775474,0,0,0,2026-01-08T12:36:45.935353,
TXN-00011288,204,TRANSFER,1222.8,C1000004,211324.29,210101.49,M6627834,0,0,0,2026-01-08T12:36:45.935396,
TXN-00011289,204,TRANSFER,18093.26,C1000076,0.0,0.0,M5061284,0,0,0,2026-01-08T12:36:45.935437,
TXN-00011290,204,TRANSFER,11959.18,C1000095,0.0,0.0,M7471175,0,0,0,2026-01-08T12:36:45.935476,
TXN-00011291,204,CASH_OUT,4497.83,C1000020,297080.37,292582.53,M4931269,0,0,0,2026-01-08T12:36:45.935514,
TXN-00011292,204,PAYMENT,10.0,C1000068,100072.54,100062.54,M9075533,0,0,0,2026-01-08T12:36:45.935553,
TXN-00011293,204,PAYMENT,173299.17,C1000050,0.0,0.0,M4965608,0,0,0,2026-01-08T12:36:45.935603,
TXN-00011294,204,PAYMENT,3647.55,C1000087,159183.94,155536.39,M8660763,0,0,0,2026-01-08T12:36:45.935642,
TXN-00011295,215,CASH_OUT,0.0,C1000032,0.0,0.0,M4078835,0,0,1,2026-01-08T12:36:45.935664,balance_drain
TXN-00011296,204,PAYMENT,4287.21,C1000032,0.0,0.0,M8607969,0,0,0,2026-01-08T12:36:45.935701,
TXN-00011297,204,PAYMENT,3881.83,C1000055,178432.14,174550.31,M6039025,0,0,0,2026-01-08T12:36:45.935739,
TXN-00011298,204,CASH_OUT,18027.83,C1000076,0.0,0.0,M1819383,0,0,0,2026-01-08T12:36:45.935777,
TXN-00011299,204,TRANSFER,3928.2,C1000087,155536.39,151608.18,M7485113,0,0,0,2026-01-08T12:36:45.935814,
TXN-00011300,204,PAYMENT,4613.54,C1000027,0.0,0.0,M7744641,0,0,0,2026-01-08T12:36:45.935852,
TXN-00011301,204,TRANSFER,119.0,C1000072,0.0,0.0,M8117674,0,0,0,2026-01-08T12:36:45.935891,
TXN-00011302,204,TRANSFER,3690.42,C1000044,0.0,0.0,M2875973,0,0,0,2026-01-08T12:36:45.935929,
TXN-00011303,204,PAYMENT,1033.55,C1000083,189519.42,188485.86,M5465666,0,0,0,2026-01-08T12:36:45.935966,
TXN-00011304,204,DEBIT,4470.45,C1000027,0.0,0.0,M8048828,0,0,0,2026-01-08T12:36:45.936003,
TXN-00011305,204,CASH_OUT,10.0,C1000060,55706.85,55696.85,M3430224,0,0,0,2026-01-08T12:36:45.936056,
TXN-00011306,204,PAYMENT,940.32,C1000044,0.0,0.0,M8461257,0,0,0,2026-01-08T12:36:45.936116,
TXN-00011307,204,TRANSFER,38772.8,C1000067,0.0,0.0,M6852319,0,0,0,2026-01-08T12:36:45.936177,
TXN-00011308,204,PAYMENT,10.0,C1000033,0.0,0.0,M9971494,0,0,0,2026-01-08T12:36:45.936234,
TXN-00011309,204,TRANSFER,6474.34,C1000042,0.0,0.0,M4940773,0,0,0,2026-01-08T12:36:45.936289,
TXN-00011310,204,PAYMENT,9916.95,C1000092,0.0,0.0,M3024589,0,0,0,2026-01-08T12:36:45.936348,
TXN-00011311,200,TRANSFER,0.0,C1000058,0.0,0.0,M4969657,0,0,1,2026-01-08T12:36:45.936379,balance_drain
TXN-00011312,204,CASH_IN,34064.65,C1000073,0.0,34064.65,M5485767,0,0,0,2026-01-08T12:36:45.936446,
TXN-00011313,204,PAYMENT,10.0,C1000014,201503.79,201493.79,M2426263,0,0,0,2026-01-08T12:36:45.936505,
TXN-00011314,204,CASH_OUT,13716.62,C1000063,0.0,0.0,M9651243,0,0,0,2026-01-08T12:36:45.936588,
TXN-00011315,204,PAYMENT,2943.32,C1000068,100062.54,97119.22,M7501560,0,0,0,2026-01-08T12:36:45.936672,
TXN-00011316,204,TRANSFER,10.0,C1000042,0.0,0.0,M8930343,0,0,0,2026-01-08T12:36:45.936754,
TXN-00011317,204,PAYMENT,658.11,C1000094,181180.34,180522.23,M7409277,0,0,0,2026-01-08T12:36:45.936834,
TXN-00011318,204,CASH_OUT,2967.72,C1000062,0.0,0.0,M1966700,0,0,0,2026-01-08T12:36:45.936906,
TXN-00011319,204,PAYMENT,601.84,C1000055,174550.31,173948.47,M3380978,0,0,0,2026-01-08T12:36:45.936979,
TXN-00011320,204,TRANSFER,4486.4,C1000027,0.0,0.0,M5106271,0,0,0,2026-01-08T12:36:45.937054,
TXN-00011321,204,PAYMENT,247.97,C1000016,152805.93,152557.96,M1474552,0,0,0,2026-01-08T12:36:45.937129,
TXN-00011322,204,PAYMENT,13620.4,C1000054,0.0,0.0,M1836036,0,0,0,2026-01-08T12:36:45.937213,
TXN-00011323,204,TRANSFER,24012.66,C1000037,0.0,0.0,M1665894,0,0,0,2026-01-08T12:36:45.937290,
TXN-00011324,204,PAYMENT,5873.95,C1000059,0.0,0.0,M3313370,0,0,0,2026-01-08T12:36:45.937360,
TXN-00011325,204,TRANSFER,10069.2,C1000092,0.0,0.0,M8633167,0,0,0,2026-01-08T12:36:45.937428,
TXN-00011326,204,CASH_OUT,3502.82,C1000045,0.0,0.0,M3550453,0,0,0,2026-01-08T12:36:45.937493,
TXN-00011327,204,TRANSFER,3635.86,C1000030,273.8,0.0,M4441740,0,0,0,2026-01-08T12:36:45.937557,
TXN-00011328,204,PAYMENT,383.46,C1000082,0.0,0.0,M9417678,0,0,0,2026-01-08T12:36:45.937629,
TXN-00011329,197,CASH_OUT,0.0,C1000047,0.0,0.0,M4861401,0,0,1,2026-01-08T12:36:45.937668,balance_drain
TXN-00011330,204,PAYMENT,20642.67,C1000024,0.0,0.0,M4681318,0,0,0,2026-01-08T12:36:45.937739,
TXN-00011331,204,PAYMENT,792.53,C1000066,0.0,0.0,M8283110,0,0,0,2026-01-08T12:36:45.937806,
TXN-00011332,204,PAYMENT,6128.0,C1000003,0.0,0.0,M4246433,0,0,0,2026-01-08T12:36:45.937867,
TXN-00011333,204,PAYMENT,10.0,C1000029,0.0,0.0,M1174075,0,0,0,2026-01-08T12:36:45.937932,
TXN-00011334,204,PAYMENT,240.05,C1000060,55696.85,55456.8,M6352042,0,0,0,2026-01-08T12:36:45.938014,
TXN-00011335,204,PAYMENT,3283.93,C1000043,0.0,0.0,M7652036,0,0,0,2026-01-08T12:36:45.938108,
TXN-00011336,204,CASH_OUT,38523.82,C1000012,0.0,0.0,M1796689,0,0,0,2026-01-08T12:36:45.938188,
TXN-00011337,204,TRANSFER,10.0,C1000040,0.0,0.0,M6050262,0,0,0,2026-01-08T12:36:45.938278,
TXN-00011338,204,PAYMENT,6404.64,C1000025,0.0,0.0,M6301458,0,0,0,2026-01-08T12:36:45.938354,
TXN-00011339,204,CASH_OUT,10036.26,C1000092,0.0,0.0,M3866558,0,0,0,2026-01-08T12:36:45.938439,
TXN-00011340,204,PAYMENT,4869.81,C1000057,8308.9,3439.1,M6173353,0,0,0,2026-01-08T12:36:45.938523,
TXN-00011341,204,TRANSFER,2786.26,C1000028,0.0,0.0,M3182564,0,0,0,2026-01-08T12:36:45.938612,
TXN-00011342,204,DEBIT,2742.61,C1000069,43761.5,41018.89,M6807201,0,0,0,2026-01-08T12:36:45.938705,
TXN-00011343,204,TRANSFER,1964.74,C1000017,60907.86,58943.12,M7505624,0,0,0,2026-01-08T12:36:45.938801,
TXN-00011344,204,PAYMENT,4417.68,C1000027,0.0,0.0,M5045863,0,0,0,2026-01-08T12:36:45.938891,
TXN-00011345,204,TRANSFER,33935.9,C1000073,34064.65,128.76,M3128377,0,0,0,2026-01-08T12:36:45.938968,
TXN-00011346,204,PAYMENT,10.0,C1000051,163046.57,163036.57,M5274004,0,0,0,2026-01-08T12:36:45.939038,
TXN-00011347,204,CASH_OUT,10.0,C1000085,0.0,0.0,M7409485,0,0,0,2026-01-08T12:36:45.939109,
TXN-00011348,204,CASH_OUT,313.37,C1000009,132604.19,132290.82,M3972195,0,0,0,2026-01-08T12:36:45.939174,
TXN-00011349,204,PAYMENT,36365.07,C1000067,0.0,0.0,M3488504,0,0,0,2026-01-08T12:36:45.939240,
TXN-00011350,204,PAYMENT,2592.3,C1000069,41018.89,38426.59,M3322563,0,0,0,2026-01-08T12:36:45.939305,
TXN-00011351,204,TRANSFER,5737.37,C1000054,0.0,0.0,M6383660,0,0,0,2026-01-08T12:36:45.939375,
TXN-00011352,204,TRANSFER,10.0,C1000064,0.0,0.0,M2453632,0,0,0,2026-01-08T12:36:45.939440,
TXN-00011353,204,CASH_OUT,2342.07,C1000022,16845.48,14503.41,M3859991,0,0,0,2026-01-08T12:36:45.939506,
TXN-00011354,204,TRANSFER,10.0,C1000064,0.0,0.0,M6066864,0,0,0,2026-01-08T12:36:45.939577,
TXN-00011355,204,PAYMENT,34758.67,C1000067,0.0,0.0,M6350940,0,0,0,2026-01-08T12:36:45.939643,
TXN-00011356,215,TRANSFER,128.76,C1000073,128.76,0.0,M9906632,0,0,1,2026-01-08T12:36:45.939678,balance_drain
TXN-00011357,204,TRANSFER,10.0,C1000080,0.0,0.0,M1878186,0,0,0,2026-01-08T12:36:45.939745,
TXN-00011358,204,PAYMENT,10.0,C1000072,0.0,0.0,M8402279,0,0,0,2026-01-08T12:36:45.939808,
TXN-00011359,204,TRANSFER,618.79,C1000021,0.0,0.0,M4697613,0,0,0,2026-01-08T12:36:45.939871,
TXN-00011360,204,PAYMENT,972.81,C1000057,3439.1,2466.29,M6110313,0,0,0,2026-01-08T12:36:45.939934,
TXN-00011361,204,PAYMENT,453.63,C1000081,83099.0,82645.37,M5570487,0,0,0,2026-01-08T12:36:45.940002,
TXN-00011362,204,TRANSFER,1322.0,C1000020,292582.53,291260.53,M5728965,0,0,0,2026-01-08T12:36:45.940071,
TXN-00011363,204,DEBIT,7432.15,C1000036,0.0,0.0,M1829292,0,0,0,2026-01-08T12:36:45.940138,
TXN-00011364,204,PAYMENT,10.0,C1000048,205048.51,205038.51,M9893064,0,0,0,2026-01-08T12:36:45.940213,
TXN-00011365,211,CASH_OUT,210101.49,C1000004,210101.49,0.0,M6023353,0,0,1,2026-01-08T12:36:45.940251,balance_drain
TXN-00011366,204,CASH_OUT,5784.56,C1000051,163036.57,157252.01,M1074517,0,0,0,2026-01-08T12:36:45.940327,
TXN-00011367,204,CASH_OUT,2418.61,C1000085,0.0,0.0,M7346360,0,0,0,2026-01-08T12:36:45.940402,
TXN-00011368,204,PAYMENT,34516.54,C1000073,128.76,0.0,M7499200,0,0,0,2026-01-08T12:36:45.940474,
TXN-00011369,195,CASH_OUT,291260.53,C1000020,291260.53,0.0,M5906805,0,0,1,2026-01-08T12:36:45.940513,balance_drain
TXN-00011370,207,CASH_OUT,0.0,C1000088,0.0,0.0,M8118899,0,0,1,2026-01-08T12:36:45.940548,balance_drain
TXN-00011371,204,PAYMENT,18795.79,C1000079,0.0,0.0,M9389268,0,0,0,2026-01-08T12:36:45.940620,
TXN-00011372,204,DEBIT,1225.76,C1000068,97119.22,95893.46,M8813539,0,0,0,2026-01-08T12:36:45.940683,
TXN-00011373,204,DEBIT,4760.91,C1000032,0.0,0.0,M3685597,0,0,0,2026-01-08T12:36:45.940748,
TXN-00011374,194,TRANSFER,0.0,C1000046,0.0,0.0,M2918027,0,0,1,2026-01-08T12:36:45.940782,balance_drain
TXN-00011375,204,PAYMENT,9017.31,C1000031,16181.14,7163.83,M4569359,0,0,0,2026-01-08T12:36:45.940846,
TXN-00011376,204,DEBIT,9068.93,C1000036,0.0,0.0,M5599497,0,0,0,2026-01-08T12:36:45.940914,
TXN-00011377,204,CASH_IN,13469.83,C1000063,0.0,13469.83,M2132497,0,0,0,2026-01-08T12:36:45.940979,
TXN-00011378,204,PAYMENT,1963.01,C1000096,227459.84,225496.82,M8803163,0,0,0,2026-01-08T12:36:45.941050,
TXN-00011379,204,PAYMENT,1267.34,C1000055,173948.47,172681.13,M5196330,0,0,0,2026-01-08T12:36:45.941119,
TXN-00011380,204,CASH_OUT,1772.75,C1000021,0.0,0.0,M3152421,0,0,0,2026-01-08T12:36:45.941187,
TXN-00011381,194,CASH_OUT,152557.96,C1000016,152557.96,0.0,M4795698,0,0,1,2026-01-08T12:36:45.941223,balance_drain
TXN-00011382,204,TRANSFER,407.18,C1000066,0.0,0.0,M8440910,0,0,0,2026-01-08T12:36:45.941295,
TXN-00011383,204,PAYMENT,5036.91,C1000080,0.0,0.0,M3057407,0,0,0,2026-01-08T12:36:45.941365,
TXN-00011384,204,PAYMENT,7412.95,C1000036,0.0,0.0,M8044926,0,0,0,2026-01-08T12:36:45.941436,
TXN-00011385,196,CASH_OUT,0.0,C1000067,0.0,0.0,M4559107,0,0,1,2026-01-08T12:36:45.941474,balance_drain
TXN-00011386,204,CASH_OUT,2812.29,C1000002,269109.95,266297.66,M6185655,0,0,0,2026-01-08T12:36:45.941547,
TXN-00011387,204,DEBIT,26497.51,C1000056,0.0,0.0,M9723761,0,0,0,2026-01-08T12:36:45.941623,
TXN-00011388,193,TRANSFER,0.0,C1000044,0.0,0.0,M4183659,0,0,1,2026-01-08T12:36:45.941659,balance_drain
TXN-00011389,204,TRANSFER,13489.14,C1000054,0.0,0.0,M7865070,0,0,0,2026-01-08T12:36:45.941737,
TXN-00011390,204,TRANSFER,3997.8,C1000057,2466.29,0.0,M8926544,0,0,0,2026-01-08T12:36:45.941808,
TXN-00011391,204,CASH_OUT,10.0,C1000051,157252.01,157242.01,M7892161,0,0,0,2026-01-08T12:36:45.941878,
TXN-00011392,204,PAYMENT,798.45,C1000094,180522.23,179723.77,M1915316,0,0,0,2026-01-08T12:36:45.941949,
TXN-00011393,204,DEBIT,2960.94,C1000069,38426.59,35465.64,M4548641,0,0,0,2026-01-08T12:36:45.942022,
TXN-00011394,204,DEBIT,1602.68,C1000016,152557.96,150955.28,M5796171,0,0,0,2026-01-08T12:36:45.942093,
TXN-00011395,204,DEBIT,13592.24,C1000063,13469.83,0.0,M9906354,0,0,0,2026-01-08T12:36:45.942165,
TXN-00011396,204,CASH_OUT,2074.55,C1000041,235696.52,233621.97,M8880855,0,0,0,2026-01-08T12:36:45.942237,
TXN-00011397,204,CASH_OUT,1672.85,C1000016,150955.28,149282.44,M5920228,0,0,0,2026-01-08T12:36:45.942312,
TXN-00011398,204,DEBIT,3219.85,C1000098,219072.16,215852.31,M5476642,0,0,0,2026-01-08T12:36:45.942384,
TXN-00011399,204,PAYMENT,1778.83,C1000091,0.0,0.0,M1167947,0,0,0,2026-01-08T12:36:45.942674,
TXN-00011400,204,CASH_OUT,33499.55,C1000073,0.0,0.0,M2071695,0,0,0,2026-01-08T12:36:45.942841,
TXN-00011401,204,TRANSFER,658.84,C1000070,151.4,0.0,M5703248,0,0,0,2026-01-08T12:36:45.943091,
TXN-00011402,204,DEBIT,3759.61,C1000087,151608.18,147848.57,M9863525,0,0,0,2026-01-08T12:36:45.943384,
TXN-00011403,205,CASH_OUT,129578.66,C1000086,129578.66,0.0,M5450204,0,0,1,2026-01-08T12:36:45.943526,balance_drain
TXN-00011404,204,PAYMENT,5889.35,C1000054,0.0,0.0,M5886311,0,0,0,2026-01-08T12:36:45.943781,
TXN-00011405,204,PAYMENT,20272.63,C1000095,0.0,0.0,M5852502,0,0,0,2026-01-08T12:36:45.943940,
TXN-00011406,204,TRANSFER,1111.62,C1000016,149282.44,148170.82,M4014497,0,0,0,2026-01-08T12:36:45.944075,
TXN-00011407,204,DEBIT,10.0,C1000096,225496.82,225486.82,M6646088,0,0,0,2026-01-08T12:36:45.944318,
TXN-00011408,204,CASH_OUT,10.0,C1000047,0.0,0.0,M8472308,0,0,0,2026-01-08T12:36:45.944417,
TXN-00011409,204,DEBIT,5137.84,C1000003,0.0,0.0,M5179725,0,0,0,2026-01-08T12:36:45.944496,
TXN-00011410,204,TRANSFER,37743.93,C1000012,0.0,0.0,M4082338,0,0,0,2026-01-08T12:36:45.944742,
TXN-00011411,204,DEBIT,4736.31,C1000065,0.0,0.0,M4096841,0,0,0,2026-01-08T12:36:45.944914,
TXN-00011412,204,PAYMENT,3842.24,C1000084,63367.34,59525.09,M2359252,0,0,0,2026-01-08T12:36:45.945010,
TXN-00011413,204,PAYMENT,10.0,C1000004,210101.49,210091.49,M2826767,0,0,0,2026-01-08T12:36:45.945128,
TXN-00011414,204,CASH_OUT,8541.93,C1000039,8833.1,291.18,M2833272,0,0,0,2026-01-08T12:36:45.945206,
TXN-00011415,204,CASH_OUT,19000.55,C1000095,0.0,0.0,M8647906,0,0,0,2026-01-08T12:36:45.945274,
TXN-00011416,204,CASH_OUT,1996.95,C1000045,0.0,0.0,M7552362,0,0,0,2026-01-08T12:36:45.945338,
TXN-00011417,204,CASH_OUT,737.36,C1000001,71815.55,71078.19,M8145955,0,0,0,2026-01-08T12:36:45.945405,
TXN-00011418,204,PAYMENT,22455.89,C1000095,0.0,0.0,M3079764,0,0,0,2026-01-08T12:36:45.945479,
TXN-00011419,204,TRANSFER,20389.13,C1000035,0.0,0.0,M3844027,0,0,0,2026-01-08T12:36:45.945546,
TXN-00011420,204,DEBIT,7313.8,C1000054,0.0,0.0,M6691725,0,0,0,2026-01-08T12:36:45.945615,
TXN-00011421,204,TRANSFER,236.69,C1000055,172681.13,172444.44,M8272882,0,0,0,2026-01-08T12:36:45.945679,
TXN-00011422,204,DEBIT,19892.55,C1000019,0.0,0.0,M1186641,0,0,0,2026-01-08T12:36:45.945745,
TXN-00011423,204,CASH_IN,10.0,C1000097,0.0,10.0,M8032590,0,0,0,2026-01-08T12:36:45.945809,
TXN-00011424,204,CASH_OUT,7055.48,C1000013,0.0,0.0,M7414181,0,0,0,2026-01-08T12:36:45.945871,
TXN-00011425,204,DEBIT,63269.2,C1000064,0.0,0.0,M5950376,0,0,0,2026-01-08T12:36:45.945935,
TXN-00011426,204,PAYMENT,1613.06,C1000044,0.0,0.0,M9588063,0,0,0,2026-01-08T12:36:45.945998,
TXN-00011427,204,PAYMENT,2944.96,C1000010,0.0,0.0,M4566514,0,0,0,2026-01-08T12:36:45.946063,
TXN-00011428,194,TRANSFER,225486.82,C1000096,225486.82,0.0,M1013848,0,0,1,2026-01-08T12:36:45.946104,balance_drain
TXN-00011429,204,PAYMENT,5263.41,C1000059,0.0,0.0,M7786777,0,0,0,2026-01-08T12:36:45.946171,
TXN-00011430,204,DEBIT,35629.9,C1000012,0.0,0.0,M9948884,0,0,0,2026-01-08T12:36:45.946234,
TXN-00011431,204,PAYMENT,10.0,C1000051,157242.01,157232.01,M2446581,0,0,0,2026-01-08T12:36:45.946298,
TXN-00011432,204,TRANSFER,772.14,C1000022,14503.41,13731.27,M3058756,0,0,0,2026-01-08T12:36:45.946361,
TXN-00011433,204,PAYMENT,9344.04,C1000031,7163.83,0.0,M9310538,0,0,0,2026-01-08T12:36:45.946426,
TXN-00011434,207,CASH_OUT,0.0,C1000030,0.0,0.0,M2815874,0,0,1,2026-01-08T12:36:45.946458,balance_drain
TXN-00011435,204,TRANSFER,10.0,C1000055,172444.44,172434.44,M4984963,0,0,0,2026-01-08T12:36:45.946520,
TXN-00011436,204,PAYMENT,11821.39,C1000005,0.0,0.0,M9892653,0,0,0,2026-01-08T12:36:45.946588,
TXN-00011437,204,TRANSFER,5095.47,C1000010,0.0,0.0,M1405206,0,0,0,2026-01-08T12:36:45.946651,
TXN-00011438,204,CASH_OUT,963.47,C1000071,163351.29,162387.82,M7227875,0,0,0,2026-01-08T12:36:45.946713,
TXN-00011439,204,TRANSFER,490.04,C1000075,442587.17,442097.13,M1796746,0,0,0,2026-01-08T12:36:45.946777,
TXN-00011440,204,PAYMENT,12366.95,C1000033,0.0,0.0,M6023648,0,0,0,2026-01-08T12:36:45.946840,
TXN-00011441,204,CASH_OUT,1358.7,C1000048,205038.51,203679.81,M4214869,0,0,0,2026-01-08T12:36:45.946903,
TXN-00011442,204,TRANSFER,526.99,C1000004,210091.49,209564.5,M3081121,0,0,0,2026-01-08T12:36:45.946967,
TXN-00011443,204,CASH_OUT,55418.49,C1000000,0.0,0.0,M4307525,0,0,0,2026-01-08T12:36:45.947030,
TXN-00011444,204,CASH_OUT,4215.88,C1000033,0.0,0.0,M3295669,0,0,0,2026-01-08T12:36:45.947093,
TXN-00011445,197,TRANSFER,0.0,C1000080,0.0,0.0,M1553029,0,0,1,2026-01-08T12:36:45.947128,balance_drain
TXN-00011446,204,CASH_OUT,33749.62,C1000073,0.0,0.0,M6054565,0,0,0,2026-01-08T12:36:45.947198,
TXN-00011447,204,PAYMENT,1240.06,C1000055,172434.44,171194.38,M9276282,0,0,0,2026-01-08T12:36:45.947261,
TXN-00011448,204,PAYMENT,1382.57,C1000083,188485.86,187103.3,M7187088,0,0,0,2026-01-08T12:36:45.947325,
TXN-00011449,197,TRANSFER,291260.53,C1000020,291260.53,0.0,M9129934,0,0,1,2026-01-08T12:36:45.947358,balance_drain
TXN-00011450,204,PAYMENT,6640.76,C1000088,0.0,0.0,M1615568,0,0,0,2026-01-08T12:36:45.947420,
TXN-00011451,211,TRANSFER,143342.24,C1000089,143342.24,0.0,M3661387,0,0,1,2026-01-08T12:36:45.947452,balance_drain
TXN-00011452,204,DEBIT,8792.49,C1000013,0.0,0.0,M2944197,0,0,0,2026-01-08T12:36:45.947516,
TXN-00011453,204,CASH_OUT,126.29,C1000060,55456.8,55330.51,M3016304,0,0,0,2026-01-08T12:36:45.947582,
TXN-00011454,204,TRANSFER,5166.95,C1000058,0.0,0.0,M6639065,0,0,0,2026-01-08T12:36:45.947668,
TXN-00011455,204,PAYMENT,15146.16,C1000095,0.0,0.0,M1672510,0,0,0,2026-01-08T12:36:45.947731,
TXN-00011456,204,PAYMENT,10.0,C1000060,55330.51,55320.51,M9324951,0,0,0,2026-01-08T12:36:45.947785,
TXN-00011457,204,PAYMENT,17750.2,C1000024,0.0,0.0,M3465839,0,0,0,2026-01-08T12:36:45.947840,
TXN-00011458,204,CASH_OUT,38442.52,C1000012,0.0,0.0,M9619211,0,0,0,2026-01-08T12:36:45.947893,
TXN-00011459,204,PAYMENT,459.84,C1000061,235972.64,235512.79,M7086187,0,0,0,2026-01-08T12:36:45.947946,
TXN-00011460,204,TRANSFER,2252.22,C1000044,0.0,0.0,M4342570,0,0,0,2026-01-08T12:36:45.948001,
TXN-00011461,204,CASH_IN,10.0,C1000048,203679.81,203689.81,M1164385,0,0,0,2026-01-08T12:36:45.948054,
TXN-00011462,204,CASH_OUT,1109.05,C1000047,0.0,0.0,M3568488,0,0,0,2026-01-08T12:36:45.948123,
TXN-00011463,204,TRANSFER,6136.1,C1000078,415.88,0.0,M8028223,0,0,0,2026-01-08T12:36:45.948176,
TXN-00011464,204,PAYMENT,4151.82,C1000020,291260.53,287108.71,M6936718,0,0,0,2026-01-08T12:36:45.948233,
TXN-00011465,204,PAYMENT,5025.61,C1000033,0.0,0.0,M4938141,0,0,0,2026-01-08T12:36:45.948289,
TXN-00011466,204,DEBIT,1076.01,C1000096,225486.82,224410.81,M5490048,0,0,0,2026-01-08T12:36:45.948342,
TXN-00011467,212,TRANSFER,291.18,C1000039,291.18,0.0,M2473603,0,0,1,2026-01-08T12:36:45.948371,balance_drain
TXN-00011468,204,TRANSFER,39004.54,C1000012,0.0,0.0,M9443840,0,0,0,2026-01-08T12:36:45.948507,
TXN-00011469,204,DEBIT,6348.26,C1000074,0.0,0.0,M7590143,0,0,0,2026-01-08T12:36:45.948585,
TXN-00011470,204,PAYMENT,4196.98,C1000064,0.0,0.0,M5592042,0,0,0,2026-01-08T12:36:45.948656,
TXN-00011471,204,CASH_OUT,2796.74,C1000096,224410.81,221614.07,M3519731,0,0,0,2026-01-08T12:36:45.948723,
TXN-00011472,204,CASH_OUT,10831.53,C1000080,0.0,0.0,M4105140,0,0,0,2026-01-08T12:36:45.948789,
TXN-00011473,214,CASH_OUT,0.0,C1000037,0.0,0.0,M8018455,0,0,1,2026-01-08T12:36:45.948827,balance_drain
TXN-00011474,204,PAYMENT,3623.81,C1000052,0.0,0.0,M6840187,0,0,0,2026-01-08T12:36:45.948892,
TXN-00011475,204,PAYMENT,171.71,C1000075,442097.13,441925.42,M5947636,0,0,0,2026-01-08T12:36:45.948962,
TXN-00011476,204,PAYMENT,54270.5,C1000000,0.0,0.0,M6099510,0,0,0,2026-01-08T12:36:45.949028,
TXN-00011477,192,CASH_OUT,132290.82,C1000009,132290.82,0.0,M9649456,0,0,1,2026-01-08T12:36:45.949061,balance_drain
TXN-00011478,204,PAYMENT,3315.23,C1000044,0.0,0.0,M9808971,0,0,0,2026-01-08T12:36:45.949129,
TXN-00011479,204,DEBIT,10.0,C1000097,10.0,0.0,M2659857,0,0,0,2026-01-08T12:36:45.949199,
TXN-00011480,195,TRANSFER,215852.31,C1000098,215852.31,0.0,M6070744,0,0,1,2026-01-08T12:36:45.949233,balance_drain
TXN-00011481,204,PAYMENT,5565.76,C1000059,0.0,0.0,M5710275,0,0,0,2026-01-08T12:36:45.949320,
TXN-00011482,204,DEBIT,437.3,C1000038,0.0,0.0,M4077854,0,0,0,2026-01-08T12:36:45.949387,
TXN-00011483,204,PAYMENT,10.0,C1000040,0.0,0.0,M3413087,0,0,0,2026-01-08T12:36:45.949450,
TXN-00011484,204,TRANSFER,820.09,C1000075,441925.42,441105.33,M9773472,0,0,0,2026-01-08T12:36:45.949511,
TXN-00011485,204,PAYMENT,74095.3,C1000064,0.0,0.0,M9908299,0,0,0,2026-01-08T12:36:45.949575,
TXN-00011486,204,TRANSFER,10.0,C1000082,0.0,0.0,M8528329,0,0,0,2026-01-08T12:36:45.949639,
TXN-00011487,204,TRANSFER,3580.24,C1000052,0.0,0.0,M4722673,0,0,0,2026-01-08T12:36:45.949699,
TXN-00011488,204,CASH_OUT,4784.11,C1000003,0.0,0.0,M1107209,0,0,0,2026-01-08T12:36:45.949759,
TXN-00011489,204,PAYMENT,2972.79,C1000087,147848.57,144875.78,M7121520,0,0,0,2026-01-08T12:36:45.949820,
TXN-00011490,204,TRANSFER,3688.19,C1000087,144875.78,141187.59,M2165437,0,0,0,2026-01-08T12:36:45.949885,
TXN-00011491,204,CASH_OUT,10.0,C1000023,19990.65,19980.65,M2973659,0,0,0,2026-01-08T12:36:45.949954,
TXN-00011492,204,PAYMENT,2876.61,C1000021,0.0,0.0,M7313300,0,0,0,2026-01-08T12:36:45.950070,
TXN-00011493,204,TRANSFER,16864.45,C1000079,0.0,0.0,M5094766,0,0,0,2026-01-08T12:36:45.950168,
TXN-00011494,204,PAYMENT,1026.57,C1000096,221614.07,220587.5,M7298877,0,0,0,2026-01-08T12:36:45.950239,
TXN-00011495,204,CASH_OUT,10918.19,C1000005,0.0,0.0,M5130865,0,0,0,2026-01-08T12:36:45.950359,
TXN-00011496,200,CASH_OUT,0.0,C1000079,0.0,0.0,M1583382,0,0,1,2026-01-08T12:36:45.950419,balance_drain
TXN-00011497,204,TRANSFER,10.0,C1000042,0.0,0.0,M4006109,0,0,0,2026-01-08T12:36:45.950486,
TXN-00011498,204,CASH_OUT,10.0,C1000023,19980.65,19970.65,M3188648,0,0,0,2026-01-08T12:36:45.950551,
TXN-00011499,204,TRANSFER,283.27,C1000066,0.0,0.0,M7426322,0,0,0,2026-01-08T12:36:45.950621,
TXN-00011500,204,DEBIT,10.0,C1000023,19970.65,19960.65,M9353114,0,0,0,2026-01-08T12:36:45.950690,
TXN-00011501,204,PAYMENT,1454.98,C1000034,74451.85,72996.87,M8769640,0,0,0,2026-01-08T12:36:45.950760,
TXN-00011502,204,DEBIT,34250.07,C1000067,0.0,0.0,M7915486,0,0,0,2026-01-08T12:36:45.950837,
TXN-00011503,204,PAYMENT,2896.13,C1000084,59525.09,56628.97,M1332529,0,0,0,2026-01-08T12:36:45.950905,
TXN-00011504,204,DEBIT,4923.03,C1000058,0.0,0.0,M5763592,0,0,0,2026-01-08T12:36:45.950969,
TXN-00011505,204,PAYMENT,7294.97,C1000058,0.0,0.0,M8895551,0,0,0,2026-01-08T12:36:45.951033,
TXN-00011506,204,PAYMENT,4381.46,C1000026,156591.45,152209.99,M6189315,0,0,0,2026-01-08T12:36:45.951098,
TXN-00011507,204,TRANSFER,173449.23,C1000050,0.0,0.0,M4033260,0,0,0,2026-01-08T12:36:45.951169,
TXN-00011508,208,CASH_OUT,148170.82,C1000016,148170.82,0.0,M2863037,0,0,1,2026-01-08T12:36:45.951208,balance_drain
TXN-00011509,204,TRANSFER,6656.23,C1000003,0.0,0.0,M8015257,0,0,0,2026-01-08T12:36:45.951282,
TXN-00011510,204,CASH_OUT,5273.23,C1000047,0.0,0.0,M3711248,0,0,0,2026-01-08T12:36:45.951351,
TXN-00011511,204,TRANSFER,35766.09,C1000073,0.0,0.0,M9819058,0,0,0,2026-01-08T12:36:45.951420,
TXN-00011512,204,PAYMENT,3601.55,C1000006,160956.72,157355.17,M4334923,0,0,0,2026-01-08T12:36:45.951492,
TXN-00011513,204,PAYMENT,9776.91,C1000031,0.0,0.0,M2964683,0,0,0,2026-01-08T12:36:45.951559,
TXN-00011514,204,PAYMENT,5891.27,C1000059,0.0,0.0,M4908119,0,0,0,2026-01-08T12:36:45.951624,
TXN-00011515,204,CASH_OUT,22915.61,C1000067,0.0,0.0,M2762519,0,0,0,2026-01-08T12:36:45.951687,
TXN-00011516,204,PAYMENT,33992.93,C1000073,0.0,0.0,M3235136,0,0,0,2026-01-08T12:36:45.951750,
TXN-00011517,215,TRANSFER,0.0,C1000082,0.0,0.0,M9067777,0,0,1,2026-01-08T12:36:45.951785,balance_drain
TXN-00011518,204,DEBIT,9219.36,C1000031,0.0,0.0,M2399562,0,0,0,2026-01-08T12:36:45.951861,
TXN-00011519,204,DEBIT,5546.07,C1000025,0.0,0.0,M7263781,0,0,0,2026-01-08T12:36:45.951926,
TXN-00011520,204,PAYMENT,23771.12,C1000037,0.0,0.0,M8622307,0,0,0,2026-01-08T12:36:45.951990,
TXN-00011521,204,TRANSFER,10109.55,C1000005,0.0,0.0,M4569300,0,0,0,2026-01-08T12:36:45.952052,
TXN-00011522,204,PAYMENT,3189.93,C1000087,141187.59,137997.66,M8728912,0,0,0,2026-01-08T12:36:45.952115,
TXN-00011523,204,CASH_OUT,4646.32,C1000032,0.0,0.0,M3220316,0,0,0,2026-01-08T12:36:45.952173,
TXN-00011524,204,PAYMENT,10.0,C1000014,201493.79,201483.79,M1230239,0,0,0,2026-01-08T12:36:45.952237,
TXN-00011525,204,TRANSFER,26911.64,C1000056,0.0,0.0,M7994076,0,0,0,2026-01-08T12:36:45.952304,
TXN-00011526,204,CASH_IN,26273.62,C1000056,0.0,26273.62,M3380866,0,0,0,2026-01-08T12:36:45.952370,
TXN-00011527,204,DEBIT,777.79,C1000070,0.0,0.0,M2943186,0,0,0,2026-01-08T12:36:45.952436,
TXN-00011528,204,DEBIT,4242.14,C1000010,0.0,0.0,M4023605,0,0,0,2026-01-08T12:36:45.952498,
TXN-00011529,204,PAYMENT,3114.82,C1000091,0.0,0.0,M3154389,0,0,0,2026-01-08T12:36:45.952573,
TXN-00011530,204,PAYMENT,1496.93,C1000041,233621.97,232125.05,M1481044,0,0,0,2026-01-08T12:36:45.952636,
TXN-00011531,209,TRANSFER,132290.82,C1000009,132290.82,0.0,M4827607,0,0,1,2026-01-08T12:36:45.952670,balance_drain
TXN-00011532,204,PAYMENT,1535.89,C1000057,0.0,0.0,M1279835,0,0,0,2026-01-08T12:36:45.952738,
TXN-00011533,204,TRANSFER,2279.39,C1000089,143342.24,141062.85,M1948836,0,0,0,2026-01-08T12:36:45.952802,
TXN-00011534,200,CASH_OUT,220587.5,C1000096,220587.5,0.0,M1136466,0,0,1,2026-01-08T12:36:45.952835,balance_drain
TXN-00011535,206,TRANSFER,287108.71,C1000020,287108.71,0.0,M2005104,0,0,1,2026-01-08T12:36:45.952865,balance_drain
TXN-00011536,204,PAYMENT,10.0,C1000066,0.0,0.0,M1180034,0,0,0,2026-01-08T12:36:45.952938,
TXN-00011537,200,TRANSFER,287108.71,C1000020,287108.71,0.0,M6318276,0,0,1,2026-01-08T12:36:45.952968,balance_drain
TXN-00011538,204,DEBIT,2321.86,C1000044,0.0,0.0,M5078687,0,0,0,2026-01-08T12:36:45.953033,
TXN-00011539,204,TRANSFER,919.82,C1000038,0.0,0.0,M2804401,0,0,0,2026-01-08T12:36:45.953096,
TXN-00011540,204,DEBIT,6974.39,C1000059,0.0,0.0,M7376199,0,0,0,2026-01-08T12:36:45.953177,
TXN-00011541,204,CASH_OUT,5213.34,C1000010,0.0,0.0,M4872447,0,0,0,2026-01-08T12:36:45.953238,
TXN-00011542,204,PAYMENT,2777.98,C1000021,0.0,0.0,M4042356,0,0,0,2026-01-08T12:36:45.953299,
TXN-00011543,194,TRANSFER,0.0,C1000064,0.0,0.0,M7383535,0,0,1,2026-01-08T12:36:45.953330,balance_drain
TXN-00011544,204,CASH_OUT,17524.65,C1000076,0.0,0.0,M2522604,0,0,0,2026-01-08T12:36:45.953395,
TXN-00011545,204,CASH_OUT,11499.04,C1000005,0.0,0.0,M5524832,0,0,0,2026-01-08T12:36:45.953459,
TXN-00011546,204,PAYMENT,54655.02,C1000000,0.0,0.0,M5567859,0,0,0,2026-01-08T12:36:45.953525,
TXN-00011547,204,CASH_OUT,1868.31,C1000017,58943.12,57074.81,M3747077,0,0,0,2026-01-08T12:36:45.953590,
TXN-00011548,204,PAYMENT,20836.91,C1000019,0.0,0.0,M9793127,0,0,0,2026-01-08T12:36:45.953659,
TXN-00011549,204,CASH_OUT,6306.76,C1000046,0.0,0.0,M1759927,0,0,0,2026-01-08T12:36:45.953724,
TXN-00011550,204,PAYMENT,4405.66,C1000023,19960.65,15554.99,M9654246,0,0,0,2026-01-08T12:36:45.953788,
TXN-00011551,204,PAYMENT,3987.72,C1000006,157355.17,153367.45,M1760045,0,0,0,2026-01-08T12:36:45.953855,
TXN-00011552,204,TRANSFER,720.46,C1000061,235512.79,234792.33,M2797453,0,0,0,2026-01-08T12:36:45.953930,
TXN-00011553,204,TRANSFER,10.0,C1000002,266297.66,266287.66,M7218970,0,0,0,2026-01-08T12:36:45.953996,
TXN-00011554,204,PAYMENT,150.24,C1000060,55320.51,55170.27,M9107671,0,0,0,2026-01-08T12:36:45.954062,
TXN-00011555,204,PAYMENT,925.07,C1000096,220587.5,219662.43,M4788067,0,0,0,2026-01-08T12:36:45.954124,
TXN-00011556,204,PAYMENT,782.77,C1000009,132290.82,131508.05,M6782123,0,0,0,2026-01-08T12:36:45.954183,
TXN-00011557,203,TRANSFER,0.0,C1000047,0.0,0.0,M7365430,0,0,1,2026-01-08T12:36:45.954216,balance_drain
TXN-00011558,204,CASH_IN,1380.79,C1000008,205382.01,206762.79,M6576399,0,0,0,2026-01-08T12:36:45.954285,
TXN-00011559,204,TRANSFER,35241.08,C1000012,0.0,0.0,M6044434,0,0,0,2026-01-08T12:36:45.954347,
TXN-00011560,204,PAYMENT,10.0,C1000080,0.0,0.0,M7656692,0,0,0,2026-01-08T12:36:45.954409,
TXN-00011561,204,TRANSFER,370.04,C1000066,0.0,0.0,M4241237,0,0,0,2026-01-08T12:36:45.954471,
TXN-00011562,204,CASH_OUT,11310.33,C1000015,691.24,0.0,M5815473,0,0,0,2026-01-08T12:36:45.954574,
TXN-00011563,204,PAYMENT,10.0,C1000068,95893.46,95883.46,M5009279,0,0,0,2026-01-08T12:36:45.954655,
TXN-00011564,204,TRANSFER,4853.56,C1000032,0.0,0.0,M5767062,0,0,0,2026-01-08T12:36:45.954732,
TXN-00011565,204,PAYMENT,745.1,C1000008,206762.79,206017.7,M4543480,0,0,0,2026-01-08T12:36:45.954794,
TXN-00011566,204,PAYMENT,1950.66,C1000017,57074.81,55124.15,M1822736,0,0,0,2026-01-08T12:36:45.954858,
TXN-00011567,204,CASH_OUT,35697.27,C1000067,0.0,0.0,M7431584,0,0,0,2026-01-08T12:36:45.954929,
TXN-00011568,204,PAYMENT,2102.56,C1000041,232125.05,230022.49,M9390952,0,0,0,2026-01-08T12:36:45.954994,
TXN-00011569,204,TRANSFER,1129.43,C1000016,148170.82,147041.39,M5494021,0,0,0,2026-01-08T12:36:45.955058,
TXN-00011570,204,TRANSFER,6093.13,C1000040,0.0,0.0,M4143748,0,0,0,2026-01-08T12:36:45.955121,
TXN-00011571,204,PAYMENT,1200.53,C1000096,219662.43,218461.9,M5367309,0,0,0,2026-01-08T12:36:45.955183,
TXN-00011572,204,CASH_OUT,1346.51,C1000084,56628.97,55282.46,M7400668,0,0,0,2026-01-08T12:36:45.955249,
TXN-00011573,204,TRANSFER,49.95,C1000007,43409.95,43360.0,M6527322,0,0,0,2026-01-08T12:36:45.955312,
TXN-00011574,204,CASH_OUT,999.38,C1000055,171194.38,170194.99,M3339515,0,0,0,2026-01-08T12:36:45.955375,
TXN-00011575,204,PAYMENT,10.0,C1000075,441105.33,441095.33,M7058212,0,0,0,2026-01-08T12:36:45.955433,
TXN-00011576,204,PAYMENT,2411.01,C1000021,0.0,0.0,M4341212,0,0,0,2026-01-08T12:36:45.955493,
TXN-00011577,204,TRANSFER,47262.41,C1000053,0.0,0.0,M8050666,0,0,0,2026-01-08T12:36:45.955553,
TXN-00011578,201,CASH_OUT,0.0,C1000044,0.0,0.0,M6649771,0,0,1,2026-01-08T12:36:45.955589,balance_drain
TXN-00011579,204,CASH_OUT,5511.97,C1000002,266287.66,260775.69,M1284451,0,0,0,2026-01-08T12:36:45.955652,
TXN-00011580,204,TRANSFER,4426.02,C1000065,0.0,0.0,M9752364,0,0,0,2026-01-08T12:36:45.955713,
TXN-00011581,204,TRANSFER,10.0,C1000098,215852.31,215842.31,M3001443,0,0,0,2026-01-08T12:36:45.955785,
TXN-00011582,204,CASH_OUT,16300.51,C1000095,0.0,0.0,M6339279,0,0,0,2026-01-08T12:36:45.955849,
TXN-00011583,204,CASH_IN,10.0,C1000081,82645.37,82655.37,M6190201,0,0,0,2026-01-08T12:36:45.956211,
TXN-00011584,204,PAYMENT,25025.63,C1000037,0.0,0.0,M2720521,0,0,0,2026-01-08T12:36:45.956327,
TXN-00011585,204,TRANSFER,10073.44,C1000092,0.0,0.0,M7321399,0,0,0,2026-01-08T12:36:45.956405,
TXN-00011586,204,PAYMENT,3510.78,C1000041,230022.49,226511.7,M9907365,0,0,0,2026-01-08T12:36:45.956475,
TXN-00011587,204,PAYMENT,6519.54,C1000046,0.0,0.0,M3757239,0,0,0,2026-01-08T12:36:45.956542,
TXN-00011588,204,CASH_OUT,3374.45,C1000014,201483.79,198109.34,M5345527,0,0,0,2026-01-08T12:36:45.956635,
TXN-00011589,204,PAYMENT,10.0,C1000098,215842.31,215832.31,M8480131,0,0,0,2026-01-08T12:36:45.956699,
TXN-00011590,204,CASH_OUT,9975.91,C1000092,0.0,0.0,M3323693,0,0,0,2026-01-08T12:36:45.956763,
TXN-00011591,204,DEBIT,1383.62,C1000020,287108.71,285725.1,M7511763,0,0,0,2026-01-08T12:36:45.956833,
TXN-00011592,204,TRANSFER,1478.94,C1000083,187103.3,185624.36,M6194466,0,0,0,2026-01-08T12:36:45.956921,
TXN-00011593,204,TRANSFER,1108.3,C1000007,43360.0,42251.7,M6436224,0,0,0,2026-01-08T12:36:45.956981,
TXN-00011594,204,TRANSFER,10.0,C1000082,0.0,0.0,M3144842,0,0,0,2026-01-08T12:36:45.957044,
TXN-00011595,204,CASH_OUT,20165.64,C1000079,0.0,0.0,M8852080,0,0,0,2026-01-08T12:36:45.957104,
TXN-00011596,204,PAYMENT,10509.33,C1000005,0.0,0.0,M2579371,0,0,0,2026-01-08T12:36:45.957192,
TXN-00011597,204,TRANSFER,27258.19,C1000067,0.0,0.0,M8891221,0,0,0,2026-01-08T12:36:45.957260,
TXN-00011598,204,CASH_IN,70814.86,C1000064,0.0,70814.86,M6643297,0,0,0,2026-01-08T12:36:45.957322,
TXN-00011599,204,PAYMENT,3288.35,C1000062,0.0,0.0,M5810678,0,0,0,2026-01-08T12:36:45.957405,
TXN-00011600,204,PAYMENT,7545.92,C1000099,0.0,0.0,M8763805,0,0,0,2026-01-08T12:36:45.957485,
TXN-00011601,204,PAYMENT,10.0,C1000029,0.0,0.0,M6182476,0,0,0,2026-01-08T12:36:45.957561,
TXN-00011602,204,CASH_OUT,12475.81,C1000031,0.0,0.0,M6576042,0,0,0,2026-01-08T12:36:45.957632,
TXN-00011603,204,TRANSFER,7582.72,C1000005,0.0,0.0,M1984288,0,0,0,2026-01-08T12:36:45.957720,
TXN-00011604,204,PAYMENT,4503.77,C1000010,0.0,0.0,M3184265,0,0,0,2026-01-08T12:36:45.957810,
TXN-00011605,204,PAYMENT,10.0,C1000068,95883.46,95873.46,M4064363,0,0,0,2026-01-08T12:36:45.957896,
TXN-00011606,204,PAYMENT,5286.55,C1000025,0.0,0.0,M8280953,0,0,0,2026-01-08T12:36:45.957993,
TXN-00011607,204,PAYMENT,211.59,C1000055,170194.99,169983.4,M7605058,0,0,0,2026-01-08T12:36:45.958077,
TXN-00011608,204,TRANSFER,2973.77,C1000045,0.0,0.0,M9454013,0,0,0,2026-01-08T12:36:45.958146,
TXN-00011609,196,CASH_OUT,0.0,C1000030,0.0,0.0,M9633908,0,0,1,2026-01-08T12:36:45.958184,balance_drain
TXN-00011610,204,CASH_OUT,7902.55,C1000051,157232.01,149329.46,M8916793,0,0,0,2026-01-08T12:36:45.958275,
TXN-00011611,204,DEBIT,10.0,C1000082,0.0,0.0,M1401248,0,0,0,2026-01-08T12:36:45.958337,
TXN-00011612,204,PAYMENT,6273.96,C1000033,0.0,0.0,M5613524,0,0,0,2026-01-08T12:36:45.958398,
TXN-00011613,204,PAYMENT,2755.84,C1000047,0.0,0.0,M1912934,0,0,0,2026-01-08T12:36:45.958454,
TXN-00011614,204,PAYMENT,704.78,C1000061,234792.33,234087.55,M3556691,0,0,0,2026-01-08T12:36:45.958543,
TXN-00011615,204,TRANSFER,14369.04,C1000005,0.0,0.0,M7582131,0,0,0,2026-01-08T12:36:45.958629,
TXN-00011616,196,TRANSFER,0.0,C1000085,0.0,0.0,M3752859,0,0,1,2026-01-08T12:36:45.958669,balance_drain
TXN-00011617,195,TRANSFER,0.0,C1000019,0.0,0.0,M8866523,0,0,1,2026-01-08T12:36:45.958720,balance_drain
TXN-00011618,204,PAYMENT,1318.36,C1000097,0.0,0.0,M5191516,0,0,0,2026-01-08T12:36:45.958827,
TXN-00011619,204,CASH_OUT,5312.12,C1000062,0.0,0.0,M9444906,0,0,0,2026-01-08T12:36:45.958898,
TXN-00011620,204,CASH_OUT,1522.25,C1000077,82585.11,81062.86,M3031681,0,0,0,2026-01-08T12:36:45.958975,
TXN-00011621,204,CASH_OUT,472.29,C1000038,0.0,0.0,M9227951,0,0,0,2026-01-08T12:36:45.959398,
TXN-00011622,205,CASH_OUT,141062.85,C1000089,141062.85,0.0,M8649184,0,0,1,2026-01-08T12:36:45.959471,balance_drain
TXN-00011623,204,CASH_IN,3599.74,C1000044,0.0,3599.74,M1952611,0,0,0,2026-01-08T12:36:45.959565,
TXN-00011624,204,CASH_OUT,10.0,C1000098,215832.31,215822.31,M4330484,0,0,0,2026-01-08T12:36:45.959764,
TXN-00011625,204,PAYMENT,1623.16,C1000038,0.0,0.0,M9735537,0,0,0,2026-01-08T12:36:45.959871,
TXN-00011626,204,PAYMENT,3751.84,C1000062,0.0,0.0,M6806923,0,0,0,2026-01-08T12:36:45.959944,
TXN-00011627,204,CASH_OUT,653.8,C1000022,13731.27,13077.47,M4574574,0,0,0,2026-01-08T12:36:45.960010,
TXN-00011628,204,TRANSFER,8083.4,C1000091,0.0,0.0,M2162295,0,0,0,2026-01-08T12:36:45.960073,
TXN-00011629,204,PAYMENT,512.83,C1000009,131508.05,130995.22,M6357500,0,0,0,2026-01-08T12:36:45.960134,
TXN-00011630,204,PAYMENT,2906.63,C1000028,0.0,0.0,M8277993,0,0,0,2026-01-08T12:36:45.960195,
TXN-00011631,204,DEBIT,19253.97,C1000019,0.0,0.0,M8737950,0,0,0,2026-01-08T12:36:45.960255,
TXN-00011632,204,PAYMENT,3032.06,C1000026,152209.99,149177.93,M4126682,0,0,0,2026-01-08T12:36:45.960318,
TXN-00011633,204,PAYMENT,3417.71,C1000043,0.0,0.0,M9565261,0,0,0,2026-01-08T12:36:45.960377,
TXN-00011634,204,TRANSFER,618.99,C1000061,234087.55,233468.55,M7893196,0,0,0,2026-01-08T12:36:45.960433,
TXN-00011635,204,PAYMENT,1291.25,C1000098,215822.31,214531.05,M8414364,0,0,0,2026-01-08T12:36:45.960491,
TXN-00011636,204,TRANSFER,10.0,C1000029,0.0,0.0,M4920832,0,0,0,2026-01-08T12:36:45.960547,
TXN-00011637,204,CASH_OUT,2765.04,C1000097,0.0,0.0,M9707401,0,0,0,2026-01-08T12:36:45.960605,
TXN-00011638,195,CASH_OUT,0.0,C1000082,0.0,0.0,M9669083,0,0,1,2026-01-08T12:36:45.960637,balance_drain
TXN-00011639,204,DEBIT,13665.22,C1000063,0.0,0.0,M4257079,0,0,0,2026-01-08T12:36:45.960691,
TXN-00011640,204,TRANSFER,10.0,C1000061,233468.55,233458.55,M4130253,0,0,0,2026-01-08T12:36:45.960747,
TXN-00011641,204,TRANSFER,1337.18,C1000021,0.0,0.0,M2287339,0,0,0,2026-01-08T12:36:45.960802,
TXN-00011642,204,CASH_OUT,898.26,C1000020,285725.1,284826.84,M6658700,0,0,0,2026-01-08T12:36:45.960856,
TXN-00011643,204,CASH_IN,1720.06,C1000086,129578.66,131298.72,M8464190,0,0,0,2026-01-08T12:36:45.960912,
TXN-00011644,204,PAYMENT,10.0,C1000014,198109.34,198099.34,M5768739,0,0,0,2026-01-08T12:36:45.960967,
TXN-00011645,204,PAYMENT,4245.9,C1000091,0.0,0.0,M3780094,0,0,0,2026-01-08T12:36:45.961023,
TXN-00011646,204,CASH_IN,10.0,C1000040,0.0,10.0,M6365350,0,0,0,2026-01-08T12:36:45.961078,
TXN-00011647,204,CASH_IN,3581.89,C1000048,203689.81,207271.7,M8424116,0,0,0,2026-01-08T12:36:45.961131,
TXN-00011648,204,PAYMENT,4496.53,C1000006,153367.45,148870.92,M6021696,0,0,0,2026-01-08T12:36:45.961189,
TXN-00011649,192,CASH_OUT,26273.62,C1000056,26273.62,0.0,M5586055,0,0,1,2026-01-08T12:36:45.961223,balance_drain
TXN-00011650,204,PAYMENT,4589.35,C1000027,0.0,0.0,M5445247,0,0,0,2026-01-08T12:36:45.961283,
TXN-00011651,204,PAYMENT,63.23,C1000007,42251.7,42188.47,M2050487,0,0,0,2026-01-08T12:36:45.961341,
TXN-00011652,204,PAYMENT,17571.32,C1000093,0.0,0.0,M7923795,0,0,0,2026-01-08T12:36:45.961398,
TXN-00011653,204,TRANSFER,1435.36,C1000016,147041.39,145606.03,M4976072,0,0,0,2026-01-08T12:36:45.961453,
TXN-00011654,204,TRANSFER,10.0,C1000040,10.0,0.0,M9678976,0,0,0,2026-01-08T12:36:45.961510,
TXN-00011655,198,CASH_OUT,0.0,C1000024,0.0,0.0,M9970016,0,0,1,2026-01-08T12:36:45.961538,balance_drain
TXN-00011656,204,PAYMENT,6290.08,C1000033,0.0,0.0,M4119671,0,0,0,2026-01-08T12:36:45.961594,
TXN-00011657,204,CASH_IN,20558.51,C1000079,0.0,20558.51,M2579674,0,0,0,2026-01-08T12:36:45.961651,
TXN-00011658,204,PAYMENT,1134.43,C1000044,3599.74,2465.31,M4682731,0,0,0,2026-01-08T12:36:45.961711,
TXN-00011659,192,CASH_OUT,198099.34,C1000014,198099.34,0.0,M4815132,0,0,1,2026-01-08T12:36:45.961740,balance_drain
TXN-00011660,204,TRANSFER,34110.82,C1000073,0.0,0.0,M4057880,0,0,0,2026-01-08T12:36:45.961797,
TXN-00011661,204,DEBIT,2042.24,C1000002,260775.69,258733.45,M2897747,0,0,0,2026-01-08T12:36:45.961854,
TXN-00011662,204,PAYMENT,977.18,C1000066,0.0,0.0,M2768735,0,0,0,2026-01-08T12:36:45.961909,
TXN-00011663,201,CASH_OUT,0.0,C1000042,0.0,0.0,M3965619,0,0,1,2026-01-08T12:36:45.961937,balance_drain
TXN-00011664,204,CASH_OUT,283.66,C1000066,0.0,0.0,M8427781,0,0,0,2026-01-08T12:36:45.961992,
TXN-00011665,204,TRANSFER,1875.38,C1000017,55124.15,53248.76,M4592048,0,0,0,2026-01-08T12:36:45.962048,
TXN-00011666,204,TRANSFER,173206.78,C1000050,0.0,0.0,M2286889,0,0,0,2026-01-08T12:36:45.962105,
TXN-00011667,214,TRANSFER,0.0,C1000028,0.0,0.0,M1798370,0,0,1,2026-01-08T12:36:45.962134,balance_drain
TXN-00011668,204,DEBIT,874.8,C1000066,0.0,0.0,M7454704,0,0,0,2026-01-08T12:36:45.962194,
TXN-00011669,204,TRANSFER,7430.41,C1000099,0.0,0.0,M8187858,0,0,0,2026-01-08T12:36:45.962249,
TXN-00011670,204,TRANSFER,10.0,C1000048,207271.7,207261.7,M2415810,0,0,0,2026-01-08T12:36:45.962309,
TXN-00011671,204,PAYMENT,1858.35,C1000078,0.0,0.0,M9383926,0,0,0,2026-01-08T12:36:45.962367,
TXN-00011672,195,TRANSFER,55170.27,C1000060,55170.27,0.0,M7120209,0,0,1,2026-01-08T12:36:45.962395,balance_drain
TXN-00011673,204,TRANSFER,10.0,C1000075,441095.33,441085.33,M3954002,0,0,0,2026-01-08T12:36:45.962451,
TXN-00011674,196,CASH_OUT,53248.76,C1000017,53248.76,0.0,M9990644,0,0,1,2026-01-08T12:36:45.962480,balance_drain
TXN-00011675,204,CASH_OUT,10.0,C1000021,0.0,0.0,M8978404,0,0,0,2026-01-08T12:36:45.962534,
TXN-00011676,204,PAYMENT,173216.7,C1000050,0.0,0.0,M8097012,0,0,0,2026-01-08T12:36:45.962587,
TXN-00011677,204,TRANSFER,12271.04,C1000015,0.0,0.0,M1686126,0,0,0,2026-01-08T12:36:45.962643,
TXN-00011678,204,PAYMENT,10176.68,C1000013,0.0,0.0,M3590082,0,0,0,2026-01-08T12:36:45.962697,
TXN-00011679,204,TRANSFER,6413.51,C1000010,0.0,0.0,M5161931,0,0,0,2026-01-08T12:36:45.962753,
TXN-00011680,204,TRANSFER,3505.88,C1000006,148870.92,145365.03,M2813277,0,0,0,2026-01-08T12:36:45.962807,
TXN-00011681,204,CASH_OUT,24465.12,C1000037,0.0,0.0,M4811916,0,0,0,2026-01-08T12:36:45.962863,
TXN-00011682,204,PAYMENT,63256.33,C1000042,0.0,0.0,M1841433,0,0,0,2026-01-08T12:36:45.962918,
TXN-00011683,204,CASH_IN,4113.77,C1000065,0.0,4113.77,M8050562,0,0,0,2026-01-08T12:36:45.962972,
TXN-00011684,204,TRANSFER,1689.76,C1000070,0.0,0.0,M9623708,0,0,0,2026-01-08T12:36:45.963027,
TXN-00011685,204,DEBIT,10.0,C1000082,0.0,0.0,M1545576,0,0,0,2026-01-08T12:36:45.963082,
TXN-00011686,204,PAYMENT,9548.02,C1000013,0.0,0.0,M9757086,0,0,0,2026-01-08T12:36:45.963134,
TXN-00011687,204,TRANSFER,35237.32,C1000067,0.0,0.0,M4665890,0,0,0,2026-01-08T12:36:45.963188,
TXN-00011688,204,CASH_OUT,1728.67,C1000090,237837.76,236109.09,M3246831,0,0,0,2026-01-08T12:36:45.963243,
TXN-00011689,204,CASH_OUT,6592.59,C1000088,0.0,0.0,M4504330,0,0,0,2026-01-08T12:36:45.963303,
TXN-00011690,204,PAYMENT,961.65,C1000098,214531.05,213569.4,M8908167,0,0,0,2026-01-08T12:36:45.963357,
TXN-00011691,204,TRANSFER,7712.37,C1000049,0.0,0.0,M4300221,0,0,0,2026-01-08T12:36:45.963412,
TXN-00011692,204,CASH_OUT,750.01,C1000004,209564.5,208814.49,M7534299,0,0,0,2026-01-08T12:36:45.963467,
TXN-00011693,204,TRANSFER,23385.09,C1000037,0.0,0.0,M9200489,0,0,0,2026-01-08T12:36:45.963522,
TXN-00011694,204,CASH_IN,1383.67,C1000049,0.0,1383.67,M2850224,0,0,0,2026-01-08T12:36:45.963577,
TXN-00011695,204,PAYMENT,10.0,C1000057,0.0,0.0,M2797339,0,0,0,2026-01-08T12:36:45.963633,
TXN-00011696,204,TRANSFER,4600.79,C1000097,0.0,0.0,M4882096,0,0,0,2026-01-08T12:36:45.963687,
TXN-00011697,204,PAYMENT,2631.59,C1000045,0.0,0.0,M2589549,0,0,0,2026-01-08T12:36:45.963743,
TXN-00011698,204,DEBIT,2249.89,C1000071,162387.82,160137.93,M7968900,0,0,0,2026-01-08T12:36:45.963802,
TXN-00011699,204,TRANSFER,332.19,C1000077,81062.86,80730.67,M1650553,0,0,0,2026-01-08T12:36:45.963863,
TXN-00011700,204,TRANSFER,36925.04,C1000012,0.0,0.0,M5473063,0,0,0,2026-01-08T12:36:45.963919,
TXN-00011701,204,PAYMENT,10.0,C1000040,0.0,0.0,M7428347,0,0,0,2026-01-08T12:36:45.963976,
TXN-00011702,204,TRANSFER,9091.37,C1000013,0.0,0.0,M8341261,0,0,0,2026-01-08T12:36:45.964030,
TXN-00011703,204,TRANSFER,2014.12,C1000071,160137.93,158123.81,M9970321,0,0,0,2026-01-08T12:36:45.964084,
TXN-00011704,204,TRANSFER,10.0,C1000057,0.0,0.0,M7512065,0,0,0,2026-01-08T12:36:45.964141,
TXN-00011705,204,CASH_OUT,3316.81,C1000055,169983.4,166666.59,M6798061,0,0,0,2026-01-08T12:36:45.964194,
TXN-00011706,204,CASH_OUT,4569.37,C1000065,4113.77,0.0,M3317609,0,0,0,2026-01-08T12:36:45.964249,
TXN-00011707,204,TRANSFER,10.0,C1000082,0.0,0.0,M1199104,0,0,0,2026-01-08T12:36:45.964310,
TXN-00011708,204,PAYMENT,3798.44,C1000028,0.0,0.0,M2870478,0,0,0,2026-01-08T12:36:45.964363,
TXN-00011709,204,PAYMENT,10.0,C1000023,15554.99,15544.99,M8192069,0,0,0,2026-01-08T12:36:45.964419,
TXN-00011710,193,CASH_OUT,0.0,C1000073,0.0,0.0,M9309318,0,0,1,2026-01-08T12:36:45.964451,balance_drain
TXN-00011711,204,CASH_IN,7430.34,C1000011,0.0,7430.34,M7300252,0,0,0,2026-01-08T12:36:45.964506,
TXN-00011712,204,CASH_OUT,19777.75,C1000079,20558.51,780.76,M1553741,0,0,0,2026-01-08T12:36:45.964564,
TXN-00011713,204,TRANSFER,9187.36,C1000074,0.0,0.0,M5750796,0,0,0,2026-01-08T12:36:45.964621,
TXN-00011714,204,CASH_OUT,17888.14,C1000076,0.0,0.0,M7403735,0,0,0,2026-01-08T12:36:45.964677,
TXN-00011715,204,PAYMENT,11367.68,C1000005,0.0,0.0,M8145906,0,0,0,2026-01-08T12:36:45.964732,
TXN-00011716,204,CASH_OUT,5117.15,C1000025,0.0,0.0,M6056621,0,0,0,2026-01-08T12:36:45.964787,
TXN-00011717,204,CASH_OUT,17792.78,C1000093,0.0,0.0,M8501955,0,0,0,2026-01-08T12:36:45.964841,
TXN-00011718,211,CASH_OUT,0.0,C1000028,0.0,0.0,M7310398,0,0,1,2026-01-08T12:36:45.964871,balance_drain
TXN-00011719,204,TRANSFER,16798.75,C1000079,780.76,0.0,M8033439,0,0,0,2026-01-08T12:36:45.964928,
TXN-00011720,204,PAYMENT,10.0,C1000048,207261.7,207251.7,M2061995,0,0,0,2026-01-08T12:36:45.964984,
TXN-00011721,204,TRANSFER,2413.09,C1000069,35465.64,33052.56,M4971773,0,0,0,2026-01-08T12:36:45.965039,
TXN-00011722,204,TRANSFER,3193.72,C1000006,145365.03,142171.31,M8233978,0,0,0,2026-01-08T12:36:45.965094,
TXN-00011723,204,TRANSFER,1857.75,C1000021,0.0,0.0,M7035775,0,0,0,2026-01-08T12:36:45.965150,
TXN-00011724,204,CASH_OUT,17988.15,C1000093,0.0,0.0,M8964149,0,0,0,2026-01-08T12:36:45.965204,
TXN-00011725,204,TRANSFER,41.62,C1000089,141062.85,141021.22,M3764351,0,0,0,2026-01-08T12:36:45.965268,
TXN-00011726,204,CASH_OUT,10196.67,C1000031,0.0,0.0,M6282137,0,0,0,2026-01-08T12:36:45.965446,
TXN-00011727,204,PAYMENT,3059.83,C1000030,0.0,0.0,M6861008,0,0,0,2026-01-08T12:36:45.965519,
TXN-00011728,204,PAYMENT,629.76,C1000001,71078.19,70448.43,M7123325,0,0,0,2026-01-08T12:36:45.965583,
TXN-00011729,204,DEBIT,7867.49,C1000054,0.0,0.0,M2107771,0,0,0,2026-01-08T12:36:45.965650,
TXN-00011730,212,TRANSFER,441085.33,C1000075,441085.33,0.0,M2225889,0,0,1,2026-01-08T12:36:45.965682,balance_drain
TXN-00011731,204,PAYMENT,19822.93,C1000019,0.0,0.0,M9107993,0,0,0,2026-01-08T12:36:45.965749,
TXN-00011732,204,CASH_OUT,5246.74,C1000003,0.0,0.0,M7556926,0,0,0,2026-01-08T12:36:45.965812,
TXN-00011733,204,PAYMENT,1329.85,C1000061,233458.55,232128.71,M5062455,0,0,0,2026-01-08T12:36:45.965869,
TXN-00011734,204,CASH_IN,1408.3,C1000001,70448.43,71856.73,M5734456,0,0,0,2026-01-08T12:36:45.965925,
TXN-00011735,204,CASH_OUT,4471.21,C1000010,0.0,0.0,M9953606,0,0,0,2026-01-08T12:36:45.965988,
TXN-00011736,196,TRANSFER,0.0,C1000029,0.0,0.0,M2444961,0,0,1,2026-01-08T12:36:45.966018,balance_drain
TXN-00011737,204,TRANSFER,2335.8,C1000021,0.0,0.0,M3419666,0,0,0,2026-01-08T12:36:45.966082,
TXN-00011738,214,CASH_OUT,258733.45,C1000002,258733.45,0.0,M8047675,0,0,1,2026-01-08T12:36:45.966112,balance_drain
TXN-00011739,204,PAYMENT,263.77,C1000094,179723.77,179460.01,M8965249,0,0,0,2026-01-08T12:36:45.966246,
TXN-00011740,204,TRANSFER,5109.55,C1000032,0.0,0.0,M2715514,0,0,0,2026-01-08T12:36:45.966332,
TXN-00011741,204,DEBIT,23094.85,C1000024,0.0,0.0,M7152028,0,0,0,2026-01-08T12:36:45.966405,
TXN-00011742,204,PAYMENT,10076.49,C1000013,0.0,0.0,M5575397,0,0,0,2026-01-08T12:36:45.966474,
TXN-00011743,204,PAYMENT,415.4,C1000085,0.0,0.0,M2292300,0,0,0,2026-01-08T12:36:45.966542,
TXN-00011744,204,PAYMENT,10.0,C1000004,208814.49,208804.49,M9844373,0,0,0,2026-01-08T12:36:45.966608,
TXN-00011745,204,PAYMENT,13721.14,C1000063,0.0,0.0,M9575106,0,0,0,2026-01-08T12:36:45.966681,
TXN-00011746,204,PAYMENT,2585.51,C1000028,0.0,0.0,M9701188,0,0,0,2026-01-08T12:36:45.966752,
TXN-00011747,204,TRANSFER,2704.75,C1000021,0.0,0.0,M8540803,0,0,0,2026-01-08T12:36:45.966830,
TXN-00011748,204,TRANSFER,26239.08,C1000056,26273.62,34.55,M9718235,0,0,0,2026-01-08T12:36:45.966898,
TXN-00011749,204,DEBIT,8287.86,C1000074,0.0,0.0,M5437064,0,0,0,2026-01-08T12:36:45.966967,
TXN-00011750,204,PAYMENT,24663.02,C1000037,0.0,0.0,M3398160,0,0,0,2026-01-08T12:36:45.967034,
TXN-00011751,204,DEBIT,10.0,C1000001,71856.73,71846.73,M7844269,0,0,0,2026-01-08T12:36:45.967104,
TXN-00011752,204,TRANSFER,35778.55,C1000073,0.0,0.0,M9862926,0,0,0,2026-01-08T12:36:45.967168,
TXN-00011753,204,TRANSFER,760.86,C1000021,0.0,0.0,M6918877,0,0,0,2026-01-08T12:36:45.967232,
TXN-00011754,204,TRANSFER,10.0,C1000072,0.0,0.0,M1591241,0,0,0,2026-01-08T12:36:45.967294,
TXN-00011755,204,DEBIT,4802.19,C1000030,0.0,0.0,M1354296,0,0,0,2026-01-08T12:36:45.967354,
TXN-00011756,204,PAYMENT,9574.58,C1000013,0.0,0.0,M2044357,0,0,0,2026-01-08T12:36:45.967416,
TXN-00011757,204,CASH_OUT,3257.15,C1000084,55282.46,52025.31,M9108009,0,0,0,2026-01-08T12:36:45.967478,
TXN-00011758,204,TRANSFER,6499.24,C1000062,0.0,0.0,M5662237,0,0,0,2026-01-08T12:36:45.967545,
TXN-00011759,204,CASH_IN,740.99,C1000075,441085.33,441826.32,M7538941,0,0,0,2026-01-08T12:36:45.967615,
TXN-00011760,204,TRANSFER,37385.83,C1000012,0.0,0.0,M4799716,0,0,0,2026-01-08T12:36:45.967683,
TXN-00011761,204,DEBIT,18136.51,C1000079,0.0,0.0,M7788422,0,0,0,2026-01-08T12:36:45.967744,
TXN-00011762,204,PAYMENT,2044.01,C1000017,53248.76,51204.75,M6269606,0,0,0,2026-01-08T12:36:45.967810,
TXN-00011763,204,TRANSFER,5151.93,C1000059,0.0,0.0,M6982524,0,0,0,2026-01-08T12:36:45.967866,
TXN-00011764,204,PAYMENT,1570.86,C1000030,0.0,0.0,M5279672,0,0,0,2026-01-08T12:36:45.967922,
TXN-00011765,204,TRANSFER,1662.6,C1000043,0.0,0.0,M3175824,0,0,0,2026-01-08T12:36:45.967979,
TXN-00011766,204,PAYMENT,1746.04,C1000041,226511.7,224765.66,M4563323,0,0,0,2026-01-08T12:36:45.968034,
TXN-00011767,204,CASH_IN,19626.18,C1000019,0.0,19626.18,M6957233,0,0,0,2026-01-08T12:36:45.968091,
TXN-00011768,204,PAYMENT,47419.06,C1000053,0.0,0.0,M1195486,0,0,0,2026-01-08T12:36:45.968164,
TXN-00011769,204,CASH_OUT,7299.77,C1000099,0.0,0.0,M4562954,0,0,0,2026-01-08T12:36:45.968219,
TXN-00011770,204,TRANSFER,24727.9,C1000037,0.0,0.0,M6196267,0,0,0,2026-01-08T12:36:45.968281,
TXN-00011771,204,TRANSFER,10.0,C1000023,15544.99,15534.99,M8072773,0,0,0,2026-01-08T12:36:45.968340,
TXN-00011772,204,TRANSFER,1845.18,C1000017,51204.75,49359.57,M4815840,0,0,0,2026-01-08T12:36:45.968398,
TXN-00011773,204,TRANSFER,2562.98,C1000030,0.0,0.0,M2207174,0,0,0,2026-01-08T12:36:45.968454,
TXN-00011774,194,CASH_OUT,0.0,C1000078,0.0,0.0,M9963884,0,0,1,2026-01-08T12:36:45.968487,balance_drain
TXN-00011775,204,CASH_OUT,2292.04,C1000098,213569.4,211277.36,M1644835,0,0,0,2026-01-08T12:36:45.968544,
TXN-00011776,204,PAYMENT,1426.22,C1000077,80730.67,79304.45,M1305961,0,0,0,2026-01-08T12:36:45.968602,
TXN-00011777,204,CASH_OUT,17592.55,C1000076,0.0,0.0,M1544528,0,0,0,2026-01-08T12:36:45.968659,
TXN-00011778,204,TRANSFER,6495.76,C1000011,7430.34,934.58,M3818194,0,0,0,2026-01-08T12:36:45.968714,
TXN-00011779,207,TRANSFER,0.0,C1000074,0.0,0.0,M5733507,0,0,1,2026-01-08T12:36:45.968748,balance_drain
TXN-00011780,204,DEBIT,10.0,C1000004,208804.49,208794.49,M2148302,0,0,0,2026-01-08T12:36:45.968826,
TXN-00011781,204,PAYMENT,161.96,C1000089,141021.22,140859.26,M1390073,0,0,0,2026-01-08T12:36:45.968885,
TXN-00011782,204,CASH_OUT,3568.17,C1000028,0.0,0.0,M1302231,0,0,0,2026-01-08T12:36:45.968944,
TXN-00011783,204,CASH_OUT,4309.5,C1000027,0.0,0.0,M8314010,0,0,0,2026-01-08T12:36:45.968998,
TXN-00011784,204,PAYMENT,2769.54,C1000007,42188.47,39418.92,M3797285,0,0,0,2026-01-08T12:36:45.969054,
TXN-00011785,204,CASH_OUT,2115.61,C1000044,2465.31,349.7,M1929045,0,0,0,2026-01-08T12:36:45.969112,
TXN-00011786,204,TRANSFER,8646.71,C1000039,291.18,0.0,M4356695,0,0,0,2026-01-08T12:36:45.969169,
TXN-00011787,204,PAYMENT,4662.66,C1000027,0.0,0.0,M9854218,0,0,0,2026-01-08T12:36:45.969238,
TXN-00011788,202,TRANSFER,0.0,C1000053,0.0,0.0,M7605200,0,0,1,2026-01-08T12:36:45.969268,balance_drain
TXN-00011789,204,CASH_OUT,1372.38,C1000081,82655.37,81282.99,M8514062,0,0,0,2026-01-08T12:36:45.969341,
TXN-00011790,204,PAYMENT,4847.36,C1000002,258733.45,253886.09,M7774531,0,0,0,2026-01-08T12:36:45.969401,
TXN-00011791,204,TRANSFER,7271.71,C1000099,0.0,0.0,M9105691,0,0,0,2026-01-08T12:36:45.969464,
TXN-00011792,204,PAYMENT,2070.59,C1000069,33052.56,30981.97,M9034038,0,0,0,2026-01-08T12:36:45.969527,
TXN-00011793,204,PAYMENT,8148.63,C1000039,0.0,0.0,M3698471,0,0,0,2026-01-08T12:36:45.969595,
TXN-00011794,204,CASH_OUT,11786.58,C1000013,0.0,0.0,M5011706,0,0,0,2026-01-08T12:36:45.969662,
TXN-00011795,204,PAYMENT,6157.53,C1000082,0.0,0.0,M7791445,0,0,0,2026-01-08T12:36:45.969731,
TXN-00011796,204,PAYMENT,499.67,C1000004,208794.49,208294.82,M8243901,0,0,0,2026-01-08T12:36:45.969804,
TXN-00011797,204,CASH_OUT,22851.28,C1000067,0.0,0.0,M6036199,0,0,0,2026-01-08T12:36:45.969871,
TXN-00011798,204,TRANSFER,4690.58,C1000084,52025.31,47334.73,M4985164,0,0,0,2026-01-08T12:36:45.969935,
TXN-00011799,204,PAYMENT,364.3,C1000066,0.0,0.0,M4194252,0,0,0,2026-01-08T12:36:45.969998,
TXN-00011800,204,CASH_IN,8782.76,C1000036,0.0,8782.76,M9936495,0,0,0,2026-01-08T12:36:45.970060,
TXN-00011801,204,TRANSFER,2074.07,C1000090,236109.09,234035.02,M3957105,0,0,0,2026-01-08T12:36:45.970122,
TXN-00011802,204,PAYMENT,10.0,C1000048,207251.7,207241.7,M1601769,0,0,0,2026-01-08T12:36:45.970188,
TXN-00011803,204,TRANSFER,1263.91,C1000071,158123.81,156859.9,M8463765,0,0,0,2026-01-08T12:36:45.970255,
TXN-00011804,204,DEBIT,3281.1,C1000085,0.0,0.0,M8960035,0,0,0,2026-01-08T12:36:45.970329,
TXN-00011805,204,PAYMENT,45034.96,C1000053,0.0,0.0,M7800457,0,0,0,2026-01-08T12:36:45.970393,
TXN-00011806,204,TRANSFER,423.12,C1000022,13077.47,12654.35,M2510497,0,0,0,2026-01-08T12:36:45.970460,
TXN-00011807,204,PAYMENT,374.48,C1000009,130995.22,130620.74,M7145526,0,0,0,2026-01-08T12:36:45.970528,
TXN-00011808,204,TRANSFER,3566.28,C1000010,0.0,0.0,M1539682,0,0,0,2026-01-08T12:36:45.970595,
TXN-00011809,194,CASH_OUT,0.0,C1000015,0.0,0.0,M2902909,0,0,1,2026-01-08T12:36:45.970631,balance_drain
TXN-00011810,204,CASH_OUT,25130.68,C1000037,0.0,0.0,M1232456,0,0,0,2026-01-08T12:36:45.970699,
TXN-00011811,204,CASH_IN,34072.62,C1000073,0.0,34072.62,M6207082,0,0,0,2026-01-08T12:36:45.970773,
TXN-00011812,204,TRANSFER,3937.92,C1000051,149329.46,145391.55,M1525984,0,0,0,2026-01-08T12:36:45.970841,
TXN-00011813,204,DEBIT,19602.83,C1000019,19626.18,23.35,M1614451,0,0,0,2026-01-08T12:36:45.970973,
TXN-00011814,204,CASH_OUT,1482.24,C1000044,349.7,0.0,M4596970,0,0,0,2026-01-08T12:36:45.971075,
TXN-00011815,204,CASH_OUT,45929.25,C1000053,0.0,0.0,M2753193,0,0,0,2026-01-08T12:36:45.971180,
TXN-00011816,204,TRANSFER,2648.78,C1000026,149177.93,146529.15,M1912315,0,0,0,2026-01-08T12:36:45.971260,
TXN-00011817,204,TRANSFER,2116.44,C1000030,0.0,0.0,M6187299,0,0,0,2026-01-08T12:36:45.971468,
TXN-00011818,204,PAYMENT,4127.65,C1000065,0.0,0.0,M4691630,0,0,0,2026-01-08T12:36:45.971565,
TXN-00011819,204,TRANSFER,2596.16,C1000081,81282.99,78686.83,M4711815,0,0,0,2026-01-08T12:36:45.971647,
TXN-00011820,204,CASH_OUT,26986.22,C1000064,70814.86,43828.64,M5789509,0,0,0,2026-01-08T12:36:45.971728,
TXN-00011821,204,CASH_OUT,4637.49,C1000027,0.0,0.0,M4157455,0,0,0,2026-01-08T12:36:45.972108,
TXN-00011822,204,CASH_OUT,474.68,C1000094,179460.01,178985.33,M4236715,0,0,0,2026-01-08T12:36:45.972534,
TXN-00011823,204,CASH_OUT,10.0,C1000061,232128.71,232118.71,M1328573,0,0,0,2026-01-08T12:36:45.972913,
TXN-00011824,204,PAYMENT,4697.34,C1000065,0.0,0.0,M8808538,0,0,0,2026-01-08T12:36:45.973008,
TXN-00011825,204,CASH_OUT,5307.02,C1000052,0.0,0.0,M7487534,0,0,0,2026-01-08T12:36:45.973071,
TXN-00011826,204,TRANSFER,7495.71,C1000099,0.0,0.0,M6356540,0,0,0,2026-01-08T12:36:45.973126,
TXN-00011827,204,DEBIT,18563.99,C1000019,23.35,0.0,M2195773,0,0,0,2026-01-08T12:36:45.973183,
TXN-00011828,204,TRANSFER,4355.92,C1000074,0.0,0.0,M4051625,0,0,0,2026-01-08T12:36:45.973244,
TXN-00011829,204,TRANSFER,3333.57,C1000026,146529.15,143195.58,M5773716,0,0,0,2026-01-08T12:36:45.973301,
TXN-00011830,204,CASH_OUT,934.15,C1000001,71846.73,70912.58,M5071528,0,0,0,2026-01-08T12:36:45.973358,
TXN-00011831,204,DEBIT,17878.48,C1000093,0.0,0.0,M2719668,0,0,0,2026-01-08T12:36:45.973415,
TXN-00011832,204,DEBIT,5143.87,C1000052,0.0,0.0,M4619788,0,0,0,2026-01-08T12:36:45.973466,
TXN-00011833,204,DEBIT,2202.78,C1000097,0.0,0.0,M5978123,0,0,0,2026-01-08T12:36:45.973516,
TXN-00011834,204,CASH_OUT,1364.2,C1000016,145606.03,144241.83,M4778280,0,0,0,2026-01-08T12:36:45.973574,
TXN-00011835,204,CASH_IN,1041.54,C1000001,70912.58,71954.13,M6329332,0,0,0,2026-01-08T12:36:45.973627,
TXN-00011836,204,TRANSFER,10.0,C1000089,140859.26,140849.26,M6557267,0,0,0,2026-01-08T12:36:45.973683,
TXN-00011837,204,TRANSFER,19611.82,C1000095,0.0,0.0,M9680200,0,0,0,2026-01-08T12:36:45.973732,
TXN-00011838,204,CASH_OUT,10.0,C1000047,0.0,0.0,M1421536,0,0,0,2026-01-08T12:36:45.973794,
TXN-00011839,204,TRANSFER,867.94,C1000004,208294.82,207426.88,M1207232,0,0,0,2026-01-08T12:36:45.973845,
TXN-00011840,204,TRANSFER,49269.09,C1000053,0.0,0.0,M5584259,0,0,0,2026-01-08T12:36:45.973900,
TXN-00011841,204,PAYMENT,10.0,C1000040,0.0,0.0,M2975620,0,0,0,2026-01-08T12:36:45.973955,
TXN-00011842,204,PAYMENT,1926.62,C1000089,140849.26,138922.64,M3914067,0,0,0,2026-01-08T12:36:45.974005,
TXN-00011843,204,TRANSFER,20829.22,C1000095,0.0,0.0,M8970855,0,0,0,2026-01-08T12:36:45.974060,
TXN-00011844,204,TRANSFER,4440.23,C1000033,0.0,0.0,M8444451,0,0,0,2026-01-08T12:36:45.974114,
TXN-00011845,204,PAYMENT,2144.07,C1000044,0.0,0.0,M7538425,0,0,0,2026-01-08T12:36:45.974166,
TXN-00011846,204,DEBIT,6707.07,C1000049,1383.67,0.0,M1842119,0,0,0,2026-01-08T12:36:45.974220,
TXN-00011847,204,PAYMENT,5558.08,C1000059,0.0,0.0,M3967238,0,0,0,2026-01-08T12:36:45.974275,
TXN-00011848,204,CASH_OUT,10.0,C1000085,0.0,0.0,M6336312,0,0,0,2026-01-08T12:36:45.974328,
TXN-00011849,204,CASH_OUT,7300.94,C1000011,934.58,0.0,M9194261,0,0,0,2026-01-08T12:36:45.974377,
TXN-00011850,204,DEBIT,5100.67,C1000025,0.0,0.0,M5367989,0,0,0,2026-01-08T12:36:45.974430,
TXN-00011851,204,PAYMENT,1932.25,C1000051,145391.55,143459.3,M9773965,0,0,0,2026-01-08T12:36:45.974483,
TXN-00011852,204,CASH_OUT,5011.38,C1000027,0.0,0.0,M8914390,0,0,0,2026-01-08T12:36:45.974537,
TXN-00011853,204,DEBIT,35672.59,C1000073,34072.62,0.0,M9181688,0,0,0,2026-01-08T12:36:45.974591,
TXN-00011854,204,TRANSFER,1646.06,C1000081,78686.83,77040.77,M7757667,0,0,0,2026-01-08T12:36:45.974644,
TXN-00011855,204,PAYMENT,337.44,C1000034,72996.87,72659.42,M9297565,0,0,0,2026-01-08T12:36:45.974695,
TXN-00011856,204,CASH_OUT,3331.59,C1000087,137997.66,134666.07,M6789882,0,0,0,2026-01-08T12:36:45.974757,
TXN-00011857,204,PAYMENT,10.0,C1000034,72659.42,72649.42,M8701992,0,0,0,2026-01-08T12:36:45.974811,
TXN-00011858,204,PAYMENT,10.0,C1000055,166666.59,166656.59,M4300943,0,0,0,2026-01-08T12:36:45.974864,
TXN-00011859,204,PAYMENT,3362.15,C1000087,134666.07,131303.92,M4930610,0,0,0,2026-01-08T12:36:45.974916,
TXN-00011860,204,PAYMENT,13779.11,C1000063,0.0,0.0,M4634812,0,0,0,2026-01-08T12:36:45.974971,
TXN-00011861,204,CASH_OUT,963.26,C1000008,206017.7,205054.44,M6898656,0,0,0,2026-01-08T12:36:45.975023,
TXN-00011862,204,CASH_OUT,20425.25,C1000019,0.0,0.0,M6353754,0,0,0,2026-01-08T12:36:45.975081,
TXN-00011863,204,CASH_IN,970.47,C1000038,0.0,970.47,M6558439,0,0,0,2026-01-08T12:36:45.975135,
TXN-00011864,204,PAYMENT,5517.52,C1000046,0.0,0.0,M9583648,0,0,0,2026-01-08T12:36:45.975190,
TXN-00011865,204,CASH_OUT,1587.0,C1000016,144241.83,142654.83,M9848793,0,0,0,2026-01-08T12:36:45.975243,
TXN-00011866,204,DEBIT,4710.01,C1000084,47334.73,42624.73,M5943283,0,0,0,2026-01-08T12:36:45.975297,
TXN-00011867,204,TRANSFER,4597.21,C1000065,0.0,0.0,M8188184,0,0,0,2026-01-08T12:36:45.975351,
TXN-00011868,204,CASH_OUT,3906.74,C1000044,0.0,0.0,M4935188,0,0,0,2026-01-08T12:36:45.975404,
TXN-00011869,204,TRANSFER,6386.78,C1000051,143459.3,137072.52,M9236528,0,0,0,2026-01-08T12:36:45.975455,
TXN-00011870,204,PAYMENT,19254.24,C1000079,0.0,0.0,M3784196,0,0,0,2026-01-08T12:36:45.975511,
TXN-00011871,204,CASH_OUT,13632.82,C1000063,0.0,0.0,M1651162,0,0,0,2026-01-08T12:36:45.975560,
TXN-00011872,210,CASH_OUT,0.0,C1000012,0.0,0.0,M8827929,0,0,1,2026-01-08T12:36:45.975587,balance_drain
TXN-00011873,204,TRANSFER,890.07,C1000071,156859.9,155969.83,M7441454,0,0,0,2026-01-08T12:36:45.975636,
TXN-00011874,204,TRANSFER,20881.67,C1000095,0.0,0.0,M9001473,0,0,0,2026-01-08T12:36:45.975993,
TXN-00011875,204,CASH_OUT,3829.24,C1000062,0.0,0.0,M3876237,0,0,0,2026-01-08T12:36:45.976164,
TXN-00011876,204,TRANSFER,2011.22,C1000086,131298.72,129287.5,M7097413,0,0,0,2026-01-08T12:36:45.976270,
TXN-00011877,210,TRANSFER,142171.31,C1000006,142171.31,0.0,M8826600,0,0,1,2026-01-08T12:36:45.976398,balance_drain
TXN-00011878,204,TRANSFER,10.0,C1000022,12654.35,12644.35,M2195840,0,0,0,2026-01-08T12:36:45.976586,
TXN-00011879,204,CASH_OUT,3175.21,C1000062,0.0,0.0,M7999938,0,0,0,2026-01-08T12:36:45.976705,
TXN-00011880,204,CASH_OUT,10.0,C1000034,72649.42,72639.42,M4886675,0,0,0,2026-01-08T12:36:45.976799,
TXN-00011881,204,TRANSFER,10.0,C1000080,0.0,0.0,M7446802,0,0,0,2026-01-08T12:36:45.976872,
TXN-00011882,205,CASH_OUT,253886.09,C1000002,253886.09,0.0,M6262289,0,0,1,2026-01-08T12:36:45.976909,balance_drain
TXN-00011883,204,CASH_IN,2884.09,C1000055,166656.59,169540.67,M2127166,0,0,0,2026-01-08T12:36:45.976982,
TXN-00011884,204,PAYMENT,1767.51,C1000086,129287.5,127519.99,M3186209,0,0,0,2026-01-08T12:36:45.977051,
TXN-00011885,204,PAYMENT,2434.74,C1000069,30981.97,28547.23,M8728366,0,0,0,2026-01-08T12:36:45.977120,
TXN-00011886,204,TRANSFER,10.0,C1000075,441826.32,441816.32,M6573525,0,0,0,2026-01-08T12:36:45.977178,
TXN-00011887,204,PAYMENT,6196.75,C1000046,0.0,0.0,M6982000,0,0,0,2026-01-08T12:36:45.977246,
TXN-00011888,204,PAYMENT,8319.62,C1000039,0.0,0.0,M3473704,0,0,0,2026-01-08T12:36:45.977313,
TXN-00011889,204,DEBIT,39756.0,C1000012,0.0,0.0,M1030802,0,0,0,2026-01-08T12:36:45.977374,
TXN-00011890,204,CASH_OUT,5709.01,C1000059,0.0,0.0,M8680800,0,0,0,2026-01-08T12:36:45.977437,
TXN-00011891,204,CASH_OUT,11960.69,C1000082,0.0,0.0,M5485649,0,0,0,2026-01-08T12:36:45.977498,
TXN-00011892,204,TRANSFER,3074.79,C1000041,224765.66,221690.87,M3720175,0,0,0,2026-01-08T12:36:45.977566,
TXN-00011893,204,TRANSFER,6961.98,C1000088,0.0,0.0,M6852947,0,0,0,2026-01-08T12:36:45.977648,
TXN-00011894,204,DEBIT,10.0,C1000034,72639.42,72629.42,M2868282,0,0,0,2026-01-08T12:36:45.977714,
TXN-00011895,211,TRANSFER,142171.31,C1000006,142171.31,0.0,M7594360,0,0,1,2026-01-08T12:36:45.977753,balance_drain
TXN-00011896,204,TRANSFER,130620.74,C1000009,130620.74,0.0,M4249859,0,0,1,2026-01-08T12:36:45.977845,balance_drain
TXN-00011897,194,TRANSFER,284826.84,C1000020,284826.84,0.0,M7270204,0,0,1,2026-01-08T12:36:45.977918,balance_drain
TXN-00011898,204,TRANSFER,10.0,C1000082,0.0,0.0,M9296375,0,0,0,2026-01-08T12:36:45.978116,
TXN-00011899,204,CASH_OUT,8756.55,C1000039,0.0,0.0,M2401503,0,0,0,2026-01-08T12:36:45.978185,
TXN-00011900,204,DEBIT,2419.31,C1000030,0.0,0.0,M5443953,0,0,0,2026-01-08T12:36:45.978246,
TXN-00011901,204,TRANSFER,1868.91,C1000091,0.0,0.0,M6578564,0,0,0,2026-01-08T12:36:45.978304,
TXN-00011902,204,PAYMENT,6795.42,C1000011,0.0,0.0,M1985668,0,0,0,2026-01-08T12:36:45.978363,
TXN-00011903,204,PAYMENT,2726.82,C1000010,0.0,0.0,M6444265,0,0,0,2026-01-08T12:36:45.978415,
TXN-00011904,204,TRANSFER,3180.64,C1000006,142171.31,138990.68,M7590135,0,0,0,2026-01-08T12:36:45.978472,
TXN-00011905,204,CASH_IN,470.53,C1000075,441816.32,442286.85,M2350129,0,0,0,2026-01-08T12:36:45.978532,
TXN-00011906,204,TRANSFER,10.0,C1000022,12644.35,12634.35,M6287560,0,0,0,2026-01-08T12:36:45.978592,
TXN-00011907,204,CASH_OUT,10.0,C1000061,232118.71,232108.71,M1265811,0,0,0,2026-01-08T12:36:45.978649,
TXN-00011908,204,TRANSFER,2218.7,C1000051,137072.52,134853.81,M4494345,0,0,0,2026-01-08T12:36:45.978705,
TXN-00011909,194,CASH_OUT,0.0,C1000050,0.0,0.0,M1751540,0,0,1,2026-01-08T12:36:45.978737,balance_drain
TXN-00011910,204,PAYMENT,13047.53,C1000054,0.0,0.0,M9021225,0,0,0,2026-01-08T12:36:45.978800,
TXN-00011911,204,TRANSFER,8421.27,C1000036,8782.76,361.49,M4058780,0,0,0,2026-01-08T12:36:45.978862,
TXN-00011912,204,TRANSFER,234035.02,C1000090,234035.02,0.0,M4033765,0,0,1,2026-01-08T12:36:45.978892,balance_drain
TXN-00011913,204,PAYMENT,4330.77,C1000027,0.0,0.0,M1647982,0,0,0,2026-01-08T12:36:45.978951,
TXN-00011914,204,PAYMENT,47353.3,C1000053,0.0,0.0,M2130090,0,0,0,2026-01-08T12:36:45.979008,
TXN-00011915,204,TRANSFER,10048.09,C1000092,0.0,0.0,M2653303,0,0,0,2026-01-08T12:36:45.979067,
TXN-00011916,204,PAYMENT,2870.9,C1000026,143195.58,140324.69,M8735835,0,0,0,2026-01-08T12:36:45.979130,
TXN-00011917,204,PAYMENT,10.0,C1000023,15534.99,15524.99,M3491209,0,0,0,2026-01-08T12:36:45.979194,
TXN-00011918,204,PAYMENT,10.0,C1000021,0.0,0.0,M8361772,0,0,0,2026-01-08T12:36:45.979256,
TXN-00011919,204,PAYMENT,26299.16,C1000056,34.55,0.0,M6818518,0,0,0,2026-01-08T12:36:45.979314,
TXN-00011920,205,CASH_OUT,130620.74,C1000009,130620.74,0.0,M5568168,0,0,1,2026-01-08T12:36:45.979346,balance_drain
TXN-00011921,204,PAYMENT,1730.64,C1000077,79304.45,77573.81,M6088089,0,0,0,2026-01-08T12:36:45.979409,
TXN-00011922,204,CASH_OUT,8833.15,C1000051,134853.81,126020.66,M3787014,0,0,0,2026-01-08T12:36:45.979470,
TXN-00011923,204,PAYMENT,1565.52,C1000062,0.0,0.0,M4556377,0,0,0,2026-01-08T12:36:45.979532,
TXN-00011924,204,PAYMENT,10.0,C1000061,232108.71,232098.71,M2749676,0,0,0,2026-01-08T12:36:45.979594,
TXN-00011925,204,CASH_IN,2591.72,C1000040,0.0,2591.72,M3108380,0,0,0,2026-01-08T12:36:45.979657,
TXN-00011926,204,PAYMENT,1054.08,C1000071,155969.83,154915.75,M7570974,0,0,0,2026-01-08T12:36:45.979720,
TXN-00011927,204,TRANSFER,1301.96,C1000097,0.0,0.0,M8456937,0,0,0,2026-01-08T12:36:45.979789,
TXN-00011928,204,PAYMENT,4617.07,C1000032,0.0,0.0,M6476561,0,0,0,2026-01-08T12:36:45.979849,
TXN-00011929,204,TRANSFER,1848.83,C1000007,39418.92,37570.09,M3414691,0,0,0,2026-01-08T12:36:45.979908,
TXN-00011930,204,TRANSFER,2047.14,C1000017,49359.57,47312.43,M3122952,0,0,0,2026-01-08T12:36:45.979967,
TXN-00011931,204,CASH_OUT,4808.39,C1000096,218461.9,213653.51,M4626313,0,0,0,2026-01-08T12:36:45.980027,
TXN-00011932,214,TRANSFER,0.0,C1000097,0.0,0.0,M4799305,0,0,1,2026-01-08T12:36:45.980060,balance_drain
TXN-00011933,201,CASH_OUT,138990.68,C1000006,138990.68,0.0,M4224742,0,0,1,2026-01-08T12:36:45.980087,balance_drain
TXN-00011934,199,TRANSFER,0.0,C1000074,0.0,0.0,M7838395,0,0,1,2026-01-08T12:36:45.980112,balance_drain
TXN-00011935,204,DEBIT,2023.22,C1000043,0.0,0.0,M3221939,0,0,0,2026-01-08T12:36:45.980176,
TXN-00011936,204,PAYMENT,34589.11,C1000073,0.0,0.0,M9592657,0,0,0,2026-01-08T12:36:45.980235,
TXN-00011937,204,DEBIT,1780.59,C1000096,213653.51,211872.92,M8207160,0,0,0,2026-01-08T12:36:45.980291,
TXN-00011938,204,DEBIT,5059.03,C1000059,0.0,0.0,M7554036,0,0,0,2026-01-08T12:36:45.980348,
TXN-00011939,204,PAYMENT,20443.82,C1000079,0.0,0.0,M9357176,0,0,0,2026-01-08T12:36:45.980404,
TXN-00011940,204,PAYMENT,15042.41,C1000054,0.0,0.0,M2382327,0,0,0,2026-01-08T12:36:45.980462,
TXN-00011941,204,PAYMENT,11409.02,C1000015,0.0,0.0,M6980742,0,0,0,2026-01-08T12:36:45.980518,
TXN-00011942,211,CASH_OUT,0.0,C1000076,0.0,0.0,M4743565,0,0,1,2026-01-08T12:36:45.980546,balance_drain
TXN-00011943,204,TRANSFER,6144.02,C1000088,0.0,0.0,M2355839,0,0,0,2026-01-08T12:36:45.980604,
TXN-00011944,204,PAYMENT,10.0,C1000051,126020.66,126010.66,M6108443,0,0,0,2026-01-08T12:36:45.980660,
TXN-00011945,204,PAYMENT,678.51,C1000021,0.0,0.0,M6326474,0,0,0,2026-01-08T12:36:45.980718,
TXN-00011946,204,TRANSFER,1574.09,C1000047,0.0,0.0,M5650379,0,0,0,2026-01-08T12:36:45.980868,
TXN-00011947,204,CASH_OUT,10.0,C1000034,72629.42,72619.42,M8625689,0,0,0,2026-01-08T12:36:45.980960,
TXN-00011948,204,TRANSFER,173111.65,C1000050,0.0,0.0,M4487708,0,0,0,2026-01-08T12:36:45.981032,
TXN-00011949,205,CASH_OUT,169540.67,C1000055,169540.67,0.0,M5584769,0,0,1,2026-01-08T12:36:45.981067,balance_drain
TXN-00011950,204,DEBIT,1428.32,C1000020,284826.84,283398.51,M5123405,0,0,0,2026-01-08T12:36:45.981133,
TXN-00011951,204,CASH_OUT,36464.08,C1000012,0.0,0.0,M6634348,0,0,0,2026-01-08T12:36:45.981196,
TXN-00011952,204,TRANSFER,5800.87,C1000013,0.0,0.0,M5348751,0,0,0,2026-01-08T12:36:45.981257,
TXN-00011953,204,DEBIT,10.0,C1000029,0.0,0.0,M4767085,0,0,0,2026-01-08T12:36:45.981315,
TXN-00011954,204,CASH_OUT,5172.91,C1000010,0.0,0.0,M8653606,0,0,0,2026-01-08T12:36:45.981371,
TXN-00011955,204,DEBIT,1851.18,C1000090,234035.02,232183.84,M2223701,0,0,0,2026-01-08T12:36:45.981428,
TXN-00011956,204,DEBIT,1917.55,C1000045,0.0,0.0,M5158826,0,0,0,2026-01-08T12:36:45.981488,
TXN-00011957,204,PAYMENT,17109.33,C1000095,0.0,0.0,M2043688,0,0,0,2026-01-08T12:36:45.981550,
TXN-00011958,204,TRANSFER,1998.83,C1000002,253886.09,251887.26,M7834659,0,0,0,2026-01-08T12:36:45.981618,
TXN-00011959,204,CASH_IN,2872.52,C1000045,0.0,2872.52,M5211178,0,0,0,2026-01-08T12:36:45.981676,
TXN-00011960,204,CASH_OUT,16795.44,C1000074,0.0,0.0,M4850899,0,0,0,2026-01-08T12:36:45.981732,
TXN-00011961,204,CASH_OUT,20696.05,C1000095,0.0,0.0,M1808946,0,0,0,2026-01-08T12:36:45.981800,
TXN-00011962,204,PAYMENT,1083.92,C1000066,0.0,0.0,M8733855,0,0,0,2026-01-08T12:36:45.981855,
TXN-00011963,213,TRANSFER,232098.71,C1000061,232098.71,0.0,M1555799,0,0,1,2026-01-08T12:36:45.981887,balance_drain
TXN-00011964,203,TRANSFER,0.0,C1000065,0.0,0.0,M8458303,0,0,1,2026-01-08T12:36:45.981916,balance_drain
TXN-00011965,204,PAYMENT,8375.39,C1000005,0.0,0.0,M5665017,0,0,0,2026-01-08T12:36:45.981972,
TXN-00011966,204,CASH_OUT,7673.25,C1000082,0.0,0.0,M1998423,0,0,0,2026-01-08T12:36:45.982027,
TXN-00011967,204,PAYMENT,102.85,C1000094,178985.33,178882.48,M2725776,0,0,0,2026-01-08T12:36:45.982083,
TXN-00011968,204,PAYMENT,4054.19,C1000058,0.0,0.0,M2557244,0,0,0,2026-01-08T12:36:45.982142,
TXN-00011969,204,TRANSFER,10082.91,C1000092,0.0,0.0,M3098508,0,0,0,2026-01-08T12:36:45.982197,
TXN-00011970,204,PAYMENT,2035.02,C1000086,127519.99,125484.97,M9462270,0,0,0,2026-01-08T12:36:45.982253,
TXN-00011971,206,CASH_OUT,140799.27,C1000018,140799.27,0.0,M7393465,0,0,1,2026-01-08T12:36:45.982284,balance_drain
TXN-00011972,204,CASH_OUT,10.0,C1000022,12634.35,12624.35,M5565512,0,0,0,2026-01-08T12:36:45.982341,
TXN-00011973,204,CASH_OUT,5309.43,C1000091,0.0,0.0,M3920197,0,0,0,2026-01-08T12:36:45.982398,
TXN-00011974,204,PAYMENT,5232.44,C1000025,0.0,0.0,M5422135,0,0,0,2026-01-08T12:36:45.982454,
TXN-00011975,204,PAYMENT,10.0,C1000082,0.0,0.0,M1222595,0,0,0,2026-01-08T12:36:45.982511,
TXN-00011976,204,DEBIT,3400.36,C1000098,211277.36,207877.0,M8748735,0,0,0,2026-01-08T12:36:45.982566,
TXN-00011977,204,TRANSFER,3557.71,C1000026,140324.69,136766.98,M1320507,0,0,0,2026-01-08T12:36:45.982625,
TXN-00011978,204,TRANSFER,6910.73,C1000088,0.0,0.0,M9231842,0,0,0,2026-01-08T12:36:45.982685,
TXN-00011979,204,PAYMENT,10.0,C1000047,0.0,0.0,M8692035,0,0,0,2026-01-08T12:36:45.982745,
TXN-00011980,197,CASH_OUT,0.0,C1000019,0.0,0.0,M7671546,0,0,1,2026-01-08T12:36:45.982773,balance_drain
TXN-00011981,204,CASH_IN,4611.29,C1000027,0.0,4611.29,M7246149,0,0,0,2026-01-08T12:36:45.982835,
TXN-00011982,204,TRANSFER,1910.73,C1000017,47312.43,45401.7,M9421701,0,0,0,2026-01-08T12:36:45.982901,
TXN-00011983,204,PAYMENT,4506.15,C1000091,0.0,0.0,M7587838,0,0,0,2026-01-08T12:36:45.982967,
TXN-00011984,197,CASH_OUT,130620.74,C1000009,130620.74,0.0,M5478622,0,0,1,2026-01-08T12:36:45.983001,balance_drain
TXN-00011985,204,CASH_IN,4679.16,C1000027,4611.29,9290.45,M4520440,0,0,0,2026-01-08T12:36:45.983069,
TXN-00011986,204,DEBIT,4395.24,C1000065,0.0,0.0,M5756795,0,0,0,2026-01-08T12:36:45.983130,
TXN-00011987,204,PAYMENT,4178.06,C1000084,42624.73,38446.67,M9633908,0,0,0,2026-01-08T12:36:45.983192,
TXN-00011988,204,CASH_OUT,251.59,C1000094,178882.48,178630.9,M5898902,0,0,0,2026-01-08T12:36:45.983257,
TXN-00011989,204,DEBIT,6562.69,C1000057,0.0,0.0,M8168677,0,0,0,2026-01-08T12:36:45.983403,
TXN-00011990,204,DEBIT,4907.42,C1000003,0.0,0.0,M6902657,0,0,0,2026-01-08T12:36:45.983530,
TXN-00011991,204,DEBIT,17219.88,C1000024,0.0,0.0,M7386671,0,0,0,2026-01-08T12:36:45.983624,
TXN-00011992,204,PAYMENT,10.0,C1000040,2591.72,2581.72,M9040195,0,0,0,2026-01-08T12:36:45.983701,
TXN-00011993,204,PAYMENT,1618.31,C1000086,125484.97,123866.66,M4772628,0,0,0,2026-01-08T12:36:45.983788,
TXN-00011994,204,TRANSFER,7463.88,C1000099,0.0,0.0,M1873147,0,0,0,2026-01-08T12:36:45.983863,
TXN-00011995,204,PAYMENT,18164.3,C1000076,0.0,0.0,M6400483,0,0,0,2026-01-08T12:36:45.983934,
TXN-00011996,204,TRANSFER,4549.54,C1000065,0.0,0.0,M9314999,0,0,0,2026-01-08T12:36:45.984002,
TXN-00011997,204,PAYMENT,10.0,C1000064,43828.64,43818.64,M4272385,0,0,0,2026-01-08T12:36:45.984068,
TXN-00011998,204,CASH_IN,3075.89,C1000029,0.0,3075.89,M8166902,0,0,0,2026-01-08T12:36:45.984138,
TXN-00011999,204,CASH_OUT,7055.02,C1000088,0.0,0.0,M8348043,0,0,0,2026-01-08T12:36:45.984211,
