transaction_id,step,type,amount,nameOrig,oldbalanceOrg,newbalanceOrig,nameDest,oldbalanceDest,newbalanceDest,isFraud,timestamp,fraud_pattern
TXN-00012000,204,DEBIT,560.62,C1000022,12624.35,12063.73,M1486757,0,0,0,2026-01-08T12:36:46.036994,
TXN-00012001,208,CASH_OUT,179063.97,C1000053,0.0,0.0,M5907957,0,0,1,2026-01-08T12:36:46.037115,large_amount
TXN-00012002,204,PAYMENT,5873.9,C1000058,0.0,0.0,M7729370,0,0,0,2026-01-08T12:36:46.037214,
TXN-00012003,204,TRANSFER,4136.64,C1000091,0.0,0.0,M3192234,0,0,0,2026-01-08T12:36:46.037289,
TXN-00012004,204,CASH_OUT,1788.23,C1000090,232183.84,230395.61,M2179596,0,0,0,2026-01-08T12:36:46.037357,
TXN-00012005,204,CASH_OUT,10352.75,C1000054,0.0,0.0,M6880905,0,0,0,2026-01-08T12:36:46.037425,
TXN-00012006,204,TRANSFER,850.7,C1000077,77573.81,76723.12,M3724746,0,0,0,2026-01-08T12:36:46.037490,
TXN-00012007,204,CASH_OUT,2016.93,C1000055,169540.67,167523.74,M8137415,0,0,0,2026-01-08T12:36:46.037556,
TXN-00012008,204,PAYMENT,2718.57,C1000085,0.0,0.0,M3709985,0,0,0,2026-01-08T12:36:46.037622,
TXN-00012009,204,DEBIT,1291.54,C1000020,283398.51,282106.97,M3213589,0,0,0,2026-01-08T12:36:46.037686,
TXN-00012010,204,PAYMENT,10.0,C1000033,0.0,0.0,M9055010,0,0,0,2026-01-08T12:36:46.037752,
TXN-00012011,195,CASH_OUT,94681.88,C1000070,0.0,0.0,M4228900,0,0,1,2026-01-08T12:36:46.037791,night_transaction
TXN-00012012,214,CASH_OUT,133061.58,C1000096,211872.92,78811.34,M5933383,0,0,1,2026-01-08T12:36:46.037822,large_amount
TXN-00012013,204,PAYMENT,169.31,C1000023,15524.99,15355.68,M3898109,0,0,0,2026-01-08T12:36:46.037887,
TXN-00012014,214,CASH_OUT,50343.73,C1000098,207877.0,156385.85,M1940899,0,0,1,2026-01-08T12:36:46.037919,balance_mismatch
TXN-00012015,204,TRANSFER,10.0,C1000034,72619.42,72609.42,M1056693,0,0,0,2026-01-08T12:36:46.037993,
TXN-00012016,200,CASH_OUT,178479.06,C1000091,0.0,0.0,M3959894,0,0,1,2026-01-08T12:36:46.038026,large_amount
TXN-00012017,204,PAYMENT,4684.9,C1000025,0.0,0.0,M1221918,0,0,0,2026-01-08T12:36:46.038112,
TXN-00012018,204,DEBIT,681.7,C1000016,142654.83,141973.13,M9585360,0,0,0,2026-01-08T12:36:46.038179,
TXN-00012019,204,DEBIT,2690.55,C1000028,0.0,0.0,M8815099,0,0,0,2026-01-08T12:36:46.038246,
TXN-00012020,195,CASH_OUT,60291.69,C1000002,251887.26,191595.56,M4218374,0,0,1,2026-01-08T12:36:46.038280,night_transaction
TXN-00012021,204,DEBIT,9955.57,C1000074,0.0,0.0,M2660832,0,0,0,2026-01-08T12:36:46.038345,
TXN-00012022,204,CASH_OUT,4138.98,C1000043,0.0,0.0,M5370067,0,0,0,2026-01-08T12:36:46.038413,
TXN-00012023,204,TRANSFER,31996.32,C1000067,0.0,0.0,M8195115,0,0,0,2026-01-08T12:36:46.038481,
TXN-00012024,204,DEBIT,18159.57,C1000093,0.0,0.0,M2878776,0,0,0,2026-01-08T12:36:46.038546,
TXN-00012025,204,CASH_IN,10.0,C1000055,167523.74,167533.74,M5771908,0,0,0,2026-01-08T12:36:46.038609,
TXN-00012026,204,TRANSFER,1732.6,C1000008,205054.44,203321.83,M7511454,0,0,0,2026-01-08T12:36:46.038674,
TXN-00012027,211,CASH_OUT,148099.04,C1000047,0.0,0.0,M8166858,0,0,1,2026-01-08T12:36:46.038707,large_amount
TXN-00012028,204,PAYMENT,10.0,C1000055,167533.74,167523.74,M5727058,0,0,0,2026-01-08T12:36:46.038770,
TXN-00012029,204,CASH_IN,1338.11,C1000007,37570.09,38908.2,M2744881,0,0,0,2026-01-08T12:36:46.038842,
TXN-00012030,204,CASH_IN,822.74,C1000007,38908.2,39730.94,M7657892,0,0,0,2026-01-08T12:36:46.038906,
TXN-00012031,204,PAYMENT,4848.93,C1000096,211872.92,207023.98,M6007994,0,0,0,2026-01-08T12:36:46.038970,
TXN-00012032,204,PAYMENT,3421.84,C1000097,0.0,0.0,M1276187,0,0,0,2026-01-08T12:36:46.039032,
TXN-00012033,204,PAYMENT,6554.54,C1000052,0.0,0.0,M3618135,0,0,0,2026-01-08T12:36:46.039092,
TXN-00012034,204,TRANSFER,54589.05,C1000000,0.0,0.0,M4691329,0,0,0,2026-01-08T12:36:46.039170,
TXN-00012035,204,PAYMENT,4384.04,C1000052,0.0,0.0,M2935299,0,0,0,2026-01-08T12:36:46.039231,
TXN-00012036,204,CASH_OUT,2144.74,C1000026,136766.98,134622.24,M4898870,0,0,0,2026-01-08T12:36:46.039290,
TXN-00012037,204,PAYMENT,6682.85,C1000013,0.0,0.0,M2652524,0,0,0,2026-01-08T12:36:46.039352,
TXN-00012038,204,CASH_OUT,26372.96,C1000056,0.0,0.0,M4478523,0,0,0,2026-01-08T12:36:46.039412,
TXN-00012039,204,CASH_OUT,8439.27,C1000039,0.0,0.0,M1803915,0,0,0,2026-01-08T12:36:46.039470,
TXN-00012040,204,PAYMENT,3551.93,C1000091,0.0,0.0,M1560644,0,0,0,2026-01-08T12:36:46.039527,
TXN-00012041,204,TRANSFER,17729.26,C1000019,0.0,0.0,M3564367,0,0,0,2026-01-08T12:36:46.039587,
TXN-00012042,204,PAYMENT,2326.29,C1000072,0.0,0.0,M3048881,0,0,0,2026-01-08T12:36:46.039644,
TXN-00012043,204,DEBIT,2024.48,C1000090,230395.61,228371.13,M4816237,0,0,0,2026-01-08T12:36:46.039702,
TXN-00012044,204,PAYMENT,572.6,C1000009,130620.74,130048.14,M7504400,0,0,0,2026-01-08T12:36:46.039760,
TXN-00012045,204,TRANSFER,14863.37,C1000005,0.0,0.0,M3107422,0,0,0,2026-01-08T12:36:46.039826,
TXN-00012046,204,TRANSFER,1221.36,C1000008,203321.83,202100.48,M7302714,0,0,0,2026-01-08T12:36:46.039882,
TXN-00012047,204,CASH_OUT,54222.48,C1000000,0.0,0.0,M6520798,0,0,0,2026-01-08T12:36:46.039939,
TXN-00012048,204,CASH_OUT,2672.1,C1000069,28547.23,25875.13,M9871283,0,0,0,2026-01-08T12:36:46.039995,
TXN-00012049,204,PAYMENT,78.17,C1000060,55170.27,55092.1,M7577910,0,0,0,2026-01-08T12:36:46.040052,
TXN-00012050,204,PAYMENT,559.27,C1000018,140799.27,140240.0,M2768203,0,0,0,2026-01-08T12:36:46.040108,
TXN-00012051,204,PAYMENT,34079.99,C1000073,0.0,0.0,M6565535,0,0,0,2026-01-08T12:36:46.040164,
TXN-00012052,204,PAYMENT,10.0,C1000089,138922.64,138912.64,M4038180,0,0,0,2026-01-08T12:36:46.040223,
TXN-00012053,204,PAYMENT,2608.87,C1000045,2872.52,263.65,M3368552,0,0,0,2026-01-08T12:36:46.040285,
TXN-00012054,204,PAYMENT,13487.56,C1000063,0.0,0.0,M8352217,0,0,0,2026-01-08T12:36:46.040342,
TXN-00012055,204,TRANSFER,1140.22,C1000041,221690.87,220550.65,M1400674,0,0,0,2026-01-08T12:36:46.040397,
TXN-00012056,204,PAYMENT,10.0,C1000009,130048.14,130038.14,M1476873,0,0,0,2026-01-08T12:36:46.040454,
TXN-00012057,204,TRANSFER,8605.59,C1000002,251887.26,243281.66,M1598271,0,0,0,2026-01-08T12:36:46.040511,
TXN-00012058,211,CASH_OUT,28435.8,C1000050,0.0,0.0,M2966548,0,0,1,2026-01-08T12:36:46.040550,rapid_succession
TXN-00012059,204,PAYMENT,7299.96,C1000099,0.0,0.0,M4600181,0,0,0,2026-01-08T12:36:46.040615,
TXN-00012060,194,CASH_OUT,59282.41,C1000004,207426.88,147723.91,M2025069,0,0,1,2026-01-08T12:36:46.040654,balance_mismatch
TXN-00012061,204,CASH_IN,7092.05,C1000011,0.0,7092.05,M8961432,0,0,0,2026-01-08T12:36:46.040734,
TXN-00012062,204,PAYMENT,172988.35,C1000050,0.0,0.0,M7314290,0,0,0,2026-01-08T12:36:46.040817,
TXN-00012063,200,CASH_OUT,187713.76,C1000086,123866.66,0.0,M7758255,0,0,1,2026-01-08T12:36:46.040852,large_amount
TXN-00012064,204,CASH_OUT,5980.2,C1000046,0.0,0.0,M1090415,0,0,0,2026-01-08T12:36:46.040926,
TXN-00012065,204,PAYMENT,2040.81,C1000017,45401.7,43360.89,M7533837,0,0,0,2026-01-08T12:36:46.041044,
TXN-00012066,192,CASH_OUT,44713.99,C1000003,0.0,-47595.67,M8212905,0,0,1,2026-01-08T12:36:46.041088,balance_mismatch
TXN-00012067,204,DEBIT,296.98,C1000004,207426.88,207129.89,M9908168,0,0,0,2026-01-08T12:36:46.041177,
TXN-00012068,204,CASH_OUT,4726.13,C1000064,43818.64,39092.51,M3497130,0,0,0,2026-01-08T12:36:46.041258,
TXN-00012069,204,PAYMENT,6698.72,C1000088,0.0,0.0,M1011070,0,0,0,2026-01-08T12:36:46.041398,
TXN-00012070,204,PAYMENT,21092.71,C1000078,0.0,0.0,M3177635,0,0,0,2026-01-08T12:36:46.041475,
TXN-00012071,204,PAYMENT,1086.9,C1000077,76723.12,75636.22,M4652250,0,0,0,2026-01-08T12:36:46.041558,
TXN-00012072,197,CASH_OUT,78897.8,C1000002,243281.66,164383.86,M8788076,0,0,1,2026-01-08T12:36:46.041607,night_transaction
TXN-00012073,204,TRANSFER,2236.34,C1000090,228371.13,226134.79,M8027428,0,0,0,2026-01-08T12:36:46.041698,
TXN-00012074,204,TRANSFER,5236.4,C1000032,0.0,0.0,M3958634,0,0,0,2026-01-08T12:36:46.041925,
TXN-00012075,204,PAYMENT,28.81,C1000060,55092.1,55063.29,M5059586,0,0,0,2026-01-08T12:36:46.042068,
TXN-00012076,194,CASH_OUT,85692.62,C1000022,12063.73,0.0,M1511160,0,0,1,2026-01-08T12:36:46.042116,night_transaction
TXN-00012077,204,PAYMENT,54170.97,C1000000,0.0,0.0,M2132148,0,0,0,2026-01-08T12:36:46.042326,
TXN-00012078,204,TRANSFER,5075.55,C1000027,9290.45,4214.9,M1398249,0,0,0,2026-01-08T12:36:46.042819,
TXN-00012079,204,TRANSFER,10.0,C1000061,232098.71,232088.71,M3637010,0,0,0,2026-01-08T12:36:46.043080,
TXN-00012080,204,PAYMENT,3213.54,C1000058,0.0,0.0,M5132626,0,0,0,2026-01-08T12:36:46.043234,
TXN-00012081,204,CASH_IN,8439.44,C1000039,0.0,8439.44,M1229426,0,0,0,2026-01-08T12:36:46.043408,
TXN-00012082,204,CASH_OUT,895.02,C1000083,185624.36,184729.33,M7259764,0,0,0,2026-01-08T12:36:46.043553,
TXN-00012083,204,PAYMENT,127.94,C1000009,130038.14,129910.2,M9448372,0,0,0,2026-01-08T12:36:46.043656,
TXN-00012084,204,DEBIT,1906.75,C1000090,226134.79,224228.04,M8665395,0,0,0,2026-01-08T12:36:46.043794,
TXN-00012085,204,PAYMENT,18127.14,C1000076,0.0,0.0,M5749577,0,0,0,2026-01-08T12:36:46.043900,
TXN-00012086,204,PAYMENT,10.0,C1000068,95873.46,95863.46,M7173328,0,0,0,2026-01-08T12:36:46.044039,
TXN-00012087,204,CASH_OUT,6377.09,C1000025,0.0,0.0,M7405189,0,0,0,2026-01-08T12:36:46.044141,
TXN-00012088,195,CASH_OUT,90517.97,C1000061,232088.71,144824.77,M6174744,0,0,1,2026-01-08T12:36:46.044236,balance_mismatch
TXN-00012089,204,CASH_OUT,21757.82,C1000035,0.0,0.0,M7869395,0,0,0,2026-01-08T12:36:46.044433,
TXN-00012090,204,TRANSFER,10.0,C1000085,0.0,0.0,M3566312,0,0,0,2026-01-08T12:36:46.044566,
TXN-00012091,204,CASH_OUT,3088.88,C1000049,0.0,0.0,M7861084,0,0,0,2026-01-08T12:36:46.044966,
TXN-00012092,204,PAYMENT,10.0,C1000009,129910.2,129900.2,M7146056,0,0,0,2026-01-08T12:36:46.045231,
TXN-00012093,204,PAYMENT,1618.88,C1000071,154915.75,153296.87,M8428446,0,0,0,2026-01-08T12:36:46.045327,
TXN-00012094,204,TRANSFER,1121.37,C1000026,134622.24,133500.87,M1365224,0,0,0,2026-01-08T12:36:46.045384,
TXN-00012095,210,CASH_OUT,187808.08,C1000088,0.0,0.0,M3720348,0,0,1,2026-01-08T12:36:46.045417,large_amount
TXN-00012096,204,PAYMENT,3613.39,C1000087,131303.92,127690.53,M2145127,0,0,0,2026-01-08T12:36:46.045460,
TXN-00012097,204,TRANSFER,6266.92,C1000059,0.0,0.0,M7160861,0,0,0,2026-01-08T12:36:46.045503,
TXN-00012098,204,CASH_OUT,12808.43,C1000005,0.0,0.0,M7082904,0,0,0,2026-01-08T12:36:46.045542,
TXN-00012099,204,PAYMENT,1174.51,C1000034,72609.42,71434.92,M4313115,0,0,0,2026-01-08T12:36:46.045585,
TXN-00012100,204,CASH_OUT,1435.54,C1000007,39730.94,38295.39,M5598886,0,0,0,2026-01-08T12:36:46.045639,
TXN-00012101,204,PAYMENT,10.0,C1000089,138912.64,138902.64,M2215002,0,0,0,2026-01-08T12:36:46.045678,
TXN-00012102,204,PAYMENT,5941.33,C1000010,0.0,0.0,M6588736,0,0,0,2026-01-08T12:36:46.045716,
TXN-00012103,204,PAYMENT,1173.37,C1000004,207129.89,205956.52,M7636553,0,0,0,2026-01-08T12:36:46.045754,
TXN-00012104,204,TRANSFER,2141.46,C1000043,0.0,0.0,M4744229,0,0,0,2026-01-08T12:36:46.045791,
TXN-00012105,196,CASH_OUT,86049.83,C1000092,0.0,0.0,M4194430,0,0,1,2026-01-08T12:36:46.045811,large_amount
TXN-00012106,204,PAYMENT,798.08,C1000021,0.0,0.0,M3220775,0,0,0,2026-01-08T12:36:46.045860,
TXN-00012107,204,DEBIT,20515.84,C1000024,0.0,0.0,M5925292,0,0,0,2026-01-08T12:36:46.045915,
TXN-00012108,204,TRANSFER,12136.19,C1000015,0.0,0.0,M8629187,0,0,0,2026-01-08T12:36:46.045959,
TXN-00012109,195,CASH_OUT,19537.64,C1000097,0.0,0.0,M1868161,0,0,1,2026-01-08T12:36:46.045986,rapid_succession
TXN-00012110,196,CASH_OUT,99880.27,C1000067,0.0,0.0,M9416766,0,0,1,2026-01-08T12:36:46.046005,night_transaction
TXN-00012111,197,CASH_OUT,97154.11,C1000057,0.0,0.0,M9165874,0,0,1,2026-01-08T12:36:46.046025,large_amount
TXN-00012112,195,CASH_OUT,33567.21,C1000031,0.0,0.0,M4933201,0,0,1,2026-01-08T12:36:46.046041,night_transaction
TXN-00012113,204,CASH_OUT,1948.88,C1000043,0.0,0.0,M4357012,0,0,0,2026-01-08T12:36:46.046085,
TXN-00012114,204,TRANSFER,3856.89,C1000087,127690.53,123833.64,M3000287,0,0,0,2026-01-08T12:36:46.046133,
TXN-00012115,204,PAYMENT,1235.88,C1000096,207023.98,205788.1,M7976888,0,0,0,2026-01-08T12:36:46.046176,
TXN-00012116,204,TRANSFER,10.0,C1000014,198099.34,198089.34,M3739622,0,0,0,2026-01-08T12:36:46.046231,
TXN-00012117,194,CASH_OUT,58085.09,C1000046,0.0,0.0,M4095441,0,0,1,2026-01-08T12:36:46.046262,night_transaction
TXN-00012118,204,CASH_OUT,474.01,C1000061,232088.71,231614.7,M4276716,0,0,0,2026-01-08T12:36:46.046306,
TXN-00012119,204,PAYMENT,24557.15,C1000037,0.0,0.0,M5724371,0,0,0,2026-01-08T12:36:46.046348,
TXN-00012120,204,PAYMENT,2278.32,C1000020,282106.97,279828.65,M5168829,0,0,0,2026-01-08T12:36:46.046388,
TXN-00012121,204,CASH_OUT,4774.33,C1000032,0.0,0.0,M4997081,0,0,0,2026-01-08T12:36:46.046427,
TXN-00012122,204,PAYMENT,1867.71,C1000070,0.0,0.0,M9343185,0,0,0,2026-01-08T12:36:46.046465,
TXN-00012123,213,CASH_OUT,127147.33,C1000083,184729.33,57582.0,M2630552,0,0,1,2026-01-08T12:36:46.046487,large_amount
TXN-00012124,204,PAYMENT,10.0,C1000047,0.0,0.0,M8137203,0,0,0,2026-01-08T12:36:46.046541,
TXN-00012125,199,CASH_OUT,33876.86,C1000091,0.0,-36306.95,M9646424,0,0,1,2026-01-08T12:36:46.046564,balance_mismatch
TXN-00012126,204,TRANSFER,1760.3,C1000007,38295.39,36535.09,M1834869,0,0,0,2026-01-08T12:36:46.046624,
TXN-00012127,204,PAYMENT,173462.99,C1000050,0.0,0.0,M6034822,0,0,0,2026-01-08T12:36:46.046680,
TXN-00012128,204,PAYMENT,2061.39,C1000070,0.0,0.0,M2645485,0,0,0,2026-01-08T12:36:46.046736,
TXN-00012129,204,TRANSFER,1321.22,C1000069,25875.13,24553.91,M2780042,0,0,0,2026-01-08T12:36:46.046798,
TXN-00012130,204,PAYMENT,18706.45,C1000005,0.0,0.0,M9094196,0,0,0,2026-01-08T12:36:46.046852,
TXN-00012131,204,TRANSFER,18123.3,C1000079,0.0,0.0,M3306779,0,0,0,2026-01-08T12:36:46.046891,
TXN-00012132,204,PAYMENT,10.0,C1000023,15355.68,15345.68,M9357421,0,0,0,2026-01-08T12:36:46.046929,
TXN-00012133,204,PAYMENT,23685.06,C1000037,0.0,0.0,M8695989,0,0,0,2026-01-08T12:36:46.046968,
TXN-00012134,204,PAYMENT,1501.49,C1000006,138990.68,137489.19,M3776081,0,0,0,2026-01-08T12:36:46.047006,
TXN-00012135,204,PAYMENT,1862.16,C1000084,38446.67,36584.5,M2211293,0,0,0,2026-01-08T12:36:46.047043,
TXN-00012136,204,CASH_OUT,3276.49,C1000045,263.65,0.0,M3651071,0,0,0,2026-01-08T12:36:46.047081,
TXN-00012137,207,CASH_OUT,38802.03,C1000056,0.0,0.0,M1091193,0,0,1,2026-01-08T12:36:46.047103,rapid_succession
TXN-00012138,204,CASH_OUT,1602.62,C1000043,0.0,0.0,M1544659,0,0,0,2026-01-08T12:36:46.047140,
TXN-00012139,204,PAYMENT,4522.94,C1000027,4214.9,0.0,M1722825,0,0,0,2026-01-08T12:36:46.047198,
TXN-00012140,204,PAYMENT,49248.64,C1000053,0.0,0.0,M6021048,0,0,0,2026-01-08T12:36:46.047248,
TXN-00012141,203,CASH_OUT,29257.36,C1000013,0.0,0.0,M1596550,0,0,1,2026-01-08T12:36:46.047269,rapid_succession
TXN-00012142,204,PAYMENT,37102.58,C1000012,0.0,0.0,M3710719,0,0,0,2026-01-08T12:36:46.047307,
TXN-00012143,204,PAYMENT,18223.23,C1000076,0.0,0.0,M1637116,0,0,0,2026-01-08T12:36:46.047345,
TXN-00012144,204,DEBIT,7495.29,C1000049,0.0,0.0,M9755107,0,0,0,2026-01-08T12:36:46.047410,
TXN-00012145,204,CASH_IN,1753.24,C1000041,220550.65,222303.89,M4866006,0,0,0,2026-01-08T12:36:46.047464,
TXN-00012146,204,TRANSFER,10.0,C1000001,71954.13,71944.13,M2556810,0,0,0,2026-01-08T12:36:46.047517,
TXN-00012147,204,PAYMENT,10.0,C1000021,0.0,0.0,M5321416,0,0,0,2026-01-08T12:36:46.047558,
TXN-00012148,204,PAYMENT,1853.4,C1000018,140240.0,138386.6,M4725885,0,0,0,2026-01-08T12:36:46.047595,
TXN-00012149,204,CASH_OUT,2559.36,C1000030,0.0,0.0,M6273604,0,0,0,2026-01-08T12:36:46.047636,
TXN-00012150,192,CASH_OUT,38663.01,C1000055,167523.74,128860.73,M9773543,0,0,1,2026-01-08T12:36:46.047661,rapid_succession
TXN-00012151,204,PAYMENT,12737.09,C1000015,0.0,0.0,M1676255,0,0,0,2026-01-08T12:36:46.047721,
TXN-00012152,194,CASH_OUT,42654.74,C1000052,0.0,0.0,M4118762,0,0,1,2026-01-08T12:36:46.047751,night_transaction
TXN-00012153,204,DEBIT,10.0,C1000064,39092.51,39082.51,M9276035,0,0,0,2026-01-08T12:36:46.047804,
TXN-00012154,204,TRANSFER,10.0,C1000061,231614.7,231604.7,M7011394,0,0,0,2026-01-08T12:36:46.047847,
TXN-00012155,204,DEBIT,768.29,C1000048,207241.7,206473.41,M5541246,0,0,0,2026-01-08T12:36:46.047888,
TXN-00012156,204,DEBIT,2700.47,C1000055,167523.74,164823.27,M6145707,0,0,0,2026-01-08T12:36:46.047931,
TXN-00012157,204,TRANSFER,400.94,C1000041,222303.89,221902.95,M7814789,0,0,0,2026-01-08T12:36:46.047970,
TXN-00012158,193,CASH_OUT,30331.26,C1000068,95863.46,65532.2,M3525980,0,0,1,2026-01-08T12:36:46.047992,rapid_succession
TXN-00012159,197,CASH_OUT,74953.62,C1000092,0.0,-72156.94,M9784202,0,0,1,2026-01-08T12:36:46.048016,balance_mismatch
TXN-00012160,204,TRANSFER,9357.24,C1000057,0.0,0.0,M8337435,0,0,0,2026-01-08T12:36:46.048086,
TXN-00012161,204,TRANSFER,780.68,C1000023,15345.68,14565.0,M1695825,0,0,0,2026-01-08T12:36:46.048149,
TXN-00012162,204,TRANSFER,55584.48,C1000000,0.0,0.0,M4448351,0,0,0,2026-01-08T12:36:46.048213,
TXN-00012163,204,PAYMENT,4934.67,C1000051,126010.66,121075.99,M3181806,0,0,0,2026-01-08T12:36:46.048262,
TXN-00012164,203,CASH_OUT,11460.7,C1000005,0.0,0.0,M1579707,0,0,1,2026-01-08T12:36:46.048290,rapid_succession
TXN-00012165,200,CASH_OUT,90609.22,C1000080,0.0,-89119.72,M4856200,0,0,1,2026-01-08T12:36:46.048306,balance_mismatch
TXN-00012166,204,TRANSFER,10.0,C1000047,0.0,0.0,M3134083,0,0,0,2026-01-08T12:36:46.048347,
TXN-00012167,204,PAYMENT,11078.12,C1000031,0.0,0.0,M3987666,0,0,0,2026-01-08T12:36:46.048385,
TXN-00012168,212,CASH_OUT,69457.46,C1000005,0.0,-69018.21,M4500289,0,0,1,2026-01-08T12:36:46.048407,balance_mismatch
TXN-00012169,204,PAYMENT,707.28,C1000077,75636.22,74928.94,M7521693,0,0,0,2026-01-08T12:36:46.048454,
TXN-00012170,204,CASH_OUT,3423.31,C1000028,0.0,0.0,M9035095,0,0,0,2026-01-08T12:36:46.048495,
TXN-00012171,198,CASH_OUT,18259.41,C1000047,0.0,0.0,M1119568,0,0,1,2026-01-08T12:36:46.048514,rapid_succession
TXN-00012172,204,CASH_OUT,9447.43,C1000013,0.0,0.0,M6750270,0,0,0,2026-01-08T12:36:46.048553,
TXN-00012173,204,TRANSFER,2253.3,C1000084,36584.5,34331.21,M5359408,0,0,0,2026-01-08T12:36:46.048593,
TXN-00012174,204,PAYMENT,4603.18,C1000032,0.0,0.0,M2996143,0,0,0,2026-01-08T12:36:46.048632,
TXN-00012175,204,CASH_IN,3517.24,C1000044,0.0,3517.24,M1105762,0,0,0,2026-01-08T12:36:46.048682,
TXN-00012176,211,CASH_OUT,105327.34,C1000078,0.0,0.0,M8703027,0,0,1,2026-01-08T12:36:46.048710,unusual_type
TXN-00012177,204,PAYMENT,4400.52,C1000091,0.0,0.0,M2412515,0,0,0,2026-01-08T12:36:46.048749,
TXN-00012178,204,TRANSFER,4010.24,C1000087,123833.64,119823.41,M1260355,0,0,0,2026-01-08T12:36:46.048787,
TXN-00012179,194,CASH_OUT,42355.58,C1000001,71944.13,29588.54,M9663033,0,0,1,2026-01-08T12:36:46.048806,unusual_type
TXN-00012180,196,CASH_OUT,20211.88,C1000083,184729.33,164517.45,M3472955,0,0,1,2026-01-08T12:36:46.048823,night_transaction
TXN-00012181,203,CASH_OUT,48005.38,C1000014,198089.34,150083.96,M3961199,0,0,1,2026-01-08T12:36:46.048840,rapid_succession
TXN-00012182,204,TRANSFER,2860.92,C1000020,279828.65,276967.73,M8697573,0,0,0,2026-01-08T12:36:46.048887,
TXN-00012183,204,TRANSFER,7684.67,C1000099,0.0,0.0,M7941084,0,0,0,2026-01-08T12:36:46.048933,
TXN-00012184,204,PAYMENT,3749.06,C1000087,119823.41,116074.35,M9245644,0,0,0,2026-01-08T12:36:46.048971,
TXN-00012185,200,CASH_OUT,192072.2,C1000099,0.0,0.0,M5919816,0,0,1,2026-01-08T12:36:46.048990,large_amount
TXN-00012186,204,CASH_IN,3551.9,C1000091,0.0,3551.9,M8080591,0,0,0,2026-01-08T12:36:46.049030,
TXN-00012187,204,PAYMENT,1079.33,C1000016,141973.13,140893.8,M1527048,0,0,0,2026-01-08T12:36:46.049072,
TXN-00012188,204,TRANSFER,402.92,C1000066,0.0,0.0,M6290702,0,0,0,2026-01-08T12:36:46.049110,
TXN-00012189,196,CASH_OUT,27805.21,C1000029,3075.89,0.0,M2219152,0,0,1,2026-01-08T12:36:46.049131,night_transaction
TXN-00012190,204,DEBIT,2756.2,C1000069,24553.91,21797.71,M2955817,0,0,0,2026-01-08T12:36:46.049182,
TXN-00012191,204,CASH_OUT,5087.52,C1000010,0.0,0.0,M8530110,0,0,0,2026-01-08T12:36:46.049238,
TXN-00012192,204,CASH_OUT,4192.2,C1000091,3551.9,0.0,M6709593,0,0,0,2026-01-08T12:36:46.049290,
TXN-00012193,198,CASH_OUT,97492.54,C1000059,0.0,0.0,M3457940,0,0,1,2026-01-08T12:36:46.049323,unusual_type
TXN-00012194,204,PAYMENT,5974.03,C1000059,0.0,0.0,M6091196,0,0,0,2026-01-08T12:36:46.049392,
TXN-00012195,204,PAYMENT,4475.9,C1000065,0.0,0.0,M1090494,0,0,0,2026-01-08T12:36:46.049443,
TXN-00012196,204,CASH_OUT,19551.85,C1000024,0.0,0.0,M2496883,0,0,0,2026-01-08T12:36:46.049483,
TXN-00012197,204,DEBIT,3086.05,C1000057,0.0,0.0,M1314801,0,0,0,2026-01-08T12:36:46.049522,
TXN-00012198,197,CASH_OUT,17434.7,C1000056,0.0,0.0,M4863690,0,0,1,2026-01-08T12:36:46.049552,rapid_succession
TXN-00012199,204,PAYMENT,5927.67,C1000025,0.0,0.0,M3159578,0,0,0,2026-01-08T12:36:46.049601,
TXN-00012200,204,CASH_OUT,10952.16,C1000015,0.0,0.0,M6604309,0,0,0,2026-01-08T12:36:46.049649,
TXN-00012201,196,CASH_OUT,66895.07,C1000045,0.0,-66676.84,M5222784,0,0,1,2026-01-08T12:36:46.049671,balance_mismatch
TXN-00012202,204,PAYMENT,4273.28,C1000065,0.0,0.0,M8440205,0,0,0,2026-01-08T12:36:46.049711,
TXN-00012203,204,CASH_IN,10.0,C1000021,0.0,10.0,M7900371,0,0,0,2026-01-08T12:36:46.049765,
TXN-00012204,200,CASH_OUT,22608.37,C1000058,0.0,0.0,M9359994,0,0,1,2026-01-08T12:36:46.049791,rapid_succession
TXN-00012205,198,CASH_OUT,45188.73,C1000095,0.0,0.0,M4623901,0,0,1,2026-01-08T12:36:46.049815,rapid_succession
TXN-00012206,204,PAYMENT,13997.34,C1000042,0.0,0.0,M1193447,0,0,0,2026-01-08T12:36:46.049868,
TXN-00012207,204,CASH_IN,1263.87,C1000086,123866.66,125130.53,M9269530,0,0,0,2026-01-08T12:36:46.049921,
TXN-00012208,204,TRANSFER,1614.93,C1000066,0.0,0.0,M2673845,0,0,0,2026-01-08T12:36:46.049974,
TXN-00012209,204,DEBIT,5917.07,C1000025,0.0,0.0,M6373462,0,0,0,2026-01-08T12:36:46.050030,
TXN-00012210,204,TRANSFER,10.0,C1000051,121075.99,121065.99,M1251611,0,0,0,2026-01-08T12:36:46.050081,
TXN-00012211,204,TRANSFER,1167.43,C1000008,202100.48,200933.05,M8953607,0,0,0,2026-01-08T12:36:46.050133,
TXN-00012212,204,TRANSFER,1882.11,C1000090,224228.04,222345.93,M7093978,0,0,0,2026-01-08T12:36:46.050185,
TXN-00012213,203,CASH_OUT,14386.18,C1000096,205788.1,191401.92,M2836139,0,0,1,2026-01-08T12:36:46.050215,rapid_succession
TXN-00012214,204,PAYMENT,5559.69,C1000059,0.0,0.0,M2656868,0,0,0,2026-01-08T12:36:46.050270,
TXN-00012215,204,CASH_OUT,4071.25,C1000087,116074.35,112003.1,M8592186,0,0,0,2026-01-08T12:36:46.050323,
TXN-00012216,204,CASH_OUT,457.2,C1000009,129900.2,129442.99,M4698083,0,0,0,2026-01-08T12:36:46.050377,
TXN-00012217,204,DEBIT,4855.67,C1000062,0.0,0.0,M8920883,0,0,0,2026-01-08T12:36:46.050438,
TXN-00012218,204,DEBIT,6455.64,C1000091,0.0,0.0,M9541050,0,0,0,2026-01-08T12:36:46.050489,
TXN-00012219,204,PAYMENT,1038.62,C1000016,140893.8,139855.18,M8979298,0,0,0,2026-01-08T12:36:46.050539,
TXN-00012220,204,PAYMENT,1096.45,C1000023,14565.0,13468.55,M7293148,0,0,0,2026-01-08T12:36:46.050594,
TXN-00012221,204,PAYMENT,2656.36,C1000029,3075.89,419.53,M9001830,0,0,0,2026-01-08T12:36:46.050649,
TXN-00012222,204,CASH_OUT,10.0,C1000022,12063.73,12053.73,M2723754,0,0,0,2026-01-08T12:36:46.050705,
TXN-00012223,204,TRANSFER,10.0,C1000097,0.0,0.0,M1931141,0,0,0,2026-01-08T12:36:46.050761,
TXN-00012224,204,CASH_OUT,19152.49,C1000079,0.0,0.0,M7484183,0,0,0,2026-01-08T12:36:46.050815,
TXN-00012225,192,CASH_OUT,91747.71,C1000071,153296.87,61549.16,M8040250,0,0,1,2026-01-08T12:36:46.050845,large_amount
TXN-00012226,204,CASH_OUT,21046.75,C1000019,0.0,0.0,M5778386,0,0,0,2026-01-08T12:36:46.050899,
TXN-00012227,204,CASH_OUT,1996.69,C1000090,222345.93,220349.24,M6204993,0,0,0,2026-01-08T12:36:46.050953,
TXN-00012228,198,CASH_OUT,12036.82,C1000017,43360.89,31324.08,M4034664,0,0,1,2026-01-08T12:36:46.050989,rapid_succession
TXN-00012229,204,CASH_IN,10.0,C1000080,0.0,10.0,M6472526,0,0,0,2026-01-08T12:36:46.051046,
TXN-00012230,204,TRANSFER,37625.96,C1000012,0.0,0.0,M7625053,0,0,0,2026-01-08T12:36:46.051106,
TXN-00012231,204,DEBIT,5747.06,C1000025,0.0,0.0,M4616254,0,0,0,2026-01-08T12:36:46.051165,
TXN-00012232,204,TRANSFER,4545.64,C1000032,0.0,0.0,M8297057,0,0,0,2026-01-08T12:36:46.051224,
TXN-00012233,204,PAYMENT,2084.48,C1000069,21797.71,19713.24,M4360632,0,0,0,2026-01-08T12:36:46.051282,
TXN-00012234,204,TRANSFER,5567.92,C1000010,0.0,0.0,M1208517,0,0,0,2026-01-08T12:36:46.051339,
TXN-00012235,204,PAYMENT,2199.59,C1000089,138902.64,136703.05,M9928995,0,0,0,2026-01-08T12:36:46.051393,
TXN-00012236,204,PAYMENT,566.05,C1000094,178630.9,178064.84,M2217979,0,0,0,2026-01-08T12:36:46.051449,
TXN-00012237,204,CASH_IN,13378.2,C1000063,0.0,13378.2,M6338601,0,0,0,2026-01-08T12:36:46.051506,
TXN-00012238,204,DEBIT,10.0,C1000018,138386.6,138376.6,M8387990,0,0,0,2026-01-08T12:36:46.051568,
TXN-00012239,204,CASH_OUT,2422.0,C1000084,34331.21,31909.21,M7047598,0,0,0,2026-01-08T12:36:46.051624,
TXN-00012240,204,PAYMENT,3545.47,C1000010,0.0,0.0,M5506115,0,0,0,2026-01-08T12:36:46.051680,
TXN-00012241,209,CASH_OUT,67552.34,C1000091,0.0,0.0,M4340097,0,0,1,2026-01-08T12:36:46.051710,unusual_type
TXN-00012242,204,CASH_OUT,758.35,C1000096,205788.1,205029.75,M6978224,0,0,0,2026-01-08T12:36:46.051765,
TXN-00012243,204,TRANSFER,825.48,C1000097,0.0,0.0,M6358539,0,0,0,2026-01-08T12:36:46.051822,
TXN-00012244,204,TRANSFER,1106.84,C1000077,74928.94,73822.1,M2443522,0,0,0,2026-01-08T12:36:46.051876,
TXN-00012245,204,TRANSFER,4685.25,C1000065,0.0,0.0,M2288853,0,0,0,2026-01-08T12:36:46.051933,
TXN-00012246,204,PAYMENT,858.77,C1000004,205956.52,205097.75,M8750350,0,0,0,2026-01-08T12:36:46.051991,
TXN-00012247,204,TRANSFER,7872.7,C1000058,0.0,0.0,M8485450,0,0,0,2026-01-08T12:36:46.052049,
TXN-00012248,204,DEBIT,3171.86,C1000097,0.0,0.0,M2336577,0,0,0,2026-01-08T12:36:46.052104,
TXN-00012249,204,PAYMENT,10.0,C1000007,36535.09,36525.09,M7472812,0,0,0,2026-01-08T12:36:46.052159,
TXN-00012250,204,PAYMENT,5818.83,C1000046,0.0,0.0,M5689689,0,0,0,2026-01-08T12:36:46.052213,
TXN-00012251,204,TRANSFER,2167.43,C1000028,0.0,0.0,M7780992,0,0,0,2026-01-08T12:36:46.052270,
TXN-00012252,204,CASH_OUT,6581.63,C1000088,0.0,0.0,M4516058,0,0,0,2026-01-08T12:36:46.052328,
TXN-00012253,204,PAYMENT,3232.59,C1000044,3517.24,284.65,M2589616,0,0,0,2026-01-08T12:36:46.052389,
TXN-00012254,204,PAYMENT,2409.57,C1000021,10.0,0.0,M3504506,0,0,0,2026-01-08T12:36:46.052451,
TXN-00012255,205,CASH_OUT,81241.7,C1000097,0.0,-77721.71,M2320223,0,0,1,2026-01-08T12:36:46.052482,balance_mismatch
TXN-00012256,204,DEBIT,10.0,C1000098,207877.0,207867.0,M1003151,0,0,0,2026-01-08T12:36:46.052544,
TXN-00012257,204,PAYMENT,376.6,C1000075,442286.85,441910.25,M6191443,0,0,0,2026-01-08T12:36:46.052613,
TXN-00012258,204,DEBIT,21011.78,C1000079,0.0,0.0,M4960859,0,0,0,2026-01-08T12:36:46.052665,
TXN-00012259,204,PAYMENT,10.0,C1000001,71944.13,71934.13,M3251382,0,0,0,2026-01-08T12:36:46.052719,
TXN-00012260,204,PAYMENT,17992.01,C1000076,0.0,0.0,M4014397,0,0,0,2026-01-08T12:36:46.052778,
TXN-00012261,204,PAYMENT,2563.05,C1000045,0.0,0.0,M7548634,0,0,0,2026-01-08T12:36:46.052830,
TXN-00012262,194,CASH_OUT,87956.04,C1000000,0.0,0.0,M4941452,0,0,1,2026-01-08T12:36:46.052857,unusual_type
TXN-00012263,209,CASH_OUT,25673.14,C1000020,276967.73,251294.59,M3871259,0,0,1,2026-01-08T12:36:46.052882,rapid_succession
TXN-00012264,204,PAYMENT,2387.54,C1000038,970.47,0.0,M9373722,0,0,0,2026-01-08T12:36:46.052935,
TXN-00012265,204,PAYMENT,4008.69,C1000065,0.0,0.0,M8589127,0,0,0,2026-01-08T12:36:46.052988,
TXN-00012266,197,CASH_OUT,74850.97,C1000001,71934.13,-7524.57,M8149843,0,0,1,2026-01-08T12:36:46.053013,balance_mismatch
TXN-00012267,204,CASH_OUT,36758.09,C1000012,0.0,0.0,M1363363,0,0,0,2026-01-08T12:36:46.053074,
TXN-00012268,204,TRANSFER,7462.49,C1000011,7092.05,0.0,M4326570,0,0,0,2026-01-08T12:36:46.053128,
TXN-00012269,204,PAYMENT,1331.5,C1000040,2581.72,1250.22,M8789246,0,0,0,2026-01-08T12:36:46.053187,
TXN-00012270,204,TRANSFER,338.96,C1000047,0.0,0.0,M4612943,0,0,0,2026-01-08T12:36:46.053248,
TXN-00012271,204,CASH_OUT,2772.62,C1000008,200933.05,198160.43,M3359857,0,0,0,2026-01-08T12:36:46.053305,
TXN-00012272,204,PAYMENT,5800.32,C1000059,0.0,0.0,M9185200,0,0,0,2026-01-08T12:36:46.053365,
TXN-00012273,204,CASH_OUT,956.87,C1000094,178064.84,177107.97,M9481031,0,0,0,2026-01-08T12:36:46.053422,
TXN-00012274,204,TRANSFER,4549.57,C1000065,0.0,0.0,M8639503,0,0,0,2026-01-08T12:36:46.053478,
TXN-00012275,204,TRANSFER,4357.46,C1000027,0.0,0.0,M3766307,0,0,0,2026-01-08T12:36:46.053533,
TXN-00012276,204,TRANSFER,13524.5,C1000063,13378.2,0.0,M8926909,0,0,0,2026-01-08T12:36:46.053588,
TXN-00012277,200,CASH_OUT,30618.9,C1000098,207867.0,180363.06,M5719773,0,0,1,2026-01-08T12:36:46.053618,balance_mismatch
TXN-00012278,204,TRANSFER,1342.81,C1000072,0.0,0.0,M4431930,0,0,0,2026-01-08T12:36:46.053687,
TXN-00012279,204,CASH_IN,1648.72,C1000083,184729.33,186378.05,M1527303,0,0,0,2026-01-08T12:36:46.053741,
TXN-00012280,200,CASH_OUT,59673.05,C1000083,186378.05,126705.0,M1978542,0,0,1,2026-01-08T12:36:46.053770,unusual_type
TXN-00012281,204,PAYMENT,18939.29,C1000079,0.0,0.0,M1296602,0,0,0,2026-01-08T12:36:46.053824,
TXN-00012282,204,CASH_OUT,34193.07,C1000073,0.0,0.0,M7196146,0,0,0,2026-01-08T12:36:46.053880,
TXN-00012283,204,DEBIT,8347.37,C1000054,0.0,0.0,M8213214,0,0,0,2026-01-08T12:36:46.053939,
TXN-00012284,204,PAYMENT,13404.41,C1000063,0.0,0.0,M8138082,0,0,0,2026-01-08T12:36:46.053995,
TXN-00012285,204,PAYMENT,55253.06,C1000000,0.0,0.0,M5405631,0,0,0,2026-01-08T12:36:46.054050,
TXN-00012286,204,CASH_OUT,5283.96,C1000051,121065.99,115782.03,M9899631,0,0,0,2026-01-08T12:36:46.054105,
TXN-00012287,194,CASH_OUT,77014.69,C1000004,205097.75,128083.07,M3302977,0,0,1,2026-01-08T12:36:46.054137,night_transaction
TXN-00012288,204,DEBIT,8121.95,C1000031,0.0,0.0,M3075604,0,0,0,2026-01-08T12:36:46.054194,
TXN-00012289,204,TRANSFER,10.0,C1000097,0.0,0.0,M3579376,0,0,0,2026-01-08T12:36:46.054250,
TXN-00012290,200,CASH_OUT,105779.34,C1000045,0.0,-101250.96,M5272495,0,0,1,2026-01-08T12:36:46.054278,balance_mismatch
TXN-00012291,204,CASH_OUT,25521.44,C1000037,0.0,0.0,M9246527,0,0,0,2026-01-08T12:36:46.054341,
TXN-00012292,204,PAYMENT,876.06,C1000020,276967.73,276091.67,M4754573,0,0,0,2026-01-08T12:36:46.054399,
TXN-00012293,204,PAYMENT,891.58,C1000016,139855.18,138963.6,M7814616,0,0,0,2026-01-08T12:36:46.054464,
TXN-00012294,204,PAYMENT,1162.32,C1000081,77040.77,75878.45,M7522023,0,0,0,2026-01-08T12:36:46.054527,
TXN-00012295,204,PAYMENT,3253.38,C1000087,112003.1,108749.72,M2989480,0,0,0,2026-01-08T12:36:46.054589,
TXN-00012296,204,CASH_OUT,10.0,C1000094,177107.97,177097.97,M8201641,0,0,0,2026-01-08T12:36:46.054646,
TXN-00012297,204,TRANSFER,10.0,C1000018,138376.6,138366.6,M3550594,0,0,0,2026-01-08T12:36:46.054710,
TXN-00012298,204,CASH_OUT,17987.28,C1000076,0.0,0.0,M3385925,0,0,0,2026-01-08T12:36:46.054779,
TXN-00012299,204,DEBIT,1803.45,C1000090,220349.24,218545.79,M6138008,0,0,0,2026-01-08T12:36:46.054835,
TXN-00012300,204,PAYMENT,24161.32,C1000037,0.0,0.0,M7351458,0,0,0,2026-01-08T12:36:46.054893,
TXN-00012301,208,CASH_OUT,92492.69,C1000056,0.0,-89163.57,M7949169,0,0,1,2026-01-08T12:36:46.054923,balance_mismatch
TXN-00012302,204,CASH_OUT,33647.27,C1000073,0.0,0.0,M2366555,0,0,0,2026-01-08T12:36:46.054985,
TXN-00012303,204,PAYMENT,23964.7,C1000067,0.0,0.0,M4799980,0,0,0,2026-01-08T12:36:46.055040,
TXN-00012304,204,CASH_OUT,1721.42,C1000086,125130.53,123409.11,M1960493,0,0,0,2026-01-08T12:36:46.055104,
TXN-00012305,193,CASH_OUT,12606.13,C1000018,138366.6,125760.47,M3947651,0,0,1,2026-01-08T12:36:46.055144,rapid_succession
TXN-00012306,204,TRANSFER,4210.23,C1000027,0.0,0.0,M4354142,0,0,0,2026-01-08T12:36:46.055220,
TXN-00012307,204,PAYMENT,1386.18,C1000058,0.0,0.0,M6055814,0,0,0,2026-01-08T12:36:46.055644,
TXN-00012308,204,CASH_IN,10.0,C1000060,55063.29,55073.29,M1934048,0,0,0,2026-01-08T12:36:46.056154,
TXN-00012309,201,CASH_OUT,61752.54,C1000025,0.0,0.0,M8063109,0,0,1,2026-01-08T12:36:46.056233,large_amount
TXN-00012310,204,PAYMENT,3689.5,C1000045,0.0,0.0,M5895209,0,0,0,2026-01-08T12:36:46.056389,
TXN-00012311,204,PAYMENT,1741.12,C1000069,19713.24,17972.11,M5750073,0,0,0,2026-01-08T12:36:46.056496,
TXN-00012312,204,PAYMENT,8707.58,C1000039,8439.44,0.0,M7111530,0,0,0,2026-01-08T12:36:46.056575,
TXN-00012313,204,PAYMENT,141.67,C1000084,31909.21,31767.54,M5154623,0,0,0,2026-01-08T12:36:46.056646,
TXN-00012314,204,CASH_OUT,8246.09,C1000013,0.0,0.0,M2173247,0,0,0,2026-01-08T12:36:46.056718,
TXN-00012315,204,CASH_IN,7358.04,C1000099,0.0,7358.04,M7628912,0,0,0,2026-01-08T12:36:46.056784,
TXN-00012316,204,CASH_OUT,10.0,C1000055,164823.27,164813.27,M5775830,0,0,0,2026-01-08T12:36:46.056851,
TXN-00012317,204,TRANSFER,10.0,C1000097,0.0,0.0,M2874575,0,0,0,2026-01-08T12:36:46.056933,
TXN-00012318,204,TRANSFER,2171.64,C1000074,0.0,0.0,M3930311,0,0,0,2026-01-08T12:36:46.056996,
TXN-00012319,204,PAYMENT,10190.4,C1000092,0.0,0.0,M3735489,0,0,0,2026-01-08T12:36:46.057061,
TXN-00012320,202,CASH_OUT,96102.95,C1000019,0.0,0.0,M8039386,0,0,1,2026-01-08T12:36:46.057146,large_amount
TXN-00012321,203,CASH_OUT,48015.21,C1000012,0.0,0.0,M2945911,0,0,1,2026-01-08T12:36:46.057180,rapid_succession
TXN-00012322,214,CASH_OUT,42464.77,C1000031,0.0,0.0,M5353235,0,0,1,2026-01-08T12:36:46.057200,rapid_succession
TXN-00012323,204,CASH_OUT,10151.04,C1000015,0.0,0.0,M5808381,0,0,0,2026-01-08T12:36:46.057272,
TXN-00012324,197,CASH_OUT,27866.52,C1000033,0.0,0.0,M4876631,0,0,1,2026-01-08T12:36:46.057311,night_transaction
TXN-00012325,204,PAYMENT,2953.25,C1000006,137489.19,134535.94,M6816132,0,0,0,2026-01-08T12:36:46.057362,
TXN-00012326,204,PAYMENT,10.0,C1000081,75878.45,75868.45,M7102608,0,0,0,2026-01-08T12:36:46.057407,
TXN-00012327,204,PAYMENT,3341.18,C1000028,0.0,0.0,M6609718,0,0,0,2026-01-08T12:36:46.057527,
TXN-00012328,204,CASH_OUT,2013.35,C1000007,36525.09,34511.74,M8195165,0,0,0,2026-01-08T12:36:46.057621,
TXN-00012329,204,TRANSFER,6018.4,C1000047,0.0,0.0,M7426722,0,0,0,2026-01-08T12:36:46.057695,
TXN-00012330,198,CASH_OUT,114556.88,C1000007,34511.74,-79479.92,M8528812,0,0,1,2026-01-08T12:36:46.057733,balance_mismatch
TXN-00012331,204,PAYMENT,4608.54,C1000045,0.0,0.0,M5212614,0,0,0,2026-01-08T12:36:46.057839,
TXN-00012332,204,PAYMENT,9293.81,C1000005,0.0,0.0,M6890365,0,0,0,2026-01-08T12:36:46.057894,
TXN-00012333,204,CASH_OUT,2213.47,C1000026,133500.87,131287.4,M7310601,0,0,0,2026-01-08T12:36:46.057951,
TXN-00012334,204,TRANSFER,8271.19,C1000031,0.0,0.0,M7153354,0,0,0,2026-01-08T12:36:46.058038,
TXN-00012335,204,PAYMENT,10.0,C1000033,0.0,0.0,M2440176,0,0,0,2026-01-08T12:36:46.058117,
TXN-00012336,196,CASH_OUT,54928.98,C1000049,0.0,0.0,M5528895,0,0,1,2026-01-08T12:36:46.058156,night_transaction
TXN-00012337,204,TRANSFER,26251.01,C1000056,0.0,0.0,M2351290,0,0,0,2026-01-08T12:36:46.058224,
TXN-00012338,204,CASH_OUT,10.0,C1000042,0.0,0.0,M4269078,0,0,0,2026-01-08T12:36:46.058289,
TXN-00012339,204,TRANSFER,10.0,C1000060,55073.29,55063.29,M3794028,0,0,0,2026-01-08T12:36:46.058346,
TXN-00012340,204,CASH_OUT,1154.47,C1000049,0.0,0.0,M8967427,0,0,0,2026-01-08T12:36:46.058407,
TXN-00012341,204,DEBIT,13514.51,C1000054,0.0,0.0,M3498873,0,0,0,2026-01-08T12:36:46.058468,
TXN-00012342,204,PAYMENT,366.53,C1000001,71934.13,71567.6,M9619283,0,0,0,2026-01-08T12:36:46.058532,
TXN-00012343,204,TRANSFER,8244.13,C1000036,361.49,0.0,M7181103,0,0,0,2026-01-08T12:36:46.058594,
TXN-00012344,204,PAYMENT,5020.65,C1000025,0.0,0.0,M4707424,0,0,0,2026-01-08T12:36:46.058658,
TXN-00012345,204,PAYMENT,1428.92,C1000090,218545.79,217116.88,M8416036,0,0,0,2026-01-08T12:36:46.058714,
TXN-00012346,204,TRANSFER,10.0,C1000055,164813.27,164803.27,M6308231,0,0,0,2026-01-08T12:36:46.058768,
TXN-00012347,204,TRANSFER,10.0,C1000023,13468.55,13458.55,M8392328,0,0,0,2026-01-08T12:36:46.058823,
TXN-00012348,204,PAYMENT,3132.43,C1000080,10.0,0.0,M1801142,0,0,0,2026-01-08T12:36:46.058881,
TXN-00012349,204,TRANSFER,18022.98,C1000035,0.0,0.0,M6474927,0,0,0,2026-01-08T12:36:46.058942,
TXN-00012350,204,PAYMENT,28287.67,C1000067,0.0,0.0,M8955049,0,0,0,2026-01-08T12:36:46.058994,
TXN-00012351,204,TRANSFER,35781.69,C1000012,0.0,0.0,M4408762,0,0,0,2026-01-08T12:36:46.059045,
TXN-00012352,204,CASH_OUT,2113.88,C1000045,0.0,0.0,M7856735,0,0,0,2026-01-08T12:36:46.059106,
TXN-00012353,204,TRANSFER,4270.34,C1000006,134535.94,130265.6,M4911615,0,0,0,2026-01-08T12:36:46.059536,
TXN-00012354,204,PAYMENT,49046.71,C1000053,0.0,0.0,M3106955,0,0,0,2026-01-08T12:36:46.059838,
TXN-00012355,204,PAYMENT,4977.44,C1000032,0.0,0.0,M9802537,0,0,0,2026-01-08T12:36:46.060086,
TXN-00012356,204,TRANSFER,1882.08,C1000069,17972.11,16090.03,M9053276,0,0,0,2026-01-08T12:36:46.060204,
TXN-00012357,204,PAYMENT,173564.04,C1000050,0.0,0.0,M7635038,0,0,0,2026-01-08T12:36:46.060283,
TXN-00012358,204,CASH_OUT,10.0,C1000047,0.0,0.0,M2062141,0,0,0,2026-01-08T12:36:46.060384,
TXN-00012359,197,CASH_OUT,65828.0,C1000007,34511.74,0.0,M7230247,0,0,1,2026-01-08T12:36:46.060429,large_amount
TXN-00012360,194,CASH_OUT,47371.55,C1000098,207867.0,160495.45,M1511740,0,0,1,2026-01-08T12:36:46.060475,night_transaction
TXN-00012361,204,TRANSFER,8597.48,C1000039,0.0,0.0,M7279906,0,0,0,2026-01-08T12:36:46.060560,
TXN-00012362,193,CASH_OUT,102119.86,C1000073,0.0,0.0,M7302321,0,0,1,2026-01-08T12:36:46.060610,large_amount
TXN-00012363,197,CASH_OUT,96199.81,C1000004,205097.75,108897.94,M2123560,0,0,1,2026-01-08T12:36:46.060650,night_transaction
TXN-00012364,204,TRANSFER,2510.74,C1000091,0.0,0.0,M4413724,0,0,0,2026-01-08T12:36:46.060739,
TXN-00012365,204,PAYMENT,1715.13,C1000041,221902.95,220187.82,M3393372,0,0,0,2026-01-08T12:36:46.060827,
TXN-00012366,192,CASH_OUT,39367.7,C1000002,243281.66,203913.96,M7566845,0,0,1,2026-01-08T12:36:46.060872,rapid_succession
TXN-00012367,204,PAYMENT,307.83,C1000075,441910.25,441602.41,M7755956,0,0,0,2026-01-08T12:36:46.061060,
TXN-00012368,204,PAYMENT,391.65,C1000004,205097.75,204706.1,M3570417,0,0,0,2026-01-08T12:36:46.061267,
TXN-00012369,204,PAYMENT,1311.29,C1000048,206473.41,205162.11,M8725273,0,0,0,2026-01-08T12:36:46.061360,
TXN-00012370,204,CASH_OUT,18920.23,C1000095,0.0,0.0,M2947668,0,0,0,2026-01-08T12:36:46.061439,
TXN-00012371,204,PAYMENT,7452.33,C1000099,7358.04,0.0,M9055961,0,0,0,2026-01-08T12:36:46.061514,
TXN-00012372,204,PAYMENT,4501.21,C1000027,0.0,0.0,M8090559,0,0,0,2026-01-08T12:36:46.061587,
TXN-00012373,197,CASH_OUT,71363.13,C1000009,129442.99,58079.86,M1227632,0,0,1,2026-01-08T12:36:46.061627,night_transaction
TXN-00012374,195,CASH_OUT,88965.01,C1000043,0.0,0.0,M2374878,0,0,1,2026-01-08T12:36:46.061665,night_transaction
TXN-00012375,204,TRANSFER,10.0,C1000098,207867.0,207857.0,M3042750,0,0,0,2026-01-08T12:36:46.061741,
TXN-00012376,204,CASH_OUT,3429.79,C1000049,0.0,0.0,M1671656,0,0,0,2026-01-08T12:36:46.061814,
TXN-00012377,204,TRANSFER,28311.32,C1000067,0.0,0.0,M2083071,0,0,0,2026-01-08T12:36:46.061886,
TXN-00012378,204,DEBIT,1976.59,C1000017,43360.89,41384.31,M9019627,0,0,0,2026-01-08T12:36:46.061955,
TXN-00012379,204,CASH_OUT,19074.4,C1000024,0.0,0.0,M5156828,0,0,0,2026-01-08T12:36:46.062028,
TXN-00012380,204,TRANSFER,13641.79,C1000063,0.0,0.0,M9613797,0,0,0,2026-01-08T12:36:46.062099,
TXN-00012381,204,PAYMENT,18534.82,C1000093,0.0,0.0,M1098891,0,0,0,2026-01-08T12:36:46.062176,
TXN-00012382,204,CASH_OUT,298.89,C1000069,16090.03,15791.14,M2446103,0,0,0,2026-01-08T12:36:46.062255,
TXN-00012383,204,TRANSFER,10.0,C1000085,0.0,0.0,M8860381,0,0,0,2026-01-08T12:36:46.062328,
TXN-00012384,209,CASH_OUT,42783.42,C1000053,0.0,0.0,M4259241,0,0,1,2026-01-08T12:36:46.062365,rapid_succession
TXN-00012385,204,PAYMENT,3892.01,C1000087,108749.72,104857.7,M9596028,0,0,0,2026-01-08T12:36:46.062436,
TXN-00012386,204,CASH_OUT,18664.77,C1000035,0.0,0.0,M4659676,0,0,0,2026-01-08T12:36:46.062508,
TXN-00012387,204,PAYMENT,1802.42,C1000055,164803.27,163000.85,M3644591,0,0,0,2026-01-08T12:36:46.062578,
TXN-00012388,204,TRANSFER,5758.52,C1000025,0.0,0.0,M1264680,0,0,0,2026-01-08T12:36:46.062656,
TXN-00012389,204,CASH_OUT,6952.71,C1000011,0.0,0.0,M2109137,0,0,0,2026-01-08T12:36:46.062731,
TXN-00012390,204,CASH_IN,299.23,C1000004,204706.1,205005.33,M1981902,0,0,0,2026-01-08T12:36:46.062815,
TXN-00012391,204,CASH_OUT,1467.1,C1000007,34511.74,33044.64,M3655056,0,0,0,2026-01-08T12:36:46.062882,
TXN-00012392,204,CASH_OUT,718.02,C1000008,198160.43,197442.41,M6492477,0,0,0,2026-01-08T12:36:46.062943,
TXN-00012393,204,PAYMENT,8618.93,C1000031,0.0,0.0,M6240684,0,0,0,2026-01-08T12:36:46.063003,
TXN-00012394,204,PAYMENT,1252.15,C1000008,197442.41,196190.26,M3295290,0,0,0,2026-01-08T12:36:46.063062,
TXN-00012395,197,CASH_OUT,88096.01,C1000034,71434.92,0.0,M1878896,0,0,1,2026-01-08T12:36:46.063099,night_transaction
TXN-00012396,204,PAYMENT,8156.63,C1000013,0.0,0.0,M6972219,0,0,0,2026-01-08T12:36:46.063171,
TXN-00012397,204,TRANSFER,1799.38,C1000001,71567.6,69768.22,M3457588,0,0,0,2026-01-08T12:36:46.063233,
TXN-00012398,204,DEBIT,37.71,C1000021,0.0,0.0,M3904454,0,0,0,2026-01-08T12:36:46.063293,
TXN-00012399,204,CASH_OUT,608.13,C1000038,0.0,0.0,M7085540,0,0,0,2026-01-08T12:36:46.063355,
TXN-00012400,204,PAYMENT,33075.95,C1000073,0.0,0.0,M3837885,0,0,0,2026-01-08T12:36:46.063416,
TXN-00012401,204,TRANSFER,10.0,C1000009,129442.99,129432.99,M2073020,0,0,0,2026-01-08T12:36:46.063480,
TXN-00012402,204,PAYMENT,3114.78,C1000045,0.0,0.0,M5295520,0,0,0,2026-01-08T12:36:46.063542,
TXN-00012403,204,DEBIT,6209.35,C1000059,0.0,0.0,M6997827,0,0,0,2026-01-08T12:36:46.063603,
TXN-00012404,204,PAYMENT,3070.23,C1000089,136703.05,133632.82,M7793347,0,0,0,2026-01-08T12:36:46.063674,
TXN-00012405,204,CASH_OUT,1114.59,C1000022,12053.73,10939.14,M9520344,0,0,0,2026-01-08T12:36:46.063747,
TXN-00012406,202,CASH_OUT,43306.91,C1000089,133632.82,90325.91,M2800540,0,0,1,2026-01-08T12:36:46.063786,unusual_type
TXN-00012407,204,PAYMENT,7452.38,C1000099,0.0,0.0,M1804594,0,0,0,2026-01-08T12:36:46.063862,
TXN-00012408,204,PAYMENT,8884.24,C1000074,0.0,0.0,M4039872,0,0,0,2026-01-08T12:36:46.063925,
TXN-00012409,204,CASH_IN,5699.23,C1000025,0.0,5699.23,M9898097,0,0,0,2026-01-08T12:36:46.063984,
TXN-00012410,204,CASH_OUT,1918.15,C1000051,115782.03,113863.88,M7006234,0,0,0,2026-01-08T12:36:46.064049,
TXN-00012411,204,PAYMENT,10.0,C1000023,13458.55,13448.55,M6443729,0,0,0,2026-01-08T12:36:46.064128,
TXN-00012412,204,CASH_OUT,6287.88,C1000031,0.0,0.0,M9148234,0,0,0,2026-01-08T12:36:46.064193,
TXN-00012413,204,PAYMENT,10.0,C1000004,205005.33,204995.33,M3887599,0,0,0,2026-01-08T12:36:46.064255,
TXN-00012414,204,CASH_OUT,1556.33,C1000070,0.0,0.0,M3086355,0,0,0,2026-01-08T12:36:46.064318,
TXN-00012415,204,PAYMENT,10006.35,C1000015,0.0,0.0,M2308169,0,0,0,2026-01-08T12:36:46.064380,
TXN-00012416,204,PAYMENT,31558.22,C1000067,0.0,0.0,M7378813,0,0,0,2026-01-08T12:36:46.064441,
TXN-00012417,204,TRANSFER,1509.3,C1000081,75868.45,74359.15,M2872469,0,0,0,2026-01-08T12:36:46.064503,
TXN-00012418,204,CASH_IN,2015.45,C1000089,133632.82,135648.28,M5035694,0,0,0,2026-01-08T12:36:46.064567,
TXN-00012419,204,PAYMENT,10.0,C1000066,0.0,0.0,M2964138,0,0,0,2026-01-08T12:36:46.064634,
TXN-00012420,204,TRANSFER,50831.56,C1000053,0.0,0.0,M3459980,0,0,0,2026-01-08T12:36:46.064695,
TXN-00012421,204,CASH_IN,12079.63,C1000057,0.0,12079.63,M3802848,0,0,0,2026-01-08T12:36:46.064757,
TXN-00012422,204,TRANSFER,10.0,C1000061,231604.7,231594.7,M7161107,0,0,0,2026-01-08T12:36:46.064821,
TXN-00012423,204,PAYMENT,4747.63,C1000052,0.0,0.0,M7996385,0,0,0,2026-01-08T12:36:46.064883,
TXN-00012424,203,CASH_OUT,104807.55,C1000091,0.0,0.0,M5721768,0,0,1,2026-01-08T12:36:46.064930,unusual_type
TXN-00012425,204,PAYMENT,5699.91,C1000010,0.0,0.0,M4429921,0,0,0,2026-01-08T12:36:46.064997,
TXN-00012426,204,TRANSFER,10.0,C1000023,13448.55,13438.55,M2959060,0,0,0,2026-01-08T12:36:46.065061,
TXN-00012427,204,PAYMENT,951.41,C1000077,73822.1,72870.7,M7200803,0,0,0,2026-01-08T12:36:46.065124,
TXN-00012428,204,PAYMENT,10092.05,C1000092,0.0,0.0,M2579015,0,0,0,2026-01-08T12:36:46.065190,
TXN-00012429,204,PAYMENT,1471.51,C1000057,12079.63,10608.12,M1761145,0,0,0,2026-01-08T12:36:46.065255,
TXN-00012430,204,CASH_OUT,404.79,C1000021,0.0,0.0,M5378401,0,0,0,2026-01-08T12:36:46.065322,
TXN-00012431,204,DEBIT,6301.4,C1000059,0.0,0.0,M1670110,0,0,0,2026-01-08T12:36:46.065387,
TXN-00012432,204,TRANSFER,1757.36,C1000055,163000.85,161243.49,M1966605,0,0,0,2026-01-08T12:36:46.065450,
TXN-00012433,204,PAYMENT,5704.68,C1000003,0.0,0.0,M5648785,0,0,0,2026-01-08T12:36:46.065516,
TXN-00012434,204,PAYMENT,4232.72,C1000027,0.0,0.0,M3310216,0,0,0,2026-01-08T12:36:46.065578,
TXN-00012435,204,PAYMENT,24181.52,C1000037,0.0,0.0,M3346680,0,0,0,2026-01-08T12:36:46.065645,
TXN-00012436,204,PAYMENT,1580.85,C1000080,0.0,0.0,M5598643,0,0,0,2026-01-08T12:36:46.065709,
TXN-00012437,204,PAYMENT,13646.87,C1000063,0.0,0.0,M4232080,0,0,0,2026-01-08T12:36:46.065774,
TXN-00012438,204,CASH_OUT,43226.4,C1000038,0.0,0.0,M8859912,0,0,1,2026-01-08T12:36:46.065815,rapid_succession
TXN-00012439,204,TRANSFER,1564.69,C1000096,205029.75,203465.05,M4041032,0,0,0,2026-01-08T12:36:46.065885,
TXN-00012440,212,CASH_OUT,71407.41,C1000057,10608.12,0.0,M6606683,0,0,1,2026-01-08T12:36:46.065922,unusual_type
TXN-00012441,204,PAYMENT,6199.59,C1000051,113863.88,107664.29,M1520650,0,0,0,2026-01-08T12:36:46.065986,
TXN-00012442,204,PAYMENT,7890.67,C1000097,0.0,0.0,M1635868,0,0,0,2026-01-08T12:36:46.066050,
TXN-00012443,214,CASH_OUT,92246.72,C1000025,5699.23,-85658.68,M7334848,0,0,1,2026-01-08T12:36:46.066082,balance_mismatch
TXN-00012444,204,CASH_OUT,1120.97,C1000069,15791.14,14670.17,M9247099,0,0,0,2026-01-08T12:36:46.066157,
TXN-00012445,211,CASH_OUT,40148.23,C1000025,5699.23,0.0,M2664939,0,0,1,2026-01-08T12:36:46.066193,rapid_succession
TXN-00012446,210,CASH_OUT,40029.21,C1000052,0.0,-35519.51,M2517902,0,0,1,2026-01-08T12:36:46.066229,balance_mismatch
TXN-00012447,204,TRANSFER,19056.71,C1000035,0.0,0.0,M8524411,0,0,0,2026-01-08T12:36:46.066311,
TXN-00012448,204,PAYMENT,4601.19,C1000065,0.0,0.0,M5833713,0,0,0,2026-01-08T12:36:46.066381,
TXN-00012449,204,TRANSFER,182.29,C1000081,74359.15,74176.86,M8161564,0,0,0,2026-01-08T12:36:46.066455,
TXN-00012450,204,PAYMENT,315.88,C1000089,135648.28,135332.4,M1859982,0,0,0,2026-01-08T12:36:46.066522,
TXN-00012451,199,CASH_OUT,87763.01,C1000080,0.0,0.0,M2546151,0,0,1,2026-01-08T12:36:46.066555,unusual_type
TXN-00012452,204,PAYMENT,10.0,C1000041,220187.82,220177.82,M8728252,0,0,0,2026-01-08T12:36:46.066618,
TXN-00012453,204,PAYMENT,7310.33,C1000099,0.0,0.0,M5392161,0,0,0,2026-01-08T12:36:46.066690,
TXN-00012454,204,DEBIT,54519.41,C1000000,0.0,0.0,M6234098,0,0,0,2026-01-08T12:36:46.066757,
TXN-00012455,204,CASH_OUT,172680.68,C1000050,0.0,0.0,M9247944,0,0,0,2026-01-08T12:36:46.066822,
TXN-00012456,204,CASH_OUT,1812.02,C1000026,131287.4,129475.37,M7041395,0,0,0,2026-01-08T12:36:46.066894,
TXN-00012457,204,TRANSFER,4782.02,C1000091,0.0,0.0,M8769517,0,0,0,2026-01-08T12:36:46.066964,
TXN-00012458,204,DEBIT,26769.73,C1000056,0.0,0.0,M4237261,0,0,0,2026-01-08T12:36:46.067023,
TXN-00012459,204,CASH_OUT,4384.75,C1000003,0.0,0.0,M5755719,0,0,0,2026-01-08T12:36:46.067084,
TXN-00012460,204,PAYMENT,6745.97,C1000011,0.0,0.0,M4924956,0,0,0,2026-01-08T12:36:46.067150,
TXN-00012461,204,PAYMENT,10.0,C1000023,13438.55,13428.55,M7987173,0,0,0,2026-01-08T12:36:46.067227,
TXN-00012462,204,TRANSFER,1459.77,C1000083,186378.05,184918.28,M2439897,0,0,0,2026-01-08T12:36:46.067297,
TXN-00012463,204,PAYMENT,8728.68,C1000036,0.0,0.0,M1636536,0,0,0,2026-01-08T12:36:46.067363,
TXN-00012464,204,CASH_IN,710.69,C1000041,220177.82,220888.52,M9805505,0,0,0,2026-01-08T12:36:46.067427,
TXN-00012465,204,CASH_OUT,2459.43,C1000020,276091.67,273632.23,M3418044,0,0,0,2026-01-08T12:36:46.067542,
TXN-00012466,204,TRANSFER,1049.18,C1000038,0.0,0.0,M8890717,0,0,0,2026-01-08T12:36:46.067639,
TXN-00012467,204,DEBIT,27706.32,C1000095,0.0,0.0,M4966397,0,0,0,2026-01-08T12:36:46.067715,
TXN-00012468,204,TRANSFER,6513.38,C1000088,0.0,0.0,M6017099,0,0,0,2026-01-08T12:36:46.067783,
TXN-00012469,204,CASH_OUT,114665.29,C1000021,0.0,0.0,M4073770,0,0,1,2026-01-08T12:36:46.067819,unusual_type
TXN-00012470,204,PAYMENT,10.0,C1000047,0.0,0.0,M5315207,0,0,0,2026-01-08T12:36:46.067959,
TXN-00012471,204,CASH_OUT,10.0,C1000078,0.0,0.0,M9226954,0,0,0,2026-01-08T12:36:46.068044,
TXN-00012472,193,CASH_OUT,28798.59,C1000091,0.0,0.0,M2963284,0,0,1,2026-01-08T12:36:46.068084,rapid_succession
TXN-00012473,210,CASH_OUT,45233.87,C1000088,0.0,0.0,M3461816,0,0,1,2026-01-08T12:36:46.068120,rapid_succession
TXN-00012474,204,CASH_OUT,3466.14,C1000029,419.53,0.0,M6132051,0,0,0,2026-01-08T12:36:46.068213,
TXN-00012475,204,PAYMENT,10.0,C1000023,13428.55,13418.55,M1006719,0,0,0,2026-01-08T12:36:46.068287,
TXN-00012476,204,TRANSFER,3132.72,C1000062,0.0,0.0,M3686329,0,0,0,2026-01-08T12:36:46.068409,
TXN-00012477,204,PAYMENT,18161.54,C1000093,0.0,0.0,M3300805,0,0,0,2026-01-08T12:36:46.068484,
TXN-00012478,204,PAYMENT,1953.09,C1000086,123409.11,121456.02,M6606355,0,0,0,2026-01-08T12:36:46.068552,
TXN-00012479,205,CASH_OUT,43750.95,C1000077,72870.7,29119.75,M7259882,0,0,1,2026-01-08T12:36:46.068591,rapid_succession
TXN-00012480,204,PAYMENT,4502.17,C1000025,5699.23,1197.06,M3888563,0,0,0,2026-01-08T12:36:46.068670,
TXN-00012481,204,PAYMENT,2537.18,C1000040,1250.22,0.0,M5270927,0,0,0,2026-01-08T12:36:46.068752,
TXN-00012482,204,CASH_IN,1173.85,C1000029,0.0,1173.85,M9725144,0,0,0,2026-01-08T12:36:46.068835,
TXN-00012483,213,CASH_OUT,31992.94,C1000051,107664.29,75671.34,M2162427,0,0,1,2026-01-08T12:36:46.068872,rapid_succession
TXN-00012484,204,PAYMENT,7817.46,C1000099,0.0,0.0,M9414778,0,0,0,2026-01-08T12:36:46.068938,
TXN-00012485,204,TRANSFER,4309.09,C1000038,0.0,0.0,M9189683,0,0,0,2026-01-08T12:36:46.069031,
TXN-00012486,204,TRANSFER,590.61,C1000083,184918.28,184327.67,M6756602,0,0,0,2026-01-08T12:36:46.069095,
TXN-00012487,204,TRANSFER,4123.84,C1000065,0.0,0.0,M9061550,0,0,0,2026-01-08T12:36:46.069159,
TXN-00012488,208,CASH_OUT,166324.85,C1000079,0.0,0.0,M8062123,0,0,1,2026-01-08T12:36:46.069189,large_amount
TXN-00012489,204,CASH_IN,20167.16,C1000095,0.0,20167.16,M8104303,0,0,0,2026-01-08T12:36:46.069251,
TXN-00012490,204,TRANSFER,679.22,C1000004,204995.33,204316.12,M7413360,0,0,0,2026-01-08T12:36:46.069315,
TXN-00012491,204,CASH_IN,4710.29,C1000010,0.0,4710.29,M7922632,0,0,0,2026-01-08T12:36:46.069377,
TXN-00012492,215,CASH_OUT,105011.56,C1000039,0.0,0.0,M2397460,0,0,1,2026-01-08T12:36:46.069408,unusual_type
TXN-00012493,204,PAYMENT,4495.86,C1000065,0.0,0.0,M2965741,0,0,0,2026-01-08T12:36:46.069467,
TXN-00012494,213,CASH_OUT,43178.01,C1000019,0.0,0.0,M1652322,0,0,1,2026-01-08T12:36:46.069496,unusual_type
TXN-00012495,204,CASH_OUT,313.14,C1000068,95863.46,95550.32,M7182370,0,0,0,2026-01-08T12:36:46.069552,
TXN-00012496,204,CASH_IN,583.6,C1000081,74176.86,74760.46,M9559410,0,0,0,2026-01-08T12:36:46.069612,
TXN-00012497,204,CASH_OUT,38365.38,C1000012,0.0,0.0,M2883029,0,0,0,2026-01-08T12:36:46.069669,
TXN-00012498,204,PAYMENT,3502.41,C1000049,0.0,0.0,M9275677,0,0,0,2026-01-08T12:36:46.069724,
TXN-00012499,204,PAYMENT,9924.82,C1000092,0.0,0.0,M9553235,0,0,0,2026-01-08T12:36:46.069777,
TXN-00012500,204,DEBIT,1880.99,C1000086,121456.02,119575.03,M5142327,0,0,0,2026-01-08T12:36:46.069829,
TXN-00012501,200,CASH_OUT,153595.93,C1000036,0.0,0.0,M4792109,0,0,1,2026-01-08T12:36:46.069858,large_amount
TXN-00012502,204,TRANSFER,6556.48,C1000091,0.0,0.0,M6427186,0,0,0,2026-01-08T12:36:46.069907,
TXN-00012503,208,CASH_OUT,110828.27,C1000069,14670.17,0.0,M4922843,0,0,1,2026-01-08T12:36:46.069932,unusual_type
TXN-00012504,204,TRANSFER,1955.5,C1000017,41384.31,39428.81,M8094881,0,0,0,2026-01-08T12:36:46.069982,
TXN-00012505,204,PAYMENT,2094.09,C1000038,0.0,0.0,M3075152,0,0,0,2026-01-08T12:36:46.070037,
TXN-00012506,204,PAYMENT,2269.47,C1000028,0.0,0.0,M3237144,0,0,0,2026-01-08T12:36:46.070090,
TXN-00012507,204,PAYMENT,585.17,C1000007,33044.64,32459.46,M3100218,0,0,0,2026-01-08T12:36:46.070140,
TXN-00012508,204,PAYMENT,198.52,C1000022,10939.14,10740.63,M5316381,0,0,0,2026-01-08T12:36:46.070191,
TXN-00012509,204,DEBIT,852.27,C1000068,95550.32,94698.05,M2537252,0,0,0,2026-01-08T12:36:46.070243,
TXN-00012510,204,CASH_OUT,13411.8,C1000005,0.0,0.0,M4760405,0,0,0,2026-01-08T12:36:46.070294,
TXN-00012511,204,PAYMENT,1935.41,C1000016,138963.6,137028.19,M9662712,0,0,0,2026-01-08T12:36:46.070383,
TXN-00012512,204,PAYMENT,2038.07,C1000061,231594.7,229556.62,M6389727,0,0,0,2026-01-08T12:36:46.070434,
TXN-00012513,204,PAYMENT,6234.89,C1000046,0.0,0.0,M1811334,0,0,0,2026-01-08T12:36:46.070491,
TXN-00012514,204,PAYMENT,2259.01,C1000090,217116.88,214857.87,M7160059,0,0,0,2026-01-08T12:36:46.070542,
TXN-00012515,204,CASH_IN,172594.3,C1000050,0.0,172594.3,M1324188,0,0,0,2026-01-08T12:36:46.070600,
TXN-00012516,204,PAYMENT,28.37,C1000038,0.0,0.0,M1759482,0,0,0,2026-01-08T12:36:46.070656,
TXN-00012517,204,TRANSFER,13691.64,C1000063,0.0,0.0,M6241832,0,0,0,2026-01-08T12:36:46.070713,
TXN-00012518,204,PAYMENT,305.18,C1000071,153296.87,152991.69,M1499514,0,0,0,2026-01-08T12:36:46.070766,
TXN-00012519,204,CASH_OUT,1480.53,C1000077,72870.7,71390.17,M7694332,0,0,0,2026-01-08T12:36:46.070819,
TXN-00012520,195,CASH_OUT,51093.3,C1000037,0.0,0.0,M5468871,0,0,1,2026-01-08T12:36:46.070849,night_transaction
TXN-00012521,204,PAYMENT,10904.02,C1000005,0.0,0.0,M8299590,0,0,0,2026-01-08T12:36:46.070909,
TXN-00012522,204,TRANSFER,5837.02,C1000049,0.0,0.0,M9579864,0,0,0,2026-01-08T12:36:46.070965,
TXN-00012523,204,DEBIT,5458.56,C1000059,0.0,0.0,M8712313,0,0,0,2026-01-08T12:36:46.071019,
TXN-00012524,204,DEBIT,3318.57,C1000044,284.65,0.0,M1921490,0,0,0,2026-01-08T12:36:46.071073,
TXN-00012525,197,CASH_OUT,77924.48,C1000096,203465.05,125540.57,M6654883,0,0,1,2026-01-08T12:36:46.071104,night_transaction
TXN-00012526,204,PAYMENT,1606.84,C1000020,273632.23,272025.39,M8315600,0,0,0,2026-01-08T12:36:46.071159,
TXN-00012527,204,PAYMENT,19654.16,C1000024,0.0,0.0,M6539454,0,0,0,2026-01-08T12:36:46.071215,
TXN-00012528,204,CASH_IN,10.0,C1000080,0.0,10.0,M8986019,0,0,0,2026-01-08T12:36:46.071269,
TXN-00012529,204,PAYMENT,10246.23,C1000015,0.0,0.0,M2884103,0,0,0,2026-01-08T12:36:46.071322,
TXN-00012530,204,PAYMENT,1530.7,C1000041,220888.52,219357.81,M4496330,0,0,0,2026-01-08T12:36:46.071377,
TXN-00012531,204,TRANSFER,1165.78,C1000004,204316.12,203150.33,M6738761,0,0,0,2026-01-08T12:36:46.071436,
TXN-00012532,204,PAYMENT,6856.55,C1000011,0.0,0.0,M8704025,0,0,0,2026-01-08T12:36:46.071492,
TXN-00012533,204,DEBIT,5699.26,C1000025,1197.06,0.0,M3973396,0,0,0,2026-01-08T12:36:46.071547,
TXN-00012534,204,DEBIT,5081.79,C1000003,0.0,0.0,M7891618,0,0,0,2026-01-08T12:36:46.071611,
TXN-00012535,204,DEBIT,13808.48,C1000063,0.0,0.0,M7748184,0,0,0,2026-01-08T12:36:46.071670,
TXN-00012536,204,PAYMENT,10.0,C1000060,55063.29,55053.29,M9527135,0,0,0,2026-01-08T12:36:46.071725,
TXN-00012537,204,CASH_OUT,331.7,C1000022,10740.63,10408.93,M9031871,0,0,0,2026-01-08T12:36:46.071781,
TXN-00012538,204,DEBIT,34855.45,C1000073,0.0,0.0,M5665898,0,0,0,2026-01-08T12:36:46.071838,
TXN-00012539,204,PAYMENT,30057.12,C1000067,0.0,0.0,M2065361,0,0,0,2026-01-08T12:36:46.071893,
TXN-00012540,204,TRANSFER,10.0,C1000082,0.0,0.0,M7066378,0,0,0,2026-01-08T12:36:46.071948,
TXN-00012541,204,DEBIT,4347.79,C1000065,0.0,0.0,M2532281,0,0,0,2026-01-08T12:36:46.072001,
TXN-00012542,204,PAYMENT,1615.15,C1000070,0.0,0.0,M2198956,0,0,0,2026-01-08T12:36:46.072056,
TXN-00012543,204,CASH_OUT,8214.22,C1000036,0.0,0.0,M1417874,0,0,0,2026-01-08T12:36:46.072112,
TXN-00012544,204,PAYMENT,5717.18,C1000010,4710.29,0.0,M2242583,0,0,0,2026-01-08T12:36:46.072164,
TXN-00012545,204,TRANSFER,19637.34,C1000079,0.0,0.0,M8443749,0,0,0,2026-01-08T12:36:46.072217,
TXN-00012546,204,PAYMENT,20537.57,C1000024,0.0,0.0,M3557937,0,0,0,2026-01-08T12:36:46.072268,
TXN-00012547,204,TRANSFER,1183.22,C1000016,137028.19,135844.97,M7882662,0,0,0,2026-01-08T12:36:46.072318,
TXN-00012548,204,CASH_OUT,3709.25,C1000048,205162.11,201452.86,M5939833,0,0,0,2026-01-08T12:36:46.072369,
TXN-00012549,204,CASH_OUT,18968.64,C1000024,0.0,0.0,M4126270,0,0,0,2026-01-08T12:36:46.072422,
TXN-00012550,204,CASH_IN,2269.06,C1000017,39428.81,41697.87,M9488018,0,0,0,2026-01-08T12:36:46.072516,
TXN-00012551,204,CASH_OUT,8398.23,C1000031,0.0,0.0,M3025363,0,0,0,2026-01-08T12:36:46.072569,
TXN-00012552,204,PAYMENT,1087.67,C1000085,0.0,0.0,M5452518,0,0,0,2026-01-08T12:36:46.072670,
TXN-00012553,204,CASH_OUT,20439.05,C1000024,0.0,0.0,M1914716,0,0,0,2026-01-08T12:36:46.072736,
TXN-00012554,204,TRANSFER,4214.28,C1000027,0.0,0.0,M3583086,0,0,0,2026-01-08T12:36:46.072792,
TXN-00012555,204,CASH_OUT,2270.5,C1000086,119575.03,117304.54,M7558047,0,0,0,2026-01-08T12:36:46.072847,
TXN-00012556,204,PAYMENT,172682.55,C1000050,172594.3,0.0,M1492081,0,0,0,2026-01-08T12:36:46.072908,
TXN-00012557,204,TRANSFER,754.53,C1000071,152991.69,152237.16,M3657923,0,0,0,2026-01-08T12:36:46.073069,
TXN-00012558,204,TRANSFER,1006.65,C1000081,74760.46,73753.8,M7033425,0,0,0,2026-01-08T12:36:46.073168,
TXN-00012559,204,CASH_OUT,1200.69,C1000068,94698.05,93497.36,M7057782,0,0,0,2026-01-08T12:36:46.073244,
TXN-00012560,204,CASH_OUT,1848.13,C1000017,41697.87,39849.73,M9341978,0,0,0,2026-01-08T12:36:46.073310,
TXN-00012561,205,CASH_OUT,110161.37,C1000091,0.0,0.0,M7542364,0,0,1,2026-01-08T12:36:46.073349,unusual_type
TXN-00012562,204,PAYMENT,4192.61,C1000003,0.0,0.0,M3013484,0,0,0,2026-01-08T12:36:46.073412,
TXN-00012563,195,CASH_OUT,120227.18,C1000094,177097.97,60590.8,M1314925,0,0,1,2026-01-08T12:36:46.073441,balance_mismatch
TXN-00012564,204,CASH_OUT,17657.8,C1000093,0.0,0.0,M6391484,0,0,0,2026-01-08T12:36:46.073507,
TXN-00012565,204,PAYMENT,5829.98,C1000046,0.0,0.0,M2894201,0,0,0,2026-01-08T12:36:46.073573,
TXN-00012566,204,TRANSFER,4630.27,C1000097,0.0,0.0,M8782681,0,0,0,2026-01-08T12:36:46.073642,
TXN-00012567,206,CASH_OUT,92590.83,C1000023,13418.55,-77998.71,M5067222,0,0,1,2026-01-08T12:36:46.073672,balance_mismatch
TXN-00012568,204,TRANSFER,492.28,C1000083,184327.67,183835.39,M7799553,0,0,0,2026-01-08T12:36:46.073737,
TXN-00012569,194,CASH_OUT,21975.24,C1000091,0.0,0.0,M9358904,0,0,1,2026-01-08T12:36:46.073768,night_transaction
TXN-00012570,204,CASH_OUT,1612.47,C1000055,161243.49,159631.02,M5114861,0,0,0,2026-01-08T12:36:46.073824,
TXN-00012571,204,PAYMENT,5679.98,C1000046,0.0,0.0,M3322784,0,0,0,2026-01-08T12:36:46.073883,
TXN-00012572,204,DEBIT,3603.05,C1000087,104857.7,101254.66,M6790150,0,0,0,2026-01-08T12:36:46.073940,
TXN-00012573,204,PAYMENT,4040.71,C1000062,0.0,0.0,M9234092,0,0,0,2026-01-08T12:36:46.073999,
TXN-00012574,198,CASH_OUT,79874.54,C1000052,0.0,0.0,M2720036,0,0,1,2026-01-08T12:36:46.074028,large_amount
TXN-00012575,204,TRANSFER,9943.55,C1000092,0.0,0.0,M7184534,0,0,0,2026-01-08T12:36:46.074083,
TXN-00012576,204,PAYMENT,375.31,C1000034,71434.92,71059.61,M5075449,0,0,0,2026-01-08T12:36:46.074140,
TXN-00012577,204,PAYMENT,484.67,C1000075,441602.41,441117.75,M5275775,0,0,0,2026-01-08T12:36:46.074197,
TXN-00012578,204,TRANSFER,17772.92,C1000076,0.0,0.0,M1754251,0,0,0,2026-01-08T12:36:46.074255,
TXN-00012579,204,CASH_OUT,10.0,C1000009,129432.99,129422.99,M3421980,0,0,0,2026-01-08T12:36:46.074311,
TXN-00012580,204,TRANSFER,46829.21,C1000053,0.0,0.0,M8924560,0,0,0,2026-01-08T12:36:46.074370,
TXN-00012581,204,TRANSFER,4890.57,C1000003,0.0,0.0,M6032609,0,0,0,2026-01-08T12:36:46.074425,
TXN-00012582,204,DEBIT,2551.85,C1000038,0.0,0.0,M1356545,0,0,0,2026-01-08T12:36:46.074482,
TXN-00012583,204,CASH_OUT,3653.63,C1000072,0.0,0.0,M9004722,0,0,0,2026-01-08T12:36:46.074538,
TXN-00012584,204,PAYMENT,7722.84,C1000097,0.0,0.0,M4692585,0,0,0,2026-01-08T12:36:46.074598,
TXN-00012585,204,PAYMENT,34246.53,C1000073,0.0,0.0,M9982843,0,0,0,2026-01-08T12:36:46.074656,
TXN-00012586,204,PAYMENT,10006.39,C1000092,0.0,0.0,M8524765,0,0,0,2026-01-08T12:36:46.074712,
TXN-00012587,195,CASH_OUT,78559.87,C1000000,0.0,0.0,M8909311,0,0,1,2026-01-08T12:36:46.074740,large_amount
TXN-00012588,212,CASH_OUT,134731.86,C1000064,39082.51,0.0,M8657346,0,0,1,2026-01-08T12:36:46.074766,large_amount
TXN-00012589,204,TRANSFER,3150.51,C1000028,0.0,0.0,M1994026,0,0,0,2026-01-08T12:36:46.074821,
TXN-00012590,204,PAYMENT,10.0,C1000078,0.0,0.0,M3434716,0,0,0,2026-01-08T12:36:46.074877,
TXN-00012591,204,TRANSFER,1049.85,C1000022,10408.93,9359.08,M8096190,0,0,0,2026-01-08T12:36:46.074932,
TXN-00012592,204,PAYMENT,13716.0,C1000063,0.0,0.0,M5950958,0,0,0,2026-01-08T12:36:46.074990,
TXN-00012593,208,CASH_OUT,60313.87,C1000026,129475.37,66292.36,M8188750,0,0,1,2026-01-08T12:36:46.075021,balance_mismatch
TXN-00012594,204,TRANSFER,1960.78,C1000090,214857.87,212897.09,M2726433,0,0,0,2026-01-08T12:36:46.075084,
TXN-00012595,195,CASH_OUT,91950.03,C1000057,10608.12,0.0,M5221106,0,0,1,2026-01-08T12:36:46.075117,unusual_type
TXN-00012596,204,PAYMENT,2207.0,C1000086,117304.54,115097.53,M1615009,0,0,0,2026-01-08T12:36:46.075187,
TXN-00012597,204,CASH_IN,1306.53,C1000089,135332.4,136638.93,M9412202,0,0,0,2026-01-08T12:36:46.075252,
TXN-00012598,204,TRANSFER,1876.25,C1000049,0.0,0.0,M3934624,0,0,0,2026-01-08T12:36:46.075309,
TXN-00012599,204,CASH_IN,2905.56,C1000062,0.0,2905.56,M8498850,0,0,0,2026-01-08T12:36:46.075366,
TXN-00012600,204,CASH_OUT,25721.41,C1000067,0.0,0.0,M5106738,0,0,0,2026-01-08T12:36:46.075423,
TXN-00012601,204,PAYMENT,7589.56,C1000080,10.0,0.0,M3652887,0,0,0,2026-01-08T12:36:46.075479,
TXN-00012602,204,CASH_OUT,4429.15,C1000065,0.0,0.0,M4825587,0,0,0,2026-01-08T12:36:46.075535,
TXN-00012603,204,TRANSFER,20.34,C1000066,0.0,0.0,M5039325,0,0,0,2026-01-08T12:36:46.075590,
TXN-00012604,204,TRANSFER,10.0,C1000057,10608.12,10598.12,M4046026,0,0,0,2026-01-08T12:36:46.075646,
TXN-00012605,204,TRANSFER,2519.37,C1000097,0.0,0.0,M6737573,0,0,0,2026-01-08T12:36:46.075702,
TXN-00012606,204,TRANSFER,2197.13,C1000043,0.0,0.0,M7500113,0,0,0,2026-01-08T12:36:46.075762,
TXN-00012607,215,CASH_OUT,150639.43,C1000032,0.0,0.0,M4087171,0,0,1,2026-01-08T12:36:46.075797,large_amount
TXN-00012608,204,DEBIT,5642.63,C1000059,0.0,0.0,M1584141,0,0,0,2026-01-08T12:36:46.076344,
TXN-00012609,207,CASH_OUT,164870.81,C1000089,136638.93,0.0,M6080789,0,0,1,2026-01-08T12:36:46.076603,large_amount
TXN-00012610,204,CASH_IN,1282.58,C1000097,0.0,1282.58,M8158215,0,0,0,2026-01-08T12:36:46.076753,
TXN-00012611,204,PAYMENT,172588.96,C1000050,0.0,0.0,M4142125,0,0,0,2026-01-08T12:36:46.076838,
TXN-00012612,204,PAYMENT,411.73,C1000004,203150.33,202738.61,M9435309,0,0,0,2026-01-08T12:36:46.076907,
TXN-00012613,204,PAYMENT,1406.66,C1000029,1173.85,0.0,M8301729,0,0,0,2026-01-08T12:36:46.076976,
TXN-00012614,207,CASH_OUT,173970.12,C1000088,0.0,0.0,M4698507,0,0,1,2026-01-08T12:36:46.077010,large_amount
TXN-00012615,204,TRANSFER,7651.13,C1000099,0.0,0.0,M2213221,0,0,0,2026-01-08T12:36:46.077075,
TXN-00012616,204,PAYMENT,10.0,C1000022,9359.08,9349.08,M6534595,0,0,0,2026-01-08T12:36:46.077145,
TXN-00012617,204,TRANSFER,3499.94,C1000084,31767.54,28267.6,M1049828,0,0,0,2026-01-08T12:36:46.077212,
TXN-00012618,204,PAYMENT,1487.56,C1000061,229556.62,228069.06,M4876530,0,0,0,2026-01-08T12:36:46.077281,
TXN-00012619,204,PAYMENT,2006.78,C1000072,0.0,0.0,M1296127,0,0,0,2026-01-08T12:36:46.077348,
TXN-00012620,204,TRANSFER,2898.43,C1000030,0.0,0.0,M6317532,0,0,0,2026-01-08T12:36:46.077412,
TXN-00012621,204,TRANSFER,1361.17,C1000072,0.0,0.0,M7088559,0,0,0,2026-01-08T12:36:46.077475,
TXN-00012622,204,TRANSFER,12997.27,C1000074,0.0,0.0,M4532934,0,0,0,2026-01-08T12:36:46.077553,
TXN-00012623,204,PAYMENT,1728.76,C1000030,0.0,0.0,M8946423,0,0,0,2026-01-08T12:36:46.077626,
TXN-00012624,207,CASH_OUT,75417.72,C1000042,0.0,-78978.03,M2255378,0,0,1,2026-01-08T12:36:46.077663,balance_mismatch
TXN-00012625,204,PAYMENT,1807.38,C1000021,0.0,0.0,M9741562,0,0,0,2026-01-08T12:36:46.077738,
TXN-00012626,204,PAYMENT,10.0,C1000061,228069.06,228059.06,M5703126,0,0,0,2026-01-08T12:36:46.077812,
TXN-00012627,204,DEBIT,18832.3,C1000093,0.0,0.0,M4798685,0,0,0,2026-01-08T12:36:46.077907,
TXN-00012628,196,CASH_OUT,160147.86,C1000034,71059.61,0.0,M4064737,0,0,1,2026-01-08T12:36:46.077947,large_amount
TXN-00012629,204,TRANSFER,405.87,C1000001,69768.22,69362.34,M1846930,0,0,0,2026-01-08T12:36:46.078017,
TXN-00012630,204,CASH_OUT,2006.83,C1000020,272025.39,270018.56,M3136831,0,0,0,2026-01-08T12:36:46.078155,
TXN-00012631,204,TRANSFER,1565.76,C1000086,115097.53,113531.78,M2693883,0,0,0,2026-01-08T12:36:46.078256,
TXN-00012632,204,TRANSFER,10.0,C1000080,0.0,0.0,M5677797,0,0,0,2026-01-08T12:36:46.078358,
TXN-00012633,204,PAYMENT,114.08,C1000081,73753.8,73639.73,M9336979,0,0,0,2026-01-08T12:36:46.078450,
TXN-00012634,195,CASH_OUT,47974.51,C1000018,138366.6,90392.09,M6946574,0,0,1,2026-01-08T12:36:46.078497,rapid_succession
TXN-00012635,204,TRANSFER,173204.66,C1000050,0.0,0.0,M4032582,0,0,0,2026-01-08T12:36:46.078583,
TXN-00012636,204,DEBIT,4990.0,C1000003,0.0,0.0,M1784695,0,0,0,2026-01-08T12:36:46.078664,
TXN-00012637,204,TRANSFER,38265.22,C1000012,0.0,0.0,M6995582,0,0,0,2026-01-08T12:36:46.078740,
TXN-00012638,204,CASH_OUT,16953.39,C1000064,39082.51,22129.12,M9771653,0,0,1,2026-01-08T12:36:46.078781,rapid_succession
TXN-00012639,195,CASH_OUT,92968.91,C1000095,20167.16,0.0,M4123247,0,0,1,2026-01-08T12:36:46.078821,night_transaction
TXN-00012640,204,PAYMENT,239.14,C1000014,198089.34,197850.2,M1631951,0,0,0,2026-01-08T12:36:46.078897,
TXN-00012641,204,CASH_OUT,7713.02,C1000036,0.0,0.0,M7879175,0,0,0,2026-01-08T12:36:46.078982,
TXN-00012642,204,DEBIT,742.56,C1000018,138366.6,137624.04,M7062424,0,0,0,2026-01-08T12:36:46.079060,
TXN-00012643,197,CASH_OUT,25718.22,C1000080,0.0,0.0,M6982378,0,0,1,2026-01-08T12:36:46.079110,night_transaction
TXN-00012644,204,PAYMENT,1977.0,C1000007,32459.46,30482.46,M3175682,0,0,0,2026-01-08T12:36:46.079330,
TXN-00012645,204,TRANSFER,35451.91,C1000067,0.0,0.0,M8433899,0,0,0,2026-01-08T12:36:46.079590,
TXN-00012646,204,PAYMENT,1820.74,C1000089,136638.93,134818.19,M5745971,0,0,0,2026-01-08T12:36:46.079666,
TXN-00012647,204,TRANSFER,4470.84,C1000003,0.0,0.0,M4319621,0,0,0,2026-01-08T12:36:46.079754,
TXN-00012648,204,CASH_OUT,32809.36,C1000056,0.0,0.0,M6395005,0,0,1,2026-01-08T12:36:46.079807,rapid_succession
TXN-00012649,209,CASH_OUT,183323.74,C1000066,0.0,0.0,M3728608,0,0,1,2026-01-08T12:36:46.079843,large_amount
TXN-00012650,204,DEBIT,772.02,C1000022,9349.08,8577.06,M9492716,0,0,0,2026-01-08T12:36:46.079919,
TXN-00012651,204,PAYMENT,850.15,C1000029,0.0,0.0,M9192815,0,0,0,2026-01-08T12:36:46.079986,
TXN-00012652,204,CASH_IN,1791.78,C1000072,0.0,1791.78,M2713072,0,0,0,2026-01-08T12:36:46.080049,
TXN-00012653,204,DEBIT,13642.73,C1000033,0.0,0.0,M3459740,0,0,0,2026-01-08T12:36:46.080112,
TXN-00012654,204,CASH_OUT,462.91,C1000009,129422.99,128960.09,M1598841,0,0,0,2026-01-08T12:36:46.080172,
TXN-00012655,204,TRANSFER,13596.24,C1000063,0.0,0.0,M4663809,0,0,0,2026-01-08T12:36:46.080234,
TXN-00012656,195,CASH_OUT,85537.89,C1000026,129475.37,43937.48,M8202163,0,0,1,2026-01-08T12:36:46.080266,night_transaction
TXN-00012657,201,CASH_OUT,139300.45,C1000049,0.0,0.0,M4221665,0,0,1,2026-01-08T12:36:46.080295,large_amount
TXN-00012658,204,TRANSFER,2448.65,C1000044,0.0,0.0,M4550148,0,0,0,2026-01-08T12:36:46.080353,
TXN-00012659,204,DEBIT,6967.23,C1000088,0.0,0.0,M7137487,0,0,0,2026-01-08T12:36:46.080413,
TXN-00012660,204,TRANSFER,37571.16,C1000012,0.0,0.0,M5343043,0,0,0,2026-01-08T12:36:46.080482,
TXN-00012661,204,CASH_OUT,600.49,C1000080,0.0,0.0,M6698229,0,0,0,2026-01-08T12:36:46.080554,
TXN-00012662,204,PAYMENT,26720.4,C1000056,0.0,0.0,M7584149,0,0,0,2026-01-08T12:36:46.080624,
TXN-00012663,204,PAYMENT,2781.2,C1000089,134818.19,132036.99,M9080500,0,0,0,2026-01-08T12:36:46.080690,
TXN-00012664,204,DEBIT,1659.92,C1000090,212897.09,211237.17,M8226421,0,0,0,2026-01-08T12:36:46.080749,
TXN-00012665,200,CASH_OUT,67891.79,C1000051,107664.29,39772.5,M6535829,0,0,1,2026-01-08T12:36:46.080778,unusual_type
TXN-00012666,193,CASH_OUT,189031.06,C1000099,0.0,0.0,M1370898,0,0,1,2026-01-08T12:36:46.080808,large_amount
TXN-00012667,204,TRANSFER,978.4,C1000071,152237.16,151258.75,M2453532,0,0,0,2026-01-08T12:36:46.080864,
TXN-00012668,209,CASH_OUT,19227.8,C1000094,177097.97,157870.17,M8855534,0,0,1,2026-01-08T12:36:46.080892,rapid_succession
TXN-00012669,204,PAYMENT,10.0,C1000014,197850.2,197840.2,M2348242,0,0,0,2026-01-08T12:36:46.080950,
TXN-00012670,204,TRANSFER,580.68,C1000004,202738.61,202157.92,M8977333,0,0,0,2026-01-08T12:36:46.081012,
TXN-00012671,204,CASH_OUT,55543.96,C1000000,0.0,0.0,M3225526,0,0,0,2026-01-08T12:36:46.081076,
TXN-00012672,204,TRANSFER,11660.75,C1000015,0.0,0.0,M4404592,0,0,0,2026-01-08T12:36:46.081139,
TXN-00012673,204,PAYMENT,19927.89,C1000024,0.0,0.0,M9899170,0,0,0,2026-01-08T12:36:46.081204,
TXN-00012674,204,CASH_OUT,10.0,C1000004,202157.92,202147.92,M1103577,0,0,0,2026-01-08T12:36:46.081262,
TXN-00012675,204,PAYMENT,5265.83,C1000033,0.0,0.0,M4654256,0,0,0,2026-01-08T12:36:46.081324,
TXN-00012676,204,TRANSFER,507.43,C1000075,441117.75,440610.32,M9745899,0,0,0,2026-01-08T12:36:46.081384,
TXN-00012677,204,PAYMENT,34077.23,C1000073,0.0,0.0,M5866580,0,0,0,2026-01-08T12:36:46.081443,
TXN-00012678,204,TRANSFER,19858.05,C1000079,0.0,0.0,M6559805,0,0,0,2026-01-08T12:36:46.081502,
TXN-00012679,204,CASH_IN,4119.18,C1000062,2905.56,7024.74,M4913818,0,0,0,2026-01-08T12:36:46.081559,
TXN-00012680,204,DEBIT,53647.69,C1000000,0.0,0.0,M2069693,0,0,0,2026-01-08T12:36:46.081628,
TXN-00012681,204,PAYMENT,10.0,C1000080,0.0,0.0,M1823361,0,0,0,2026-01-08T12:36:46.081686,
TXN-00012682,204,TRANSFER,1328.05,C1000016,135844.97,134516.92,M2943410,0,0,0,2026-01-08T12:36:46.081743,
TXN-00012683,204,DEBIT,10.0,C1000078,0.0,0.0,M5113222,0,0,0,2026-01-08T12:36:46.081805,
TXN-00012684,204,PAYMENT,10.0,C1000061,228059.06,228049.06,M8237134,0,0,0,2026-01-08T12:36:46.081867,
TXN-00012685,204,PAYMENT,4076.44,C1000040,0.0,0.0,M9555867,0,0,0,2026-01-08T12:36:46.081936,
TXN-00012686,204,PAYMENT,202.5,C1000074,0.0,0.0,M2930286,0,0,0,2026-01-08T12:36:46.082000,
TXN-00012687,204,PAYMENT,5317.02,C1000059,0.0,0.0,M8868853,0,0,0,2026-01-08T12:36:46.082065,
TXN-00012688,196,CASH_OUT,27413.81,C1000046,0.0,0.0,M7324644,0,0,1,2026-01-08T12:36:46.082098,night_transaction
TXN-00012689,204,PAYMENT,1053.07,C1000018,137624.04,136570.97,M9223964,0,0,0,2026-01-08T12:36:46.082158,
TXN-00012690,204,TRANSFER,10.0,C1000021,0.0,0.0,M9264069,0,0,0,2026-01-08T12:36:46.082216,
TXN-00012691,204,DEBIT,10.0,C1000072,1791.78,1781.78,M4974146,0,0,0,2026-01-08T12:36:46.082271,
TXN-00012692,204,PAYMENT,2936.94,C1000028,0.0,0.0,M3305320,0,0,0,2026-01-08T12:36:46.082332,
TXN-00012693,204,TRANSFER,3659.75,C1000062,7024.74,3364.99,M2892188,0,0,0,2026-01-08T12:36:46.082396,
TXN-00012694,213,CASH_OUT,92824.15,C1000059,0.0,0.0,M1399817,0,0,1,2026-01-08T12:36:46.082427,large_amount
TXN-00012695,204,PAYMENT,53625.03,C1000000,0.0,0.0,M8193438,0,0,0,2026-01-08T12:36:46.082484,
TXN-00012696,207,CASH_OUT,128105.93,C1000019,0.0,0.0,M5779969,0,0,1,2026-01-08T12:36:46.082513,large_amount
TXN-00012697,206,CASH_OUT,98324.0,C1000048,201452.86,103128.86,M5270602,0,0,1,2026-01-08T12:36:46.082539,unusual_type
TXN-00012698,204,TRANSFER,3369.53,C1000097,1282.58,0.0,M5066030,0,0,0,2026-01-08T12:36:46.082600,
TXN-00012699,204,PAYMENT,466.18,C1000094,177097.97,176631.79,M5262422,0,0,0,2026-01-08T12:36:46.082661,
TXN-00012700,204,TRANSFER,18452.2,C1000093,0.0,0.0,M8702245,0,0,0,2026-01-08T12:36:46.082737,
TXN-00012701,204,PAYMENT,2032.84,C1000089,132036.99,130004.15,M2144834,0,0,0,2026-01-08T12:36:46.082807,
TXN-00012702,194,CASH_OUT,36082.88,C1000002,243281.66,207198.79,M6069118,0,0,1,2026-01-08T12:36:46.082841,rapid_succession
TXN-00012703,204,TRANSFER,13031.05,C1000054,0.0,0.0,M7413803,0,0,0,2026-01-08T12:36:46.082902,
TXN-00012704,204,PAYMENT,3464.86,C1000069,14670.17,11205.31,M5921145,0,0,0,2026-01-08T12:36:46.082960,
TXN-00012705,204,CASH_OUT,1637.46,C1000044,0.0,0.0,M3402688,0,0,0,2026-01-08T12:36:46.083021,
TXN-00012706,204,CASH_IN,144.59,C1000026,129475.37,129619.97,M6254413,0,0,0,2026-01-08T12:36:46.083081,
TXN-00012707,204,PAYMENT,8086.17,C1000091,0.0,0.0,M5747591,0,0,0,2026-01-08T12:36:46.083139,
TXN-00012708,204,CASH_OUT,26264.28,C1000056,0.0,0.0,M8573377,0,0,0,2026-01-08T12:36:46.083197,
TXN-00012709,204,CASH_OUT,9973.23,C1000078,0.0,0.0,M9497432,0,0,0,2026-01-08T12:36:46.083270,
TXN-00012710,204,PAYMENT,3631.97,C1000029,0.0,0.0,M4986450,0,0,0,2026-01-08T12:36:46.083334,
TXN-00012711,204,CASH_IN,1160.57,C1000038,0.0,1160.57,M1934109,0,0,0,2026-01-08T12:36:46.083389,
TXN-00012712,208,CASH_OUT,43114.32,C1000092,0.0,-47395.41,M6807113,0,0,1,2026-01-08T12:36:46.083421,balance_mismatch
TXN-00012713,204,TRANSFER,1968.84,C1000026,129619.97,127651.12,M1503603,0,0,0,2026-01-08T12:36:46.083483,
TXN-00012714,204,PAYMENT,4813.46,C1000032,0.0,0.0,M3880216,0,0,0,2026-01-08T12:36:46.083553,
TXN-00012715,204,CASH_OUT,10.0,C1000075,440610.32,440600.32,M9395196,0,0,0,2026-01-08T12:36:46.083616,
TXN-00012716,204,TRANSFER,2796.73,C1000002,243281.66,240484.93,M1213037,0,0,0,2026-01-08T12:36:46.083682,
TXN-00012717,204,CASH_OUT,1559.17,C1000007,30482.46,28923.29,M2982043,0,0,0,2026-01-08T12:36:46.083745,
TXN-00012718,204,TRANSFER,10.0,C1000051,107664.29,107654.29,M1294677,0,0,0,2026-01-08T12:36:46.083812,
TXN-00012719,211,CASH_OUT,82681.07,C1000064,39082.51,0.0,M7646857,0,0,1,2026-01-08T12:36:46.083846,unusual_type
TXN-00012720,204,CASH_OUT,8837.39,C1000036,0.0,0.0,M7288700,0,0,0,2026-01-08T12:36:46.083906,
TXN-00012721,204,PAYMENT,10527.63,C1000054,0.0,0.0,M1824119,0,0,0,2026-01-08T12:36:46.083962,
TXN-00012722,204,PAYMENT,16781.39,C1000079,0.0,0.0,M1417080,0,0,0,2026-01-08T12:36:46.084020,
TXN-00012723,215,CASH_OUT,101323.95,C1000039,0.0,-99725.09,M8331302,0,0,1,2026-01-08T12:36:46.084058,balance_mismatch
TXN-00012724,204,PAYMENT,1235.59,C1000016,134516.92,133281.33,M4621856,0,0,0,2026-01-08T12:36:46.084119,
TXN-00012725,204,PAYMENT,5330.33,C1000010,0.0,0.0,M4009174,0,0,0,2026-01-08T12:36:46.084179,
TXN-00012726,204,CASH_OUT,9977.14,C1000031,0.0,0.0,M4628639,0,0,0,2026-01-08T12:36:46.084240,
TXN-00012727,204,PAYMENT,5161.91,C1000025,0.0,0.0,M7116362,0,0,0,2026-01-08T12:36:46.084301,
TXN-00012728,204,PAYMENT,10.0,C1000072,1781.78,1771.78,M6447515,0,0,0,2026-01-08T12:36:46.084359,
TXN-00012729,204,TRANSFER,4429.89,C1000065,0.0,0.0,M8834455,0,0,0,2026-01-08T12:36:46.084418,
TXN-00012730,204,TRANSFER,10258.5,C1000057,10598.12,339.62,M6242884,0,0,0,2026-01-08T12:36:46.084474,
TXN-00012731,204,PAYMENT,3379.99,C1000044,0.0,0.0,M9728803,0,0,0,2026-01-08T12:36:46.084532,
TXN-00012732,204,TRANSFER,7329.99,C1000013,0.0,0.0,M5406505,0,0,0,2026-01-08T12:36:46.084586,
TXN-00012733,204,PAYMENT,10.0,C1000055,159631.02,159621.02,M5688638,0,0,0,2026-01-08T12:36:46.084642,
TXN-00012734,204,CASH_OUT,38512.49,C1000012,0.0,0.0,M2320497,0,0,0,2026-01-08T12:36:46.084702,
TXN-00012735,198,CASH_OUT,163125.36,C1000015,0.0,0.0,M8800124,0,0,1,2026-01-08T12:36:46.084731,large_amount
TXN-00012736,196,CASH_OUT,141268.9,C1000025,0.0,0.0,M6475652,0,0,1,2026-01-08T12:36:46.084760,large_amount
TXN-00012737,194,CASH_OUT,62489.15,C1000007,28923.29,0.0,M5654105,0,0,1,2026-01-08T12:36:46.084787,night_transaction
TXN-00012738,204,CASH_IN,10280.22,C1000092,0.0,10280.22,M6492275,0,0,0,2026-01-08T12:36:46.084852,
TXN-00012739,204,DEBIT,7658.05,C1000031,0.0,0.0,M4372339,0,0,0,2026-01-08T12:36:46.084914,
TXN-00012740,204,PAYMENT,10.0,C1000066,0.0,0.0,M8054016,0,0,0,2026-01-08T12:36:46.084974,
TXN-00012741,204,PAYMENT,37439.22,C1000067,0.0,0.0,M9772759,0,0,0,2026-01-08T12:36:46.085028,
TXN-00012742,203,CASH_OUT,55936.26,C1000082,0.0,-55021.57,M8349465,0,0,1,2026-01-08T12:36:46.085058,balance_mismatch
TXN-00012743,194,CASH_OUT,24745.37,C1000035,0.0,0.0,M7139940,0,0,1,2026-01-08T12:36:46.085090,night_transaction
TXN-00012744,204,TRANSFER,13715.19,C1000054,0.0,0.0,M1285917,0,0,0,2026-01-08T12:36:46.085145,
TXN-00012745,204,TRANSFER,2209.79,C1000017,39849.73,37639.94,M2285361,0,0,0,2026-01-08T12:36:46.085201,
TXN-00012746,204,PAYMENT,3246.92,C1000062,3364.99,118.08,M8549238,0,0,0,2026-01-08T12:36:46.085260,
TXN-00012747,197,CASH_OUT,77722.6,C1000039,0.0,0.0,M7709957,0,0,1,2026-01-08T12:36:46.085292,night_transaction
TXN-00012748,204,PAYMENT,5276.17,C1000059,0.0,0.0,M2744901,0,0,0,2026-01-08T12:36:46.085349,
TXN-00012749,204,PAYMENT,10.0,C1000097,0.0,0.0,M4761897,0,0,0,2026-01-08T12:36:46.085414,
TXN-00012750,204,CASH_OUT,825.44,C1000021,0.0,0.0,M7009126,0,0,0,2026-01-08T12:36:46.085470,
TXN-00012751,204,TRANSFER,10320.02,C1000092,10280.22,0.0,M9403519,0,0,0,2026-01-08T12:36:46.085531,
TXN-00012752,204,TRANSFER,6121.73,C1000046,0.0,0.0,M7239244,0,0,0,2026-01-08T12:36:46.085603,
TXN-00012753,204,CASH_IN,1822.66,C1000007,28923.29,30745.94,M3521430,0,0,0,2026-01-08T12:36:46.085660,
TXN-00012754,204,DEBIT,16999.56,C1000079,0.0,0.0,M6163747,0,0,0,2026-01-08T12:36:46.085720,
TXN-00012755,204,CASH_OUT,7619.2,C1000011,0.0,0.0,M4629821,0,0,0,2026-01-08T12:36:46.085778,
TXN-00012756,204,PAYMENT,1759.43,C1000090,211237.17,209477.74,M4717965,0,0,0,2026-01-08T12:36:46.085836,
TXN-00012757,204,PAYMENT,18377.78,C1000079,0.0,0.0,M8751627,0,0,0,2026-01-08T12:36:46.085896,
TXN-00012758,204,CASH_OUT,172566.55,C1000050,0.0,0.0,M7665140,0,0,0,2026-01-08T12:36:46.085965,
TXN-00012759,204,PAYMENT,3727.23,C1000006,130265.6,126538.37,M9593304,0,0,0,2026-01-08T12:36:46.086031,
TXN-00012760,204,CASH_OUT,818.03,C1000001,69362.34,68544.31,M5788784,0,0,0,2026-01-08T12:36:46.086090,
TXN-00012761,214,CASH_OUT,120623.83,C1000005,0.0,0.0,M3030162,0,0,1,2026-01-08T12:36:46.086131,large_amount
TXN-00012762,204,CASH_OUT,1145.14,C1000070,0.0,0.0,M8694738,0,0,0,2026-01-08T12:36:46.086191,
TXN-00012763,204,CASH_OUT,4871.67,C1000062,118.08,0.0,M3306282,0,0,0,2026-01-08T12:36:46.086247,
TXN-00012764,204,PAYMENT,12677.77,C1000033,0.0,0.0,M4314332,0,0,0,2026-01-08T12:36:46.086304,
TXN-00012765,201,CASH_OUT,82577.3,C1000013,0.0,-79462.04,M9395778,0,0,1,2026-01-08T12:36:46.086344,balance_mismatch
TXN-00012766,204,PAYMENT,6833.71,C1000088,0.0,0.0,M4661318,0,0,0,2026-01-08T12:36:46.086472,
TXN-00012767,215,CASH_OUT,71306.43,C1000055,159621.02,88131.36,M2568398,0,0,1,2026-01-08T12:36:46.086518,balance_mismatch
TXN-00012768,204,TRANSFER,6615.27,C1000031,0.0,0.0,M1404189,0,0,0,2026-01-08T12:36:46.086735,
TXN-00012769,204,TRANSFER,10.0,C1000018,136570.97,136560.97,M1557613,0,0,0,2026-01-08T12:36:46.086957,
TXN-00012770,204,PAYMENT,18693.05,C1000019,0.0,0.0,M1242307,0,0,0,2026-01-08T12:36:46.087161,
TXN-00012771,204,PAYMENT,12905.92,C1000054,0.0,0.0,M6745524,0,0,0,2026-01-08T12:36:46.087379,
TXN-00012772,204,PAYMENT,10.0,C1000055,159621.02,159611.02,M2262624,0,0,0,2026-01-08T12:36:46.087496,
TXN-00012773,204,TRANSFER,10.0,C1000009,128960.09,128950.09,M2254241,0,0,0,2026-01-08T12:36:46.087646,
TXN-00012774,204,PAYMENT,10.0,C1000023,13418.55,13408.55,M1052775,0,0,0,2026-01-08T12:36:46.087750,
TXN-00012775,204,PAYMENT,2079.65,C1000040,0.0,0.0,M8946920,0,0,0,2026-01-08T12:36:46.088028,
TXN-00012776,204,PAYMENT,17733.7,C1000093,0.0,0.0,M9838536,0,0,0,2026-01-08T12:36:46.088220,
TXN-00012777,204,PAYMENT,1577.9,C1000029,0.0,0.0,M7333571,0,0,0,2026-01-08T12:36:46.088335,
TXN-00012778,204,PAYMENT,285.44,C1000004,202147.92,201862.48,M9715926,0,0,0,2026-01-08T12:36:46.088493,
TXN-00012779,204,DEBIT,5303.42,C1000003,0.0,0.0,M6547614,0,0,0,2026-01-08T12:36:46.088594,
TXN-00012780,205,CASH_OUT,36779.19,C1000048,201452.86,169634.1,M9588272,0,0,1,2026-01-08T12:36:46.088635,balance_mismatch
TXN-00012781,204,DEBIT,212.92,C1000022,8577.06,8364.14,M7556331,0,0,0,2026-01-08T12:36:46.088710,
TXN-00012782,204,CASH_OUT,853.84,C1000009,128950.09,128096.24,M5441305,0,0,0,2026-01-08T12:36:46.088776,
TXN-00012783,196,CASH_OUT,92791.57,C1000044,0.0,0.0,M2063281,0,0,1,2026-01-08T12:36:46.088811,night_transaction
TXN-00012784,204,PAYMENT,10.0,C1000033,0.0,0.0,M8930221,0,0,0,2026-01-08T12:36:46.088872,
TXN-00012785,204,CASH_IN,10.0,C1000009,128096.24,128106.24,M8474031,0,0,0,2026-01-08T12:36:46.088944,
TXN-00012786,204,PAYMENT,775.05,C1000096,203465.05,202690.0,M3574754,0,0,0,2026-01-08T12:36:46.089017,
TXN-00012787,204,PAYMENT,10.0,C1000023,13408.55,13398.55,M3873720,0,0,0,2026-01-08T12:36:46.089084,
TXN-00012788,204,PAYMENT,10087.1,C1000092,0.0,0.0,M2253999,0,0,0,2026-01-08T12:36:46.089143,
TXN-00012789,204,PAYMENT,864.2,C1000071,151258.75,150394.55,M4424442,0,0,0,2026-01-08T12:36:46.089208,
TXN-00012790,204,TRANSFER,7530.03,C1000078,0.0,0.0,M2184300,0,0,0,2026-01-08T12:36:46.089266,
TXN-00012791,204,PAYMENT,5662.93,C1000046,0.0,0.0,M1260645,0,0,0,2026-01-08T12:36:46.089322,
TXN-00012792,204,PAYMENT,17929.9,C1000076,0.0,0.0,M6664305,0,0,0,2026-01-08T12:36:46.089378,
TXN-00012793,204,CASH_OUT,1570.65,C1000090,209477.74,207907.08,M1852136,0,0,0,2026-01-08T12:36:46.089434,
TXN-00012794,204,PAYMENT,7888.76,C1000082,0.0,0.0,M5510568,0,0,0,2026-01-08T12:36:46.089502,
TXN-00012795,204,PAYMENT,13611.84,C1000063,0.0,0.0,M4934907,0,0,0,2026-01-08T12:36:46.089563,
TXN-00012796,193,CASH_OUT,117661.21,C1000024,0.0,0.0,M4034097,0,0,1,2026-01-08T12:36:46.089595,unusual_type
TXN-00012797,204,DEBIT,38118.85,C1000012,0.0,0.0,M9498947,0,0,0,2026-01-08T12:36:46.089673,
TXN-00012798,204,DEBIT,14173.09,C1000005,0.0,0.0,M4692634,0,0,0,2026-01-08T12:36:46.089755,
TXN-00012799,204,PAYMENT,1413.33,C1000083,183835.39,182422.06,M7974992,0,0,0,2026-01-08T12:36:46.089817,
TXN-00012800,204,PAYMENT,2139.85,C1000001,68544.31,66404.46,M2463393,0,0,0,2026-01-08T12:36:46.089882,
TXN-00012801,204,PAYMENT,24762.24,C1000037,0.0,0.0,M3148582,0,0,0,2026-01-08T12:36:46.089971,
TXN-00012802,192,CASH_OUT,40628.45,C1000027,0.0,0.0,M1076398,0,0,1,2026-01-08T12:36:46.090014,rapid_succession
TXN-00012803,204,TRANSFER,1885.44,C1000030,0.0,0.0,M4302266,0,0,0,2026-01-08T12:36:46.090087,
TXN-00012804,194,CASH_OUT,65967.31,C1000086,113531.78,47564.47,M4337873,0,0,1,2026-01-08T12:36:46.090119,night_transaction
TXN-00012805,193,CASH_OUT,104988.2,C1000037,0.0,0.0,M6297214,0,0,1,2026-01-08T12:36:46.090160,unusual_type
TXN-00012806,204,PAYMENT,461.8,C1000081,73639.73,73177.92,M3958186,0,0,0,2026-01-08T12:36:46.090242,
TXN-00012807,204,CASH_IN,2188.45,C1000069,11205.31,13393.75,M9319997,0,0,0,2026-01-08T12:36:46.090315,
TXN-00012808,204,PAYMENT,699.68,C1000077,71390.17,70690.49,M2192203,0,0,0,2026-01-08T12:36:46.090376,
TXN-00012809,204,CASH_IN,5660.52,C1000052,0.0,5660.52,M1849330,0,0,0,2026-01-08T12:36:46.090451,
TXN-00012810,214,CASH_OUT,182050.01,C1000069,13393.75,0.0,M2314867,0,0,1,2026-01-08T12:36:46.090481,large_amount
TXN-00012811,204,TRANSFER,3738.94,C1000091,0.0,0.0,M3066796,0,0,0,2026-01-08T12:36:46.090551,
TXN-00012812,204,DEBIT,540.09,C1000068,93497.36,92957.27,M7126122,0,0,0,2026-01-08T12:36:46.090613,
TXN-00012813,201,CASH_OUT,95523.32,C1000001,66404.46,0.0,M8333017,0,0,1,2026-01-08T12:36:46.090644,unusual_type
TXN-00012814,204,CASH_OUT,2353.84,C1000030,0.0,0.0,M5610222,0,0,0,2026-01-08T12:36:46.090699,
TXN-00012815,204,TRANSFER,19194.67,C1000079,0.0,0.0,M8431438,0,0,0,2026-01-08T12:36:46.090755,
TXN-00012816,204,PAYMENT,4457.03,C1000027,0.0,0.0,M3485276,0,0,0,2026-01-08T12:36:46.090814,
TXN-00012817,204,CASH_OUT,10.0,C1000034,71059.61,71049.61,M5204183,0,0,0,2026-01-08T12:36:46.090878,
TXN-00012818,196,CASH_OUT,42850.38,C1000010,0.0,0.0,M7760507,0,0,1,2026-01-08T12:36:46.090908,night_transaction
TXN-00012819,204,PAYMENT,384.68,C1000060,55053.29,54668.61,M9934742,0,0,0,2026-01-08T12:36:46.090975,
TXN-00012820,204,CASH_OUT,77.45,C1000048,201452.86,201375.41,M7756719,0,0,0,2026-01-08T12:36:46.091050,
TXN-00012821,204,TRANSFER,35213.09,C1000073,0.0,0.0,M1315284,0,0,0,2026-01-08T12:36:46.091111,
TXN-00012822,204,TRANSFER,7558.34,C1000099,0.0,0.0,M6836756,0,0,0,2026-01-08T12:36:46.091165,
TXN-00012823,204,TRANSFER,10.0,C1000022,8364.14,8354.14,M4041441,0,0,0,2026-01-08T12:36:46.091221,
TXN-00012824,204,CASH_OUT,5743.39,C1000006,126538.37,120794.98,M5662152,0,0,0,2026-01-08T12:36:46.091286,
TXN-00012825,204,CASH_OUT,227.89,C1000068,92957.27,92729.38,M2845505,0,0,0,2026-01-08T12:36:46.091358,
TXN-00012826,195,CASH_OUT,33590.96,C1000059,0.0,0.0,M5496760,0,0,1,2026-01-08T12:36:46.091390,night_transaction
TXN-00012827,204,PAYMENT,1398.06,C1000066,0.0,0.0,M3261663,0,0,0,2026-01-08T12:36:46.091448,
TXN-00012828,194,CASH_OUT,74174.58,C1000081,73177.92,0.0,M6872910,0,0,1,2026-01-08T12:36:46.091478,night_transaction
TXN-00012829,204,PAYMENT,54371.53,C1000000,0.0,0.0,M2143681,0,0,0,2026-01-08T12:36:46.091539,
TXN-00012830,204,CASH_OUT,1814.03,C1000017,37639.94,35825.91,M4163551,0,0,0,2026-01-08T12:36:46.091599,
TXN-00012831,204,CASH_IN,10.0,C1000072,1771.78,1781.78,M2993042,0,0,0,2026-01-08T12:36:46.091658,
TXN-00012832,204,CASH_OUT,10700.96,C1000054,0.0,0.0,M3622592,0,0,0,2026-01-08T12:36:46.091718,
TXN-00012833,204,CASH_OUT,5336.05,C1000025,0.0,0.0,M3368369,0,0,0,2026-01-08T12:36:46.091784,
TXN-00012834,204,PAYMENT,13676.84,C1000063,0.0,0.0,M1037214,0,0,0,2026-01-08T12:36:46.091844,
TXN-00012835,204,TRANSFER,4277.23,C1000084,28267.6,23990.36,M2727387,0,0,0,2026-01-08T12:36:46.091904,
TXN-00012836,204,DEBIT,9137.36,C1000057,339.62,0.0,M8717021,0,0,0,2026-01-08T12:36:46.091963,
TXN-00012837,204,DEBIT,7321.85,C1000049,0.0,0.0,M2932551,0,0,0,2026-01-08T12:36:46.092026,
TXN-00012838,204,PAYMENT,10296.51,C1000031,0.0,0.0,M6320122,0,0,0,2026-01-08T12:36:46.092083,
TXN-00012839,204,PAYMENT,3443.39,C1000087,101254.66,97811.26,M8045799,0,0,0,2026-01-08T12:36:46.092144,
TXN-00012840,204,TRANSFER,10.0,C1000042,0.0,0.0,M3251234,0,0,0,2026-01-08T12:36:46.092202,
TXN-00012841,194,CASH_OUT,100114.85,C1000013,0.0,0.0,M9315363,0,0,1,2026-01-08T12:36:46.092230,unusual_type
TXN-00012842,204,CASH_OUT,10.0,C1000014,197840.2,197830.2,M5994120,0,0,0,2026-01-08T12:36:46.092285,
TXN-00012843,204,CASH_OUT,8458.45,C1000039,0.0,0.0,M7800960,0,0,0,2026-01-08T12:36:46.092345,
TXN-00012844,204,PAYMENT,1300.83,C1000016,133281.33,131980.5,M7172366,0,0,0,2026-01-08T12:36:46.092403,
TXN-00012845,204,DEBIT,713.9,C1000098,207857.0,207143.1,M6887676,0,0,0,2026-01-08T12:36:46.092474,
TXN-00012846,204,CASH_OUT,172921.5,C1000050,0.0,0.0,M9269798,0,0,0,2026-01-08T12:36:46.093031,
TXN-00012847,197,CASH_OUT,21060.56,C1000098,207143.1,186082.54,M4601509,0,0,1,2026-01-08T12:36:46.093391,night_transaction
TXN-00012848,204,CASH_OUT,15484.06,C1000054,0.0,0.0,M2366320,0,0,0,2026-01-08T12:36:46.093556,
TXN-00012849,204,TRANSFER,65.7,C1000022,8354.14,8288.44,M3511114,0,0,0,2026-01-08T12:36:46.093660,
TXN-00012850,204,PAYMENT,2034.81,C1000097,0.0,0.0,M7172409,0,0,0,2026-01-08T12:36:46.093760,
TXN-00012851,204,CASH_IN,21030.19,C1000074,0.0,21030.19,M2318781,0,0,0,2026-01-08T12:36:46.093863,
TXN-00012852,200,CASH_OUT,98997.09,C1000050,0.0,0.0,M7181316,0,0,1,2026-01-08T12:36:46.093907,unusual_type
TXN-00012853,194,CASH_OUT,82548.27,C1000018,136560.97,54012.7,M3376840,0,0,1,2026-01-08T12:36:46.093959,night_transaction
TXN-00012854,204,CASH_OUT,65.84,C1000002,240484.93,240419.09,M4267813,0,0,0,2026-01-08T12:36:46.094049,
TXN-00012855,204,DEBIT,3192.69,C1000091,0.0,0.0,M1208375,0,0,0,2026-01-08T12:36:46.094145,
TXN-00012856,204,CASH_OUT,221.79,C1000038,1160.57,938.78,M8202765,0,0,0,2026-01-08T12:36:46.094232,
TXN-00012857,204,PAYMENT,1309.05,C1000016,131980.5,130671.46,M3040855,0,0,0,2026-01-08T12:36:46.094315,
TXN-00012858,208,CASH_OUT,41551.48,C1000029,0.0,0.0,M6109761,0,0,1,2026-01-08T12:36:46.094361,unusual_type
TXN-00012859,204,DEBIT,5141.47,C1000025,0.0,0.0,M6141776,0,0,0,2026-01-08T12:36:46.094461,
TXN-00012860,204,CASH_OUT,5954.67,C1000046,0.0,0.0,M3049384,0,0,0,2026-01-08T12:36:46.094609,
TXN-00012861,204,PAYMENT,11673.58,C1000031,0.0,0.0,M4286561,0,0,0,2026-01-08T12:36:46.094915,
TXN-00012862,204,PAYMENT,2124.94,C1000038,938.78,0.0,M4258767,0,0,0,2026-01-08T12:36:46.095007,
TXN-00012863,204,CASH_OUT,1327.5,C1000020,270018.56,268691.06,M1017576,0,0,0,2026-01-08T12:36:46.095110,
TXN-00012864,204,PAYMENT,5284.3,C1000003,0.0,0.0,M8765600,0,0,0,2026-01-08T12:36:46.095196,
TXN-00012865,204,TRANSFER,4650.71,C1000032,0.0,0.0,M2151301,0,0,0,2026-01-08T12:36:46.095277,
TXN-00012866,204,TRANSFER,18814.67,C1000019,0.0,0.0,M6330533,0,0,0,2026-01-08T12:36:46.095356,
TXN-00012867,204,PAYMENT,1044.61,C1000094,176631.79,175587.18,M4770161,0,0,0,2026-01-08T12:36:46.095450,
TXN-00012868,205,CASH_OUT,101940.3,C1000085,0.0,-98430.05,M8336507,0,0,1,2026-01-08T12:36:46.095498,balance_mismatch
TXN-00012869,204,CASH_OUT,2063.81,C1000008,196190.26,194126.45,M2198707,0,0,0,2026-01-08T12:36:46.095589,
TXN-00012870,204,TRANSFER,10.0,C1000072,1781.78,1771.78,M4374909,0,0,0,2026-01-08T12:36:46.095670,
TXN-00012871,202,CASH_OUT,47578.54,C1000052,5660.52,0.0,M9457121,0,0,1,2026-01-08T12:36:46.095710,unusual_type
TXN-00012872,204,TRANSFER,1262.69,C1000016,130671.46,129408.77,M8565128,0,0,0,2026-01-08T12:36:46.095799,
TXN-00012873,204,TRANSFER,13785.39,C1000063,0.0,0.0,M1868552,0,0,0,2026-01-08T12:36:46.095881,
TXN-00012874,204,TRANSFER,10.0,C1000075,440600.32,440590.32,M3597775,0,0,0,2026-01-08T12:36:46.095962,
TXN-00012875,196,CASH_OUT,56050.68,C1000075,440590.32,384539.64,M3176175,0,0,1,2026-01-08T12:36:46.096011,night_transaction
TXN-00012876,204,DEBIT,421.56,C1000098,207143.1,206721.54,M5870141,0,0,0,2026-01-08T12:36:46.096099,
TXN-00012877,204,CASH_OUT,110161.09,C1000082,0.0,0.0,M3380390,0,0,1,2026-01-08T12:36:46.096149,unusual_type
TXN-00012878,204,TRANSFER,1365.01,C1000020,268691.06,267326.05,M2430821,0,0,0,2026-01-08T12:36:46.096239,
TXN-00012879,204,PAYMENT,172578.61,C1000050,0.0,0.0,M9791801,0,0,0,2026-01-08T12:36:46.096313,
TXN-00012880,200,CASH_OUT,75189.77,C1000049,0.0,0.0,M6970341,0,0,1,2026-01-08T12:36:46.096359,unusual_type
TXN-00012881,204,PAYMENT,10057.77,C1000092,0.0,0.0,M9282474,0,0,0,2026-01-08T12:36:46.096445,
TXN-00012882,204,CASH_IN,3436.01,C1000030,0.0,3436.01,M5518733,0,0,0,2026-01-08T12:36:46.096520,
TXN-00012883,204,TRANSFER,10.0,C1000042,0.0,0.0,M2009917,0,0,0,2026-01-08T12:36:46.096588,
TXN-00012884,204,TRANSFER,8517.14,C1000031,0.0,0.0,M3614986,0,0,0,2026-01-08T12:36:46.096650,
TXN-00012885,204,DEBIT,24244.18,C1000037,0.0,0.0,M1721921,0,0,0,2026-01-08T12:36:46.096708,
TXN-00012886,204,PAYMENT,36224.08,C1000012,0.0,0.0,M6477011,0,0,0,2026-01-08T12:36:46.096770,
TXN-00012887,204,PAYMENT,10.0,C1000040,0.0,0.0,M9041012,0,0,0,2026-01-08T12:36:46.096836,
TXN-00012888,204,CASH_OUT,8073.34,C1000091,0.0,0.0,M9122947,0,0,0,2026-01-08T12:36:46.096897,
TXN-00012889,204,CASH_IN,26146.8,C1000056,0.0,26146.8,M4925716,0,0,0,2026-01-08T12:36:46.096961,
TXN-00012890,198,CASH_OUT,34008.62,C1000057,0.0,0.0,M6959007,0,0,1,2026-01-08T12:36:46.097004,rapid_succession
TXN-00012891,204,PAYMENT,7465.86,C1000036,0.0,0.0,M3140845,0,0,0,2026-01-08T12:36:46.097071,
TXN-00012892,204,TRANSFER,10.0,C1000082,0.0,0.0,M2601426,0,0,0,2026-01-08T12:36:46.097155,
TXN-00012893,204,TRANSFER,9646.44,C1000080,0.0,0.0,M7929362,0,0,0,2026-01-08T12:36:46.097222,
TXN-00012894,204,PAYMENT,2301.84,C1000049,0.0,0.0,M8299941,0,0,0,2026-01-08T12:36:46.097283,
TXN-00012895,204,TRANSFER,9613.55,C1000005,0.0,0.0,M1034133,0,0,0,2026-01-08T12:36:46.097350,
TXN-00012896,204,TRANSFER,10.0,C1000081,73177.92,73167.92,M6221083,0,0,0,2026-01-08T12:36:46.097411,
TXN-00012897,204,TRANSFER,1783.23,C1000090,207907.08,206123.85,M7493495,0,0,0,2026-01-08T12:36:46.097477,
TXN-00012898,204,DEBIT,224.31,C1000048,201375.41,201151.1,M5870019,0,0,0,2026-01-08T12:36:46.097556,
TXN-00012899,213,CASH_OUT,189047.5,C1000073,0.0,0.0,M9467048,0,0,1,2026-01-08T12:36:46.097593,large_amount
TXN-00012900,204,TRANSFER,6766.4,C1000096,202690.0,195923.6,M9856153,0,0,0,2026-01-08T12:36:46.097654,
TXN-00012901,204,TRANSFER,7440.49,C1000036,0.0,0.0,M7771333,0,0,0,2026-01-08T12:36:46.097730,
TXN-00012902,201,CASH_OUT,13508.29,C1000064,39082.51,25574.22,M1084369,0,0,1,2026-01-08T12:36:46.097763,rapid_succession
TXN-00012903,204,CASH_OUT,3311.32,C1000087,97811.26,94499.94,M4880500,0,0,0,2026-01-08T12:36:46.097829,
TXN-00012904,204,PAYMENT,4080.76,C1000089,130004.15,125923.39,M6362666,0,0,0,2026-01-08T12:36:46.097907,
TXN-00012905,204,PAYMENT,476.06,C1000081,73167.92,72691.87,M9921732,0,0,0,2026-01-08T12:36:46.097976,
TXN-00012906,204,TRANSFER,3077.76,C1000045,0.0,0.0,M1870621,0,0,0,2026-01-08T12:36:46.098040,
TXN-00012907,204,CASH_IN,3489.39,C1000062,0.0,3489.39,M9564808,0,0,0,2026-01-08T12:36:46.098116,
TXN-00012908,195,CASH_OUT,125379.58,C1000024,0.0,0.0,M6143074,0,0,1,2026-01-08T12:36:46.098161,large_amount
TXN-00012909,204,CASH_OUT,1080.98,C1000022,8288.44,7207.46,M9385691,0,0,0,2026-01-08T12:36:46.098227,
TXN-00012910,202,CASH_OUT,15342.33,C1000010,0.0,0.0,M3321346,0,0,1,2026-01-08T12:36:46.098262,rapid_succession
TXN-00012911,204,CASH_IN,10.0,C1000080,0.0,10.0,M4481784,0,0,0,2026-01-08T12:36:46.098326,
TXN-00012912,207,CASH_OUT,18461.19,C1000008,194126.45,175665.26,M8482052,0,0,1,2026-01-08T12:36:46.098360,rapid_succession
TXN-00012913,204,PAYMENT,5210.84,C1000032,0.0,0.0,M7622865,0,0,0,2026-01-08T12:36:46.098435,
TXN-00012914,204,CASH_OUT,31217.31,C1000067,0.0,0.0,M8711625,0,0,0,2026-01-08T12:36:46.098499,
TXN-00012915,204,TRANSFER,3144.23,C1000062,3489.39,345.16,M7997927,0,0,0,2026-01-08T12:36:46.098564,
TXN-00012916,204,TRANSFER,2132.92,C1000030,3436.01,1303.1,M6724121,0,0,0,2026-01-08T12:36:46.098629,
TXN-00012917,195,CASH_OUT,38727.14,C1000033,0.0,0.0,M4601926,0,0,1,2026-01-08T12:36:46.098666,night_transaction
TXN-00012918,204,TRANSFER,4406.9,C1000032,0.0,0.0,M4029139,0,0,0,2026-01-08T12:36:46.098745,
TXN-00012919,204,TRANSFER,548.3,C1000034,71049.61,70501.31,M6369042,0,0,0,2026-01-08T12:36:46.098824,
TXN-00012920,195,CASH_OUT,132361.63,C1000080,10.0,0.0,M1196104,0,0,1,2026-01-08T12:36:46.098863,large_amount
TXN-00012921,204,CASH_OUT,2301.49,C1000070,0.0,0.0,M2459859,0,0,0,2026-01-08T12:36:46.098949,
TXN-00012922,204,CASH_OUT,221.32,C1000080,10.0,0.0,M1604323,0,0,0,2026-01-08T12:36:46.099014,
TXN-00012923,204,TRANSFER,20528.34,C1000019,0.0,0.0,M8527835,0,0,0,2026-01-08T12:36:46.099082,
TXN-00012924,211,CASH_OUT,13494.6,C1000015,0.0,0.0,M3032632,0,0,1,2026-01-08T12:36:46.099116,rapid_succession
TXN-00012925,204,PAYMENT,6902.33,C1000088,0.0,0.0,M3081627,0,0,0,2026-01-08T12:36:46.099181,
TXN-00012926,198,CASH_OUT,68815.77,C1000057,0.0,0.0,M5661967,0,0,1,2026-01-08T12:36:46.099215,large_amount
TXN-00012927,204,PAYMENT,608.48,C1000009,128106.24,127497.76,M5659346,0,0,0,2026-01-08T12:36:46.099287,
TXN-00012928,204,CASH_OUT,4135.44,C1000087,94499.94,90364.51,M6006775,0,0,0,2026-01-08T12:36:46.099355,
TXN-00012929,204,TRANSFER,2671.61,C1000028,0.0,0.0,M2899745,0,0,0,2026-01-08T12:36:46.099422,
TXN-00012930,204,CASH_IN,6249.72,C1000049,0.0,6249.72,M2402283,0,0,0,2026-01-08T12:36:46.099493,
TXN-00012931,204,TRANSFER,1697.39,C1000066,0.0,0.0,M3065896,0,0,0,2026-01-08T12:36:46.099568,
TXN-00012932,208,CASH_OUT,97564.31,C1000062,345.16,0.0,M7887185,0,0,1,2026-01-08T12:36:46.099601,large_amount
TXN-00012933,204,PAYMENT,17204.2,C1000076,0.0,0.0,M7680386,0,0,0,2026-01-08T12:36:46.099665,
TXN-00012934,214,CASH_OUT,47483.77,C1000039,0.0,-44134.99,M1812843,0,0,1,2026-01-08T12:36:46.099697,balance_mismatch
TXN-00012935,204,TRANSFER,7817.79,C1000011,0.0,0.0,M6958427,0,0,0,2026-01-08T12:36:46.099771,
TXN-00012936,204,TRANSFER,1135.71,C1000085,0.0,0.0,M9703553,0,0,0,2026-01-08T12:36:46.099842,
TXN-00012937,204,PAYMENT,2304.09,C1000018,136560.97,134256.88,M8405978,0,0,0,2026-01-08T12:36:46.099914,
TXN-00012938,204,PAYMENT,22653.24,C1000024,0.0,0.0,M2285495,0,0,0,2026-01-08T12:36:46.099980,
TXN-00012939,204,TRANSFER,938.03,C1000069,13393.75,12455.72,M2047995,0,0,0,2026-01-08T12:36:46.100045,
TXN-00012940,204,PAYMENT,12669.46,C1000095,20167.16,7497.7,M4999435,0,0,0,2026-01-08T12:36:46.100117,
TXN-00012941,204,TRANSFER,2188.16,C1000038,0.0,0.0,M1802755,0,0,0,2026-01-08T12:36:46.100191,
TXN-00012942,204,CASH_OUT,1399.31,C1000014,197830.2,196430.89,M8117916,0,0,0,2026-01-08T12:36:46.100256,
TXN-00012943,204,PAYMENT,18519.97,C1000093,0.0,0.0,M8043523,0,0,0,2026-01-08T12:36:46.100321,
TXN-00012944,204,PAYMENT,18590.54,C1000093,0.0,0.0,M3861336,0,0,0,2026-01-08T12:36:46.100408,
TXN-00012945,209,CASH_OUT,137138.99,C1000050,0.0,-136341.23,M6725091,0,0,1,2026-01-08T12:36:46.100460,balance_mismatch
TXN-00012946,212,CASH_OUT,63629.71,C1000017,35825.91,0.0,M3070038,0,0,1,2026-01-08T12:36:46.100499,unusual_type
TXN-00012947,195,CASH_OUT,123109.21,C1000028,0.0,0.0,M9048572,0,0,1,2026-01-08T12:36:46.100532,large_amount
TXN-00012948,204,PAYMENT,173475.36,C1000050,0.0,0.0,M3574023,0,0,0,2026-01-08T12:36:46.100599,
TXN-00012949,204,CASH_OUT,6520.18,C1000013,0.0,0.0,M3926041,0,0,0,2026-01-08T12:36:46.100663,
TXN-00012950,196,CASH_OUT,139093.86,C1000021,0.0,-134420.87,M7247541,0,0,1,2026-01-08T12:36:46.100694,balance_mismatch
TXN-00012951,193,CASH_OUT,91820.22,C1000017,35825.91,0.0,M8667952,0,0,1,2026-01-08T12:36:46.100729,unusual_type
TXN-00012952,204,CASH_IN,5951.72,C1000046,0.0,5951.72,M6163995,0,0,0,2026-01-08T12:36:46.100798,
TXN-00012953,204,PAYMENT,13655.66,C1000063,0.0,0.0,M4901206,0,0,0,2026-01-08T12:36:46.100870,
TXN-00012954,204,TRANSFER,10.0,C1000082,0.0,0.0,M6821988,0,0,0,2026-01-08T12:36:46.100935,
TXN-00012955,210,CASH_OUT,184499.22,C1000010,0.0,0.0,M8144498,0,0,1,2026-01-08T12:36:46.100969,large_amount
TXN-00012956,210,CASH_OUT,108144.49,C1000032,0.0,0.0,M8691474,0,0,1,2026-01-08T12:36:46.100996,large_amount
TXN-00012957,204,DEBIT,6636.83,C1000031,0.0,0.0,M8511967,0,0,0,2026-01-08T12:36:46.101058,
TXN-00012958,204,PAYMENT,1272.35,C1000077,70690.49,69418.15,M2616993,0,0,0,2026-01-08T12:36:46.101121,
TXN-00012959,204,PAYMENT,3650.94,C1000045,0.0,0.0,M6814310,0,0,0,2026-01-08T12:36:46.101197,
TXN-00012960,204,PAYMENT,10.0,C1000018,134256.88,134246.88,M1077549,0,0,0,2026-01-08T12:36:46.101273,
TXN-00012961,204,DEBIT,1264.23,C1000044,0.0,0.0,M7789782,0,0,0,2026-01-08T12:36:46.101340,
TXN-00012962,204,PAYMENT,19895.15,C1000079,0.0,0.0,M7418042,0,0,0,2026-01-08T12:36:46.101404,
TXN-00012963,204,PAYMENT,6238.63,C1000052,5660.52,0.0,M3390152,0,0,0,2026-01-08T12:36:46.101596,
TXN-00012964,212,CASH_OUT,128849.36,C1000036,0.0,-130475.5,M3900191,0,0,1,2026-01-08T12:36:46.101692,balance_mismatch
TXN-00012965,204,DEBIT,6093.19,C1000046,5951.72,0.0,M4189188,0,0,0,2026-01-08T12:36:46.101812,
TXN-00012966,204,TRANSFER,1375.61,C1000089,125923.39,124547.79,M4294299,0,0,0,2026-01-08T12:36:46.101893,
TXN-00012967,204,TRANSFER,10046.1,C1000092,0.0,0.0,M8305645,0,0,0,2026-01-08T12:36:46.101956,
TXN-00012968,204,CASH_OUT,3218.04,C1000021,0.0,0.0,M2775734,0,0,0,2026-01-08T12:36:46.102083,
TXN-00012969,204,PAYMENT,17780.97,C1000095,7497.7,0.0,M9798994,0,0,0,2026-01-08T12:36:46.102189,
TXN-00012970,204,CASH_OUT,4772.04,C1000032,0.0,0.0,M8855975,0,0,0,2026-01-08T12:36:46.102310,
TXN-00012971,204,PAYMENT,173285.3,C1000050,0.0,0.0,M2862309,0,0,0,2026-01-08T12:36:46.102385,
TXN-00012972,204,CASH_IN,10.0,C1000061,228049.06,228059.06,M1661612,0,0,0,2026-01-08T12:36:46.102457,
TXN-00012973,204,TRANSFER,21767.4,C1000095,0.0,0.0,M6200185,0,0,0,2026-01-08T12:36:46.102608,
TXN-00012974,215,CASH_OUT,51490.78,C1000074,21030.19,0.0,M8554424,0,0,1,2026-01-08T12:36:46.102658,large_amount
TXN-00012975,204,TRANSFER,5086.74,C1000082,0.0,0.0,M8539678,0,0,0,2026-01-08T12:36:46.102752,
TXN-00012976,194,CASH_OUT,122990.84,C1000077,69418.15,0.0,M8703738,0,0,1,2026-01-08T12:36:46.102790,large_amount
TXN-00012977,204,TRANSFER,7456.17,C1000011,0.0,0.0,M9838171,0,0,0,2026-01-08T12:36:46.102876,
TXN-00012978,204,CASH_OUT,7420.08,C1000031,0.0,0.0,M9711040,0,0,0,2026-01-08T12:36:46.102975,
TXN-00012979,204,PAYMENT,10.0,C1000066,0.0,0.0,M2284743,0,0,0,2026-01-08T12:36:46.103052,
TXN-00012980,204,PAYMENT,26709.1,C1000056,26146.8,0.0,M9258829,0,0,0,2026-01-08T12:36:46.103135,
TXN-00012981,204,TRANSFER,4757.91,C1000025,0.0,0.0,M3881669,0,0,0,2026-01-08T12:36:46.103206,
TXN-00012982,204,CASH_OUT,6510.03,C1000088,0.0,0.0,M9935568,0,0,0,2026-01-08T12:36:46.103344,
TXN-00012983,199,CASH_OUT,68573.75,C1000003,0.0,0.0,M2080453,0,0,1,2026-01-08T12:36:46.103386,large_amount
TXN-00012984,204,CASH_OUT,10.0,C1000022,7207.46,7197.46,M8125242,0,0,0,2026-01-08T12:36:46.103459,
TXN-00012985,214,CASH_OUT,24349.78,C1000005,0.0,0.0,M1097706,0,0,1,2026-01-08T12:36:46.103495,rapid_succession
TXN-00012986,204,TRANSFER,38829.4,C1000012,0.0,0.0,M9506894,0,0,0,2026-01-08T12:36:46.103556,
TXN-00012987,197,CASH_OUT,23480.1,C1000053,0.0,0.0,M4593509,0,0,1,2026-01-08T12:36:46.103587,rapid_succession
TXN-00012988,204,CASH_OUT,9165.86,C1000074,21030.19,11864.33,M9622788,0,0,0,2026-01-08T12:36:46.103644,
TXN-00012989,204,TRANSFER,3319.22,C1000080,0.0,0.0,M4648694,0,0,0,2026-01-08T12:36:46.103719,
TXN-00012990,204,CASH_OUT,4616.81,C1000006,120794.98,116178.17,M4242993,0,0,0,2026-01-08T12:36:46.103778,
TXN-00012991,204,PAYMENT,10.0,C1000002,240419.09,240409.09,M6899522,0,0,0,2026-01-08T12:36:46.103842,
TXN-00012992,204,TRANSFER,524.76,C1000001,66404.46,65879.7,M4380269,0,0,0,2026-01-08T12:36:46.103968,
TXN-00012993,204,CASH_IN,1416.43,C1000086,113531.78,114948.21,M7265614,0,0,0,2026-01-08T12:36:46.104059,
TXN-00012994,204,CASH_OUT,2902.67,C1000026,127651.12,124748.46,M8833403,0,0,0,2026-01-08T12:36:46.104137,
TXN-00012995,204,CASH_OUT,7410.12,C1000049,6249.72,0.0,M2534819,0,0,0,2026-01-08T12:36:46.104209,
TXN-00012996,204,TRANSFER,10529.69,C1000092,0.0,0.0,M5322801,0,0,0,2026-01-08T12:36:46.104280,
TXN-00012997,204,PAYMENT,762.09,C1000094,175587.18,174825.09,M8331283,0,0,0,2026-01-08T12:36:46.104348,
TXN-00012998,204,PAYMENT,8116.71,C1000013,0.0,0.0,M1122699,0,0,0,2026-01-08T12:36:46.104416,
TXN-00012999,194,CASH_OUT,48918.19,C1000009,127497.76,78579.57,M6308051,0,0,1,2026-01-08T12:36:46.104454,night_transaction
TXN-00013000,207,CASH_OUT,14015.77,C1000047,0.0,0.0,M1818825,0,0,1,2026-01-08T12:36:46.104488,rapid_succession
TXN-00013001,204,PAYMENT,10.0,C1000009,127497.76,127487.76,M6124264,0,0,0,2026-01-08T12:36:46.104553,
TXN-00013002,204,TRANSFER,21898.11,C1000035,0.0,0.0,M2225275,0,0,0,2026-01-08T12:36:46.104624,
TXN-00013003,204,PAYMENT,6725.08,C1000046,0.0,0.0,M6313311,0,0,0,2026-01-08T12:36:46.104694,
TXN-00013004,204,TRANSFER,53658.48,C1000000,0.0,0.0,M6649899,0,0,0,2026-01-08T12:36:46.104763,
TXN-00013005,204,PAYMENT,17866.44,C1000076,0.0,0.0,M4120113,0,0,0,2026-01-08T12:36:46.104829,
TXN-00013006,204,PAYMENT,1075.76,C1000029,0.0,0.0,M8581432,0,0,0,2026-01-08T12:36:46.104890,
TXN-00013007,204,TRANSFER,5963.74,C1000046,0.0,0.0,M9552448,0,0,0,2026-01-08T12:36:46.104963,
TXN-00013008,204,PAYMENT,18268.92,C1000093,0.0,0.0,M8733600,0,0,0,2026-01-08T12:36:46.105024,
TXN-00013009,209,CASH_OUT,146113.68,C1000038,0.0,-147196.29,M5681660,0,0,1,2026-01-08T12:36:46.105054,balance_mismatch
TXN-00013010,204,DEBIT,3371.41,C1000051,107654.29,104282.88,M4403147,0,0,0,2026-01-08T12:36:46.105141,
TXN-00013011,204,PAYMENT,4398.02,C1000006,116178.17,111780.15,M8790357,0,0,0,2026-01-08T12:36:46.105214,
TXN-00013012,204,DEBIT,5076.56,C1000032,0.0,0.0,M3100797,0,0,0,2026-01-08T12:36:46.105282,
TXN-00013013,204,CASH_OUT,501.12,C1000023,13398.55,12897.43,M5025015,0,0,0,2026-01-08T12:36:46.105351,
TXN-00013014,204,CASH_IN,10.0,C1000082,0.0,10.0,M6975116,0,0,0,2026-01-08T12:36:46.105447,
TXN-00013015,204,PAYMENT,10.0,C1000014,196430.89,196420.89,M2869984,0,0,0,2026-01-08T12:36:46.105522,
TXN-00013016,204,TRANSFER,4265.64,C1000027,0.0,0.0,M1084145,0,0,0,2026-01-08T12:36:46.105591,
TXN-00013017,204,PAYMENT,2140.78,C1000038,0.0,0.0,M2409516,0,0,0,2026-01-08T12:36:46.105653,
TXN-00013018,204,DEBIT,1019.66,C1000055,159611.02,158591.36,M5122992,0,0,0,2026-01-08T12:36:46.105721,
TXN-00013019,195,CASH_OUT,96484.17,C1000052,0.0,0.0,M6491087,0,0,1,2026-01-08T12:36:46.105757,night_transaction
TXN-00013020,204,PAYMENT,3242.03,C1000045,0.0,0.0,M5119926,0,0,0,2026-01-08T12:36:46.105826,
TXN-00013021,200,CASH_OUT,87445.65,C1000024,0.0,0.0,M2758419,0,0,1,2026-01-08T12:36:46.105863,unusual_type
TXN-00013022,204,CASH_OUT,10.0,C1000080,0.0,0.0,M5928522,0,0,0,2026-01-08T12:36:46.105926,
TXN-00013023,204,TRANSFER,10.0,C1000001,65879.7,65869.7,M1157768,0,0,0,2026-01-08T12:36:46.105993,
TXN-00013024,204,CASH_OUT,8170.35,C1000036,0.0,0.0,M6803008,0,0,0,2026-01-08T12:36:46.106062,
TXN-00013025,204,CASH_OUT,50522.42,C1000047,0.0,0.0,M4532975,0,0,1,2026-01-08T12:36:46.106095,unusual_type
TXN-00013026,204,PAYMENT,10.0,C1000022,7197.46,7187.46,M6392565,0,0,0,2026-01-08T12:36:46.106155,
TXN-00013027,215,CASH_OUT,64278.09,C1000094,174825.09,110547.01,M1406231,0,0,1,2026-01-08T12:36:46.106185,large_amount
TXN-00013028,204,PAYMENT,12659.95,C1000005,0.0,0.0,M8477219,0,0,0,2026-01-08T12:36:46.106250,
TXN-00013029,204,CASH_OUT,6270.14,C1000088,0.0,0.0,M9916119,0,0,0,2026-01-08T12:36:46.106317,
TXN-00013030,211,CASH_OUT,112421.72,C1000070,0.0,0.0,M2380124,0,0,1,2026-01-08T12:36:46.106345,large_amount
TXN-00013031,204,TRANSFER,10.0,C1000057,0.0,0.0,M9097489,0,0,0,2026-01-08T12:36:46.106406,
TXN-00013032,204,DEBIT,6716.34,C1000088,0.0,0.0,M4140554,0,0,0,2026-01-08T12:36:46.106465,
TXN-00013033,204,PAYMENT,19443.73,C1000079,0.0,0.0,M5136316,0,0,0,2026-01-08T12:36:46.106522,
TXN-00013034,204,TRANSFER,2320.17,C1000084,23990.36,21670.2,M9456510,0,0,0,2026-01-08T12:36:46.106580,
TXN-00013035,204,CASH_OUT,4404.68,C1000010,0.0,0.0,M3793924,0,0,0,2026-01-08T12:36:46.106640,
TXN-00013036,204,TRANSFER,17974.22,C1000079,0.0,0.0,M8297471,0,0,0,2026-01-08T12:36:46.106695,
TXN-00013037,204,PAYMENT,3234.05,C1000069,12455.72,9221.67,M2346871,0,0,0,2026-01-08T12:36:46.106750,
TXN-00013038,204,TRANSFER,609.21,C1000004,201862.48,201253.27,M8113046,0,0,0,2026-01-08T12:36:46.106811,
TXN-00013039,204,CASH_OUT,4640.95,C1000065,0.0,0.0,M3411203,0,0,0,2026-01-08T12:36:46.106868,
TXN-00013040,204,CASH_OUT,4959.2,C1000003,0.0,0.0,M8167073,0,0,0,2026-01-08T12:36:46.106931,
TXN-00013041,204,CASH_OUT,1663.12,C1000086,114948.21,113285.08,M1965408,0,0,0,2026-01-08T12:36:46.106991,
TXN-00013042,204,DEBIT,1503.49,C1000090,206123.85,204620.35,M4047638,0,0,0,2026-01-08T12:36:46.107052,
TXN-00013043,204,PAYMENT,4301.65,C1000065,0.0,0.0,M8141570,0,0,0,2026-01-08T12:36:46.107113,
TXN-00013044,197,CASH_OUT,75686.41,C1000033,0.0,0.0,M7309329,0,0,1,2026-01-08T12:36:46.107143,night_transaction
TXN-00013045,204,TRANSFER,32458.19,C1000067,0.0,0.0,M1080371,0,0,0,2026-01-08T12:36:46.107199,
TXN-00013046,194,CASH_OUT,35472.48,C1000078,0.0,0.0,M7374800,0,0,1,2026-01-08T12:36:46.107228,night_transaction
TXN-00013047,204,CASH_IN,1970.23,C1000090,204620.35,206590.58,M6674948,0,0,0,2026-01-08T12:36:46.107282,
TXN-00013048,204,CASH_OUT,3073.49,C1000069,9221.67,6148.18,M2073346,0,0,0,2026-01-08T12:36:46.107340,
TXN-00013049,204,PAYMENT,3363.32,C1000028,0.0,0.0,M3995039,0,0,0,2026-01-08T12:36:46.107400,
TXN-00013050,204,CASH_OUT,2073.79,C1000017,35825.91,33752.12,M7732536,0,0,0,2026-01-08T12:36:46.107459,
TXN-00013051,204,TRANSFER,2365.74,C1000030,1303.1,0.0,M2487063,0,0,0,2026-01-08T12:36:46.107518,
TXN-00013052,204,PAYMENT,860.35,C1000002,240409.09,239548.73,M4120042,0,0,0,2026-01-08T12:36:46.107574,
TXN-00013053,204,PAYMENT,13692.89,C1000063,0.0,0.0,M9046661,0,0,0,2026-01-08T12:36:46.107631,
TXN-00013054,204,PAYMENT,936.69,C1000083,182422.06,181485.37,M9933411,0,0,0,2026-01-08T12:36:46.107692,
TXN-00013055,204,TRANSFER,10.0,C1000085,0.0,0.0,M2746280,0,0,0,2026-01-08T12:36:46.107748,
TXN-00013056,204,TRANSFER,26914.81,C1000056,0.0,0.0,M3239111,0,0,0,2026-01-08T12:36:46.107803,
TXN-00013057,204,CASH_IN,10.0,C1000022,7187.46,7197.46,M5378684,0,0,0,2026-01-08T12:36:46.107858,
TXN-00013058,204,DEBIT,1664.96,C1000008,194126.45,192461.49,M4044060,0,0,0,2026-01-08T12:36:46.107941,
TXN-00013059,204,CASH_OUT,15521.82,C1000005,0.0,0.0,M3120229,0,0,0,2026-01-08T12:36:46.108029,
TXN-00013060,204,CASH_OUT,29327.95,C1000084,21670.2,0.0,M7112426,0,0,1,2026-01-08T12:36:46.108065,rapid_succession
TXN-00013061,204,PAYMENT,1063.11,C1000018,134246.88,133183.77,M1502647,0,0,0,2026-01-08T12:36:46.108123,
TXN-00013062,204,DEBIT,4372.32,C1000065,0.0,0.0,M8213079,0,0,0,2026-01-08T12:36:46.108185,
TXN-00013063,204,PAYMENT,10.0,C1000022,7197.46,7187.46,M7131027,0,0,0,2026-01-08T12:36:46.108248,
TXN-00013064,204,CASH_OUT,3822.59,C1000085,0.0,0.0,M6567037,0,0,0,2026-01-08T12:36:46.108307,
TXN-00013065,204,PAYMENT,415.43,C1000018,133183.77,132768.34,M4343163,0,0,0,2026-01-08T12:36:46.108364,
TXN-00013066,204,TRANSFER,4593.39,C1000010,0.0,0.0,M9789067,0,0,0,2026-01-08T12:36:46.108421,
TXN-00013067,204,CASH_OUT,10.0,C1000034,70501.31,70491.31,M3899087,0,0,0,2026-01-08T12:36:46.108476,
TXN-00013068,197,CASH_OUT,45053.47,C1000005,0.0,0.0,M1220105,0,0,1,2026-01-08T12:36:46.108509,rapid_succession
TXN-00013069,204,PAYMENT,18049.48,C1000076,0.0,0.0,M9082083,0,0,0,2026-01-08T12:36:46.108562,
TXN-00013070,204,PAYMENT,1906.49,C1000048,201151.1,199244.61,M1941861,0,0,0,2026-01-08T12:36:46.108615,
TXN-00013071,211,CASH_OUT,83324.84,C1000031,0.0,0.0,M6859958,0,0,1,2026-01-08T12:36:46.108641,unusual_type
TXN-00013072,204,DEBIT,3404.8,C1000018,132768.34,129363.55,M4787335,0,0,0,2026-01-08T12:36:46.108693,
TXN-00013073,206,CASH_OUT,129191.76,C1000070,0.0,0.0,M6594882,0,0,1,2026-01-08T12:36:46.108721,large_amount
TXN-00013074,197,CASH_OUT,12770.04,C1000034,70491.31,57721.27,M9346508,0,0,1,2026-01-08T12:36:46.108755,rapid_succession
TXN-00013075,204,PAYMENT,60.79,C1000018,129363.55,129302.75,M3094459,0,0,0,2026-01-08T12:36:46.108851,
TXN-00013076,204,TRANSFER,2245.71,C1000069,6148.18,3902.47,M7082684,0,0,0,2026-01-08T12:36:46.108924,
TXN-00013077,204,PAYMENT,535.25,C1000001,65869.7,65334.46,M2546643,0,0,0,2026-01-08T12:36:46.108993,
TXN-00013078,204,CASH_OUT,26558.25,C1000056,0.0,0.0,M3611126,0,0,0,2026-01-08T12:36:46.109070,
TXN-00013079,204,CASH_OUT,51179.63,C1000053,0.0,0.0,M3436274,0,0,0,2026-01-08T12:36:46.109157,
TXN-00013080,204,PAYMENT,10.0,C1000001,65334.46,65324.46,M7803617,0,0,0,2026-01-08T12:36:46.109668,
TXN-00013081,200,CASH_OUT,39183.84,C1000027,0.0,-37628.68,M8176788,0,0,1,2026-01-08T12:36:46.109976,balance_mismatch
TXN-00013082,207,CASH_OUT,110423.73,C1000097,0.0,-105553.95,M7348714,0,0,1,2026-01-08T12:36:46.110036,balance_mismatch
TXN-00013083,204,DEBIT,47668.86,C1000053,0.0,0.0,M3984220,0,0,0,2026-01-08T12:36:46.110178,
TXN-00013084,204,DEBIT,11102.43,C1000015,0.0,0.0,M4428036,0,0,0,2026-01-08T12:36:46.110256,
TXN-00013085,204,PAYMENT,3302.01,C1000043,0.0,0.0,M1469456,0,0,0,2026-01-08T12:36:46.110314,
TXN-00013086,204,CASH_OUT,10.0,C1000007,30745.94,30735.94,M3626588,0,0,0,2026-01-08T12:36:46.110367,
TXN-00013087,204,TRANSFER,55101.72,C1000000,0.0,0.0,M7400723,0,0,0,2026-01-08T12:36:46.110425,
TXN-00013088,204,PAYMENT,172853.26,C1000050,0.0,0.0,M3553476,0,0,0,2026-01-08T12:36:46.110483,
TXN-00013089,204,PAYMENT,2344.74,C1000045,0.0,0.0,M1684519,0,0,0,2026-01-08T12:36:46.110537,
TXN-00013090,204,CASH_IN,2551.96,C1000028,0.0,2551.96,M1170061,0,0,0,2026-01-08T12:36:46.110592,
TXN-00013091,204,PAYMENT,9841.07,C1000054,0.0,0.0,M4936652,0,0,0,2026-01-08T12:36:46.110652,
TXN-00013092,194,CASH_OUT,138458.94,C1000003,0.0,0.0,M1052481,0,0,1,2026-01-08T12:36:46.110682,large_amount
TXN-00013093,204,CASH_OUT,3667.65,C1000010,0.0,0.0,M9955700,0,0,0,2026-01-08T12:36:46.110743,
TXN-00013094,204,PAYMENT,4441.19,C1000010,0.0,0.0,M6047902,0,0,0,2026-01-08T12:36:46.110801,
TXN-00013095,204,CASH_OUT,5898.28,C1000057,0.0,0.0,M3130750,0,0,0,2026-01-08T12:36:46.110861,
TXN-00013096,204,CASH_OUT,1631.76,C1000071,150394.55,148762.79,M6236942,0,0,0,2026-01-08T12:36:46.110951,
TXN-00013097,204,TRANSFER,173129.04,C1000050,0.0,0.0,M8762404,0,0,0,2026-01-08T12:36:46.111036,
TXN-00013098,204,CASH_OUT,6639.7,C1000088,0.0,0.0,M2261573,0,0,0,2026-01-08T12:36:46.111104,
TXN-00013099,204,PAYMENT,10.0,C1000066,0.0,0.0,M3158912,0,0,0,2026-01-08T12:36:46.111171,
TXN-00013100,202,CASH_OUT,159875.56,C1000043,0.0,0.0,M3056432,0,0,1,2026-01-08T12:36:46.111206,large_amount
TXN-00013101,204,DEBIT,36467.52,C1000012,0.0,0.0,M5479064,0,0,0,2026-01-08T12:36:46.111281,
TXN-00013102,204,PAYMENT,7755.04,C1000036,0.0,0.0,M3023873,0,0,0,2026-01-08T12:36:46.111352,
TXN-00013103,204,TRANSFER,5010.06,C1000096,195923.6,190913.54,M1234266,0,0,0,2026-01-08T12:36:46.111416,
TXN-00013104,204,PAYMENT,27888.25,C1000067,0.0,0.0,M5292934,0,0,0,2026-01-08T12:36:46.111480,
TXN-00013105,204,PAYMENT,7624.2,C1000011,0.0,0.0,M1056647,0,0,0,2026-01-08T12:36:46.111554,
TXN-00013106,204,PAYMENT,20825.76,C1000095,0.0,0.0,M7092215,0,0,0,2026-01-08T12:36:46.111615,
TXN-00013107,204,TRANSFER,219.46,C1000022,7187.46,6968.01,M5704051,0,0,0,2026-01-08T12:36:46.111674,
TXN-00013108,197,CASH_OUT,29688.73,C1000057,0.0,0.0,M8147068,0,0,1,2026-01-08T12:36:46.111725,night_transaction
TXN-00013109,204,PAYMENT,1339.74,C1000020,267326.05,265986.31,M9795947,0,0,0,2026-01-08T12:36:46.111789,
TXN-00013110,204,PAYMENT,7587.11,C1000031,0.0,0.0,M8958073,0,0,0,2026-01-08T12:36:46.111848,
TXN-00013111,204,PAYMENT,6537.95,C1000088,0.0,0.0,M5347470,0,0,0,2026-01-08T12:36:46.111908,
TXN-00013112,204,PAYMENT,637.11,C1000077,69418.15,68781.04,M7086854,0,0,0,2026-01-08T12:36:46.111982,
TXN-00013113,213,CASH_OUT,101051.62,C1000056,0.0,-105662.21,M6804973,0,0,1,2026-01-08T12:36:46.112014,balance_mismatch
TXN-00013114,204,CASH_OUT,3550.93,C1000020,265986.31,262435.38,M2416695,0,0,0,2026-01-08T12:36:46.112086,
TXN-00013115,197,CASH_OUT,90526.15,C1000019,0.0,0.0,M4272923,0,0,1,2026-01-08T12:36:46.112117,night_transaction
TXN-00013116,204,PAYMENT,1992.52,C1000071,148762.79,146770.28,M1951927,0,0,0,2026-01-08T12:36:46.112177,
TXN-00013117,205,CASH_OUT,89385.58,C1000030,0.0,-91701.56,M9582126,0,0,1,2026-01-08T12:36:46.112209,balance_mismatch
TXN-00013118,204,TRANSFER,5467.22,C1000057,0.0,0.0,M1528367,0,0,0,2026-01-08T12:36:46.112287,
TXN-00013119,204,PAYMENT,12665.14,C1000015,0.0,0.0,M7896462,0,0,0,2026-01-08T12:36:46.112346,
TXN-00013120,204,PAYMENT,22759.2,C1000095,0.0,0.0,M9243382,0,0,0,2026-01-08T12:36:46.112407,
TXN-00013121,204,PAYMENT,1092.97,C1000094,174825.09,173732.12,M7620894,0,0,0,2026-01-08T12:36:46.112466,
TXN-00013122,204,PAYMENT,348.65,C1000022,6968.01,6619.36,M5140412,0,0,0,2026-01-08T12:36:46.112524,
TXN-00013123,197,CASH_OUT,51035.48,C1000069,3902.47,0.0,M2497879,0,0,1,2026-01-08T12:36:46.112554,night_transaction
TXN-00013124,204,PAYMENT,1919.73,C1000086,113285.08,111365.35,M7266733,0,0,0,2026-01-08T12:36:46.112612,
TXN-00013125,204,TRANSFER,2679.86,C1000049,0.0,0.0,M2680425,0,0,0,2026-01-08T12:36:46.112675,
TXN-00013126,204,CASH_OUT,10.0,C1000023,12897.43,12887.43,M8090556,0,0,0,2026-01-08T12:36:46.112732,
TXN-00013127,204,PAYMENT,2116.26,C1000023,12887.43,10771.18,M2218261,0,0,0,2026-01-08T12:36:46.112796,
TXN-00013128,204,PAYMENT,13625.56,C1000074,11864.33,0.0,M1715460,0,0,0,2026-01-08T12:36:46.112859,
TXN-00013129,204,PAYMENT,3969.15,C1000096,190913.54,186944.39,M4446324,0,0,0,2026-01-08T12:36:46.112934,
TXN-00013130,204,PAYMENT,2823.33,C1000045,0.0,0.0,M6424290,0,0,0,2026-01-08T12:36:46.112995,
TXN-00013131,204,PAYMENT,17834.48,C1000079,0.0,0.0,M6264160,0,0,0,2026-01-08T12:36:46.113058,
TXN-00013132,204,DEBIT,2399.97,C1000044,0.0,0.0,M1507843,0,0,0,2026-01-08T12:36:46.113135,
TXN-00013133,204,CASH_OUT,6818.79,C1000046,0.0,0.0,M8406406,0,0,0,2026-01-08T12:36:46.113197,
TXN-00013134,204,TRANSFER,4649.25,C1000065,0.0,0.0,M7188381,0,0,0,2026-01-08T12:36:46.113254,
TXN-00013135,215,CASH_OUT,67081.64,C1000086,111365.35,44283.71,M7839581,0,0,1,2026-01-08T12:36:46.113283,large_amount
TXN-00013136,204,PAYMENT,10.0,C1000061,228059.06,228049.06,M5889908,0,0,0,2026-01-08T12:36:46.113341,
TXN-00013137,204,DEBIT,3370.25,C1000087,90364.51,86994.25,M6150899,0,0,0,2026-01-08T12:36:46.113400,
TXN-00013138,204,CASH_OUT,14353.3,C1000064,39082.51,24729.21,M2109921,0,0,0,2026-01-08T12:36:46.113458,
TXN-00013139,204,TRANSFER,3931.73,C1000028,2551.96,0.0,M3988539,0,0,0,2026-01-08T12:36:46.113520,
TXN-00013140,204,TRANSFER,3585.18,C1000096,186944.39,183359.2,M9304719,0,0,0,2026-01-08T12:36:46.113580,
TXN-00013141,204,CASH_IN,1992.1,C1000017,33752.12,35744.22,M6407300,0,0,0,2026-01-08T12:36:46.113641,
TXN-00013142,204,DEBIT,6891.41,C1000058,0.0,0.0,M3428959,0,0,0,2026-01-08T12:36:46.113706,
TXN-00013143,204,CASH_IN,3317.54,C1000044,0.0,3317.54,M7137315,0,0,0,2026-01-08T12:36:46.113763,
TXN-00013144,204,PAYMENT,2107.9,C1000017,35744.22,33636.31,M6822911,0,0,0,2026-01-08T12:36:46.113821,
TXN-00013145,204,TRANSFER,2100.27,C1000038,0.0,0.0,M8120265,0,0,0,2026-01-08T12:36:46.113886,
TXN-00013146,204,DEBIT,1851.56,C1000041,219357.81,217506.25,M5984782,0,0,0,2026-01-08T12:36:46.113958,
TXN-00013147,204,PAYMENT,414.37,C1000077,68781.04,68366.67,M5637690,0,0,0,2026-01-08T12:36:46.114020,
TXN-00013148,204,PAYMENT,10.0,C1000072,1771.78,1761.78,M2874100,0,0,0,2026-01-08T12:36:46.114084,
TXN-00013149,204,TRANSFER,14923.16,C1000095,0.0,0.0,M8944897,0,0,0,2026-01-08T12:36:46.114146,
TXN-00013150,204,CASH_IN,2059.11,C1000017,33636.31,35695.43,M9510332,0,0,0,2026-01-08T12:36:46.114206,
TXN-00013151,204,TRANSFER,33894.35,C1000067,0.0,0.0,M1570942,0,0,0,2026-01-08T12:36:46.114267,
TXN-00013152,194,CASH_OUT,12176.18,C1000046,0.0,0.0,M6220965,0,0,1,2026-01-08T12:36:46.114301,rapid_succession
TXN-00013153,204,TRANSFER,970.37,C1000021,0.0,0.0,M7137410,0,0,0,2026-01-08T12:36:46.114358,
TXN-00013154,204,PAYMENT,1765.46,C1000020,262435.38,260669.93,M4645095,0,0,0,2026-01-08T12:36:46.114415,
TXN-00013155,204,TRANSFER,4342.52,C1000027,0.0,0.0,M8598771,0,0,0,2026-01-08T12:36:46.114480,
TXN-00013156,204,CASH_IN,18292.46,C1000093,0.0,18292.46,M9457471,0,0,0,2026-01-08T12:36:46.114538,
TXN-00013157,204,CASH_OUT,21041.36,C1000035,0.0,0.0,M1327313,0,0,0,2026-01-08T12:36:46.114600,
TXN-00013158,204,PAYMENT,34991.87,C1000064,24729.21,0.0,M9906417,0,0,0,2026-01-08T12:36:46.114656,
TXN-00013159,204,PAYMENT,10.0,C1000009,127487.76,127477.76,M1107127,0,0,0,2026-01-08T12:36:46.114708,
TXN-00013160,204,PAYMENT,680.7,C1000060,54668.61,53987.92,M3124149,0,0,0,2026-01-08T12:36:46.114764,
TXN-00013161,204,PAYMENT,12937.62,C1000054,0.0,0.0,M8423914,0,0,0,2026-01-08T12:36:46.114822,
TXN-00013162,204,PAYMENT,10339.01,C1000092,0.0,0.0,M7231557,0,0,0,2026-01-08T12:36:46.114879,
TXN-00013163,204,CASH_IN,849.19,C1000018,129302.75,130151.94,M3876660,0,0,0,2026-01-08T12:36:46.114947,
TXN-00013164,204,PAYMENT,12580.14,C1000005,0.0,0.0,M1652322,0,0,0,2026-01-08T12:36:46.115015,
TXN-00013165,204,TRANSFER,7724.62,C1000031,0.0,0.0,M1232257,0,0,0,2026-01-08T12:36:46.115074,
TXN-00013166,204,CASH_OUT,1452.86,C1000090,206590.58,205137.72,M3743687,0,0,0,2026-01-08T12:36:46.115145,
TXN-00013167,204,CASH_OUT,964.14,C1000048,199244.61,198280.47,M9609094,0,0,0,2026-01-08T12:36:46.115206,
TXN-00013168,204,CASH_OUT,1249.42,C1000090,205137.72,203888.3,M4202407,0,0,0,2026-01-08T12:36:46.115266,
TXN-00013169,204,TRANSFER,17800.11,C1000067,0.0,0.0,M7467346,0,0,0,2026-01-08T12:36:46.115325,
TXN-00013170,204,TRANSFER,899.79,C1000071,146770.28,145870.48,M5442787,0,0,0,2026-01-08T12:36:46.115377,
TXN-00013171,204,TRANSFER,4599.89,C1000051,104282.88,99682.99,M9948288,0,0,0,2026-01-08T12:36:46.115437,
TXN-00013172,204,DEBIT,2194.52,C1000080,0.0,0.0,M3015409,0,0,0,2026-01-08T12:36:46.115493,
TXN-00013173,204,TRANSFER,2064.78,C1000090,203888.3,201823.51,M9580538,0,0,0,2026-01-08T12:36:46.115546,
TXN-00013174,204,DEBIT,6624.21,C1000059,0.0,0.0,M8085679,0,0,0,2026-01-08T12:36:46.115601,
TXN-00013175,204,CASH_IN,4120.43,C1000027,0.0,4120.43,M2651601,0,0,0,2026-01-08T12:36:46.115660,
TXN-00013176,213,CASH_OUT,96475.07,C1000040,0.0,0.0,M5160728,0,0,1,2026-01-08T12:36:46.115698,unusual_type
TXN-00013177,195,CASH_OUT,59618.26,C1000055,158591.36,98973.1,M3462033,0,0,1,2026-01-08T12:36:46.115732,night_transaction
TXN-00013178,204,PAYMENT,1494.5,C1000077,68366.67,66872.17,M2294241,0,0,0,2026-01-08T12:36:46.115797,
TXN-00013179,204,DEBIT,1201.5,C1000066,0.0,0.0,M6817965,0,0,0,2026-01-08T12:36:46.115854,
TXN-00013180,204,CASH_OUT,1075.13,C1000089,124547.79,123472.65,M1741914,0,0,0,2026-01-08T12:36:46.115911,
TXN-00013181,204,TRANSFER,1171.29,C1000061,228049.06,226877.77,M2196872,0,0,0,2026-01-08T12:36:46.115962,
TXN-00013182,204,DEBIT,1137.97,C1000021,0.0,0.0,M1896859,0,0,0,2026-01-08T12:36:46.116017,
TXN-00013183,204,TRANSFER,4157.05,C1000062,345.16,0.0,M9559812,0,0,0,2026-01-08T12:36:46.116104,
TXN-00013184,198,CASH_OUT,57893.26,C1000018,130151.94,68350.58,M5640345,0,0,1,2026-01-08T12:36:46.116133,balance_mismatch
TXN-00013185,204,TRANSFER,10.0,C1000072,1761.78,1751.78,M6234015,0,0,0,2026-01-08T12:36:46.116191,
TXN-00013186,204,PAYMENT,7001.49,C1000088,0.0,0.0,M2965949,0,0,0,2026-01-08T12:36:46.116245,
TXN-00013187,211,CASH_OUT,68803.67,C1000073,0.0,0.0,M3504639,0,0,1,2026-01-08T12:36:46.116272,large_amount
TXN-00013188,204,PAYMENT,4330.23,C1000062,0.0,0.0,M8249224,0,0,0,2026-01-08T12:36:46.116327,
TXN-00013189,204,DEBIT,1268.44,C1000030,0.0,0.0,M7885122,0,0,0,2026-01-08T12:36:46.116377,
TXN-00013190,204,CASH_OUT,10.0,C1000075,440590.32,440580.32,M4471922,0,0,0,2026-01-08T12:36:46.116430,
TXN-00013191,204,TRANSFER,1930.64,C1000090,201823.51,199892.87,M3160693,0,0,0,2026-01-08T12:36:46.116482,
TXN-00013192,204,PAYMENT,4973.78,C1000010,0.0,0.0,M9488488,0,0,0,2026-01-08T12:36:46.116546,
TXN-00013193,207,CASH_OUT,42748.71,C1000014,196420.89,153672.18,M8683338,0,0,1,2026-01-08T12:36:46.116575,unusual_type
TXN-00013194,204,DEBIT,10.0,C1000072,1751.78,1741.78,M2831201,0,0,0,2026-01-08T12:36:46.116632,
TXN-00013195,204,PAYMENT,5707.49,C1000046,0.0,0.0,M1379047,0,0,0,2026-01-08T12:36:46.116686,
TXN-00013196,196,CASH_OUT,24196.18,C1000078,0.0,0.0,M7611321,0,0,1,2026-01-08T12:36:46.116716,night_transaction
TXN-00013197,207,CASH_OUT,24466.43,C1000039,0.0,0.0,M4319378,0,0,1,2026-01-08T12:36:46.116742,rapid_succession
TXN-00013198,204,CASH_IN,2849.29,C1000066,0.0,2849.29,M9165685,0,0,0,2026-01-08T12:36:46.116807,
TXN-00013199,204,CASH_OUT,216.37,C1000007,30735.94,30519.57,M5534607,0,0,0,2026-01-08T12:36:46.116866,
TXN-00013200,204,PAYMENT,54575.88,C1000000,0.0,0.0,M9632139,0,0,0,2026-01-08T12:36:46.116934,
TXN-00013201,204,PAYMENT,216.52,C1000021,0.0,0.0,M7425193,0,0,0,2026-01-08T12:36:46.116991,
TXN-00013202,204,PAYMENT,3966.34,C1000062,0.0,0.0,M9434094,0,0,0,2026-01-08T12:36:46.117052,
TXN-00013203,204,TRANSFER,543.85,C1000066,2849.29,2305.44,M3883795,0,0,0,2026-01-08T12:36:46.117135,
TXN-00013204,204,TRANSFER,54201.37,C1000000,0.0,0.0,M1143895,0,0,0,2026-01-08T12:36:46.117194,
TXN-00013205,204,DEBIT,1207.21,C1000097,0.0,0.0,M9233491,0,0,0,2026-01-08T12:36:46.117251,
TXN-00013206,204,CASH_OUT,10.0,C1000009,127477.76,127467.76,M5295537,0,0,0,2026-01-08T12:36:46.117308,
TXN-00013207,204,TRANSFER,10.0,C1000009,127467.76,127457.76,M3284623,0,0,0,2026-01-08T12:36:46.117364,
TXN-00013208,204,DEBIT,5461.37,C1000052,0.0,0.0,M9078056,0,0,0,2026-01-08T12:36:46.117423,
TXN-00013209,204,TRANSFER,12573.04,C1000057,0.0,0.0,M6887520,0,0,0,2026-01-08T12:36:46.117478,
TXN-00013210,204,PAYMENT,10.0,C1000051,99682.99,99672.99,M7992254,0,0,0,2026-01-08T12:36:46.117534,
TXN-00013211,204,DEBIT,799.86,C1000041,217506.25,216706.39,M5780473,0,0,0,2026-01-08T12:36:46.117591,
TXN-00013212,204,PAYMENT,1025.22,C1000061,226877.77,225852.55,M3338807,0,0,0,2026-01-08T12:36:46.117644,
TXN-00013213,204,TRANSFER,5111.61,C1000049,0.0,0.0,M2960745,0,0,0,2026-01-08T12:36:46.117701,
TXN-00013214,204,PAYMENT,173708.07,C1000050,0.0,0.0,M3425592,0,0,0,2026-01-08T12:36:46.117759,
TXN-00013215,204,PAYMENT,8524.56,C1000031,0.0,0.0,M8140406,0,0,0,2026-01-08T12:36:46.117814,
TXN-00013216,204,CASH_OUT,1914.43,C1000021,0.0,0.0,M3514602,0,0,0,2026-01-08T12:36:46.117868,
TXN-00013217,214,CASH_OUT,26995.88,C1000063,0.0,0.0,M6484710,0,0,1,2026-01-08T12:36:46.117909,rapid_succession
TXN-00013218,204,DEBIT,6621.28,C1000010,0.0,0.0,M7260395,0,0,0,2026-01-08T12:36:46.117970,
TXN-00013219,208,CASH_OUT,84437.81,C1000020,260669.93,178576.94,M7863625,0,0,1,2026-01-08T12:36:46.117998,balance_mismatch
TXN-00013220,204,CASH_OUT,436.28,C1000091,0.0,0.0,M9018465,0,0,0,2026-01-08T12:36:46.118060,
TXN-00013221,204,PAYMENT,32495.37,C1000073,0.0,0.0,M3703185,0,0,0,2026-01-08T12:36:46.118116,
TXN-00013222,204,PAYMENT,11057.07,C1000015,0.0,0.0,M3260759,0,0,0,2026-01-08T12:36:46.118173,
TXN-00013223,204,CASH_OUT,4356.52,C1000065,0.0,0.0,M7509870,0,0,0,2026-01-08T12:36:46.118230,
TXN-00013224,204,PAYMENT,4941.91,C1000032,0.0,0.0,M9374846,0,0,0,2026-01-08T12:36:46.118284,
TXN-00013225,204,PAYMENT,637.7,C1000075,440580.32,439942.62,M6468763,0,0,0,2026-01-08T12:36:46.118336,
TXN-00013226,204,PAYMENT,6774.24,C1000084,21670.2,14895.96,M4834185,0,0,0,2026-01-08T12:36:46.118419,
TXN-00013227,212,CASH_OUT,106840.6,C1000083,181485.37,74644.78,M2763861,0,0,1,2026-01-08T12:36:46.118454,large_amount
TXN-00013228,204,TRANSFER,1991.67,C1000001,65324.46,63332.79,M9674709,0,0,0,2026-01-08T12:36:46.118519,
TXN-00013229,204,CASH_IN,37128.45,C1000012,0.0,37128.45,M7575526,0,0,0,2026-01-08T12:36:46.118636,
TXN-00013230,200,CASH_OUT,38589.86,C1000063,0.0,0.0,M6346028,0,0,1,2026-01-08T12:36:46.118685,rapid_succession
TXN-00013231,204,PAYMENT,29001.54,C1000067,0.0,0.0,M5631097,0,0,0,2026-01-08T12:36:46.118752,
TXN-00013232,195,CASH_OUT,83570.47,C1000049,0.0,0.0,M9851479,0,0,1,2026-01-08T12:36:46.118782,night_transaction
TXN-00013233,204,CASH_OUT,10.0,C1000023,10771.18,10761.18,M2324243,0,0,0,2026-01-08T12:36:46.118842,
TXN-00013234,204,PAYMENT,20849.81,C1000035,0.0,0.0,M7280733,0,0,0,2026-01-08T12:36:46.118906,
TXN-00013235,204,PAYMENT,4635.81,C1000027,4120.43,0.0,M2809338,0,0,0,2026-01-08T12:36:46.118964,
TXN-00013236,204,CASH_OUT,925.01,C1000071,145870.48,144945.47,M9731587,0,0,0,2026-01-08T12:36:46.119020,
TXN-00013237,204,PAYMENT,1292.1,C1000085,0.0,0.0,M6640574,0,0,0,2026-01-08T12:36:46.119080,
TXN-00013238,204,TRANSFER,7543.88,C1000011,0.0,0.0,M4090164,0,0,0,2026-01-08T12:36:46.119139,
TXN-00013239,204,PAYMENT,5668.76,C1000003,0.0,0.0,M6739290,0,0,0,2026-01-08T12:36:46.119197,
TXN-00013240,204,DEBIT,747.19,C1000077,66872.17,66124.98,M8635740,0,0,0,2026-01-08T12:36:46.119255,
TXN-00013241,204,PAYMENT,10.0,C1000078,0.0,0.0,M2950956,0,0,0,2026-01-08T12:36:46.119315,
TXN-00013242,204,DEBIT,10.0,C1000051,99672.99,99662.99,M6181969,0,0,0,2026-01-08T12:36:46.119369,
TXN-00013243,204,CASH_OUT,1505.96,C1000070,0.0,0.0,M8693871,0,0,0,2026-01-08T12:36:46.119426,
TXN-00013244,204,TRANSFER,10.0,C1000001,63332.79,63322.79,M6301057,0,0,0,2026-01-08T12:36:46.119481,
TXN-00013245,204,PAYMENT,1504.8,C1000044,3317.54,1812.74,M7793496,0,0,0,2026-01-08T12:36:46.119540,
TXN-00013246,204,PAYMENT,6220.78,C1000049,0.0,0.0,M1737925,0,0,0,2026-01-08T12:36:46.119597,
TXN-00013247,204,CASH_OUT,2287.42,C1000082,10.0,0.0,M8822458,0,0,0,2026-01-08T12:36:46.119651,
TXN-00013248,212,CASH_OUT,143412.47,C1000096,183359.2,39795.92,M5006840,0,0,1,2026-01-08T12:36:46.119680,balance_mismatch
TXN-00013249,204,PAYMENT,2001.8,C1000026,124748.46,122746.65,M6843934,0,0,0,2026-01-08T12:36:46.119741,
TXN-00013250,204,CASH_IN,4748.39,C1000032,0.0,4748.39,M9246956,0,0,0,2026-01-08T12:36:46.119807,
TXN-00013251,204,PAYMENT,2913.82,C1000041,216706.39,213792.57,M3553153,0,0,0,2026-01-08T12:36:46.119901,
TXN-00013252,204,PAYMENT,10.0,C1000014,196420.89,196410.89,M2635514,0,0,0,2026-01-08T12:36:46.120009,
TXN-00013253,204,CASH_OUT,6436.6,C1000003,0.0,0.0,M7124037,0,0,0,2026-01-08T12:36:46.120090,
TXN-00013254,197,CASH_OUT,51830.3,C1000004,201253.27,149422.98,M6354800,0,0,1,2026-01-08T12:36:46.120129,night_transaction
TXN-00013255,204,PAYMENT,6268.07,C1000088,0.0,0.0,M6552974,0,0,0,2026-01-08T12:36:46.120202,
TXN-00013256,204,CASH_OUT,8457.42,C1000039,0.0,0.0,M4658649,0,0,0,2026-01-08T12:36:46.120268,
TXN-00013257,215,CASH_OUT,92209.82,C1000084,14895.96,0.0,M6917263,0,0,1,2026-01-08T12:36:46.120300,unusual_type
TXN-00013258,204,PAYMENT,1332.26,C1000069,3902.47,2570.21,M6364097,0,0,0,2026-01-08T12:36:46.120372,
TXN-00013259,204,CASH_IN,10.0,C1000009,127457.76,127467.76,M1454352,0,0,0,2026-01-08T12:36:46.120434,
TXN-00013260,204,CASH_OUT,1754.58,C1000044,1812.74,58.16,M8907181,0,0,0,2026-01-08T12:36:46.120492,
TXN-00013261,204,PAYMENT,1095.72,C1000089,123472.65,122376.93,M5067943,0,0,0,2026-01-08T12:36:46.120547,
TXN-00013262,194,CASH_OUT,21802.24,C1000026,122746.65,100944.42,M8562906,0,0,1,2026-01-08T12:36:46.120577,night_transaction
TXN-00013263,204,CASH_IN,7750.78,C1000058,0.0,7750.78,M4362593,0,0,0,2026-01-08T12:36:46.120638,
TXN-00013264,204,PAYMENT,13475.71,C1000063,0.0,0.0,M4151604,0,0,0,2026-01-08T12:36:46.120704,
TXN-00013265,204,TRANSFER,12573.59,C1000005,0.0,0.0,M9673502,0,0,0,2026-01-08T12:36:46.120767,
TXN-00013266,204,DEBIT,2573.95,C1000028,0.0,0.0,M1045445,0,0,0,2026-01-08T12:36:46.120832,
TXN-00013267,204,CASH_OUT,911.17,C1000041,213792.57,212881.4,M9103729,0,0,0,2026-01-08T12:36:46.120896,
TXN-00013268,204,TRANSFER,1774.88,C1000030,0.0,0.0,M9186608,0,0,0,2026-01-08T12:36:46.120968,
TXN-00013269,204,CASH_OUT,1822.66,C1000096,183359.2,181536.55,M9927430,0,0,0,2026-01-08T12:36:46.121050,
TXN-00013270,204,CASH_OUT,5304.59,C1000062,0.0,0.0,M2613345,0,0,0,2026-01-08T12:36:46.121123,
TXN-00013271,204,PAYMENT,2298.22,C1000048,198280.47,195982.25,M8166731,0,0,0,2026-01-08T12:36:46.121198,
TXN-00013272,204,CASH_OUT,2368.4,C1000026,122746.65,120378.25,M1333738,0,0,0,2026-01-08T12:36:46.121282,
TXN-00013273,204,TRANSFER,274.44,C1000009,127467.76,127193.32,M4051368,0,0,0,2026-01-08T12:36:46.121369,
TXN-00013274,204,PAYMENT,4502.33,C1000049,0.0,0.0,M4493150,0,0,0,2026-01-08T12:36:46.121448,
TXN-00013275,204,PAYMENT,13716.73,C1000063,0.0,0.0,M5070604,0,0,0,2026-01-08T12:36:46.121540,
TXN-00013276,204,CASH_OUT,1147.54,C1000066,2305.44,1157.91,M4885809,0,0,0,2026-01-08T12:36:46.121650,
TXN-00013277,204,CASH_OUT,40951.86,C1000042,0.0,0.0,M4907839,0,0,0,2026-01-08T12:36:46.121745,
TXN-00013278,204,PAYMENT,1685.36,C1000041,212881.4,211196.04,M3458917,0,0,0,2026-01-08T12:36:46.121826,
TXN-00013279,204,PAYMENT,10000.77,C1000092,0.0,0.0,M5371821,0,0,0,2026-01-08T12:36:46.121912,
TXN-00013280,204,DEBIT,4743.84,C1000091,0.0,0.0,M7514599,0,0,0,2026-01-08T12:36:46.121999,
TXN-00013281,204,PAYMENT,5232.1,C1000059,0.0,0.0,M5223121,0,0,0,2026-01-08T12:36:46.122076,
TXN-00013282,204,CASH_OUT,197.84,C1000009,127193.32,126995.47,M4284986,0,0,0,2026-01-08T12:36:46.122293,
TXN-00013283,204,TRANSFER,2045.27,C1000044,58.16,0.0,M2173655,0,0,0,2026-01-08T12:36:46.122470,
TXN-00013284,204,CASH_OUT,10.0,C1000041,211196.04,211186.04,M3611866,0,0,0,2026-01-08T12:36:46.122567,
TXN-00013285,204,CASH_OUT,79228.05,C1000073,0.0,0.0,M3081601,0,0,1,2026-01-08T12:36:46.122600,unusual_type
TXN-00013286,204,TRANSFER,5244.26,C1000046,0.0,0.0,M8690949,0,0,0,2026-01-08T12:36:46.122659,
TXN-00013287,204,PAYMENT,26299.68,C1000056,0.0,0.0,M1954005,0,0,0,2026-01-08T12:36:46.122716,
TXN-00013288,196,CASH_OUT,84684.3,C1000032,4748.39,0.0,M2632044,0,0,1,2026-01-08T12:36:46.122745,night_transaction
TXN-00013289,204,TRANSFER,2688.56,C1000068,92729.38,90040.83,M8328051,0,0,0,2026-01-08T12:36:46.122806,
TXN-00013290,204,TRANSFER,36117.81,C1000012,37128.45,1010.64,M6916058,0,0,0,2026-01-08T12:36:46.122873,
TXN-00013291,204,TRANSFER,10.0,C1000034,70491.31,70481.31,M2749821,0,0,0,2026-01-08T12:36:46.122935,
TXN-00013292,204,TRANSFER,1658.67,C1000072,1741.78,83.11,M6473917,0,0,0,2026-01-08T12:36:46.122992,
TXN-00013293,204,PAYMENT,5372.8,C1000091,0.0,0.0,M4471735,0,0,0,2026-01-08T12:36:46.123049,
TXN-00013294,196,CASH_OUT,51125.94,C1000039,0.0,0.0,M1645793,0,0,1,2026-01-08T12:36:46.123080,night_transaction
TXN-00013295,204,CASH_IN,378.44,C1000072,83.11,461.56,M6152916,0,0,0,2026-01-08T12:36:46.123136,
TXN-00013296,204,CASH_OUT,21644.93,C1000019,0.0,0.0,M7850611,0,0,0,2026-01-08T12:36:46.123197,
TXN-00013297,209,CASH_OUT,59027.68,C1000042,0.0,0.0,M1964551,0,0,1,2026-01-08T12:36:46.123226,unusual_type
TXN-00013298,204,PAYMENT,10167.92,C1000092,0.0,0.0,M7728059,0,0,0,2026-01-08T12:36:46.123281,
TXN-00013299,197,CASH_OUT,85954.26,C1000056,0.0,0.0,M2418091,0,0,1,2026-01-08T12:36:46.123308,large_amount
TXN-00013300,204,PAYMENT,2077.18,C1000017,35695.43,33618.25,M7151295,0,0,0,2026-01-08T12:36:46.123363,
TXN-00013301,204,PAYMENT,906.99,C1000094,173732.12,172825.13,M7911525,0,0,0,2026-01-08T12:36:46.123422,
TXN-00013302,204,PAYMENT,1484.73,C1000077,66124.98,64640.25,M9136979,0,0,0,2026-01-08T12:36:46.123477,
TXN-00013303,204,PAYMENT,5380.97,C1000059,0.0,0.0,M5146837,0,0,0,2026-01-08T12:36:46.123537,
TXN-00013304,204,TRANSFER,12065.87,C1000015,0.0,0.0,M8782399,0,0,0,2026-01-08T12:36:46.123594,
TXN-00013305,204,TRANSFER,6557.81,C1000052,0.0,0.0,M1209345,0,0,0,2026-01-08T12:36:46.123655,
TXN-00013306,204,TRANSFER,13540.22,C1000074,0.0,0.0,M8263028,0,0,0,2026-01-08T12:36:46.123712,
TXN-00013307,204,PAYMENT,3735.58,C1000010,0.0,0.0,M4122143,0,0,0,2026-01-08T12:36:46.123767,
TXN-00013308,210,CASH_OUT,82061.38,C1000064,0.0,-84896.22,M2113955,0,0,1,2026-01-08T12:36:46.123823,balance_mismatch
TXN-00013309,204,TRANSFER,16713.51,C1000095,0.0,0.0,M6022848,0,0,0,2026-01-08T12:36:46.123916,
TXN-00013310,206,CASH_OUT,21625.78,C1000028,0.0,0.0,M6427904,0,0,1,2026-01-08T12:36:46.123951,rapid_succession
TXN-00013311,204,TRANSFER,1648.21,C1000044,0.0,0.0,M7437676,0,0,0,2026-01-08T12:36:46.124012,
TXN-00013312,204,PAYMENT,1948.02,C1000090,199892.87,197944.86,M4942296,0,0,0,2026-01-08T12:36:46.124074,
TXN-00013313,198,CASH_OUT,47328.77,C1000068,90040.83,42712.05,M6334527,0,0,1,2026-01-08T12:36:46.124111,rapid_succession
TXN-00013314,193,CASH_OUT,40680.74,C1000091,0.0,-39343.37,M5910386,0,0,1,2026-01-08T12:36:46.124150,balance_mismatch
TXN-00013315,204,CASH_OUT,98656.91,C1000079,0.0,0.0,M1126719,0,0,1,2026-01-08T12:36:46.124179,unusual_type
TXN-00013316,204,PAYMENT,7955.16,C1000074,0.0,0.0,M4967320,0,0,0,2026-01-08T12:36:46.124243,
TXN-00013317,204,TRANSFER,19475.02,C1000019,0.0,0.0,M7181004,0,0,0,2026-01-08T12:36:46.124356,
TXN-00013318,204,CASH_IN,6254.77,C1000059,0.0,6254.77,M4230483,0,0,0,2026-01-08T12:36:46.124438,
TXN-00013319,204,TRANSFER,1275.64,C1000082,0.0,0.0,M9462851,0,0,0,2026-01-08T12:36:46.124512,
TXN-00013320,204,TRANSFER,2075.87,C1000028,0.0,0.0,M3047750,0,0,0,2026-01-08T12:36:46.124598,
TXN-00013321,204,TRANSFER,20448.82,C1000035,0.0,0.0,M4208701,0,0,0,2026-01-08T12:36:46.124708,
TXN-00013322,204,PAYMENT,1782.17,C1000022,6619.36,4837.19,M7531547,0,0,0,2026-01-08T12:36:46.124780,
TXN-00013323,204,DEBIT,10.0,C1000048,195982.25,195972.25,M6058613,0,0,0,2026-01-08T12:36:46.124855,
TXN-00013324,204,TRANSFER,17966.46,C1000093,18292.46,326.0,M4557954,0,0,0,2026-01-08T12:36:46.124940,
TXN-00013325,204,PAYMENT,10.0,C1000078,0.0,0.0,M2506714,0,0,0,2026-01-08T12:36:46.125030,
TXN-00013326,204,PAYMENT,965.16,C1000068,90040.83,89075.66,M6848796,0,0,0,2026-01-08T12:36:46.125099,
TXN-00013327,204,DEBIT,2011.79,C1000038,0.0,0.0,M4564917,0,0,0,2026-01-08T12:36:46.125165,
TXN-00013328,204,CASH_OUT,404.55,C1000094,172825.13,172420.58,M9520089,0,0,0,2026-01-08T12:36:46.125249,
TXN-00013329,213,CASH_OUT,85082.73,C1000018,130151.94,48762.08,M9829745,0,0,1,2026-01-08T12:36:46.125313,balance_mismatch
TXN-00013330,204,TRANSFER,1295.2,C1000022,4837.19,3541.99,M7162705,0,0,0,2026-01-08T12:36:46.125408,
TXN-00013331,204,PAYMENT,12255.87,C1000042,0.0,0.0,M4765754,0,0,0,2026-01-08T12:36:46.125477,
TXN-00013332,204,PAYMENT,1855.71,C1000070,0.0,0.0,M2852839,0,0,0,2026-01-08T12:36:46.125545,
TXN-00013333,204,TRANSFER,10.0,C1000064,0.0,0.0,M9471374,0,0,0,2026-01-08T12:36:46.125603,
TXN-00013334,204,TRANSFER,10.0,C1000072,461.56,451.56,M2968380,0,0,0,2026-01-08T12:36:46.125645,
TXN-00013335,193,CASH_OUT,83957.34,C1000065,0.0,0.0,M3531162,0,0,1,2026-01-08T12:36:46.125670,large_amount
TXN-00013336,204,TRANSFER,4104.68,C1000028,0.0,0.0,M4097146,0,0,0,2026-01-08T12:36:46.125714,
TXN-00013337,204,PAYMENT,1710.15,C1000090,197944.86,196234.71,M4729135,0,0,0,2026-01-08T12:36:46.125775,
TXN-00013338,204,PAYMENT,3959.07,C1000065,0.0,0.0,M5251886,0,0,0,2026-01-08T12:36:46.126046,
TXN-00013339,204,CASH_OUT,8864.88,C1000082,0.0,0.0,M2005900,0,0,0,2026-01-08T12:36:46.126509,
TXN-00013340,204,TRANSFER,10880.68,C1000015,0.0,0.0,M8282534,0,0,0,2026-01-08T12:36:46.126788,
TXN-00013341,204,TRANSFER,105.5,C1000060,53987.92,53882.42,M7479251,0,0,0,2026-01-08T12:36:46.126941,
TXN-00013342,204,TRANSFER,10.0,C1000075,439942.62,439932.62,M9770336,0,0,0,2026-01-08T12:36:46.127294,
TXN-00013343,198,CASH_OUT,196834.95,C1000018,130151.94,0.0,M9507500,0,0,1,2026-01-08T12:36:46.127390,large_amount
TXN-00013344,204,DEBIT,17484.1,C1000076,0.0,0.0,M4229770,0,0,0,2026-01-08T12:36:46.127506,
TXN-00013345,204,PAYMENT,823.83,C1000016,129408.77,128584.94,M6075013,0,0,0,2026-01-08T12:36:46.127594,
TXN-00013346,204,CASH_OUT,4146.27,C1000027,0.0,0.0,M6476576,0,0,0,2026-01-08T12:36:46.127672,
TXN-00013347,204,TRANSFER,8286.68,C1000036,0.0,0.0,M1323812,0,0,0,2026-01-08T12:36:46.127779,
TXN-00013348,204,TRANSFER,10.0,C1000061,225852.55,225842.55,M9732622,0,0,0,2026-01-08T12:36:46.127855,
TXN-00013349,204,CASH_OUT,10.0,C1000097,0.0,0.0,M6774343,0,0,0,2026-01-08T12:36:46.127963,
TXN-00013350,201,CASH_OUT,113172.46,C1000098,206721.54,94149.09,M8025466,0,0,1,2026-01-08T12:36:46.128004,balance_mismatch
TXN-00013351,204,DEBIT,1483.18,C1000022,3541.99,2058.81,M4010413,0,0,0,2026-01-08T12:36:46.128111,
TXN-00013352,204,CASH_OUT,6642.75,C1000059,6254.77,0.0,M6129795,0,0,0,2026-01-08T12:36:46.128309,
TXN-00013353,204,PAYMENT,1017.27,C1000048,195972.25,194954.98,M4595662,0,0,0,2026-01-08T12:36:46.128467,
TXN-00013354,204,PAYMENT,5515.72,C1000003,0.0,0.0,M2865460,0,0,0,2026-01-08T12:36:46.128568,
TXN-00013355,204,PAYMENT,2634.47,C1000096,181536.55,178902.08,M9061191,0,0,0,2026-01-08T12:36:46.128657,
TXN-00013356,204,TRANSFER,2859.13,C1000043,0.0,0.0,M1952497,0,0,0,2026-01-08T12:36:46.128762,
TXN-00013357,204,DEBIT,3605.07,C1000045,0.0,0.0,M6139715,0,0,0,2026-01-08T12:36:46.129365,
TXN-00013358,204,TRANSFER,1829.75,C1000090,196234.71,194404.95,M2168704,0,0,0,2026-01-08T12:36:46.129627,
TXN-00013359,204,PAYMENT,2362.09,C1000021,0.0,0.0,M3956457,0,0,0,2026-01-08T12:36:46.129727,
TXN-00013360,204,TRANSFER,20097.97,C1000035,0.0,0.0,M4925862,0,0,0,2026-01-08T12:36:46.129803,
TXN-00013361,204,CASH_IN,6419.16,C1000088,0.0,6419.16,M2830285,0,0,0,2026-01-08T12:36:46.129874,
TXN-00013362,204,CASH_OUT,5471.43,C1000010,0.0,0.0,M1198252,0,0,0,2026-01-08T12:36:46.129945,
TXN-00013363,204,CASH_IN,579.68,C1000060,53882.42,54462.1,M6903939,0,0,0,2026-01-08T12:36:46.130028,
TXN-00013364,204,TRANSFER,663.78,C1000038,0.0,0.0,M2925825,0,0,0,2026-01-08T12:36:46.130096,
TXN-00013365,204,PAYMENT,3071.41,C1000002,239548.73,236477.33,M1185133,0,0,0,2026-01-08T12:36:46.130163,
TXN-00013366,204,PAYMENT,2744.67,C1000096,178902.08,176157.41,M9302832,0,0,0,2026-01-08T12:36:46.130232,
TXN-00013367,204,PAYMENT,2999.64,C1000030,0.0,0.0,M9730138,0,0,0,2026-01-08T12:36:46.130303,
TXN-00013368,204,PAYMENT,3851.04,C1000049,0.0,0.0,M3606278,0,0,0,2026-01-08T12:36:46.130389,
TXN-00013369,204,PAYMENT,610.26,C1000007,30519.57,29909.31,M4249613,0,0,0,2026-01-08T12:36:46.130460,
TXN-00013370,205,CASH_OUT,34211.45,C1000024,0.0,0.0,M5232307,0,0,1,2026-01-08T12:36:46.130502,rapid_succession
TXN-00013371,204,PAYMENT,10974.52,C1000005,0.0,0.0,M9021683,0,0,0,2026-01-08T12:36:46.130615,
TXN-00013372,204,PAYMENT,2969.02,C1000084,14895.96,11926.94,M5740102,0,0,0,2026-01-08T12:36:46.130858,
TXN-00013373,204,TRANSFER,2353.39,C1000072,451.56,0.0,M4074015,0,0,0,2026-01-08T12:36:46.131106,
TXN-00013374,202,CASH_OUT,18086.77,C1000001,63322.79,45236.02,M8705385,0,0,1,2026-01-08T12:36:46.131212,rapid_succession
TXN-00013375,204,CASH_OUT,620.82,C1000094,172420.58,171799.76,M6460012,0,0,0,2026-01-08T12:36:46.131281,
TXN-00013376,204,TRANSFER,37404.94,C1000012,1010.64,0.0,M7317989,0,0,0,2026-01-08T12:36:46.131346,
TXN-00013377,204,CASH_OUT,5604.05,C1000059,0.0,0.0,M7267553,0,0,0,2026-01-08T12:36:46.131409,
TXN-00013378,204,CASH_OUT,1045.04,C1000082,0.0,0.0,M3269132,0,0,0,2026-01-08T12:36:46.131472,
TXN-00013379,204,DEBIT,10.0,C1000002,236477.33,236467.33,M2409537,0,0,0,2026-01-08T12:36:46.131549,
TXN-00013380,204,TRANSFER,1600.91,C1000075,439932.62,438331.71,M5834116,0,0,0,2026-01-08T12:36:46.131619,
TXN-00013381,204,TRANSFER,10.0,C1000007,29909.31,29899.31,M3250438,0,0,0,2026-01-08T12:36:46.131692,
TXN-00013382,196,CASH_OUT,183523.57,C1000093,326.0,0.0,M5051365,0,0,1,2026-01-08T12:36:46.131731,large_amount
TXN-00013383,204,TRANSFER,1838.36,C1000020,260669.93,258831.57,M2349243,0,0,0,2026-01-08T12:36:46.131797,
TXN-00013384,204,CASH_OUT,7733.25,C1000099,0.0,0.0,M5840613,0,0,0,2026-01-08T12:36:46.131873,
TXN-00013385,204,PAYMENT,10.0,C1000080,0.0,0.0,M3006372,0,0,0,2026-01-08T12:36:46.131944,
TXN-00013386,204,PAYMENT,9780.9,C1000015,0.0,0.0,M1964699,0,0,0,2026-01-08T12:36:46.132019,
TXN-00013387,204,PAYMENT,894.93,C1000061,225842.55,224947.63,M8689599,0,0,0,2026-01-08T12:36:46.132101,
TXN-00013388,204,CASH_OUT,8473.82,C1000039,0.0,0.0,M9117169,0,0,0,2026-01-08T12:36:46.132165,
TXN-00013389,204,TRANSFER,2154.96,C1000070,0.0,0.0,M8239284,0,0,0,2026-01-08T12:36:46.132229,
TXN-00013390,204,PAYMENT,13541.11,C1000063,0.0,0.0,M4436685,0,0,0,2026-01-08T12:36:46.132296,
TXN-00013391,204,CASH_OUT,140.3,C1000034,70481.31,70341.01,M8143711,0,0,0,2026-01-08T12:36:46.132361,
TXN-00013392,204,CASH_OUT,381.44,C1000021,0.0,0.0,M8496612,0,0,0,2026-01-08T12:36:46.132429,
TXN-00013393,204,PAYMENT,3974.79,C1000049,0.0,0.0,M7689404,0,0,0,2026-01-08T12:36:46.132494,
TXN-00013394,204,PAYMENT,19607.76,C1000024,0.0,0.0,M3046093,0,0,0,2026-01-08T12:36:46.132563,
TXN-00013395,204,PAYMENT,2072.94,C1000091,0.0,0.0,M6580499,0,0,0,2026-01-08T12:36:46.132627,
TXN-00013396,204,TRANSFER,725.61,C1000061,224947.63,224222.01,M3692272,0,0,0,2026-01-08T12:36:46.132693,
TXN-00013397,204,PAYMENT,56694.72,C1000000,0.0,0.0,M1284749,0,0,0,2026-01-08T12:36:46.132757,
TXN-00013398,198,CASH_OUT,27362.92,C1000093,326.0,0.0,M6368780,0,0,1,2026-01-08T12:36:46.132792,rapid_succession
TXN-00013399,204,PAYMENT,134.06,C1000081,72691.87,72557.8,M8305434,0,0,0,2026-01-08T12:36:46.132881,
TXN-00013400,204,PAYMENT,1156.83,C1000020,258831.57,257674.74,M2310842,0,0,0,2026-01-08T12:36:46.132956,
TXN-00013401,204,CASH_OUT,920.25,C1000041,211186.04,210265.79,M9323363,0,0,0,2026-01-08T12:36:46.133025,
TXN-00013402,204,CASH_OUT,4907.94,C1000065,0.0,0.0,M3174225,0,0,0,2026-01-08T12:36:46.133097,
TXN-00013403,204,CASH_OUT,4449.93,C1000062,0.0,0.0,M8332047,0,0,0,2026-01-08T12:36:46.133163,
TXN-00013404,210,CASH_OUT,48217.21,C1000016,128584.94,80367.73,M3591015,0,0,1,2026-01-08T12:36:46.133203,unusual_type
TXN-00013405,204,PAYMENT,2134.69,C1000086,111365.35,109230.66,M2673094,0,0,0,2026-01-08T12:36:46.133278,
TXN-00013406,204,DEBIT,5121.09,C1000032,4748.39,0.0,M5739508,0,0,0,2026-01-08T12:36:46.133346,
TXN-00013407,204,TRANSFER,9992.78,C1000015,0.0,0.0,M3159213,0,0,0,2026-01-08T12:36:46.133416,
TXN-00013408,204,CASH_OUT,2531.85,C1000026,120378.25,117846.4,M2631210,0,0,0,2026-01-08T12:36:46.133482,
TXN-00013409,204,TRANSFER,6074.78,C1000059,0.0,0.0,M6693337,0,0,0,2026-01-08T12:36:46.133561,
TXN-00013410,204,TRANSFER,10510.72,C1000031,0.0,0.0,M2483655,0,0,0,2026-01-08T12:36:46.133639,
TXN-00013411,204,CASH_OUT,10.0,C1000047,0.0,0.0,M8600136,0,0,0,2026-01-08T12:36:46.133710,
TXN-00013412,204,CASH_OUT,1311.77,C1000077,64640.25,63328.48,M9095570,0,0,0,2026-01-08T12:36:46.133789,
TXN-00013413,204,CASH_OUT,7058.74,C1000091,0.0,0.0,M6108235,0,0,0,2026-01-08T12:36:46.133850,
TXN-00013414,204,PAYMENT,20083.79,C1000019,0.0,0.0,M3500594,0,0,0,2026-01-08T12:36:46.133913,
TXN-00013415,204,TRANSFER,173085.76,C1000050,0.0,0.0,M9861642,0,0,0,2026-01-08T12:36:46.133986,
TXN-00013416,204,CASH_OUT,1639.13,C1000034,70341.01,68701.88,M9301965,0,0,0,2026-01-08T12:36:46.134049,
TXN-00013417,204,CASH_IN,3363.72,C1000087,86994.25,90357.97,M5678109,0,0,0,2026-01-08T12:36:46.134112,
TXN-00013418,204,CASH_OUT,1732.77,C1000041,210265.79,208533.02,M4915377,0,0,0,2026-01-08T12:36:46.134179,
TXN-00013419,204,TRANSFER,10.0,C1000008,192461.49,192451.49,M5698990,0,0,0,2026-01-08T12:36:46.134243,
TXN-00013420,211,CASH_OUT,70050.17,C1000008,192451.49,122401.32,M8409085,0,0,1,2026-01-08T12:36:46.134278,unusual_type
TXN-00013421,210,CASH_OUT,10348.98,C1000043,0.0,0.0,M7366161,0,0,1,2026-01-08T12:36:46.134308,rapid_succession
TXN-00013422,204,TRANSFER,8218.92,C1000011,0.0,0.0,M9117927,0,0,0,2026-01-08T12:36:46.134368,
TXN-00013423,204,PAYMENT,1455.37,C1000090,194404.95,192949.58,M8395806,0,0,0,2026-01-08T12:36:46.134434,
TXN-00013424,204,PAYMENT,3689.96,C1000062,0.0,0.0,M9993727,0,0,0,2026-01-08T12:36:46.134501,
TXN-00013425,204,CASH_IN,4493.4,C1000027,0.0,4493.4,M5326336,0,0,0,2026-01-08T12:36:46.134573,
TXN-00013426,204,TRANSFER,10.0,C1000066,1157.91,1147.91,M5689663,0,0,0,2026-01-08T12:36:46.134706,
TXN-00013427,204,PAYMENT,5362.48,C1000049,0.0,0.0,M7583067,0,0,0,2026-01-08T12:36:46.134870,
TXN-00013428,204,DEBIT,157.12,C1000022,2058.81,1901.69,M3744148,0,0,0,2026-01-08T12:36:46.134964,
TXN-00013429,204,DEBIT,859.41,C1000075,438331.71,437472.3,M4271596,0,0,0,2026-01-08T12:36:46.135041,
TXN-00013430,193,CASH_OUT,17796.44,C1000080,0.0,0.0,M4354866,0,0,1,2026-01-08T12:36:46.135080,rapid_succession
TXN-00013431,204,PAYMENT,1519.73,C1000090,192949.58,191429.85,M2464747,0,0,0,2026-01-08T12:36:46.135148,
TXN-00013432,204,PAYMENT,2899.71,C1000045,0.0,0.0,M5131593,0,0,0,2026-01-08T12:36:46.135225,
TXN-00013433,204,TRANSFER,1914.89,C1000049,0.0,0.0,M9116099,0,0,0,2026-01-08T12:36:46.135307,
TXN-00013434,204,PAYMENT,25100.21,C1000067,0.0,0.0,M7393128,0,0,0,2026-01-08T12:36:46.135382,
TXN-00013435,204,CASH_IN,11593.86,C1000074,0.0,11593.86,M2332236,0,0,0,2026-01-08T12:36:46.135449,
TXN-00013436,204,CASH_OUT,10841.28,C1000005,0.0,0.0,M3576785,0,0,0,2026-01-08T12:36:46.135703,
TXN-00013437,204,CASH_IN,10.0,C1000002,236467.33,236477.33,M8928790,0,0,0,2026-01-08T12:36:46.135804,
TXN-00013438,204,PAYMENT,10.0,C1000034,68701.88,68691.88,M5598500,0,0,0,2026-01-08T12:36:46.135870,
TXN-00013439,204,PAYMENT,113.27,C1000009,126995.47,126882.21,M8242643,0,0,0,2026-01-08T12:36:46.135971,
TXN-00013440,204,PAYMENT,1040.99,C1000096,176157.41,175116.42,M4650130,0,0,0,2026-01-08T12:36:46.136040,
TXN-00013441,204,PAYMENT,10.0,C1000009,126882.21,126872.21,M8157470,0,0,0,2026-01-08T12:36:46.136189,
TXN-00013442,201,CASH_OUT,57470.72,C1000092,0.0,-53021.57,M1955767,0,0,1,2026-01-08T12:36:46.136246,balance_mismatch
TXN-00013443,204,TRANSFER,10.0,C1000057,0.0,0.0,M8012948,0,0,0,2026-01-08T12:36:46.136394,
TXN-00013444,204,TRANSFER,13813.54,C1000054,0.0,0.0,M3697520,0,0,0,2026-01-08T12:36:46.136486,
TXN-00013445,204,CASH_OUT,33917.9,C1000056,0.0,-38059.18,M4991175,0,0,1,2026-01-08T12:36:46.136527,balance_mismatch
TXN-00013446,204,DEBIT,19916.26,C1000079,0.0,0.0,M8229973,0,0,0,2026-01-08T12:36:46.136616,
TXN-00013447,204,PAYMENT,4170.63,C1000065,0.0,0.0,M2048925,0,0,0,2026-01-08T12:36:46.136684,
TXN-00013448,204,PAYMENT,173250.2,C1000050,0.0,0.0,M4850411,0,0,0,2026-01-08T12:36:46.136753,
TXN-00013449,204,PAYMENT,20851.1,C1000019,0.0,0.0,M3252390,0,0,0,2026-01-08T12:36:46.136841,
TXN-00013450,204,PAYMENT,5476.96,C1000006,111780.15,106303.19,M6066118,0,0,0,2026-01-08T12:36:46.136907,
TXN-00013451,204,DEBIT,5336.96,C1000091,0.0,0.0,M5328366,0,0,0,2026-01-08T12:36:46.136973,
TXN-00013452,204,PAYMENT,2710.39,C1000028,0.0,0.0,M4891415,0,0,0,2026-01-08T12:36:46.137074,
TXN-00013453,204,TRANSFER,27025.6,C1000067,0.0,0.0,M1350509,0,0,0,2026-01-08T12:36:46.137137,
TXN-00013454,204,TRANSFER,2202.91,C1000028,0.0,0.0,M4559413,0,0,0,2026-01-08T12:36:46.137198,
TXN-00013455,204,PAYMENT,1951.35,C1000057,0.0,0.0,M4233203,0,0,0,2026-01-08T12:36:46.137267,
TXN-00013456,214,CASH_OUT,51894.96,C1000013,0.0,0.0,M8781047,0,0,1,2026-01-08T12:36:46.137302,unusual_type
TXN-00013457,204,TRANSFER,14221.19,C1000042,0.0,0.0,M1130590,0,0,0,2026-01-08T12:36:46.137363,
TXN-00013458,214,CASH_OUT,36134.64,C1000032,0.0,0.0,M1151818,0,0,1,2026-01-08T12:36:46.137398,rapid_succession
TXN-00013459,204,PAYMENT,7583.35,C1000036,0.0,0.0,M7148939,0,0,0,2026-01-08T12:36:46.137458,
TXN-00013460,204,TRANSFER,26275.06,C1000056,0.0,0.0,M5426686,0,0,0,2026-01-08T12:36:46.137523,
TXN-00013461,204,TRANSFER,40.15,C1000061,224222.01,224181.86,M3115698,0,0,0,2026-01-08T12:36:46.137585,
TXN-00013462,204,CASH_OUT,648.15,C1000096,175116.42,174468.27,M5457949,0,0,0,2026-01-08T12:36:46.137646,
TXN-00013463,204,PAYMENT,7425.65,C1000099,0.0,0.0,M1779886,0,0,0,2026-01-08T12:36:46.137716,
TXN-00013464,197,CASH_OUT,68781.78,C1000059,0.0,0.0,M9065139,0,0,1,2026-01-08T12:36:46.137752,night_transaction
TXN-00013465,204,CASH_OUT,10.0,C1000061,224181.86,224171.86,M5231807,0,0,0,2026-01-08T12:36:46.137815,
TXN-00013466,204,PAYMENT,605.07,C1000001,63322.79,62717.72,M6938675,0,0,0,2026-01-08T12:36:46.137887,
TXN-00013467,204,TRANSFER,373.74,C1000009,126872.21,126498.47,M7909794,0,0,0,2026-01-08T12:36:46.137958,
TXN-00013468,193,CASH_OUT,111830.72,C1000037,0.0,0.0,M2228048,0,0,1,2026-01-08T12:36:46.138004,large_amount
TXN-00013469,202,CASH_OUT,67559.25,C1000049,0.0,-68528.36,M9537202,0,0,1,2026-01-08T12:36:46.138031,balance_mismatch
TXN-00013470,204,CASH_OUT,10.0,C1000080,0.0,0.0,M9775324,0,0,0,2026-01-08T12:36:46.138112,
TXN-00013471,204,PAYMENT,10.0,C1000034,68691.88,68681.88,M2139943,0,0,0,2026-01-08T12:36:46.138178,
TXN-00013472,204,PAYMENT,6184.44,C1000031,0.0,0.0,M4958302,0,0,0,2026-01-08T12:36:46.138243,
TXN-00013473,204,CASH_OUT,172387.16,C1000050,0.0,0.0,M7184977,0,0,0,2026-01-08T12:36:46.138305,
TXN-00013474,200,CASH_OUT,161040.28,C1000032,0.0,0.0,M4937897,0,0,1,2026-01-08T12:36:46.138336,large_amount
TXN-00013475,204,TRANSFER,897.65,C1000077,63328.48,62430.83,M7595515,0,0,0,2026-01-08T12:36:46.138404,
TXN-00013476,204,PAYMENT,47388.59,C1000053,0.0,0.0,M9092683,0,0,0,2026-01-08T12:36:46.138471,
TXN-00013477,204,DEBIT,4009.17,C1000047,0.0,0.0,M4338266,0,0,0,2026-01-08T12:36:46.138530,
TXN-00013478,210,CASH_OUT,74536.59,C1000046,0.0,-78459.81,M2697086,0,0,1,2026-01-08T12:36:46.138560,balance_mismatch
TXN-00013479,204,PAYMENT,1465.43,C1000004,201253.27,199787.85,M6879543,0,0,0,2026-01-08T12:36:46.138624,
TXN-00013480,209,CASH_OUT,99043.14,C1000037,0.0,-97030.63,M1727351,0,0,1,2026-01-08T12:36:46.138659,balance_mismatch
TXN-00013481,204,TRANSFER,9968.64,C1000092,0.0,0.0,M8015881,0,0,0,2026-01-08T12:36:46.138725,
TXN-00013482,204,PAYMENT,1362.61,C1000070,0.0,0.0,M9928178,0,0,0,2026-01-08T12:36:46.138782,
TXN-00013483,204,CASH_IN,1661.3,C1000055,158591.36,160252.66,M2074823,0,0,0,2026-01-08T12:36:46.138840,
TXN-00013484,204,TRANSFER,831.28,C1000066,1147.91,316.63,M5897261,0,0,0,2026-01-08T12:36:46.138898,
TXN-00013485,204,TRANSFER,6825.43,C1000049,0.0,0.0,M4253922,0,0,0,2026-01-08T12:36:46.138956,
TXN-00013486,211,CASH_OUT,29011.07,C1000096,174468.27,145457.19,M4349176,0,0,1,2026-01-08T12:36:46.138989,rapid_succession
TXN-00013487,204,PAYMENT,10.0,C1000089,122376.93,122366.93,M5246007,0,0,0,2026-01-08T12:36:46.139052,
TXN-00013488,204,PAYMENT,5681.45,C1000052,0.0,0.0,M4012214,0,0,0,2026-01-08T12:36:46.139110,
TXN-00013489,204,TRANSFER,700.6,C1000096,174468.27,173767.66,M8702522,0,0,0,2026-01-08T12:36:46.139169,
TXN-00013490,193,CASH_OUT,85055.78,C1000065,0.0,-89541.24,M6226813,0,0,1,2026-01-08T12:36:46.139203,balance_mismatch
TXN-00013491,204,CASH_OUT,94971.63,C1000019,0.0,0.0,M3027399,0,0,1,2026-01-08T12:36:46.139235,unusual_type
TXN-00013492,204,CASH_OUT,1871.76,C1000017,33618.25,31746.49,M8896043,0,0,0,2026-01-08T12:36:46.139297,
TXN-00013493,204,PAYMENT,1722.97,C1000038,0.0,0.0,M9348529,0,0,0,2026-01-08T12:36:46.139359,
TXN-00013494,204,DEBIT,2520.43,C1000028,0.0,0.0,M8673849,0,0,0,2026-01-08T12:36:46.139422,
TXN-00013495,204,CASH_OUT,1956.63,C1000016,128584.94,126628.31,M6801272,0,0,0,2026-01-08T12:36:46.139483,
TXN-00013496,204,CASH_OUT,80743.67,C1000005,0.0,0.0,M7436216,0,0,1,2026-01-08T12:36:46.139513,large_amount
TXN-00013497,204,DEBIT,10.0,C1000002,236477.33,236467.33,M7344167,0,0,0,2026-01-08T12:36:46.139568,
TXN-00013498,204,PAYMENT,1527.09,C1000089,122366.93,120839.84,M9236800,0,0,0,2026-01-08T12:36:46.139629,
TXN-00013499,204,PAYMENT,8642.85,C1000039,0.0,0.0,M8349398,0,0,0,2026-01-08T12:36:46.139688,
TXN-00013500,193,CASH_OUT,19896.22,C1000080,0.0,0.0,M1988005,0,0,1,2026-01-08T12:36:46.139720,rapid_succession
TXN-00013501,204,CASH_IN,54845.44,C1000000,0.0,54845.44,M8195049,0,0,0,2026-01-08T12:36:46.139776,
TXN-00013502,209,CASH_OUT,48423.0,C1000080,0.0,0.0,M5607266,0,0,1,2026-01-08T12:36:46.139804,rapid_succession
TXN-00013503,204,TRANSFER,10.0,C1000002,236467.33,236457.33,M8192931,0,0,0,2026-01-08T12:36:46.139861,
TXN-00013504,204,PAYMENT,6476.8,C1000046,0.0,0.0,M3100637,0,0,0,2026-01-08T12:36:46.139931,
TXN-00013505,204,TRANSFER,10.0,C1000018,130151.94,130141.94,M7845829,0,0,0,2026-01-08T12:36:46.140000,
TXN-00013506,204,PAYMENT,4285.09,C1000058,7750.78,3465.69,M3022705,0,0,0,2026-01-08T12:36:46.140061,
TXN-00013507,204,PAYMENT,9016.73,C1000054,0.0,0.0,M1755820,0,0,0,2026-01-08T12:36:46.140122,
TXN-00013508,210,CASH_OUT,35693.18,C1000037,0.0,0.0,M3049549,0,0,1,2026-01-08T12:36:46.140151,rapid_succession
TXN-00013509,204,TRANSFER,1206.89,C1000098,206721.54,205514.65,M8992719,0,0,0,2026-01-08T12:36:46.140222,
TXN-00013510,204,PAYMENT,10.0,C1000066,316.63,306.63,M2084922,0,0,0,2026-01-08T12:36:46.140290,
TXN-00013511,204,TRANSFER,10.0,C1000075,437472.3,437462.3,M4211594,0,0,0,2026-01-08T12:36:46.140347,
TXN-00013512,204,PAYMENT,8341.26,C1000039,0.0,0.0,M7339786,0,0,0,2026-01-08T12:36:46.140411,
TXN-00013513,204,PAYMENT,3251.94,C1000044,0.0,0.0,M8041759,0,0,0,2026-01-08T12:36:46.140469,
TXN-00013514,204,PAYMENT,10.0,C1000048,194954.98,194944.98,M2834525,0,0,0,2026-01-08T12:36:46.140527,
TXN-00013515,204,CASH_IN,4600.12,C1000032,0.0,4600.12,M3746562,0,0,0,2026-01-08T12:36:46.140584,
TXN-00013516,204,CASH_IN,3775.87,C1000097,0.0,3775.87,M9098609,0,0,0,2026-01-08T12:36:46.140640,
TXN-00013517,208,CASH_OUT,142776.86,C1000089,120839.84,-25734.12,M3890981,0,0,1,2026-01-08T12:36:46.140672,balance_mismatch
TXN-00013518,204,TRANSFER,10.0,C1000047,0.0,0.0,M6665763,0,0,0,2026-01-08T12:36:46.140736,
TXN-00013519,204,PAYMENT,10.0,C1000022,1901.69,1891.69,M1105312,0,0,0,2026-01-08T12:36:46.140793,
TXN-00013520,204,PAYMENT,2600.33,C1000097,3775.87,1175.53,M3148712,0,0,0,2026-01-08T12:36:46.140854,
TXN-00013521,204,PAYMENT,34843.1,C1000073,0.0,0.0,M4856947,0,0,0,2026-01-08T12:36:46.140920,
TXN-00013522,198,CASH_OUT,56496.86,C1000053,0.0,0.0,M6446496,0,0,1,2026-01-08T12:36:46.140949,unusual_type
TXN-00013523,204,PAYMENT,1920.51,C1000021,0.0,0.0,M4275826,0,0,0,2026-01-08T12:36:46.141011,
TXN-00013524,204,PAYMENT,7797.45,C1000099,0.0,0.0,M6298299,0,0,0,2026-01-08T12:36:46.141077,
TXN-00013525,204,PAYMENT,26647.61,C1000056,0.0,0.0,M2125062,0,0,0,2026-01-08T12:36:46.141142,
TXN-00013526,204,CASH_OUT,8163.73,C1000051,99662.99,91499.26,M5600486,0,0,0,2026-01-08T12:36:46.141199,
TXN-00013527,196,CASH_OUT,90728.63,C1000098,205514.65,114786.01,M2951473,0,0,1,2026-01-08T12:36:46.141234,night_transaction
TXN-00013528,211,CASH_OUT,33989.16,C1000048,194944.98,160955.82,M4203235,0,0,1,2026-01-08T12:36:46.141261,rapid_succession
TXN-00013529,204,DEBIT,48872.53,C1000053,0.0,0.0,M6107974,0,0,0,2026-01-08T12:36:46.141370,
TXN-00013530,204,TRANSFER,28364.99,C1000095,0.0,0.0,M6875429,0,0,0,2026-01-08T12:36:46.141432,
TXN-00013531,213,CASH_OUT,38450.26,C1000035,0.0,0.0,M4679985,0,0,1,2026-01-08T12:36:46.141452,rapid_succession
TXN-00013532,197,CASH_OUT,30341.21,C1000084,11926.94,0.0,M2745023,0,0,1,2026-01-08T12:36:46.141470,night_transaction
TXN-00013533,204,CASH_IN,34983.66,C1000073,0.0,34983.66,M9617520,0,0,0,2026-01-08T12:36:46.141509,
TXN-00013534,204,CASH_OUT,69089.09,C1000057,0.0,-71106.82,M5309395,0,0,1,2026-01-08T12:36:46.141528,balance_mismatch
TXN-00013535,204,CASH_OUT,3750.72,C1000058,3465.69,0.0,M8006485,0,0,0,2026-01-08T12:36:46.141570,
TXN-00013536,204,TRANSFER,21179.57,C1000035,0.0,0.0,M7373975,0,0,0,2026-01-08T12:36:46.141619,
TXN-00013537,204,PAYMENT,19232.78,C1000005,0.0,0.0,M1902030,0,0,0,2026-01-08T12:36:46.141664,
TXN-00013538,204,PAYMENT,10.0,C1000080,0.0,0.0,M3805982,0,0,0,2026-01-08T12:36:46.141707,
TXN-00013539,204,TRANSFER,1608.34,C1000001,62717.72,61109.38,M3053926,0,0,0,2026-01-08T12:36:46.141757,
TXN-00013540,204,TRANSFER,1782.19,C1000072,0.0,0.0,M1143982,0,0,0,2026-01-08T12:36:46.141815,
TXN-00013541,204,TRANSFER,1648.55,C1000090,191429.85,189781.3,M1814457,0,0,0,2026-01-08T12:36:46.141857,
TXN-00013542,204,CASH_IN,13531.52,C1000063,0.0,13531.52,M7901225,0,0,0,2026-01-08T12:36:46.141896,
TXN-00013543,204,CASH_OUT,4305.64,C1000065,0.0,0.0,M1726100,0,0,0,2026-01-08T12:36:46.141935,
TXN-00013544,204,TRANSFER,1932.01,C1000062,0.0,0.0,M2381098,0,0,0,2026-01-08T12:36:46.141975,
TXN-00013545,204,CASH_OUT,2982.9,C1000062,0.0,0.0,M8717203,0,0,0,2026-01-08T12:36:46.142014,
TXN-00013546,194,CASH_OUT,10546.08,C1000082,0.0,0.0,M8939593,0,0,1,2026-01-08T12:36:46.142033,rapid_succession
TXN-00013547,204,DEBIT,4811.37,C1000052,0.0,0.0,M7488410,0,0,0,2026-01-08T12:36:46.142071,
TXN-00013548,196,CASH_OUT,143958.56,C1000049,0.0,-141437.99,M2196728,0,0,1,2026-01-08T12:36:46.142093,balance_mismatch
TXN-00013549,204,TRANSFER,1852.68,C1000086,109230.66,107377.98,M6472559,0,0,0,2026-01-08T12:36:46.142138,
TXN-00013550,204,CASH_OUT,6230.2,C1000046,0.0,0.0,M3524793,0,0,0,2026-01-08T12:36:46.142176,
TXN-00013551,204,DEBIT,1774.83,C1000044,0.0,0.0,M5997978,0,0,0,2026-01-08T12:36:46.142216,
TXN-00013552,204,PAYMENT,5149.01,C1000003,0.0,0.0,M3436717,0,0,0,2026-01-08T12:36:46.142255,
TXN-00013553,204,TRANSFER,4738.05,C1000032,4600.12,0.0,M5482498,0,0,0,2026-01-08T12:36:46.142336,
TXN-00013554,204,CASH_OUT,10.0,C1000051,91499.26,91489.26,M3648678,0,0,0,2026-01-08T12:36:46.142386,
TXN-00013555,199,CASH_OUT,144308.14,C1000048,194944.98,50636.83,M2607327,0,0,1,2026-01-08T12:36:46.142409,large_amount
TXN-00013556,204,TRANSFER,54388.88,C1000000,54845.44,456.56,M2692735,0,0,0,2026-01-08T12:36:46.142455,
TXN-00013557,204,TRANSFER,8786.92,C1000058,0.0,0.0,M2270965,0,0,0,2026-01-08T12:36:46.142500,
TXN-00013558,204,TRANSFER,19048.86,C1000067,0.0,0.0,M7972986,0,0,0,2026-01-08T12:36:46.142786,
TXN-00013559,204,DEBIT,48775.25,C1000053,0.0,0.0,M1129816,0,0,0,2026-01-08T12:36:46.142893,
TXN-00013560,194,CASH_OUT,44300.59,C1000049,0.0,0.0,M9092388,0,0,1,2026-01-08T12:36:46.142946,night_transaction
TXN-00013561,204,CASH_OUT,2076.62,C1000044,0.0,0.0,M2091443,0,0,0,2026-01-08T12:36:46.143121,
TXN-00013562,204,PAYMENT,4442.36,C1000065,0.0,0.0,M2586204,0,0,0,2026-01-08T12:36:46.143230,
TXN-00013563,204,TRANSFER,1840.79,C1000090,189781.3,187940.52,M5494906,0,0,0,2026-01-08T12:36:46.143370,
TXN-00013564,204,PAYMENT,1461.44,C1000083,181485.37,180023.93,M1562766,0,0,0,2026-01-08T12:36:46.143473,
TXN-00013565,204,DEBIT,1665.14,C1000097,1175.53,0.0,M5455853,0,0,0,2026-01-08T12:36:46.143578,
TXN-00013566,204,TRANSFER,10.0,C1000041,208533.02,208523.02,M3860427,0,0,0,2026-01-08T12:36:46.143660,
TXN-00013567,204,PAYMENT,10.0,C1000029,0.0,0.0,M6233542,0,0,0,2026-01-08T12:36:46.143739,
TXN-00013568,204,PAYMENT,1792.79,C1000071,144945.47,143152.68,M9165001,0,0,0,2026-01-08T12:36:46.143821,
TXN-00013569,204,CASH_OUT,3101.71,C1000023,10761.18,7659.47,M2412817,0,0,0,2026-01-08T12:36:46.143896,
TXN-00013570,204,CASH_IN,2291.32,C1000002,236457.33,238748.64,M1965190,0,0,0,2026-01-08T12:36:46.144198,
TXN-00013571,204,CASH_OUT,7172.82,C1000099,0.0,0.0,M6288873,0,0,0,2026-01-08T12:36:46.144426,
TXN-00013572,204,PAYMENT,6366.04,C1000058,0.0,0.0,M4808160,0,0,0,2026-01-08T12:36:46.144540,
TXN-00013573,208,CASH_OUT,72481.59,C1000046,0.0,0.0,M1913689,0,0,1,2026-01-08T12:36:46.144595,unusual_type
TXN-00013574,204,PAYMENT,10.0,C1000080,0.0,0.0,M2022613,0,0,0,2026-01-08T12:36:46.144860,
TXN-00013575,204,CASH_OUT,17555.33,C1000093,326.0,0.0,M9084110,0,0,0,2026-01-08T12:36:46.145045,
TXN-00013576,202,CASH_OUT,108122.5,C1000092,0.0,-103360.29,M4321409,0,0,1,2026-01-08T12:36:46.145172,balance_mismatch
TXN-00013577,204,TRANSFER,7219.53,C1000082,0.0,0.0,M3087217,0,0,0,2026-01-08T12:36:46.145273,
TXN-00013578,204,PAYMENT,17593.74,C1000093,0.0,0.0,M4622509,0,0,0,2026-01-08T12:36:46.145354,
TXN-00013579,204,CASH_OUT,4042.73,C1000087,90357.97,86315.24,M1836010,0,0,0,2026-01-08T12:36:46.145433,
TXN-00013580,204,CASH_OUT,4579.55,C1000027,4493.4,0.0,M4657033,0,0,0,2026-01-08T12:36:46.145512,
TXN-00013581,204,PAYMENT,1200.26,C1000001,61109.38,59909.12,M4647848,0,0,0,2026-01-08T12:36:46.145590,
TXN-00013582,215,CASH_OUT,83661.23,C1000069,2570.21,-83816.61,M4005326,0,0,1,2026-01-08T12:36:46.145632,balance_mismatch
TXN-00013583,204,DEBIT,1758.31,C1000006,106303.19,104544.89,M6000505,0,0,0,2026-01-08T12:36:46.145718,
TXN-00013584,199,CASH_OUT,44281.97,C1000079,0.0,-42637.72,M1624483,0,0,1,2026-01-08T12:36:46.145759,balance_mismatch
TXN-00013585,204,CASH_OUT,17588.67,C1000076,0.0,0.0,M4491169,0,0,0,2026-01-08T12:36:46.145857,
TXN-00013586,204,PAYMENT,26371.74,C1000056,0.0,0.0,M8954513,0,0,0,2026-01-08T12:36:46.145942,
TXN-00013587,204,DEBIT,173114.96,C1000050,0.0,0.0,M2742579,0,0,0,2026-01-08T12:36:46.146025,
TXN-00013588,204,TRANSFER,4312.7,C1000065,0.0,0.0,M6015396,0,0,0,2026-01-08T12:36:46.146095,
TXN-00013589,204,TRANSFER,2292.67,C1000086,107377.98,105085.31,M1848723,0,0,0,2026-01-08T12:36:46.146178,
TXN-00013590,204,DEBIT,10.0,C1000075,437462.3,437452.3,M7526899,0,0,0,2026-01-08T12:36:46.146245,
TXN-00013591,204,CASH_OUT,11069.35,C1000031,0.0,0.0,M4148515,0,0,0,2026-01-08T12:36:46.146319,
TXN-00013592,204,PAYMENT,1999.55,C1000096,173767.66,171768.12,M9838624,0,0,0,2026-01-08T12:36:46.146383,
TXN-00013593,204,CASH_OUT,7025.77,C1000031,0.0,0.0,M9412095,0,0,0,2026-01-08T12:36:46.146454,
TXN-00013594,204,PAYMENT,10.0,C1000078,0.0,0.0,M8073871,0,0,0,2026-01-08T12:36:46.146530,
TXN-00013595,204,TRANSFER,5605.82,C1000052,0.0,0.0,M8713352,0,0,0,2026-01-08T12:36:46.146599,
TXN-00013596,204,CASH_IN,498.18,C1000072,0.0,498.18,M8863055,0,0,0,2026-01-08T12:36:46.146667,
TXN-00013597,204,PAYMENT,5442.92,C1000025,0.0,0.0,M9288332,0,0,0,2026-01-08T12:36:46.146740,
TXN-00013598,204,PAYMENT,6672.04,C1000010,0.0,0.0,M2342793,0,0,0,2026-01-08T12:36:46.146813,
TXN-00013599,204,PAYMENT,10239.82,C1000092,0.0,0.0,M2442661,0,0,0,2026-01-08T12:36:46.146891,
TXN-00013600,204,TRANSFER,3868.85,C1000087,86315.24,82446.4,M9835156,0,0,0,2026-01-08T12:36:46.146963,
TXN-00013601,204,TRANSFER,1374.5,C1000094,171799.76,170425.27,M4870062,0,0,0,2026-01-08T12:36:46.147040,
TXN-00013602,196,CASH_OUT,94533.53,C1000051,91489.26,0.0,M5579090,0,0,1,2026-01-08T12:36:46.147086,night_transaction
TXN-00013603,204,TRANSFER,10.0,C1000001,59909.12,59899.12,M2258179,0,0,0,2026-01-08T12:36:46.147162,
TXN-00013604,204,PAYMENT,14777.79,C1000095,0.0,0.0,M6979288,0,0,0,2026-01-08T12:36:46.147270,
TXN-00013605,204,TRANSFER,1544.4,C1000026,117846.4,116301.99,M8363974,0,0,0,2026-01-08T12:36:46.147342,
TXN-00013606,204,CASH_IN,7765.67,C1000011,0.0,7765.67,M6941370,0,0,0,2026-01-08T12:36:46.147417,
TXN-00013607,204,TRANSFER,17735.28,C1000019,0.0,0.0,M7892080,0,0,0,2026-01-08T12:36:46.147498,
TXN-00013608,204,CASH_OUT,10.0,C1000071,143152.68,143142.68,M5884288,0,0,0,2026-01-08T12:36:46.147575,
TXN-00013609,204,PAYMENT,20301.53,C1000019,0.0,0.0,M6421506,0,0,0,2026-01-08T12:36:46.147650,
TXN-00013610,205,CASH_OUT,96813.09,C1000088,6419.16,0.0,M1961795,0,0,1,2026-01-08T12:36:46.147686,large_amount
TXN-00013611,204,PAYMENT,17066.92,C1000019,0.0,0.0,M6482055,0,0,0,2026-01-08T12:36:46.147761,
TXN-00013612,204,PAYMENT,1213.77,C1000008,192451.49,191237.72,M5280899,0,0,0,2026-01-08T12:36:46.147836,
TXN-00013613,193,CASH_OUT,116853.69,C1000050,0.0,0.0,M9230932,0,0,1,2026-01-08T12:36:46.147879,unusual_type
TXN-00013614,204,PAYMENT,693.78,C1000077,62430.83,61737.06,M2401654,0,0,0,2026-01-08T12:36:46.147951,
TXN-00013615,204,PAYMENT,26601.25,C1000056,0.0,0.0,M9390209,0,0,0,2026-01-08T12:36:46.148032,
TXN-00013616,204,TRANSFER,4123.4,C1000049,0.0,0.0,M7886152,0,0,0,2026-01-08T12:36:46.148106,
TXN-00013617,207,CASH_OUT,139979.58,C1000082,0.0,-135789.69,M7755508,0,0,1,2026-01-08T12:36:46.148143,balance_mismatch
TXN-00013618,204,CASH_OUT,4438.12,C1000065,0.0,0.0,M6605762,0,0,0,2026-01-08T12:36:46.148235,
TXN-00013619,204,PAYMENT,2086.38,C1000090,187940.52,185854.13,M5173061,0,0,0,2026-01-08T12:36:46.148316,
TXN-00013620,204,TRANSFER,10.0,C1000097,0.0,0.0,M6721966,0,0,0,2026-01-08T12:36:46.148390,
TXN-00013621,204,CASH_OUT,20537.49,C1000095,0.0,0.0,M7500431,0,0,0,2026-01-08T12:36:46.148469,
TXN-00013622,204,CASH_OUT,2747.46,C1000072,498.18,0.0,M7437308,0,0,0,2026-01-08T12:36:46.148544,
TXN-00013623,204,TRANSFER,7311.35,C1000042,0.0,0.0,M1511356,0,0,0,2026-01-08T12:36:46.148616,
TXN-00013624,204,PAYMENT,10310.89,C1000092,0.0,0.0,M4214668,0,0,0,2026-01-08T12:36:46.148702,
TXN-00013625,204,CASH_OUT,14061.26,C1000095,0.0,0.0,M7355488,0,0,0,2026-01-08T12:36:46.148766,
TXN-00013626,204,PAYMENT,659.32,C1000016,126628.31,125969.0,M4203777,0,0,0,2026-01-08T12:36:46.148827,
TXN-00013627,204,TRANSFER,1635.6,C1000041,208523.02,206887.43,M9963796,0,0,0,2026-01-08T12:36:46.148898,
TXN-00013628,204,PAYMENT,464.74,C1000069,2570.21,2105.46,M7408780,0,0,0,2026-01-08T12:36:46.148967,
TXN-00013629,204,PAYMENT,7613.22,C1000011,7765.67,152.46,M5270870,0,0,0,2026-01-08T12:36:46.149037,
TXN-00013630,204,CASH_OUT,7940.9,C1000005,0.0,0.0,M9109657,0,0,0,2026-01-08T12:36:46.149103,
TXN-00013631,204,PAYMENT,715.75,C1000004,199787.85,199072.1,M1312180,0,0,0,2026-01-08T12:36:46.149165,
TXN-00013632,204,DEBIT,848.85,C1000061,224171.86,223323.01,M1301169,0,0,0,2026-01-08T12:36:46.149232,
TXN-00013633,204,PAYMENT,2023.41,C1000089,120839.84,118816.44,M6424878,0,0,0,2026-01-08T12:36:46.149305,
TXN-00013634,204,CASH_OUT,19726.33,C1000035,0.0,0.0,M6939413,0,0,0,2026-01-08T12:36:46.149377,
TXN-00013635,204,TRANSFER,3936.92,C1000027,0.0,0.0,M7401643,0,0,0,2026-01-08T12:36:46.149443,
TXN-00013636,204,PAYMENT,703.16,C1000094,170425.27,169722.11,M4165699,0,0,0,2026-01-08T12:36:46.149516,
TXN-00013637,204,PAYMENT,20578.29,C1000019,0.0,0.0,M4981582,0,0,0,2026-01-08T12:36:46.149579,
TXN-00013638,204,PAYMENT,4505.2,C1000065,0.0,0.0,M7657046,0,0,0,2026-01-08T12:36:46.149643,
TXN-00013639,204,PAYMENT,482.93,C1000098,205514.65,205031.72,M7302514,0,0,0,2026-01-08T12:36:46.149702,
TXN-00013640,204,DEBIT,4070.26,C1000049,0.0,0.0,M5481229,0,0,0,2026-01-08T12:36:46.149761,
TXN-00013641,204,CASH_IN,4918.48,C1000010,0.0,4918.48,M9225707,0,0,0,2026-01-08T12:36:46.149825,
TXN-00013642,204,PAYMENT,173095.76,C1000050,0.0,0.0,M2725101,0,0,0,2026-01-08T12:36:46.149890,
TXN-00013643,204,CASH_OUT,4157.76,C1000098,205031.72,200873.95,M4637794,0,0,0,2026-01-08T12:36:46.149958,
TXN-00013644,204,CASH_OUT,1233.09,C1000090,185854.13,184621.04,M4136217,0,0,0,2026-01-08T12:36:46.150027,
TXN-00013645,204,TRANSFER,35838.27,C1000073,34983.66,0.0,M8261212,0,0,0,2026-01-08T12:36:46.150096,
TXN-00013646,204,TRANSFER,3189.25,C1000051,91489.26,88300.01,M8502548,0,0,0,2026-01-08T12:36:46.150164,
TXN-00013647,204,PAYMENT,173022.13,C1000050,0.0,0.0,M8161318,0,0,0,2026-01-08T12:36:46.150238,
TXN-00013648,203,CASH_OUT,34899.47,C1000053,0.0,-35967.85,M5005411,0,0,1,2026-01-08T12:36:46.150281,balance_mismatch
TXN-00013649,204,CASH_OUT,14732.85,C1000005,0.0,0.0,M6308852,0,0,0,2026-01-08T12:36:46.150363,
TXN-00013650,204,CASH_OUT,1276.53,C1000022,1891.69,615.16,M4233639,0,0,0,2026-01-08T12:36:46.150430,
TXN-00013651,204,CASH_IN,1531.03,C1000066,306.63,1837.65,M1298715,0,0,0,2026-01-08T12:36:46.150518,
TXN-00013652,204,CASH_OUT,1445.39,C1000044,0.0,0.0,M6531860,0,0,0,2026-01-08T12:36:46.150584,
TXN-00013653,204,CASH_OUT,730.62,C1000016,125969.0,125238.37,M7121169,0,0,0,2026-01-08T12:36:46.150648,
TXN-00013654,204,DEBIT,1028.1,C1000066,1837.65,809.55,M6193642,0,0,0,2026-01-08T12:36:46.150716,
TXN-00013655,204,CASH_IN,5093.76,C1000025,0.0,5093.76,M5818008,0,0,0,2026-01-08T12:36:46.150792,
TXN-00013656,204,DEBIT,10.0,C1000061,223323.01,223313.01,M8816586,0,0,0,2026-01-08T12:36:46.150861,
TXN-00013657,204,CASH_OUT,105.73,C1000097,0.0,0.0,M9042711,0,0,0,2026-01-08T12:36:46.150928,
TXN-00013658,204,PAYMENT,661.14,C1000041,206887.43,206226.28,M5517455,0,0,0,2026-01-08T12:36:46.150998,
TXN-00013659,204,TRANSFER,3380.18,C1000045,0.0,0.0,M1681345,0,0,0,2026-01-08T12:36:46.151065,
TXN-00013660,204,DEBIT,3408.07,C1000006,104544.89,101136.81,M3946281,0,0,0,2026-01-08T12:36:46.151136,
TXN-00013661,204,TRANSFER,20759.6,C1000035,0.0,0.0,M8352933,0,0,0,2026-01-08T12:36:46.151210,
TXN-00013662,204,TRANSFER,1953.87,C1000017,31746.49,29792.62,M6362177,0,0,0,2026-01-08T12:36:46.151277,
TXN-00013663,204,TRANSFER,1812.87,C1000030,0.0,0.0,M2701450,0,0,0,2026-01-08T12:36:46.151349,
TXN-00013664,204,PAYMENT,25026.54,C1000037,0.0,0.0,M5237891,0,0,0,2026-01-08T12:36:46.151418,
TXN-00013665,204,PAYMENT,24559.31,C1000037,0.0,0.0,M7096728,0,0,0,2026-01-08T12:36:46.151613,
TXN-00013666,201,CASH_OUT,85374.52,C1000058,0.0,-81339.7,M4492694,0,0,1,2026-01-08T12:36:46.151660,balance_mismatch
TXN-00013667,204,PAYMENT,10.0,C1000009,126498.47,126488.47,M9151422,0,0,0,2026-01-08T12:36:46.151755,
TXN-00013668,205,CASH_OUT,16785.17,C1000046,0.0,0.0,M7614810,0,0,1,2026-01-08T12:36:46.151796,rapid_succession
TXN-00013669,204,PAYMENT,2904.13,C1000072,0.0,0.0,M7741454,0,0,0,2026-01-08T12:36:46.151870,
TXN-00013670,204,PAYMENT,18726.44,C1000093,0.0,0.0,M8628582,0,0,0,2026-01-08T12:36:46.151944,
TXN-00013671,204,PAYMENT,2395.77,C1000049,0.0,0.0,M7132953,0,0,0,2026-01-08T12:36:46.152010,
TXN-00013672,204,DEBIT,10.0,C1000075,437452.3,437442.3,M8954617,0,0,0,2026-01-08T12:36:46.152075,
TXN-00013673,204,TRANSFER,8681.7,C1000039,0.0,0.0,M5103391,0,0,0,2026-01-08T12:36:46.152148,
TXN-00013674,204,PAYMENT,1186.46,C1000004,199072.1,197885.64,M3588226,0,0,0,2026-01-08T12:36:46.152215,
TXN-00013675,204,TRANSFER,25803.45,C1000095,0.0,0.0,M5205708,0,0,0,2026-01-08T12:36:46.152284,
TXN-00013676,204,TRANSFER,2039.15,C1000097,0.0,0.0,M1119889,0,0,0,2026-01-08T12:36:46.152349,
TXN-00013677,204,TRANSFER,10.0,C1000097,0.0,0.0,M2673013,0,0,0,2026-01-08T12:36:46.152410,
TXN-00013678,204,PAYMENT,4400.37,C1000062,0.0,0.0,M6564906,0,0,0,2026-01-08T12:36:46.152476,
TXN-00013679,204,PAYMENT,20155.26,C1000024,0.0,0.0,M6738203,0,0,0,2026-01-08T12:36:46.152539,
TXN-00013680,196,CASH_OUT,33980.95,C1000000,456.56,0.0,M9150522,0,0,1,2026-01-08T12:36:46.152570,night_transaction
TXN-00013681,208,CASH_OUT,74447.95,C1000069,2105.46,-69324.27,M2311217,0,0,1,2026-01-08T12:36:46.152602,balance_mismatch
TXN-00013682,204,CASH_OUT,17063.97,C1000093,0.0,0.0,M6571824,0,0,0,2026-01-08T12:36:46.152674,
TXN-00013683,204,DEBIT,366.01,C1000009,126488.47,126122.46,M3258884,0,0,0,2026-01-08T12:36:46.152734,
TXN-00013684,204,CASH_OUT,188738.21,C1000025,5093.76,0.0,M8609755,0,0,1,2026-01-08T12:36:46.152764,large_amount
TXN-00013685,204,PAYMENT,2024.81,C1000020,257674.74,255649.93,M5266729,0,0,0,2026-01-08T12:36:46.152823,
TXN-00013686,204,TRANSFER,2460.7,C1000045,0.0,0.0,M4157967,0,0,0,2026-01-08T12:36:46.152883,
TXN-00013687,204,PAYMENT,17842.04,C1000076,0.0,0.0,M6988999,0,0,0,2026-01-08T12:36:46.152941,
TXN-00013688,204,PAYMENT,5480.49,C1000052,0.0,0.0,M8864981,0,0,0,2026-01-08T12:36:46.152998,
TXN-00013689,204,CASH_OUT,30.97,C1000034,68681.88,68650.92,M9277217,0,0,0,2026-01-08T12:36:46.153062,
TXN-00013690,204,TRANSFER,4940.24,C1000047,0.0,0.0,M1604716,0,0,0,2026-01-08T12:36:46.153145,
TXN-00013691,204,TRANSFER,4875.06,C1000078,0.0,0.0,M9418391,0,0,0,2026-01-08T12:36:46.153558,
TXN-00013692,204,PAYMENT,7907.95,C1000052,0.0,0.0,M6039913,0,0,0,2026-01-08T12:36:46.153671,
TXN-00013693,207,CASH_OUT,70775.14,C1000007,29899.31,0.0,M1286639,0,0,1,2026-01-08T12:36:46.153738,large_amount
TXN-00013694,204,PAYMENT,1459.46,C1000018,130141.94,128682.48,M4974594,0,0,0,2026-01-08T12:36:46.153810,
TXN-00013695,204,PAYMENT,4556.24,C1000052,0.0,0.0,M5386028,0,0,0,2026-01-08T12:36:46.153876,
TXN-00013696,204,PAYMENT,387.45,C1000055,160252.66,159865.2,M5338947,0,0,0,2026-01-08T12:36:46.153935,
TXN-00013697,204,PAYMENT,9140.77,C1000031,0.0,0.0,M6410202,0,0,0,2026-01-08T12:36:46.153998,
TXN-00013698,204,PAYMENT,6515.26,C1000059,0.0,0.0,M1885597,0,0,0,2026-01-08T12:36:46.154058,
TXN-00013699,204,DEBIT,1347.47,C1000016,125238.37,123890.9,M9982048,0,0,0,2026-01-08T12:36:46.154117,
TXN-00013700,204,TRANSFER,7447.08,C1000011,152.46,0.0,M4179834,0,0,0,2026-01-08T12:36:46.154176,
TXN-00013701,204,PAYMENT,10.0,C1000089,118816.44,118806.44,M9248951,0,0,0,2026-01-08T12:36:46.154239,
TXN-00013702,204,TRANSFER,1817.17,C1000086,105085.31,103268.14,M7280644,0,0,0,2026-01-08T12:36:46.154299,
TXN-00013703,204,CASH_OUT,22439.02,C1000095,0.0,0.0,M2776660,0,0,0,2026-01-08T12:36:46.154359,
TXN-00013704,194,CASH_OUT,85238.03,C1000007,29899.31,0.0,M9327540,0,0,1,2026-01-08T12:36:46.154400,night_transaction
TXN-00013705,204,PAYMENT,7225.85,C1000011,0.0,0.0,M5296543,0,0,0,2026-01-08T12:36:46.154468,
TXN-00013706,204,TRANSFER,9039.39,C1000013,0.0,0.0,M4727981,0,0,0,2026-01-08T12:36:46.154542,
TXN-00013707,204,TRANSFER,5940.28,C1000051,88300.01,82359.73,M4001909,0,0,0,2026-01-08T12:36:46.154604,
TXN-00013708,209,CASH_OUT,138203.21,C1000016,123890.9,-17541.82,M9706884,0,0,1,2026-01-08T12:36:46.154639,balance_mismatch
TXN-00013709,204,CASH_OUT,2139.89,C1000007,29899.31,27759.42,M6747707,0,0,0,2026-01-08T12:36:46.154704,
TXN-00013710,204,TRANSFER,34655.27,C1000073,0.0,0.0,M4441058,0,0,0,2026-01-08T12:36:46.154776,
TXN-00013711,201,CASH_OUT,73738.06,C1000065,0.0,0.0,M5625590,0,0,1,2026-01-08T12:36:46.154817,large_amount
TXN-00013712,204,PAYMENT,2341.03,C1000045,0.0,0.0,M6841336,0,0,0,2026-01-08T12:36:46.154876,
TXN-00013713,204,CASH_OUT,10.0,C1000066,809.55,799.55,M1669254,0,0,0,2026-01-08T12:36:46.154935,
TXN-00013714,204,PAYMENT,281.92,C1000048,194944.98,194663.05,M6722678,0,0,0,2026-01-08T12:36:46.154998,
TXN-00013715,204,PAYMENT,1998.65,C1000022,615.16,0.0,M2729059,0,0,0,2026-01-08T12:36:46.155056,
TXN-00013716,204,TRANSFER,6603.88,C1000031,0.0,0.0,M3477009,0,0,0,2026-01-08T12:36:46.155114,
TXN-00013717,204,PAYMENT,8298.38,C1000031,0.0,0.0,M9968041,0,0,0,2026-01-08T12:36:46.155173,
TXN-00013718,204,CASH_OUT,3614.88,C1000087,82446.4,78831.52,M6479292,0,0,0,2026-01-08T12:36:46.155235,
TXN-00013719,204,TRANSFER,43721.06,C1000053,0.0,0.0,M6249417,0,0,0,2026-01-08T12:36:46.155295,
TXN-00013720,204,TRANSFER,1693.69,C1000090,184621.04,182927.35,M8658095,0,0,0,2026-01-08T12:36:46.155353,
TXN-00013721,204,DEBIT,919.25,C1000002,238748.64,237829.4,M2084383,0,0,0,2026-01-08T12:36:46.155413,
TXN-00013722,204,PAYMENT,4425.41,C1000006,101136.81,96711.41,M3922432,0,0,0,2026-01-08T12:36:46.155476,
TXN-00013723,204,PAYMENT,715.51,C1000071,143142.68,142427.17,M6834664,0,0,0,2026-01-08T12:36:46.155578,
TXN-00013724,204,PAYMENT,20636.92,C1000035,0.0,0.0,M2938273,0,0,0,2026-01-08T12:36:46.155678,
TXN-00013725,204,CASH_OUT,3529.87,C1000087,78831.52,75301.65,M4320336,0,0,0,2026-01-08T12:36:46.155765,
TXN-00013726,204,TRANSFER,26312.74,C1000056,0.0,0.0,M1034784,0,0,0,2026-01-08T12:36:46.155878,
TXN-00013727,204,TRANSFER,1385.99,C1000066,799.55,0.0,M3044305,0,0,0,2026-01-08T12:36:46.155945,
TXN-00013728,204,TRANSFER,33549.33,C1000067,0.0,0.0,M2227047,0,0,0,2026-01-08T12:36:46.156007,
TXN-00013729,204,CASH_OUT,4478.78,C1000097,0.0,0.0,M2011436,0,0,0,2026-01-08T12:36:46.156072,
TXN-00013730,196,CASH_OUT,78600.62,C1000078,0.0,0.0,M1259109,0,0,1,2026-01-08T12:36:46.156109,night_transaction
TXN-00013731,204,CASH_OUT,912.98,C1000075,437442.3,436529.32,M8974392,0,0,0,2026-01-08T12:36:46.156173,
TXN-00013732,204,PAYMENT,44199.78,C1000053,0.0,0.0,M8417338,0,0,0,2026-01-08T12:36:46.156243,
TXN-00013733,201,CASH_OUT,184883.45,C1000029,0.0,0.0,M3804345,0,0,1,2026-01-08T12:36:46.156286,large_amount
TXN-00013734,204,PAYMENT,5336.62,C1000013,0.0,0.0,M7112731,0,0,0,2026-01-08T12:36:46.156361,
TXN-00013735,198,CASH_OUT,113112.95,C1000058,0.0,0.0,M2319573,0,0,1,2026-01-08T12:36:46.156394,large_amount
TXN-00013736,213,CASH_OUT,66876.8,C1000059,0.0,0.0,M6770692,0,0,1,2026-01-08T12:36:46.156420,unusual_type
TXN-00013737,204,TRANSFER,1512.1,C1000021,0.0,0.0,M8373321,0,0,0,2026-01-08T12:36:46.156478,
TXN-00013738,204,DEBIT,350.37,C1000023,7659.47,7309.1,M8094678,0,0,0,2026-01-08T12:36:46.156532,
TXN-00013739,204,CASH_IN,1782.91,C1000008,191237.72,193020.62,M9416250,0,0,0,2026-01-08T12:36:46.156590,
TXN-00013740,204,PAYMENT,10.0,C1000018,128682.48,128672.48,M1467617,0,0,0,2026-01-08T12:36:46.156703,
TXN-00013741,204,TRANSFER,2690.08,C1000028,0.0,0.0,M3750231,0,0,0,2026-01-08T12:36:46.156783,
TXN-00013742,204,PAYMENT,2015.02,C1000001,59899.12,57884.1,M4043239,0,0,0,2026-01-08T12:36:46.156849,
TXN-00013743,198,CASH_OUT,117382.82,C1000052,0.0,0.0,M5244961,0,0,1,2026-01-08T12:36:46.156886,large_amount
TXN-00013744,204,PAYMENT,488.52,C1000094,169722.11,169233.59,M9043603,0,0,0,2026-01-08T12:36:46.156980,
TXN-00013745,204,PAYMENT,629.44,C1000004,197885.64,197256.2,M3123422,0,0,0,2026-01-08T12:36:46.157044,
TXN-00013746,204,CASH_OUT,45992.69,C1000053,0.0,0.0,M2893908,0,0,0,2026-01-08T12:36:46.157110,
TXN-00013747,215,CASH_OUT,114777.1,C1000013,0.0,-114268.08,M2811825,0,0,1,2026-01-08T12:36:46.157144,balance_mismatch
TXN-00013748,204,CASH_OUT,648.41,C1000083,180023.93,179375.52,M1383329,0,0,0,2026-01-08T12:36:46.157221,
TXN-00013749,204,CASH_OUT,5272.94,C1000025,5093.76,0.0,M4164549,0,0,0,2026-01-08T12:36:46.157287,
TXN-00013750,204,TRANSFER,10.0,C1000081,72557.8,72547.8,M2294455,0,0,0,2026-01-08T12:36:46.157352,
TXN-00013751,204,DEBIT,2603.09,C1000040,0.0,0.0,M4519651,0,0,0,2026-01-08T12:36:46.157419,
TXN-00013752,204,CASH_OUT,5123.72,C1000002,237829.4,232705.67,M5052094,0,0,0,2026-01-08T12:36:46.157494,
TXN-00013753,204,PAYMENT,10290.34,C1000092,0.0,0.0,M8934746,0,0,0,2026-01-08T12:36:46.157557,
TXN-00013754,204,PAYMENT,1288.29,C1000077,61737.06,60448.77,M5851918,0,0,0,2026-01-08T12:36:46.157619,
TXN-00013755,204,CASH_OUT,1778.92,C1000038,0.0,0.0,M5719594,0,0,0,2026-01-08T12:36:46.157682,
TXN-00013756,207,CASH_OUT,48311.38,C1000039,0.0,0.0,M2841737,0,0,1,2026-01-08T12:36:46.157719,rapid_succession
TXN-00013757,204,CASH_OUT,593.96,C1000009,126122.46,125528.51,M5478832,0,0,0,2026-01-08T12:36:46.157781,
TXN-00013758,204,TRANSFER,1468.48,C1000083,179375.52,177907.05,M3672245,0,0,0,2026-01-08T12:36:46.157846,
TXN-00013759,195,CASH_OUT,42782.84,C1000018,128672.48,85889.65,M5100603,0,0,1,2026-01-08T12:36:46.157882,night_transaction
TXN-00013760,204,DEBIT,7085.35,C1000029,0.0,0.0,M4314762,0,0,0,2026-01-08T12:36:46.157949,
TXN-00013761,204,DEBIT,1564.53,C1000081,72547.8,70983.27,M3405807,0,0,0,2026-01-08T12:36:46.158019,
TXN-00013762,204,CASH_OUT,10.0,C1000004,197256.2,197246.2,M3322398,0,0,0,2026-01-08T12:36:46.158096,
TXN-00013763,204,TRANSFER,10.0,C1000033,0.0,0.0,M2342196,0,0,0,2026-01-08T12:36:46.158159,
TXN-00013764,204,CASH_IN,1051.28,C1000038,0.0,1051.28,M3226552,0,0,0,2026-01-08T12:36:46.158218,
TXN-00013765,204,CASH_OUT,10.0,C1000089,118806.44,118796.44,M8437315,0,0,0,2026-01-08T12:36:46.158280,
TXN-00013766,207,CASH_OUT,156377.25,C1000088,6419.16,0.0,M9901747,0,0,1,2026-01-08T12:36:46.158310,large_amount
TXN-00013767,204,PAYMENT,5660.5,C1000003,0.0,0.0,M9336884,0,0,0,2026-01-08T12:36:46.158371,
TXN-00013768,204,TRANSFER,9916.02,C1000092,0.0,0.0,M9641193,0,0,0,2026-01-08T12:36:46.158435,
TXN-00013769,203,CASH_OUT,47996.21,C1000035,0.0,0.0,M3084670,0,0,1,2026-01-08T12:36:46.158465,rapid_succession
TXN-00013770,204,TRANSFER,7612.81,C1000011,0.0,0.0,M1877059,0,0,0,2026-01-08T12:36:46.158524,
TXN-00013771,204,CASH_OUT,51549.87,C1000026,116301.99,62220.18,M1054215,0,0,1,2026-01-08T12:36:46.158553,balance_mismatch
TXN-00013772,204,CASH_IN,1088.79,C1000016,123890.9,124979.69,M7491443,0,0,0,2026-01-08T12:36:46.158620,
TXN-00013773,204,PAYMENT,1306.86,C1000022,0.0,0.0,M7198101,0,0,0,2026-01-08T12:36:46.158681,
TXN-00013774,204,TRANSFER,10.0,C1000082,0.0,0.0,M7505615,0,0,0,2026-01-08T12:36:46.158741,
TXN-00013775,204,TRANSFER,1037.07,C1000077,60448.77,59411.7,M9071258,0,0,0,2026-01-08T12:36:46.158799,
TXN-00013776,212,CASH_OUT,36941.72,C1000094,169233.59,132291.86,M9977064,0,0,1,2026-01-08T12:36:46.158842,rapid_succession
TXN-00013777,204,TRANSFER,885.8,C1000034,68650.92,67765.12,M5685045,0,0,0,2026-01-08T12:36:46.158912,
TXN-00013778,204,CASH_OUT,7394.3,C1000099,0.0,0.0,M5183092,0,0,0,2026-01-08T12:36:46.158974,
TXN-00013779,204,PAYMENT,398.12,C1000038,1051.28,653.16,M8329320,0,0,0,2026-01-08T12:36:46.159033,
TXN-00013780,204,DEBIT,10099.87,C1000092,0.0,0.0,M9057284,0,0,0,2026-01-08T12:36:46.159096,
TXN-00013781,204,CASH_OUT,15342.72,C1000005,0.0,0.0,M2767023,0,0,0,2026-01-08T12:36:46.159182,
TXN-00013782,204,PAYMENT,568.66,C1000071,142427.17,141858.51,M8969912,0,0,0,2026-01-08T12:36:46.159415,
TXN-00013783,204,DEBIT,20628.1,C1000024,0.0,0.0,M4326339,0,0,0,2026-01-08T12:36:46.159499,
TXN-00013784,204,TRANSFER,2977.06,C1000028,0.0,0.0,M7126118,0,0,0,2026-01-08T12:36:46.159568,
TXN-00013785,204,CASH_IN,788.81,C1000077,59411.7,60200.5,M9461755,0,0,0,2026-01-08T12:36:46.159699,
TXN-00013786,204,TRANSFER,1541.73,C1000029,0.0,0.0,M7827097,0,0,0,2026-01-08T12:36:46.159813,
TXN-00013787,204,PAYMENT,10.0,C1000060,54462.1,54452.1,M5980302,0,0,0,2026-01-08T12:36:46.159904,
TXN-00013788,204,CASH_OUT,49474.32,C1000051,82359.73,32885.41,M7244903,0,0,1,2026-01-08T12:36:46.159945,unusual_type
TXN-00013789,194,CASH_OUT,68130.02,C1000099,0.0,0.0,M8542674,0,0,1,2026-01-08T12:36:46.159987,night_transaction
TXN-00013790,204,PAYMENT,26501.53,C1000056,0.0,0.0,M8157500,0,0,0,2026-01-08T12:36:46.160060,
TXN-00013791,204,TRANSFER,6850.49,C1000011,0.0,0.0,M2135961,0,0,0,2026-01-08T12:36:46.160130,
TXN-00013792,204,TRANSFER,173127.19,C1000050,0.0,0.0,M4382685,0,0,0,2026-01-08T12:36:46.160198,
TXN-00013793,203,CASH_OUT,79296.21,C1000088,6419.16,-71468.68,M9269792,0,0,1,2026-01-08T12:36:46.160230,balance_mismatch
TXN-00013794,215,CASH_OUT,15179.06,C1000062,0.0,0.0,M3227862,0,0,1,2026-01-08T12:36:46.160266,rapid_succession
TXN-00013795,204,PAYMENT,13915.65,C1000063,13531.52,0.0,M9084371,0,0,0,2026-01-08T12:36:46.160329,
TXN-00013796,204,TRANSFER,10.0,C1000082,0.0,0.0,M5795256,0,0,0,2026-01-08T12:36:46.160393,
TXN-00013797,196,CASH_OUT,67368.17,C1000039,0.0,0.0,M2691217,0,0,1,2026-01-08T12:36:46.160424,night_transaction
TXN-00013798,204,TRANSFER,1579.87,C1000071,141858.51,140278.63,M7015296,0,0,0,2026-01-08T12:36:46.160489,
TXN-00013799,204,DEBIT,3696.83,C1000087,75301.65,71604.82,M5934608,0,0,0,2026-01-08T12:36:46.160563,
TXN-00013800,207,CASH_OUT,48892.14,C1000027,0.0,0.0,M8482710,0,0,1,2026-01-08T12:36:46.160597,unusual_type
TXN-00013801,204,TRANSFER,7537.52,C1000011,0.0,0.0,M8183810,0,0,0,2026-01-08T12:36:46.160690,
TXN-00013802,198,CASH_OUT,114994.44,C1000004,197246.2,82251.76,M6025659,0,0,1,2026-01-08T12:36:46.160719,unusual_type
TXN-00013803,204,CASH_OUT,10042.29,C1000033,0.0,0.0,M1268752,0,0,0,2026-01-08T12:36:46.160783,
TXN-00013804,204,CASH_OUT,1248.87,C1000081,70983.27,69734.4,M5278916,0,0,0,2026-01-08T12:36:46.160843,
TXN-00013805,204,CASH_OUT,523.73,C1000041,206226.28,205702.55,M7030199,0,0,0,2026-01-08T12:36:46.160909,
TXN-00013806,204,CASH_OUT,4212.57,C1000027,0.0,0.0,M6275959,0,0,0,2026-01-08T12:36:46.160971,
TXN-00013807,204,PAYMENT,3475.33,C1000006,96711.41,93236.07,M2857620,0,0,0,2026-01-08T12:36:46.161027,
TXN-00013808,204,TRANSFER,33654.69,C1000095,0.0,0.0,M1329207,0,0,0,2026-01-08T12:36:46.161083,
TXN-00013809,204,DEBIT,18880.12,C1000035,0.0,0.0,M3728313,0,0,0,2026-01-08T12:36:46.161150,
TXN-00013810,204,PAYMENT,3316.61,C1000087,71604.82,68288.21,M5831299,0,0,0,2026-01-08T12:36:46.161209,
TXN-00013811,204,PAYMENT,2930.27,C1000020,255649.93,252719.67,M6867184,0,0,0,2026-01-08T12:36:46.161273,
TXN-00013812,204,TRANSFER,605.77,C1000044,0.0,0.0,M1125550,0,0,0,2026-01-08T12:36:46.161328,
TXN-00013813,207,CASH_OUT,48276.35,C1000015,0.0,0.0,M5870189,0,0,1,2026-01-08T12:36:46.161356,unusual_type
TXN-00013814,204,PAYMENT,17560.35,C1000093,0.0,0.0,M1410303,0,0,0,2026-01-08T12:36:46.161411,
TXN-00013815,204,PAYMENT,10295.38,C1000054,0.0,0.0,M6451531,0,0,0,2026-01-08T12:36:46.161463,
TXN-00013816,204,DEBIT,9968.22,C1000092,0.0,0.0,M7254690,0,0,0,2026-01-08T12:36:46.161515,
TXN-00013817,204,TRANSFER,48840.36,C1000053,0.0,0.0,M7731625,0,0,0,2026-01-08T12:36:46.161571,
TXN-00013818,204,CASH_OUT,3739.17,C1000091,0.0,0.0,M4700093,0,0,0,2026-01-08T12:36:46.161624,
TXN-00013819,204,CASH_OUT,10.0,C1000078,0.0,0.0,M7157610,0,0,0,2026-01-08T12:36:46.161681,
TXN-00013820,204,PAYMENT,582.46,C1000007,27759.42,27176.96,M9953881,0,0,0,2026-01-08T12:36:46.161737,
TXN-00013821,207,CASH_OUT,146802.57,C1000072,0.0,-151577.26,M6065249,0,0,1,2026-01-08T12:36:46.161769,balance_mismatch
TXN-00013822,204,TRANSFER,18308.76,C1000079,0.0,0.0,M2605424,0,0,0,2026-01-08T12:36:46.161833,
TXN-00013823,204,PAYMENT,26326.73,C1000056,0.0,0.0,M8485873,0,0,0,2026-01-08T12:36:46.161925,
TXN-00013824,204,CASH_OUT,10.0,C1000097,0.0,0.0,M9016006,0,0,0,2026-01-08T12:36:46.161989,
TXN-00013825,204,DEBIT,1594.41,C1000086,103268.14,101673.73,M1815462,0,0,0,2026-01-08T12:36:46.162064,
TXN-00013826,204,TRANSFER,3301.0,C1000096,171768.12,168467.11,M6959103,0,0,0,2026-01-08T12:36:46.162138,
TXN-00013827,204,PAYMENT,1959.22,C1000017,29792.62,27833.4,M2849815,0,0,0,2026-01-08T12:36:46.162204,
TXN-00013828,204,TRANSFER,3518.04,C1000052,0.0,0.0,M2846160,0,0,0,2026-01-08T12:36:46.162269,
TXN-00013829,204,PAYMENT,26223.98,C1000056,0.0,0.0,M1762346,0,0,0,2026-01-08T12:36:46.162335,
TXN-00013830,204,TRANSFER,4552.99,C1000027,0.0,0.0,M2618567,0,0,0,2026-01-08T12:36:46.162396,
TXN-00013831,204,CASH_OUT,2553.48,C1000070,0.0,0.0,M7564377,0,0,0,2026-01-08T12:36:46.162459,
TXN-00013832,204,TRANSFER,5107.94,C1000058,0.0,0.0,M7039923,0,0,0,2026-01-08T12:36:46.162520,
TXN-00013833,204,PAYMENT,4897.35,C1000032,0.0,0.0,M6943546,0,0,0,2026-01-08T12:36:46.162581,
TXN-00013834,204,CASH_OUT,1930.26,C1000020,252719.67,250789.41,M1526586,0,0,0,2026-01-08T12:36:46.162659,
TXN-00013835,201,CASH_OUT,41829.74,C1000017,27833.4,-14839.51,M3806338,0,0,1,2026-01-08T12:36:46.162697,balance_mismatch
TXN-00013836,204,CASH_OUT,9796.09,C1000058,0.0,0.0,M4128031,0,0,0,2026-01-08T12:36:46.162771,
TXN-00013837,204,PAYMENT,440.72,C1000023,7309.1,6868.37,M4522955,0,0,0,2026-01-08T12:36:46.162844,
TXN-00013838,204,TRANSFER,2987.2,C1000043,0.0,0.0,M4036343,0,0,0,2026-01-08T12:36:46.162914,
TXN-00013839,208,CASH_OUT,136608.86,C1000096,168467.11,27819.65,M8479629,0,0,1,2026-01-08T12:36:46.162944,balance_mismatch
TXN-00013840,204,CASH_OUT,2925.48,C1000097,0.0,0.0,M6225697,0,0,0,2026-01-08T12:36:46.163011,
TXN-00013841,212,CASH_OUT,68034.04,C1000061,223313.01,155278.97,M2100601,0,0,1,2026-01-08T12:36:46.163041,unusual_type
TXN-00013842,204,TRANSFER,10162.26,C1000092,0.0,0.0,M5459673,0,0,0,2026-01-08T12:36:46.163103,
TXN-00013843,204,DEBIT,6849.14,C1000052,0.0,0.0,M8208222,0,0,0,2026-01-08T12:36:46.163171,
TXN-00013844,204,TRANSFER,10.0,C1000055,159865.2,159855.2,M1711171,0,0,0,2026-01-08T12:36:46.163236,
TXN-00013845,204,PAYMENT,10.0,C1000078,0.0,0.0,M5277332,0,0,0,2026-01-08T12:36:46.163298,
TXN-00013846,204,PAYMENT,3377.87,C1000087,68288.21,64910.34,M3833051,0,0,0,2026-01-08T12:36:46.163358,
TXN-00013847,204,TRANSFER,351.71,C1000075,436529.32,436177.61,M4130832,0,0,0,2026-01-08T12:36:46.163421,
TXN-00013848,204,TRANSFER,3453.97,C1000045,0.0,0.0,M5787699,0,0,0,2026-01-08T12:36:46.163484,
TXN-00013849,204,TRANSFER,603.83,C1000020,250789.41,250185.58,M2351729,0,0,0,2026-01-08T12:36:46.163546,
TXN-00013850,204,PAYMENT,1541.46,C1000064,0.0,0.0,M7084560,0,0,0,2026-01-08T12:36:46.163608,
TXN-00013851,204,TRANSFER,3780.66,C1000028,0.0,0.0,M6643297,0,0,0,2026-01-08T12:36:46.163667,
TXN-00013852,204,TRANSFER,17139.41,C1000005,0.0,0.0,M3415048,0,0,0,2026-01-08T12:36:46.163725,
TXN-00013853,204,TRANSFER,2942.75,C1000098,200873.95,197931.21,M5376072,0,0,0,2026-01-08T12:36:46.163784,
TXN-00013854,204,DEBIT,10.0,C1000085,0.0,0.0,M3977335,0,0,0,2026-01-08T12:36:46.163845,
TXN-00013855,204,CASH_OUT,4954.49,C1000002,232705.67,227751.18,M6375378,0,0,0,2026-01-08T12:36:46.163942,
TXN-00013856,204,DEBIT,2763.32,C1000026,116301.99,113538.67,M7061866,0,0,0,2026-01-08T12:36:46.164005,
TXN-00013857,204,DEBIT,7269.5,C1000099,0.0,0.0,M8572353,0,0,0,2026-01-08T12:36:46.164069,
TXN-00013858,204,CASH_OUT,4398.86,C1000010,4918.48,519.62,M6132629,0,0,0,2026-01-08T12:36:46.164135,
TXN-00013859,204,DEBIT,8012.62,C1000036,0.0,0.0,M1050055,0,0,0,2026-01-08T12:36:46.164197,
TXN-00013860,204,CASH_OUT,26540.72,C1000056,0.0,0.0,M7776017,0,0,0,2026-01-08T12:36:46.164259,
TXN-00013861,204,PAYMENT,197.0,C1000007,27176.96,26979.95,M2486359,0,0,0,2026-01-08T12:36:46.164320,
TXN-00013862,204,CASH_OUT,5601.33,C1000013,0.0,0.0,M5008248,0,0,0,2026-01-08T12:36:46.164381,
TXN-00013863,204,PAYMENT,10.0,C1000034,67765.12,67755.12,M7709815,0,0,0,2026-01-08T12:36:46.164445,
TXN-00013864,204,TRANSFER,6267.58,C1000088,6419.16,151.57,M4799706,0,0,0,2026-01-08T12:36:46.164508,
TXN-00013865,206,CASH_OUT,74517.01,C1000093,0.0,-79125.51,M7907730,0,0,1,2026-01-08T12:36:46.164545,balance_mismatch
TXN-00013866,204,PAYMENT,995.96,C1000047,0.0,0.0,M2564657,0,0,0,2026-01-08T12:36:46.164614,
TXN-00013867,194,CASH_OUT,49987.32,C1000006,93236.07,43248.76,M1368678,0,0,1,2026-01-08T12:36:46.164645,night_transaction
TXN-00013868,204,PAYMENT,4862.4,C1000010,519.62,0.0,M2380540,0,0,0,2026-01-08T12:36:46.164703,
TXN-00013869,204,CASH_OUT,55839.95,C1000000,456.56,0.0,M6029636,0,0,0,2026-01-08T12:36:46.164762,
TXN-00013870,213,CASH_OUT,146386.06,C1000050,0.0,-144629.42,M3762095,0,0,1,2026-01-08T12:36:46.164792,balance_mismatch
TXN-00013871,204,CASH_OUT,7114.3,C1000052,0.0,0.0,M1816294,0,0,0,2026-01-08T12:36:46.164854,
TXN-00013872,204,TRANSFER,720.85,C1000002,227751.18,227030.33,M9384599,0,0,0,2026-01-08T12:36:46.164918,
TXN-00013873,204,DEBIT,1441.43,C1000072,0.0,0.0,M4902518,0,0,0,2026-01-08T12:36:46.164984,
TXN-00013874,204,PAYMENT,6638.66,C1000013,0.0,0.0,M9309133,0,0,0,2026-01-08T12:36:46.165041,
TXN-00013875,204,TRANSFER,7629.57,C1000082,0.0,0.0,M5732459,0,0,0,2026-01-08T12:36:46.165097,
TXN-00013876,204,PAYMENT,644.82,C1000008,193020.62,192375.8,M5250486,0,0,0,2026-01-08T12:36:46.165152,
TXN-00013877,204,PAYMENT,10.0,C1000075,436177.61,436167.61,M6072621,0,0,0,2026-01-08T12:36:46.165208,
TXN-00013878,204,TRANSFER,1792.69,C1000030,0.0,0.0,M6883428,0,0,0,2026-01-08T12:36:46.165269,
TXN-00013879,204,TRANSFER,2679.06,C1000043,0.0,0.0,M6799683,0,0,0,2026-01-08T12:36:46.165327,
TXN-00013880,204,TRANSFER,10.0,C1000002,227030.33,227020.33,M1075313,0,0,0,2026-01-08T12:36:46.165384,
TXN-00013881,204,TRANSFER,54692.42,C1000000,0.0,0.0,M5965248,0,0,0,2026-01-08T12:36:46.165442,
TXN-00013882,204,CASH_OUT,595.88,C1000061,223313.01,222717.14,M5267470,0,0,0,2026-01-08T12:36:46.165499,
TXN-00013883,204,PAYMENT,26678.0,C1000067,0.0,0.0,M1030594,0,0,0,2026-01-08T12:36:46.165558,
TXN-00013884,204,DEBIT,417.86,C1000033,0.0,0.0,M2563562,0,0,0,2026-01-08T12:36:46.165615,
TXN-00013885,204,PAYMENT,7045.93,C1000011,0.0,0.0,M4499346,0,0,0,2026-01-08T12:36:46.165672,
TXN-00013886,204,CASH_IN,602.41,C1000077,60200.5,60802.92,M9500323,0,0,0,2026-01-08T12:36:46.165729,
TXN-00013887,204,PAYMENT,1439.05,C1000090,182927.35,181488.3,M4848878,0,0,0,2026-01-08T12:36:46.165788,
TXN-00013888,204,PAYMENT,7239.94,C1000036,0.0,0.0,M9737290,0,0,0,2026-01-08T12:36:46.165847,
TXN-00013889,204,CASH_OUT,10.0,C1000042,0.0,0.0,M2776708,0,0,0,2026-01-08T12:36:46.165910,
TXN-00013890,204,TRANSFER,2112.25,C1000044,0.0,0.0,M1040291,0,0,0,2026-01-08T12:36:46.165968,
TXN-00013891,204,TRANSFER,766.64,C1000018,128672.48,127905.85,M5514601,0,0,0,2026-01-08T12:36:46.166025,
TXN-00013892,204,PAYMENT,396.91,C1000026,113538.67,113141.75,M5497359,0,0,0,2026-01-08T12:36:46.166086,
TXN-00013893,204,DEBIT,5727.5,C1000059,0.0,0.0,M3670457,0,0,0,2026-01-08T12:36:46.166144,
TXN-00013894,204,TRANSFER,2169.52,C1000017,27833.4,25663.88,M9059610,0,0,0,2026-01-08T12:36:46.166203,
TXN-00013895,204,PAYMENT,4542.74,C1000065,0.0,0.0,M4148209,0,0,0,2026-01-08T12:36:46.166262,
TXN-00013896,204,PAYMENT,24031.9,C1000037,0.0,0.0,M6669778,0,0,0,2026-01-08T12:36:46.166328,
TXN-00013897,204,PAYMENT,1824.17,C1000021,0.0,0.0,M8109377,0,0,0,2026-01-08T12:36:46.166418,
TXN-00013898,204,PAYMENT,2997.2,C1000096,168467.11,165469.91,M8833093,0,0,0,2026-01-08T12:36:46.166485,
TXN-00013899,204,PAYMENT,4023.39,C1000057,0.0,0.0,M1341118,0,0,0,2026-01-08T12:36:46.166551,
TXN-00013900,211,CASH_OUT,11744.14,C1000083,177907.05,166162.91,M4931131,0,0,1,2026-01-08T12:36:46.166587,rapid_succession
TXN-00013901,204,PAYMENT,10.0,C1000072,0.0,0.0,M2372405,0,0,0,2026-01-08T12:36:46.166649,
TXN-00013902,204,PAYMENT,20339.42,C1000035,0.0,0.0,M1712432,0,0,0,2026-01-08T12:36:46.166708,
TXN-00013903,204,CASH_OUT,36176.48,C1000073,0.0,0.0,M1452649,0,0,0,2026-01-08T12:36:46.166806,
TXN-00013904,204,CASH_OUT,5457.02,C1000059,0.0,0.0,M5555060,0,0,0,2026-01-08T12:36:46.166933,
TXN-00013905,204,TRANSFER,422.83,C1000072,0.0,0.0,M8019237,0,0,0,2026-01-08T12:36:46.167085,
TXN-00013906,204,PAYMENT,10528.25,C1000031,0.0,0.0,M2890726,0,0,0,2026-01-08T12:36:46.167178,
TXN-00013907,204,PAYMENT,4169.22,C1000045,0.0,0.0,M3696749,0,0,0,2026-01-08T12:36:46.167242,
TXN-00013908,204,TRANSFER,55210.52,C1000000,0.0,0.0,M2837614,0,0,0,2026-01-08T12:36:46.167326,
TXN-00013909,204,TRANSFER,3625.94,C1000043,0.0,0.0,M7493560,0,0,0,2026-01-08T12:36:46.167415,
TXN-00013910,204,TRANSFER,122.82,C1000078,0.0,0.0,M9839169,0,0,0,2026-01-08T12:36:46.167477,
TXN-00013911,204,PAYMENT,5834.35,C1000010,0.0,0.0,M6769530,0,0,0,2026-01-08T12:36:46.167539,
TXN-00013912,209,CASH_OUT,113877.66,C1000053,0.0,-117660.7,M5263018,0,0,1,2026-01-08T12:36:46.167573,balance_mismatch
TXN-00013913,204,PAYMENT,198.61,C1000061,222717.14,222518.53,M5551933,0,0,0,2026-01-08T12:36:46.167645,
TXN-00013914,201,CASH_OUT,112913.25,C1000025,0.0,0.0,M7815853,0,0,1,2026-01-08T12:36:46.167676,unusual_type
TXN-00013915,204,PAYMENT,9947.3,C1000013,0.0,0.0,M4735342,0,0,0,2026-01-08T12:36:46.167737,
TXN-00013916,204,PAYMENT,5436.41,C1000003,0.0,0.0,M8954489,0,0,0,2026-01-08T12:36:46.167799,
TXN-00013917,204,DEBIT,9719.41,C1000031,0.0,0.0,M5742264,0,0,0,2026-01-08T12:36:46.167874,
TXN-00013918,204,PAYMENT,3451.5,C1000062,0.0,0.0,M2183927,0,0,0,2026-01-08T12:36:46.167938,
TXN-00013919,204,PAYMENT,5213.28,C1000010,0.0,0.0,M2728251,0,0,0,2026-01-08T12:36:46.167999,
TXN-00013920,204,DEBIT,1560.23,C1000071,140278.63,138718.41,M4479950,0,0,0,2026-01-08T12:36:46.168061,
TXN-00013921,197,CASH_OUT,166068.77,C1000011,0.0,0.0,M3946133,0,0,1,2026-01-08T12:36:46.168092,large_amount
TXN-00013922,204,CASH_OUT,10197.66,C1000092,0.0,0.0,M4687953,0,0,0,2026-01-08T12:36:46.168151,
TXN-00013923,204,PAYMENT,5810.94,C1000046,0.0,0.0,M4681661,0,0,0,2026-01-08T12:36:46.168218,
TXN-00013924,204,PAYMENT,19554.54,C1000035,0.0,0.0,M9827745,0,0,0,2026-01-08T12:36:46.168280,
TXN-00013925,204,PAYMENT,19257.41,C1000079,0.0,0.0,M9518045,0,0,0,2026-01-08T12:36:46.168340,
TXN-00013926,204,TRANSFER,1855.76,C1000006,93236.07,91380.31,M9120487,0,0,0,2026-01-08T12:36:46.168400,
TXN-00013927,204,CASH_OUT,597.79,C1000048,194663.05,194065.27,M8160204,0,0,0,2026-01-08T12:36:46.168461,
TXN-00013928,204,DEBIT,1348.97,C1000021,0.0,0.0,M5413907,0,0,0,2026-01-08T12:36:46.168521,
TXN-00013929,204,PAYMENT,636.45,C1000026,113141.75,112505.31,M1685146,0,0,0,2026-01-08T12:36:46.168579,
TXN-00013930,200,CASH_OUT,73660.2,C1000030,0.0,0.0,M7705997,0,0,1,2026-01-08T12:36:46.168612,unusual_type
TXN-00013931,198,CASH_OUT,98805.21,C1000093,0.0,-102308.08,M5621083,0,0,1,2026-01-08T12:36:46.168639,balance_mismatch
TXN-00013932,204,CASH_OUT,13383.55,C1000014,196410.89,183027.34,M3743351,0,0,0,2026-01-08T12:36:46.168704,
TXN-00013933,204,CASH_OUT,18378.56,C1000079,0.0,0.0,M5393580,0,0,0,2026-01-08T12:36:46.168770,
TXN-00013934,204,TRANSFER,4832.91,C1000054,0.0,0.0,M2499739,0,0,0,2026-01-08T12:36:46.168830,
TXN-00013935,204,CASH_OUT,798.42,C1000034,67755.12,66956.7,M2563852,0,0,0,2026-01-08T12:36:46.168904,
TXN-00013936,204,TRANSFER,2548.06,C1000029,0.0,0.0,M9570472,0,0,0,2026-01-08T12:36:46.168971,
TXN-00013937,204,PAYMENT,10.0,C1000009,125528.51,125518.51,M9742135,0,0,0,2026-01-08T12:36:46.169033,
TXN-00013938,195,CASH_OUT,52351.4,C1000012,0.0,-53057.55,M6780876,0,0,1,2026-01-08T12:36:46.169071,balance_mismatch
TXN-00013939,204,PAYMENT,5030.03,C1000065,0.0,0.0,M2478762,0,0,0,2026-01-08T12:36:46.169200,
TXN-00013940,205,CASH_OUT,50513.19,C1000022,0.0,-47500.38,M4073628,0,0,1,2026-01-08T12:36:46.169305,balance_mismatch
TXN-00013941,204,PAYMENT,173249.08,C1000050,0.0,0.0,M5331243,0,0,0,2026-01-08T12:36:46.169400,
TXN-00013942,199,CASH_OUT,100685.38,C1000088,151.57,0.0,M4669776,0,0,1,2026-01-08T12:36:46.169432,large_amount
TXN-00013943,204,PAYMENT,10.0,C1000051,82359.73,82349.73,M3150151,0,0,0,2026-01-08T12:36:46.169498,
TXN-00013944,204,PAYMENT,18998.16,C1000079,0.0,0.0,M9716523,0,0,0,2026-01-08T12:36:46.169561,
TXN-00013945,204,PAYMENT,26267.56,C1000056,0.0,0.0,M8117235,0,0,0,2026-01-08T12:36:46.169619,
TXN-00013946,204,TRANSFER,26371.02,C1000056,0.0,0.0,M5233791,0,0,0,2026-01-08T12:36:46.169676,
TXN-00013947,204,TRANSFER,2014.83,C1000017,25663.88,23649.05,M3990282,0,0,0,2026-01-08T12:36:46.169739,
TXN-00013948,196,CASH_OUT,115661.63,C1000080,0.0,-116660.91,M8998252,0,0,1,2026-01-08T12:36:46.169770,balance_mismatch
TXN-00013949,204,PAYMENT,298.18,C1000034,66956.7,66658.52,M5669894,0,0,0,2026-01-08T12:36:46.169831,
TXN-00013950,204,TRANSFER,1996.02,C1000020,250185.58,248189.55,M2500793,0,0,0,2026-01-08T12:36:46.169893,
TXN-00013951,204,DEBIT,18767.04,C1000093,0.0,0.0,M6008930,0,0,0,2026-01-08T12:36:46.169950,
TXN-00013952,204,CASH_OUT,116.16,C1000089,118796.44,118680.27,M1216461,0,0,0,2026-01-08T12:36:46.170008,
TXN-00013953,204,PAYMENT,547.74,C1000094,169233.59,168685.85,M1966582,0,0,0,2026-01-08T12:36:46.170074,
TXN-00013954,204,TRANSFER,8518.93,C1000013,0.0,0.0,M6014950,0,0,0,2026-01-08T12:36:46.170132,
TXN-00013955,204,TRANSFER,24327.41,C1000037,0.0,0.0,M8591499,0,0,0,2026-01-08T12:36:46.170191,
TXN-00013956,204,CASH_OUT,3486.22,C1000049,0.0,0.0,M6540607,0,0,0,2026-01-08T12:36:46.170254,
TXN-00013957,200,CASH_OUT,17030.89,C1000060,54452.1,37421.21,M8687925,0,0,1,2026-01-08T12:36:46.170291,rapid_succession
TXN-00013958,204,TRANSFER,1766.66,C1000017,23649.05,21882.39,M5927397,0,0,0,2026-01-08T12:36:46.170362,
TXN-00013959,204,TRANSFER,191.99,C1000004,197246.2,197054.21,M8964621,0,0,0,2026-01-08T12:36:46.170439,
TXN-00013960,204,TRANSFER,17628.48,C1000076,0.0,0.0,M6781877,0,0,0,2026-01-08T12:36:46.170502,
TXN-00013961,204,PAYMENT,26461.4,C1000056,0.0,0.0,M5285749,0,0,0,2026-01-08T12:36:46.170561,
TXN-00013962,192,CASH_OUT,69022.0,C1000031,0.0,0.0,M8307395,0,0,1,2026-01-08T12:36:46.170591,unusual_type
TXN-00013963,204,PAYMENT,54887.09,C1000000,0.0,0.0,M2250955,0,0,0,2026-01-08T12:36:46.170671,
TXN-00013964,204,CASH_OUT,10.0,C1000038,653.16,643.16,M2387353,0,0,0,2026-01-08T12:36:46.170789,
TXN-00013965,195,CASH_OUT,80284.62,C1000060,54452.1,0.0,M3157568,0,0,1,2026-01-08T12:36:46.170829,large_amount
TXN-00013966,204,TRANSFER,10.0,C1000047,0.0,0.0,M3861819,0,0,0,2026-01-08T12:36:46.170909,
TXN-00013967,204,TRANSFER,2271.15,C1000043,0.0,0.0,M6150707,0,0,0,2026-01-08T12:36:46.170974,
TXN-00013968,204,TRANSFER,1943.9,C1000021,0.0,0.0,M3455952,0,0,0,2026-01-08T12:36:46.171037,
TXN-00013969,204,PAYMENT,49392.53,C1000053,0.0,0.0,M2726345,0,0,0,2026-01-08T12:36:46.171098,
TXN-00013970,204,PAYMENT,3751.27,C1000087,64910.34,61159.07,M9605486,0,0,0,2026-01-08T12:36:46.171210,
TXN-00013971,204,PAYMENT,4465.62,C1000065,0.0,0.0,M9265664,0,0,0,2026-01-08T12:36:46.171308,
TXN-00013972,204,PAYMENT,6457.22,C1000080,0.0,0.0,M2271677,0,0,0,2026-01-08T12:36:46.171380,
TXN-00013973,204,PAYMENT,10.0,C1000072,0.0,0.0,M1227027,0,0,0,2026-01-08T12:36:46.171481,
TXN-00013974,192,CASH_OUT,98162.34,C1000027,0.0,0.0,M4513013,0,0,1,2026-01-08T12:36:46.171516,unusual_type
TXN-00013975,204,CASH_OUT,5864.2,C1000059,0.0,0.0,M8230524,0,0,0,2026-01-08T12:36:46.171577,
TXN-00013976,204,PAYMENT,10.0,C1000051,82349.73,82339.73,M1109869,0,0,0,2026-01-08T12:36:46.171700,
TXN-00013977,204,CASH_IN,4257.65,C1000002,227020.33,231277.98,M7457101,0,0,0,2026-01-08T12:36:46.171778,
TXN-00013978,204,PAYMENT,17851.78,C1000076,0.0,0.0,M1473474,0,0,0,2026-01-08T12:36:46.171851,
TXN-00013979,204,CASH_OUT,5527.33,C1000046,0.0,0.0,M3572698,0,0,0,2026-01-08T12:36:46.172065,
TXN-00013980,204,CASH_OUT,3620.99,C1000045,0.0,0.0,M4512703,0,0,0,2026-01-08T12:36:46.172274,
TXN-00013981,204,PAYMENT,10.0,C1000014,183027.34,183017.34,M2907511,0,0,0,2026-01-08T12:36:46.172348,
TXN-00013982,204,PAYMENT,51043.24,C1000053,0.0,0.0,M1536296,0,0,0,2026-01-08T12:36:46.172495,
TXN-00013983,204,PAYMENT,836.25,C1000041,205702.55,204866.3,M6038775,0,0,0,2026-01-08T12:36:46.172643,
TXN-00013984,204,PAYMENT,2047.31,C1000017,21882.39,19835.08,M5574294,0,0,0,2026-01-08T12:36:46.172715,
TXN-00013985,204,PAYMENT,3169.93,C1000045,0.0,0.0,M9522047,0,0,0,2026-01-08T12:36:46.172764,
TXN-00013986,204,CASH_OUT,9778.85,C1000057,0.0,0.0,M1490535,0,0,0,2026-01-08T12:36:46.172812,
TXN-00013987,195,CASH_OUT,142430.48,C1000075,436167.61,293737.12,M7678477,0,0,1,2026-01-08T12:36:46.172852,large_amount
TXN-00013988,204,PAYMENT,558.27,C1000085,0.0,0.0,M5003152,0,0,0,2026-01-08T12:36:46.172911,
TXN-00013989,204,TRANSFER,10.0,C1000066,0.0,0.0,M5039713,0,0,0,2026-01-08T12:36:46.172952,
TXN-00013990,204,CASH_IN,2315.33,C1000043,0.0,2315.33,M2408941,0,0,0,2026-01-08T12:36:46.173005,
TXN-00013991,204,TRANSFER,23735.81,C1000037,0.0,0.0,M3782502,0,0,0,2026-01-08T12:36:46.173050,
TXN-00013992,204,CASH_OUT,439.57,C1000089,118680.27,118240.7,M4921938,0,0,0,2026-01-08T12:36:46.173089,
TXN-00013993,204,CASH_OUT,5872.59,C1000013,0.0,0.0,M2394994,0,0,0,2026-01-08T12:36:46.173159,
TXN-00013994,204,PAYMENT,1981.82,C1000068,89075.66,87093.84,M8110720,0,0,0,2026-01-08T12:36:46.173207,
TXN-00013995,204,CASH_OUT,2119.97,C1000044,0.0,0.0,M2729133,0,0,0,2026-01-08T12:36:46.173248,
TXN-00013996,204,PAYMENT,33683.42,C1000073,0.0,0.0,M8286073,0,0,0,2026-01-08T12:36:46.173300,
TXN-00013997,204,TRANSFER,63.99,C1000016,124979.69,124915.7,M9929555,0,0,0,2026-01-08T12:36:46.173353,
TXN-00013998,193,CASH_OUT,104432.5,C1000011,0.0,0.0,M6880803,0,0,1,2026-01-08T12:36:46.173382,unusual_type
TXN-00013999,204,TRANSFER,1867.5,C1000023,6868.37,5000.87,M8639377,0,0,0,2026-01-08T12:36:46.173450,
