transaction_id,step,type,amount,nameOrig,oldbalanceOrg,newbalanceOrig,nameDest,oldbalanceDest,newbalanceDest,isFraud,timestamp,fraud_pattern
TXN-00014000,153,CASH_OUT,94966.25,C1000049,0.0,0.0,M1548528,0,0,1,2026-01-08T12:36:46.208967,large_amount
TXN-00014001,135,TRANSFER,1957.04,C1000017,19835.08,17878.04,M4169122,0,0,0,2026-01-08T12:36:46.209400,
TXN-00014002,136,TRANSFER,8816.16,C1000005,0.0,0.0,M5167429,0,0,0,2026-01-08T12:36:46.209813,
TXN-00014003,160,DEBIT,10.0,C1000080,0.0,0.0,M3313159,0,0,0,2026-01-08T12:36:46.210040,
TXN-00014004,324,CASH_OUT,1999.74,C1000028,0.0,0.0,M7759483,0,0,0,2026-01-08T12:36:46.210163,
TXN-00014005,124,PAYMENT,6524.88,C1000088,151.57,0.0,M2458842,0,0,0,2026-01-08T12:36:46.210403,
TXN-00014006,146,TRANSFER,60.51,C1000057,0.0,0.0,M1609343,0,0,0,2026-01-08T12:36:46.210564,
TXN-00014007,130,TRANSFER,55731.26,C1000000,0.0,0.0,M5197543,0,0,0,2026-01-08T12:36:46.210979,
TXN-00014008,164,PAYMENT,6535.95,C1000088,0.0,0.0,M7787899,0,0,0,2026-01-08T12:36:46.211193,
TXN-00014009,328,TRANSFER,11601.42,C1000015,0.0,0.0,M6709971,0,0,0,2026-01-08T12:36:46.211568,
TXN-00014010,146,PAYMENT,3610.97,C1000072,0.0,0.0,M1362369,0,0,0,2026-01-08T12:36:46.211803,
TXN-00014011,315,TRANSFER,1292.32,C1000071,138718.41,137426.09,M6107093,0,0,0,2026-01-08T12:36:46.211873,
TXN-00014012,145,TRANSFER,11980.34,C1000005,0.0,0.0,M6875201,0,0,0,2026-01-08T12:36:46.211924,
TXN-00014013,299,TRANSFER,748.7,C1000043,2315.33,1566.63,M1478761,0,0,0,2026-01-08T12:36:46.211969,
TXN-00014014,304,PAYMENT,10.0,C1000075,436167.61,436157.61,M4796657,0,0,0,2026-01-08T12:36:46.212011,
TXN-00014015,133,CASH_OUT,21517.07,C1000035,0.0,0.0,M2233666,0,0,0,2026-01-08T12:36:46.212052,
TXN-00014016,333,CASH_OUT,12621.15,C1000015,0.0,0.0,M9839253,0,0,0,2026-01-08T12:36:46.212095,
TXN-00014017,145,CASH_OUT,100881.99,C1000055,159855.2,58973.21,M8959075,0,0,1,2026-01-08T12:36:46.212137,large_amount
TXN-00014018,166,PAYMENT,4629.8,C1000054,0.0,0.0,M4211486,0,0,0,2026-01-08T12:36:46.212186,
TXN-00014019,305,TRANSFER,607.66,C1000038,643.16,35.51,M3357841,0,0,0,2026-01-08T12:36:46.212228,
TXN-00014020,167,CASH_OUT,10.0,C1000018,127905.85,127895.85,M7482397,0,0,0,2026-01-08T12:36:46.212269,
TXN-00014021,296,TRANSFER,10.0,C1000029,0.0,0.0,M6980901,0,0,0,2026-01-08T12:36:46.212309,
TXN-00014022,154,TRANSFER,14401.44,C1000054,0.0,0.0,M9414183,0,0,0,2026-01-08T12:36:46.212348,
TXN-00014023,299,CASH_IN,2064.97,C1000017,17878.04,19943.02,M8433350,0,0,0,2026-01-08T12:36:46.212387,
TXN-00014024,132,PAYMENT,2437.13,C1000057,0.0,0.0,M5489836,0,0,0,2026-01-08T12:36:46.212426,
TXN-00014025,130,TRANSFER,10.0,C1000014,183017.34,183007.34,M3230753,0,0,0,2026-01-08T12:36:46.212466,
TXN-00014026,158,CASH_OUT,1085.79,C1000089,118240.7,117154.91,M3159115,0,0,0,2026-01-08T12:36:46.212508,
TXN-00014027,329,TRANSFER,33929.21,C1000073,0.0,0.0,M2510895,0,0,0,2026-01-08T12:36:46.212567,
TXN-00014028,126,TRANSFER,1548.05,C1000014,183007.34,181459.29,M4015003,0,0,0,2026-01-08T12:36:46.212607,
TXN-00014029,313,CASH_IN,620.28,C1000001,57884.1,58504.37,M6976394,0,0,0,2026-01-08T12:36:46.212648,
TXN-00014030,293,TRANSFER,1544.46,C1000071,137426.09,135881.63,M6458747,0,0,0,2026-01-08T12:36:46.212703,
TXN-00014031,296,CASH_OUT,12844.95,C1000082,0.0,0.0,M2311985,0,0,0,2026-01-08T12:36:46.212761,
TXN-00014032,333,TRANSFER,7337.44,C1000011,0.0,0.0,M2865600,0,0,0,2026-01-08T12:36:46.212818,
TXN-00014033,155,PAYMENT,773.25,C1000020,248189.55,247416.3,M2809181,0,0,0,2026-01-08T12:36:46.212880,
TXN-00014034,293,PAYMENT,4041.07,C1000084,11926.94,7885.87,M8389709,0,0,0,2026-01-08T12:36:46.212935,
TXN-00014035,156,CASH_OUT,10.0,C1000082,0.0,0.0,M5431786,0,0,0,2026-01-08T12:36:46.212993,
TXN-00014036,153,PAYMENT,7919.76,C1000011,0.0,0.0,M3454098,0,0,0,2026-01-08T12:36:46.213051,
TXN-00014037,315,DEBIT,6663.65,C1000014,181459.29,174795.64,M6950702,0,0,0,2026-01-08T12:36:46.213107,
TXN-00014038,305,DEBIT,891.46,C1000097,0.0,0.0,M2223830,0,0,0,2026-01-08T12:36:46.213162,
TXN-00014039,157,TRANSFER,2088.88,C1000026,112505.31,110416.43,M9553183,0,0,0,2026-01-08T12:36:46.213218,
TXN-00014040,315,TRANSFER,1589.11,C1000026,110416.43,108827.33,M7296531,0,0,0,2026-01-08T12:36:46.213277,
TXN-00014041,298,TRANSFER,1866.6,C1000055,159855.2,157988.6,M8659735,0,0,0,2026-01-08T12:36:46.213337,
TXN-00014042,126,PAYMENT,10.0,C1000042,0.0,0.0,M4974742,0,0,0,2026-01-08T12:36:46.213397,
TXN-00014043,322,TRANSFER,27063.31,C1000056,0.0,0.0,M5997570,0,0,0,2026-01-08T12:36:46.213453,
TXN-00014044,141,TRANSFER,4643.11,C1000032,0.0,0.0,M6485402,0,0,0,2026-01-08T12:36:46.213510,
TXN-00014045,133,CASH_OUT,2102.72,C1000066,0.0,0.0,M4790054,0,0,0,2026-01-08T12:36:46.213567,
TXN-00014046,125,PAYMENT,3443.33,C1000096,165469.91,162026.58,M1821762,0,0,0,2026-01-08T12:36:46.213624,
TXN-00014047,306,CASH_OUT,12192.64,C1000015,0.0,0.0,M8338988,0,0,0,2026-01-08T12:36:46.213681,
TXN-00014048,160,TRANSFER,3854.97,C1000010,0.0,0.0,M3680260,0,0,0,2026-01-08T12:36:46.213742,
TXN-00014049,167,PAYMENT,7826.76,C1000011,0.0,0.0,M9197347,0,0,0,2026-01-08T12:36:46.213801,
TXN-00014050,129,CASH_IN,1751.99,C1000086,101673.73,103425.72,M9587692,0,0,0,2026-01-08T12:36:46.213858,
TXN-00014051,310,TRANSFER,63.58,C1000007,26979.95,26916.38,M9058098,0,0,0,2026-01-08T12:36:46.213924,
TXN-00014052,333,TRANSFER,43175.51,C1000053,0.0,0.0,M3714689,0,0,0,2026-01-08T12:36:46.213983,
TXN-00014053,318,TRANSFER,405.86,C1000023,5000.87,4595.01,M9912865,0,0,0,2026-01-08T12:36:46.214040,
TXN-00014054,144,PAYMENT,4719.38,C1000091,0.0,0.0,M2425924,0,0,0,2026-01-08T12:36:46.214099,
TXN-00014055,322,CASH_OUT,19722.57,C1000019,0.0,0.0,M9509960,0,0,0,2026-01-08T12:36:46.214157,
TXN-00014056,294,TRANSFER,5257.9,C1000084,7885.87,2627.97,M2482327,0,0,0,2026-01-08T12:36:46.214214,
TXN-00014057,145,CASH_OUT,22556.74,C1000024,0.0,0.0,M1122071,0,0,0,2026-01-08T12:36:46.214273,
TXN-00014058,140,DEBIT,6478.44,C1000011,0.0,0.0,M2152795,0,0,0,2026-01-08T12:36:46.214330,
TXN-00014059,321,DEBIT,1736.34,C1000090,181488.3,179751.97,M1935024,0,0,0,2026-01-08T12:36:46.214387,
TXN-00014060,166,PAYMENT,10.0,C1000008,192375.8,192365.8,M8876691,0,0,0,2026-01-08T12:36:46.214446,
TXN-00014061,331,CASH_OUT,1559.23,C1000094,168685.85,167126.62,M4794187,0,0,0,2026-01-08T12:36:46.214504,
TXN-00014062,121,PAYMENT,715.3,C1000001,58504.37,57789.08,M6375941,0,0,0,2026-01-08T12:36:46.214563,
TXN-00014063,145,CASH_IN,2256.62,C1000026,108827.33,111083.95,M2673569,0,0,0,2026-01-08T12:36:46.214621,
TXN-00014064,330,PAYMENT,35523.94,C1000067,0.0,0.0,M2708750,0,0,0,2026-01-08T12:36:46.214680,
TXN-00014065,333,CASH_OUT,10.0,C1000047,0.0,0.0,M6708008,0,0,0,2026-01-08T12:36:46.214741,
TXN-00014066,329,PAYMENT,20135.63,C1000019,0.0,0.0,M5654066,0,0,0,2026-01-08T12:36:46.214797,
TXN-00014067,334,TRANSFER,677.17,C1000022,0.0,0.0,M1220685,0,0,0,2026-01-08T12:36:46.214854,
TXN-00014068,143,TRANSFER,7788.1,C1000099,0.0,0.0,M4013973,0,0,0,2026-01-08T12:36:46.214912,
TXN-00014069,132,PAYMENT,173622.89,C1000050,0.0,0.0,M6717789,0,0,0,2026-01-08T12:36:46.214970,
TXN-00014070,307,TRANSFER,26202.91,C1000056,0.0,0.0,M8145730,0,0,0,2026-01-08T12:36:46.215028,
TXN-00014071,156,CASH_OUT,31079.55,C1000067,0.0,0.0,M1421653,0,0,0,2026-01-08T12:36:46.215085,
TXN-00014072,158,PAYMENT,7774.92,C1000099,0.0,0.0,M8176698,0,0,0,2026-01-08T12:36:46.215141,
TXN-00014073,331,TRANSFER,33684.39,C1000067,0.0,0.0,M4612817,0,0,0,2026-01-08T12:36:46.215197,
TXN-00014074,158,PAYMENT,10867.54,C1000005,0.0,0.0,M5863381,0,0,0,2026-01-08T12:36:46.215254,
TXN-00014075,150,CASH_OUT,1537.85,C1000090,179751.97,178214.12,M1729850,0,0,0,2026-01-08T12:36:46.215309,
TXN-00014076,167,PAYMENT,2010.96,C1000021,0.0,0.0,M6311608,0,0,0,2026-01-08T12:36:46.215372,
TXN-00014077,161,CASH_OUT,7301.37,C1000011,0.0,0.0,M4555117,0,0,0,2026-01-08T12:36:46.215455,
TXN-00014078,307,CASH_OUT,75093.83,C1000075,436157.61,361063.77,M3233739,0,0,1,2026-01-08T12:36:46.215492,night_transaction
TXN-00014079,288,TRANSFER,6522.36,C1000029,0.0,0.0,M8517241,0,0,0,2026-01-08T12:36:46.215554,
TXN-00014080,154,PAYMENT,17860.99,C1000074,11593.86,0.0,M2287681,0,0,0,2026-01-08T12:36:46.215612,
TXN-00014081,125,TRANSFER,3723.44,C1000084,2627.97,0.0,M1706515,0,0,0,2026-01-08T12:36:46.215672,
TXN-00014082,155,CASH_IN,10.0,C1000066,0.0,10.0,M3440812,0,0,0,2026-01-08T12:36:46.215730,
TXN-00014083,320,CASH_OUT,10.0,C1000082,0.0,0.0,M2410662,0,0,0,2026-01-08T12:36:46.215785,
TXN-00014084,121,DEBIT,183.69,C1000097,0.0,0.0,M5719742,0,0,0,2026-01-08T12:36:46.215838,
TXN-00014085,314,TRANSFER,3080.63,C1000038,35.51,0.0,M1984810,0,0,0,2026-01-08T12:36:46.215890,
TXN-00014086,297,TRANSFER,4365.44,C1000027,0.0,0.0,M2080112,0,0,0,2026-01-08T12:36:46.215946,
TXN-00014087,139,CASH_OUT,2652.87,C1000051,82339.73,79686.85,M7856490,0,0,0,2026-01-08T12:36:46.216001,
TXN-00014088,310,TRANSFER,406.84,C1000004,197054.21,196647.37,M3494518,0,0,0,2026-01-08T12:36:46.216066,
TXN-00014089,124,PAYMENT,10.0,C1000081,69734.4,69724.4,M9244840,0,0,0,2026-01-08T12:36:46.216125,
TXN-00014090,294,PAYMENT,8208.4,C1000039,0.0,0.0,M3071486,0,0,0,2026-01-08T12:36:46.216182,
TXN-00014091,323,PAYMENT,7747.83,C1000099,0.0,0.0,M8124287,0,0,0,2026-01-08T12:36:46.216238,
TXN-00014092,162,TRANSFER,3255.85,C1000087,61159.07,57903.23,M5312731,0,0,0,2026-01-08T12:36:46.216293,
TXN-00014093,148,TRANSFER,4846.66,C1000051,79686.85,74840.19,M4973439,0,0,0,2026-01-08T12:36:46.216354,
TXN-00014094,137,PAYMENT,4682.54,C1000065,0.0,0.0,M6846977,0,0,0,2026-01-08T12:36:46.216411,
TXN-00014095,310,TRANSFER,10.0,C1000085,0.0,0.0,M4211874,0,0,0,2026-01-08T12:36:46.216463,
TXN-00014096,145,TRANSFER,10.0,C1000023,4595.01,4585.01,M3533827,0,0,0,2026-01-08T12:36:46.216646,
TXN-00014097,142,CASH_OUT,54318.14,C1000000,0.0,0.0,M8612050,0,0,0,2026-01-08T12:36:46.216727,
TXN-00014098,314,PAYMENT,21754.22,C1000024,0.0,0.0,M1491419,0,0,0,2026-01-08T12:36:46.216923,
TXN-00014099,158,DEBIT,3659.41,C1000085,0.0,0.0,M5980759,0,0,0,2026-01-08T12:36:46.217061,
TXN-00014100,335,CASH_OUT,5491.96,C1000062,0.0,0.0,M1700227,0,0,0,2026-01-08T12:36:46.217157,
TXN-00014101,330,PAYMENT,2159.87,C1000090,178214.12,176054.24,M4108964,0,0,0,2026-01-08T12:36:46.217233,
TXN-00014102,313,TRANSFER,2405.71,C1000069,2105.46,0.0,M8724279,0,0,0,2026-01-08T12:36:46.217301,
TXN-00014103,138,CASH_OUT,30032.13,C1000064,0.0,0.0,M2379077,0,0,0,2026-01-08T12:36:46.217418,
TXN-00014104,322,PAYMENT,10.0,C1000042,0.0,0.0,M7942676,0,0,0,2026-01-08T12:36:46.217508,
TXN-00014105,134,PAYMENT,10.0,C1000040,0.0,0.0,M6256995,0,0,0,2026-01-08T12:36:46.217580,
TXN-00014106,139,TRANSFER,44292.18,C1000005,0.0,0.0,M7339171,0,0,1,2026-01-08T12:36:46.217615,night_transaction
TXN-00014107,311,PAYMENT,1717.04,C1000047,0.0,0.0,M3649860,0,0,0,2026-01-08T12:36:46.217683,
TXN-00014108,167,TRANSFER,9229.39,C1000058,0.0,0.0,M3110751,0,0,0,2026-01-08T12:36:46.217750,
TXN-00014109,294,DEBIT,10.0,C1000072,0.0,0.0,M6642392,0,0,0,2026-01-08T12:36:46.217818,
TXN-00014110,125,PAYMENT,10.0,C1000033,0.0,0.0,M7014396,0,0,0,2026-01-08T12:36:46.217882,
TXN-00014111,308,PAYMENT,4187.39,C1000084,0.0,0.0,M6929914,0,0,0,2026-01-08T12:36:46.217944,
TXN-00014112,157,TRANSFER,64565.22,C1000064,0.0,0.0,M1488873,0,0,0,2026-01-08T12:36:46.218008,
TXN-00014113,309,PAYMENT,2273.89,C1000047,0.0,0.0,M3681660,0,0,0,2026-01-08T12:36:46.218072,
TXN-00014114,150,CASH_IN,5559.33,C1000003,0.0,5559.33,M8104295,0,0,0,2026-01-08T12:36:46.218136,
TXN-00014115,129,PAYMENT,10.0,C1000029,0.0,0.0,M5961831,0,0,0,2026-01-08T12:36:46.218202,
TXN-00014116,153,PAYMENT,10.0,C1000098,197931.21,197921.21,M7901347,0,0,0,2026-01-08T12:36:46.218269,
TXN-00014117,326,PAYMENT,10.0,C1000034,66658.52,66648.52,M4736548,0,0,0,2026-01-08T12:36:46.218333,
TXN-00014118,321,DEBIT,10435.58,C1000015,0.0,0.0,M7289368,0,0,0,2026-01-08T12:36:46.218398,
TXN-00014119,152,PAYMENT,1928.7,C1000020,247416.3,245487.6,M4446319,0,0,0,2026-01-08T12:36:46.218463,
TXN-00014120,162,CASH_OUT,2147.85,C1000044,0.0,0.0,M3120055,0,0,0,2026-01-08T12:36:46.218532,
TXN-00014121,121,TRANSFER,10.0,C1000080,0.0,0.0,M1985081,0,0,0,2026-01-08T12:36:46.218596,
TXN-00014122,146,PAYMENT,19511.66,C1000035,0.0,0.0,M2062229,0,0,0,2026-01-08T12:36:46.218657,
TXN-00014123,330,PAYMENT,13832.47,C1000063,0.0,0.0,M7464590,0,0,0,2026-01-08T12:36:46.218718,
TXN-00014124,319,PAYMENT,2065.08,C1000057,0.0,0.0,M6591478,0,0,0,2026-01-08T12:36:46.218781,
TXN-00014125,307,CASH_OUT,5377.06,C1000059,0.0,0.0,M3354792,0,0,0,2026-01-08T12:36:46.218842,
TXN-00014126,334,PAYMENT,377.27,C1000055,157988.6,157611.33,M8746715,0,0,0,2026-01-08T12:36:46.218905,
TXN-00014127,162,TRANSFER,10.0,C1000061,222518.53,222508.53,M6750651,0,0,0,2026-01-08T12:36:46.218970,
TXN-00014128,300,PAYMENT,4863.76,C1000032,0.0,0.0,M4166301,0,0,0,2026-01-08T12:36:46.219034,
TXN-00014129,317,TRANSFER,1617.34,C1000020,245487.6,243870.26,M9408054,0,0,0,2026-01-08T12:36:46.219107,
TXN-00014130,306,TRANSFER,798.49,C1000034,66648.52,65850.03,M2245096,0,0,0,2026-01-08T12:36:46.219155,
TXN-00014131,120,PAYMENT,3508.55,C1000006,91380.31,87871.76,M5497176,0,0,0,2026-01-08T12:36:46.219198,
TXN-00014132,165,DEBIT,4161.14,C1000065,0.0,0.0,M1127077,0,0,0,2026-01-08T12:36:46.219240,
TXN-00014133,132,DEBIT,4109.39,C1000058,0.0,0.0,M5735530,0,0,0,2026-01-08T12:36:46.219280,
TXN-00014134,135,PAYMENT,1919.61,C1000006,87871.76,85952.15,M7550438,0,0,0,2026-01-08T12:36:46.219325,
TXN-00014135,308,CASH_OUT,179864.79,C1000063,0.0,0.0,M9166407,0,0,1,2026-01-08T12:36:46.219351,large_amount
TXN-00014136,300,TRANSFER,1429.58,C1000048,194065.27,192635.68,M4030124,0,0,0,2026-01-08T12:36:46.219389,
TXN-00014137,318,PAYMENT,6097.28,C1000046,0.0,0.0,M2700126,0,0,0,2026-01-08T12:36:46.219429,
TXN-00014138,142,TRANSFER,1577.46,C1000070,0.0,0.0,M1103457,0,0,0,2026-01-08T12:36:46.219478,
TXN-00014139,143,CASH_IN,818.88,C1000020,243870.26,244689.14,M7397902,0,0,0,2026-01-08T12:36:46.219521,
TXN-00014140,319,DEBIT,2387.22,C1000085,0.0,0.0,M6915050,0,0,0,2026-01-08T12:36:46.219562,
TXN-00014141,133,CASH_OUT,5486.2,C1000091,0.0,0.0,M1825457,0,0,0,2026-01-08T12:36:46.219601,
TXN-00014142,166,PAYMENT,1880.81,C1000072,0.0,0.0,M2180801,0,0,0,2026-01-08T12:36:46.219656,
TXN-00014143,130,DEBIT,13617.81,C1000063,0.0,0.0,M4231170,0,0,0,2026-01-08T12:36:46.219709,
TXN-00014144,130,CASH_OUT,773.69,C1000043,1566.63,792.94,M6830054,0,0,0,2026-01-08T12:36:46.219766,
TXN-00014145,157,PAYMENT,3031.1,C1000064,0.0,0.0,M6918541,0,0,0,2026-01-08T12:36:46.219827,
TXN-00014146,297,TRANSFER,5672.1,C1000059,0.0,0.0,M8848221,0,0,0,2026-01-08T12:36:46.219884,
TXN-00014147,164,PAYMENT,6392.71,C1000088,0.0,0.0,M7268938,0,0,0,2026-01-08T12:36:46.219943,
TXN-00014148,292,CASH_OUT,10.0,C1000058,0.0,0.0,M1187230,0,0,0,2026-01-08T12:36:46.219997,
TXN-00014149,132,PAYMENT,1860.67,C1000030,0.0,0.0,M4259866,0,0,0,2026-01-08T12:36:46.220050,
TXN-00014150,160,TRANSFER,5583.73,C1000033,0.0,0.0,M5775053,0,0,0,2026-01-08T12:36:46.220109,
TXN-00014151,335,TRANSFER,2796.09,C1000029,0.0,0.0,M2883412,0,0,0,2026-01-08T12:36:46.220152,
TXN-00014152,312,TRANSFER,10.0,C1000014,174795.64,174785.64,M6808394,0,0,0,2026-01-08T12:36:46.220208,
TXN-00014153,291,TRANSFER,879.46,C1000040,0.0,0.0,M5579999,0,0,0,2026-01-08T12:36:46.220263,
TXN-00014154,133,PAYMENT,10.0,C1000068,87093.84,87083.84,M4245036,0,0,0,2026-01-08T12:36:46.220316,
TXN-00014155,124,DEBIT,10.0,C1000072,0.0,0.0,M2256222,0,0,0,2026-01-08T12:36:46.220371,
TXN-00014156,125,CASH_OUT,10.0,C1000002,231277.98,231267.98,M7741564,0,0,0,2026-01-08T12:36:46.220436,
TXN-00014157,326,PAYMENT,6339.96,C1000059,0.0,0.0,M2771118,0,0,0,2026-01-08T12:36:46.220501,
TXN-00014158,295,PAYMENT,55328.97,C1000000,0.0,0.0,M8601309,0,0,0,2026-01-08T12:36:46.220556,
TXN-00014159,141,PAYMENT,1472.62,C1000029,0.0,0.0,M8073859,0,0,0,2026-01-08T12:36:46.220613,
TXN-00014160,167,TRANSFER,10.0,C1000048,192635.68,192625.68,M8406511,0,0,0,2026-01-08T12:36:46.220670,
TXN-00014161,156,TRANSFER,1880.81,C1000096,162026.58,160145.77,M3974319,0,0,0,2026-01-08T12:36:46.220731,
TXN-00014162,134,CASH_IN,67.92,C1000022,0.0,67.92,M6355639,0,0,0,2026-01-08T12:36:46.220791,
TXN-00014163,302,TRANSFER,8612.51,C1000039,0.0,0.0,M2599788,0,0,0,2026-01-08T12:36:46.220856,
TXN-00014164,290,PAYMENT,877.67,C1000069,0.0,0.0,M3751878,0,0,0,2026-01-08T12:36:46.220917,
TXN-00014165,320,DEBIT,7015.41,C1000049,0.0,0.0,M3158902,0,0,0,2026-01-08T12:36:46.221002,
TXN-00014166,318,PAYMENT,1456.57,C1000007,26916.38,25459.8,M1404555,0,0,0,2026-01-08T12:36:46.221070,
TXN-00014167,148,TRANSFER,10.0,C1000001,57789.08,57779.08,M4898337,0,0,0,2026-01-08T12:36:46.221136,
TXN-00014168,122,PAYMENT,2014.0,C1000089,117154.91,115140.91,M3833055,0,0,0,2026-01-08T12:36:46.221199,
TXN-00014169,129,PAYMENT,10.0,C1000055,157611.33,157601.33,M8698455,0,0,0,2026-01-08T12:36:46.221259,
TXN-00014170,300,CASH_OUT,4097.77,C1000058,0.0,0.0,M2247282,0,0,0,2026-01-08T12:36:46.221319,
TXN-00014171,328,CASH_OUT,550.35,C1000049,0.0,0.0,M1835642,0,0,0,2026-01-08T12:36:46.221378,
TXN-00014172,299,PAYMENT,10262.59,C1000005,0.0,0.0,M4583357,0,0,0,2026-01-08T12:36:46.221437,
TXN-00014173,308,PAYMENT,2873.29,C1000014,174785.64,171912.35,M7816874,0,0,0,2026-01-08T12:36:46.221536,
TXN-00014174,320,TRANSFER,4856.85,C1000032,0.0,0.0,M4009786,0,0,0,2026-01-08T12:36:46.221601,
TXN-00014175,141,TRANSFER,7272.18,C1000013,0.0,0.0,M3000340,0,0,0,2026-01-08T12:36:46.221660,
TXN-00014176,152,TRANSFER,16708.22,C1000047,0.0,0.0,M9952036,0,0,1,2026-01-08T12:36:46.221694,rapid_succession
TXN-00014177,297,TRANSFER,8459.07,C1000074,0.0,0.0,M5242825,0,0,0,2026-01-08T12:36:46.221752,
TXN-00014178,122,PAYMENT,2247.14,C1000085,0.0,0.0,M8676112,0,0,0,2026-01-08T12:36:46.221810,
TXN-00014179,295,PAYMENT,477.96,C1000034,65850.03,65372.07,M9692739,0,0,0,2026-01-08T12:36:46.221868,
TXN-00014180,154,DEBIT,18840.5,C1000079,0.0,0.0,M2203139,0,0,0,2026-01-08T12:36:46.221929,
TXN-00014181,134,TRANSFER,2347.63,C1000021,0.0,0.0,M6721850,0,0,0,2026-01-08T12:36:46.221988,
TXN-00014182,289,PAYMENT,8080.04,C1000054,0.0,0.0,M2109946,0,0,0,2026-01-08T12:36:46.222045,
TXN-00014183,309,TRANSFER,17535.14,C1000079,0.0,0.0,M8404508,0,0,0,2026-01-08T12:36:46.222103,
TXN-00014184,165,DEBIT,1865.77,C1000070,0.0,0.0,M8708836,0,0,0,2026-01-08T12:36:46.222162,
TXN-00014185,308,TRANSFER,10.0,C1000078,0.0,0.0,M5055513,0,0,0,2026-01-08T12:36:46.222219,
TXN-00014186,313,CASH_IN,4246.89,C1000010,0.0,4246.89,M2220350,0,0,0,2026-01-08T12:36:46.222276,
TXN-00014187,320,CASH_OUT,37127.11,C1000012,0.0,0.0,M3006257,0,0,0,2026-01-08T12:36:46.222335,
TXN-00014188,151,CASH_OUT,7722.03,C1000031,0.0,0.0,M3328721,0,0,0,2026-01-08T12:36:46.222395,
TXN-00014189,333,CASH_OUT,10433.35,C1000015,0.0,0.0,M8500880,0,0,0,2026-01-08T12:36:46.222453,
TXN-00014190,334,CASH_IN,1889.82,C1000017,19943.02,21832.84,M1666333,0,0,0,2026-01-08T12:36:46.222514,
TXN-00014191,293,PAYMENT,29670.55,C1000067,0.0,0.0,M6849220,0,0,0,2026-01-08T12:36:46.222582,
TXN-00014192,333,CASH_IN,4376.47,C1000027,0.0,4376.47,M6022459,0,0,0,2026-01-08T12:36:46.222640,
TXN-00014193,307,CASH_OUT,1219.29,C1000071,135881.63,134662.33,M1438635,0,0,0,2026-01-08T12:36:46.222699,
TXN-00014194,150,TRANSFER,62721.74,C1000095,0.0,-65019.64,M8269650,0,0,1,2026-01-08T12:36:46.222732,balance_mismatch
TXN-00014195,307,CASH_IN,4890.44,C1000003,5559.33,10449.78,M2110376,0,0,0,2026-01-08T12:36:46.222795,
TXN-00014196,122,CASH_OUT,274.1,C1000020,244689.14,244415.04,M8850462,0,0,0,2026-01-08T12:36:46.222855,
TXN-00014197,322,PAYMENT,10.0,C1000061,222508.53,222498.53,M8513222,0,0,0,2026-01-08T12:36:46.222915,
TXN-00014198,306,TRANSFER,13967.74,C1000095,0.0,0.0,M2967429,0,0,0,2026-01-08T12:36:46.222976,
TXN-00014199,304,TRANSFER,1802.97,C1000098,197921.21,196118.24,M5606429,0,0,0,2026-01-08T12:36:46.223043,
TXN-00014200,129,PAYMENT,20755.55,C1000019,0.0,0.0,M4395541,0,0,0,2026-01-08T12:36:46.223104,
TXN-00014201,322,PAYMENT,3075.57,C1000087,57903.23,54827.66,M3231418,0,0,0,2026-01-08T12:36:46.223165,
TXN-00014202,164,PAYMENT,824.38,C1000083,177907.05,177082.66,M2844012,0,0,0,2026-01-08T12:36:46.223225,
TXN-00014203,142,TRANSFER,38736.92,C1000012,0.0,0.0,M5042573,0,0,0,2026-01-08T12:36:46.223288,
TXN-00014204,295,PAYMENT,54528.32,C1000000,0.0,0.0,M3553107,0,0,0,2026-01-08T12:36:46.223341,
TXN-00014205,166,PAYMENT,10062.52,C1000031,0.0,0.0,M2063471,0,0,0,2026-01-08T12:36:46.223397,
TXN-00014206,136,TRANSFER,5718.86,C1000062,0.0,0.0,M2635763,0,0,0,2026-01-08T12:36:46.223454,
TXN-00014207,131,PAYMENT,1860.88,C1000002,231267.98,229407.1,M6783310,0,0,0,2026-01-08T12:36:46.223510,
TXN-00014208,136,DEBIT,4322.06,C1000091,0.0,0.0,M4872026,0,0,0,2026-01-08T12:36:46.223568,
TXN-00014209,133,CASH_OUT,833.9,C1000091,0.0,0.0,M4487307,0,0,0,2026-01-08T12:36:46.223629,
TXN-00014210,130,TRANSFER,1314.32,C1000070,0.0,0.0,M6319030,0,0,0,2026-01-08T12:36:46.223685,
TXN-00014211,291,PAYMENT,1444.77,C1000090,176054.24,174609.47,M9708175,0,0,0,2026-01-08T12:36:46.223741,
TXN-00014212,141,PAYMENT,7235.97,C1000074,0.0,0.0,M6213030,0,0,0,2026-01-08T12:36:46.223800,
TXN-00014213,314,TRANSFER,123453.34,C1000092,0.0,-126036.64,M7689635,0,0,1,2026-01-08T12:36:46.223830,balance_mismatch
TXN-00014214,298,CASH_IN,4287.64,C1000010,4246.89,8534.53,M5188952,0,0,0,2026-01-08T12:36:46.223891,
TXN-00014215,132,TRANSFER,1002.84,C1000002,229407.1,228404.26,M8690899,0,0,0,2026-01-08T12:36:46.223945,
TXN-00014216,293,TRANSFER,1919.24,C1000034,65372.07,63452.84,M7429717,0,0,0,2026-01-08T12:36:46.224008,
TXN-00014217,291,CASH_OUT,172900.84,C1000050,0.0,0.0,M9921099,0,0,0,2026-01-08T12:36:46.224065,
TXN-00014218,149,CASH_OUT,905.07,C1000094,167126.62,166221.55,M8457354,0,0,0,2026-01-08T12:36:46.224121,
TXN-00014219,308,CASH_OUT,2367.28,C1000044,0.0,0.0,M3669062,0,0,0,2026-01-08T12:36:46.224179,
TXN-00014220,161,PAYMENT,701.63,C1000008,192365.8,191664.17,M3307757,0,0,0,2026-01-08T12:36:46.224239,
TXN-00014221,167,TRANSFER,10.0,C1000021,0.0,0.0,M8511541,0,0,0,2026-01-08T12:36:46.224297,
TXN-00014222,123,PAYMENT,675.58,C1000001,57779.08,57103.5,M4104925,0,0,0,2026-01-08T12:36:46.224354,
TXN-00014223,295,PAYMENT,998.85,C1000016,124915.7,123916.85,M3497276,0,0,0,2026-01-08T12:36:46.224415,
TXN-00014224,122,TRANSFER,5241.22,C1000052,0.0,0.0,M4884362,0,0,0,2026-01-08T12:36:46.224472,
TXN-00014225,319,PAYMENT,748.01,C1000061,222498.53,221750.53,M8494749,0,0,0,2026-01-08T12:36:46.224526,
TXN-00014226,167,PAYMENT,789.85,C1000081,69724.4,68934.55,M8506051,0,0,0,2026-01-08T12:36:46.224579,
TXN-00014227,122,PAYMENT,690.32,C1000098,196118.24,195427.92,M2145633,0,0,0,2026-01-08T12:36:46.224633,
TXN-00014228,335,PAYMENT,2038.55,C1000028,0.0,0.0,M7182977,0,0,0,2026-01-08T12:36:46.224696,
TXN-00014229,303,CASH_OUT,13434.63,C1000063,0.0,0.0,M6726593,0,0,0,2026-01-08T12:36:46.224756,
TXN-00014230,298,TRANSFER,851.61,C1000096,160145.77,159294.16,M5833103,0,0,0,2026-01-08T12:36:46.224813,
TXN-00014231,167,PAYMENT,2630.9,C1000018,127895.85,125264.95,M7004496,0,0,0,2026-01-08T12:36:46.224870,
TXN-00014232,132,DEBIT,10.0,C1000002,228404.26,228394.26,M8834976,0,0,0,2026-01-08T12:36:46.224929,
TXN-00014233,312,TRANSFER,10212.74,C1000013,0.0,0.0,M9233973,0,0,0,2026-01-08T12:36:46.224992,
TXN-00014234,131,TRANSFER,4426.18,C1000065,0.0,0.0,M9240291,0,0,0,2026-01-08T12:36:46.225052,
TXN-00014235,145,TRANSFER,6018.57,C1000091,0.0,0.0,M4792553,0,0,0,2026-01-08T12:36:46.225108,
TXN-00014236,294,DEBIT,4707.69,C1000084,0.0,0.0,M5301415,0,0,0,2026-01-08T12:36:46.225165,
TXN-00014237,132,PAYMENT,2373.07,C1000049,0.0,0.0,M1433040,0,0,0,2026-01-08T12:36:46.225223,
TXN-00014238,306,CASH_OUT,6727.33,C1000051,74840.19,68112.86,M7484983,0,0,0,2026-01-08T12:36:46.225280,
TXN-00014239,324,PAYMENT,34094.84,C1000067,0.0,0.0,M4772208,0,0,0,2026-01-08T12:36:46.225338,
TXN-00014240,333,PAYMENT,54699.41,C1000000,0.0,0.0,M2025025,0,0,0,2026-01-08T12:36:46.225396,
TXN-00014241,331,PAYMENT,10.0,C1000047,0.0,0.0,M7370667,0,0,0,2026-01-08T12:36:46.225453,
TXN-00014242,159,PAYMENT,2271.7,C1000085,0.0,0.0,M6628191,0,0,0,2026-01-08T12:36:46.225509,
TXN-00014243,164,PAYMENT,1237.13,C1000083,177082.66,175845.53,M9186443,0,0,0,2026-01-08T12:36:46.225567,
TXN-00014244,157,PAYMENT,13842.51,C1000063,0.0,0.0,M3129505,0,0,0,2026-01-08T12:36:46.225625,
TXN-00014245,334,CASH_IN,6612.92,C1000058,0.0,6612.92,M6218641,0,0,0,2026-01-08T12:36:46.225682,
TXN-00014246,153,DEBIT,4114.15,C1000025,0.0,0.0,M4513581,0,0,0,2026-01-08T12:36:46.225740,
TXN-00014247,332,TRANSFER,16804.23,C1000093,0.0,0.0,M4883539,0,0,0,2026-01-08T12:36:46.225797,
TXN-00014248,291,PAYMENT,8749.34,C1000039,0.0,0.0,M6700623,0,0,0,2026-01-08T12:36:46.225858,
TXN-00014249,166,DEBIT,4916.79,C1000062,0.0,0.0,M6730941,0,0,0,2026-01-08T12:36:46.226077,
TXN-00014250,305,DEBIT,1912.51,C1000030,0.0,0.0,M5973738,0,0,0,2026-01-08T12:36:46.226176,
TXN-00014251,291,PAYMENT,172721.32,C1000050,0.0,0.0,M8102476,0,0,0,2026-01-08T12:36:46.226249,
TXN-00014252,152,TRANSFER,13370.31,C1000063,0.0,0.0,M6485046,0,0,0,2026-01-08T12:36:46.226319,
TXN-00014253,332,PAYMENT,4380.43,C1000027,4376.47,0.0,M4163658,0,0,0,2026-01-08T12:36:46.226469,
TXN-00014254,124,CASH_OUT,10.0,C1000085,0.0,0.0,M2963689,0,0,0,2026-01-08T12:36:46.226557,
TXN-00014255,130,PAYMENT,1918.88,C1000020,244415.04,242496.16,M3784176,0,0,0,2026-01-08T12:36:46.226621,
TXN-00014256,330,CASH_OUT,10.0,C1000034,63452.84,63442.84,M2387762,0,0,0,2026-01-08T12:36:46.226688,
TXN-00014257,163,TRANSFER,2334.7,C1000069,0.0,0.0,M1134342,0,0,0,2026-01-08T12:36:46.226751,
TXN-00014258,152,PAYMENT,1965.85,C1000069,0.0,0.0,M1438765,0,0,0,2026-01-08T12:36:46.226813,
TXN-00014259,325,PAYMENT,19338.55,C1000079,0.0,0.0,M1723087,0,0,0,2026-01-08T12:36:46.226898,
TXN-00014260,334,PAYMENT,4883.6,C1000025,0.0,0.0,M6529193,0,0,0,2026-01-08T12:36:46.226988,
TXN-00014261,329,PAYMENT,3254.86,C1000091,0.0,0.0,M1034226,0,0,0,2026-01-08T12:36:46.227063,
TXN-00014262,311,TRANSFER,30764.77,C1000067,0.0,0.0,M6915282,0,0,0,2026-01-08T12:36:46.227135,
TXN-00014263,334,CASH_OUT,24569.65,C1000005,0.0,0.0,M1474423,0,0,1,2026-01-08T12:36:46.227174,rapid_succession
TXN-00014264,142,PAYMENT,17009.32,C1000076,0.0,0.0,M8442392,0,0,0,2026-01-08T12:36:46.227252,
TXN-00014265,300,PAYMENT,1954.15,C1000047,0.0,0.0,M7872883,0,0,0,2026-01-08T12:36:46.227340,
TXN-00014266,124,DEBIT,10.0,C1000085,0.0,0.0,M5797780,0,0,0,2026-01-08T12:36:46.227452,
TXN-00014267,158,PAYMENT,8588.06,C1000039,0.0,0.0,M9727328,0,0,0,2026-01-08T12:36:46.227539,
TXN-00014268,302,PAYMENT,11662.95,C1000054,0.0,0.0,M7846961,0,0,0,2026-01-08T12:36:46.227852,
TXN-00014269,127,TRANSFER,1515.65,C1000066,10.0,0.0,M9204829,0,0,0,2026-01-08T12:36:46.228000,
TXN-00014270,305,CASH_IN,3791.69,C1000091,0.0,3791.69,M3466624,0,0,0,2026-01-08T12:36:46.228107,
TXN-00014271,317,DEBIT,1840.74,C1000090,174609.47,172768.73,M8185750,0,0,0,2026-01-08T12:36:46.228211,
TXN-00014272,147,TRANSFER,96321.11,C1000050,0.0,0.0,M9067001,0,0,1,2026-01-08T12:36:46.228266,night_transaction
TXN-00014273,315,CASH_OUT,32888.06,C1000067,0.0,0.0,M8965138,0,0,0,2026-01-08T12:36:46.228384,
TXN-00014274,306,CASH_OUT,3160.4,C1000044,0.0,0.0,M1207886,0,0,0,2026-01-08T12:36:46.228522,
TXN-00014275,157,CASH_OUT,6127.52,C1000059,0.0,0.0,M4137806,0,0,0,2026-01-08T12:36:46.228807,
TXN-00014276,324,CASH_OUT,128.49,C1000075,436157.61,436029.12,M2259758,0,0,0,2026-01-08T12:36:46.229240,
TXN-00014277,331,PAYMENT,10.0,C1000098,195427.92,195417.92,M9786187,0,0,0,2026-01-08T12:36:46.229568,
TXN-00014278,167,PAYMENT,11991.45,C1000057,0.0,0.0,M2097873,0,0,0,2026-01-08T12:36:46.229663,
TXN-00014279,128,CASH_OUT,10.0,C1000047,0.0,0.0,M8007746,0,0,0,2026-01-08T12:36:46.229731,
TXN-00014280,136,CASH_OUT,523.44,C1000004,196647.37,196123.93,M8379058,0,0,0,2026-01-08T12:36:46.229791,
TXN-00014281,158,CASH_OUT,19281.39,C1000079,0.0,0.0,M8271042,0,0,0,2026-01-08T12:36:46.229852,
TXN-00014282,121,TRANSFER,30636.47,C1000067,0.0,0.0,M2384496,0,0,0,2026-01-08T12:36:46.229912,
TXN-00014283,120,TRANSFER,16935.18,C1000054,0.0,0.0,M8062228,0,0,0,2026-01-08T12:36:46.229980,
TXN-00014284,160,PAYMENT,8243.22,C1000040,0.0,0.0,M1792612,0,0,0,2026-01-08T12:36:46.230040,
TXN-00014285,120,PAYMENT,2481.58,C1000043,792.94,0.0,M7316821,0,0,0,2026-01-08T12:36:46.230097,
TXN-00014286,154,PAYMENT,20316.55,C1000035,0.0,0.0,M1075155,0,0,0,2026-01-08T12:36:46.230153,
TXN-00014287,167,CASH_OUT,6454.62,C1000049,0.0,0.0,M4638197,0,0,0,2026-01-08T12:36:46.230206,
TXN-00014288,293,CASH_OUT,10.0,C1000022,67.92,57.92,M6421897,0,0,0,2026-01-08T12:36:46.230278,
TXN-00014289,154,PAYMENT,2595.15,C1000028,0.0,0.0,M4301400,0,0,0,2026-01-08T12:36:46.230339,
TXN-00014290,293,PAYMENT,7615.35,C1000036,0.0,0.0,M7980866,0,0,0,2026-01-08T12:36:46.230396,
TXN-00014291,301,CASH_OUT,110293.83,C1000077,60802.92,0.0,M7177714,0,0,1,2026-01-08T12:36:46.230427,unusual_type
TXN-00014292,326,PAYMENT,7836.95,C1000036,0.0,0.0,M7321649,0,0,0,2026-01-08T12:36:46.230484,
TXN-00014293,137,CASH_OUT,90261.25,C1000038,0.0,0.0,M1773053,0,0,1,2026-01-08T12:36:46.230514,night_transaction
TXN-00014294,139,TRANSFER,10.0,C1000033,0.0,0.0,M5160034,0,0,0,2026-01-08T12:36:46.230576,
TXN-00014295,309,PAYMENT,4147.66,C1000027,0.0,0.0,M5803099,0,0,0,2026-01-08T12:36:46.230636,
TXN-00014296,323,TRANSFER,1132.31,C1000022,57.92,0.0,M3544563,0,0,0,2026-01-08T12:36:46.230792,
TXN-00014297,302,PAYMENT,2348.87,C1000002,228394.26,226045.4,M3338133,0,0,0,2026-01-08T12:36:46.230887,
TXN-00014298,304,PAYMENT,4996.04,C1000010,8534.53,3538.49,M1113976,0,0,0,2026-01-08T12:36:46.230985,
TXN-00014299,129,PAYMENT,337.26,C1000041,204866.3,204529.04,M2958553,0,0,0,2026-01-08T12:36:46.231054,
TXN-00014300,138,PAYMENT,4332.77,C1000084,0.0,0.0,M8093884,0,0,0,2026-01-08T12:36:46.231119,
TXN-00014301,136,PAYMENT,12287.58,C1000074,0.0,0.0,M1348393,0,0,0,2026-01-08T12:36:46.231201,
TXN-00014302,309,CASH_IN,2019.35,C1000017,21832.84,23852.19,M2450976,0,0,0,2026-01-08T12:36:46.231285,
TXN-00014303,133,PAYMENT,1459.5,C1000016,123916.85,122457.35,M4303673,0,0,0,2026-01-08T12:36:46.231348,
TXN-00014304,126,TRANSFER,16525.69,C1000064,0.0,0.0,M4315486,0,0,0,2026-01-08T12:36:46.231409,
TXN-00014305,313,PAYMENT,41.86,C1000008,191664.17,191622.31,M3882472,0,0,0,2026-01-08T12:36:46.231470,
TXN-00014306,147,CASH_OUT,8448.31,C1000036,0.0,0.0,M2862050,0,0,0,2026-01-08T12:36:46.231531,
TXN-00014307,144,TRANSFER,3057.4,C1000026,111083.95,108026.55,M3271474,0,0,0,2026-01-08T12:36:46.231589,
TXN-00014308,307,PAYMENT,2209.91,C1000070,0.0,0.0,M1852794,0,0,0,2026-01-08T12:36:46.231651,
TXN-00014309,128,TRANSFER,2332.8,C1000068,87083.84,84751.04,M7828689,0,0,0,2026-01-08T12:36:46.231721,
TXN-00014310,128,PAYMENT,18528.05,C1000095,0.0,0.0,M3677360,0,0,0,2026-01-08T12:36:46.231782,
TXN-00014311,304,TRANSFER,4259.38,C1000062,0.0,0.0,M5744751,0,0,0,2026-01-08T12:36:46.231840,
TXN-00014312,311,PAYMENT,846.92,C1000051,68112.86,67265.94,M2781450,0,0,0,2026-01-08T12:36:46.231900,
TXN-00014313,335,TRANSFER,1434.35,C1000008,191622.31,190187.96,M4622070,0,0,0,2026-01-08T12:36:46.232050,
TXN-00014314,148,PAYMENT,2367.2,C1000045,0.0,0.0,M3809988,0,0,0,2026-01-08T12:36:46.232146,
TXN-00014315,309,PAYMENT,10.0,C1000098,195417.92,195407.92,M7319702,0,0,0,2026-01-08T12:36:46.232269,
TXN-00014316,142,TRANSFER,2751.43,C1000043,0.0,0.0,M4627643,0,0,0,2026-01-08T12:36:46.232382,
TXN-00014317,319,CASH_IN,10522.8,C1000015,0.0,10522.8,M9191813,0,0,0,2026-01-08T12:36:46.232921,
TXN-00014318,296,TRANSFER,3103.31,C1000006,85952.15,82848.83,M2113254,0,0,0,2026-01-08T12:36:46.233087,
TXN-00014319,145,CASH_OUT,10.0,C1000023,4585.01,4575.01,M4989169,0,0,0,2026-01-08T12:36:46.233179,
TXN-00014320,144,PAYMENT,2545.59,C1000043,0.0,0.0,M5566984,0,0,0,2026-01-08T12:36:46.233249,
TXN-00014321,303,TRANSFER,54762.25,C1000000,0.0,0.0,M9002469,0,0,0,2026-01-08T12:36:46.233316,
TXN-00014322,164,PAYMENT,3291.04,C1000058,6612.92,3321.87,M9534652,0,0,0,2026-01-08T12:36:46.233381,
TXN-00014323,296,TRANSFER,13.36,C1000055,157601.33,157587.96,M9677809,0,0,0,2026-01-08T12:36:46.233448,
TXN-00014324,164,TRANSFER,8277.23,C1000036,0.0,0.0,M2957294,0,0,0,2026-01-08T12:36:46.233511,
TXN-00014325,305,CASH_OUT,4324.8,C1000045,0.0,0.0,M7355555,0,0,0,2026-01-08T12:36:46.233581,
TXN-00014326,163,DEBIT,3393.44,C1000029,0.0,0.0,M1836356,0,0,0,2026-01-08T12:36:46.233644,
TXN-00014327,121,PAYMENT,6219.37,C1000003,10449.78,4230.41,M6186204,0,0,0,2026-01-08T12:36:46.233704,
TXN-00014328,290,CASH_OUT,301.49,C1000085,0.0,0.0,M3823620,0,0,0,2026-01-08T12:36:46.233795,
TXN-00014329,319,TRANSFER,34763.96,C1000073,0.0,0.0,M8282240,0,0,0,2026-01-08T12:36:46.233889,
TXN-00014330,295,PAYMENT,6993.2,C1000011,0.0,0.0,M3094342,0,0,0,2026-01-08T12:36:46.233969,
TXN-00014331,327,TRANSFER,101822.22,C1000055,157587.96,52112.95,M3918461,0,0,1,2026-01-08T12:36:46.234081,balance_mismatch
TXN-00014332,327,TRANSFER,10.0,C1000060,54452.1,54442.1,M1296146,0,0,0,2026-01-08T12:36:46.234147,
TXN-00014333,317,TRANSFER,1016.15,C1000022,0.0,0.0,M6923651,0,0,0,2026-01-08T12:36:46.234320,
TXN-00014334,306,TRANSFER,10806.32,C1000015,10522.8,0.0,M5658815,0,0,0,2026-01-08T12:36:46.234457,
TXN-00014335,134,TRANSFER,7648.19,C1000099,0.0,0.0,M6335697,0,0,0,2026-01-08T12:36:46.234539,
TXN-00014336,300,PAYMENT,6388.65,C1000047,0.0,0.0,M7206950,0,0,0,2026-01-08T12:36:46.234608,
TXN-00014337,304,PAYMENT,1958.53,C1000017,23852.19,21893.66,M4928022,0,0,0,2026-01-08T12:36:46.234671,
TXN-00014338,142,TRANSFER,555.44,C1000002,226045.4,225489.95,M9401621,0,0,0,2026-01-08T12:36:46.234735,
TXN-00014339,292,CASH_OUT,7815.51,C1000049,0.0,0.0,M1337758,0,0,0,2026-01-08T12:36:46.234800,
TXN-00014340,305,CASH_OUT,20599.26,C1000019,0.0,0.0,M7149008,0,0,0,2026-01-08T12:36:46.234861,
TXN-00014341,297,PAYMENT,1370.01,C1000094,166221.55,164851.54,M1579524,0,0,0,2026-01-08T12:36:46.234935,
TXN-00014342,157,CASH_OUT,6985.41,C1000058,3321.87,0.0,M5034712,0,0,0,2026-01-08T12:36:46.235010,
TXN-00014343,326,PAYMENT,37767.75,C1000012,0.0,0.0,M9296609,0,0,0,2026-01-08T12:36:46.235073,
TXN-00014344,154,PAYMENT,1283.61,C1000071,134662.33,133378.72,M9136726,0,0,0,2026-01-08T12:36:46.235133,
TXN-00014345,133,PAYMENT,3318.97,C1000021,0.0,0.0,M1226567,0,0,0,2026-01-08T12:36:46.235195,
TXN-00014346,134,TRANSFER,924.11,C1000066,0.0,0.0,M2348379,0,0,0,2026-01-08T12:36:46.235259,
TXN-00014347,139,PAYMENT,2240.96,C1000084,0.0,0.0,M9865653,0,0,0,2026-01-08T12:36:46.235325,
TXN-00014348,139,TRANSFER,68349.3,C1000040,0.0,-67920.62,M4303971,0,0,1,2026-01-08T12:36:46.235371,balance_mismatch
TXN-00014349,329,PAYMENT,10.0,C1000014,171912.35,171902.35,M8300519,0,0,0,2026-01-08T12:36:46.235450,
TXN-00014350,141,CASH_OUT,5318.02,C1000025,0.0,0.0,M5447375,0,0,0,2026-01-08T12:36:46.235515,
TXN-00014351,327,CASH_OUT,7806.67,C1000013,0.0,0.0,M9889743,0,0,0,2026-01-08T12:36:46.235603,
TXN-00014352,132,TRANSFER,10.0,C1000033,0.0,0.0,M9679131,0,0,0,2026-01-08T12:36:46.235689,
TXN-00014353,311,PAYMENT,1650.52,C1000007,25459.8,23809.29,M1690170,0,0,0,2026-01-08T12:36:46.235766,
TXN-00014354,126,CASH_OUT,1289.7,C1000041,204529.04,203239.34,M5520206,0,0,0,2026-01-08T12:36:46.235835,
TXN-00014355,155,PAYMENT,13760.98,C1000063,0.0,0.0,M4461853,0,0,0,2026-01-08T12:36:46.235900,
TXN-00014356,151,PAYMENT,19897.29,C1000019,0.0,0.0,M2666919,0,0,0,2026-01-08T12:36:46.235964,
TXN-00014357,310,CASH_OUT,1260.28,C1000014,171902.35,170642.08,M4031772,0,0,0,2026-01-08T12:36:46.236030,
TXN-00014358,130,PAYMENT,17596.19,C1000024,0.0,0.0,M1662480,0,0,0,2026-01-08T12:36:46.236093,
TXN-00014359,306,PAYMENT,613.84,C1000041,203239.34,202625.5,M7999529,0,0,0,2026-01-08T12:36:46.236154,
TXN-00014360,165,CASH_OUT,52214.8,C1000025,0.0,0.0,M7562897,0,0,1,2026-01-08T12:36:46.236189,large_amount
TXN-00014361,296,CASH_OUT,16877.19,C1000093,0.0,0.0,M1355754,0,0,0,2026-01-08T12:36:46.236255,
TXN-00014362,140,PAYMENT,23803.35,C1000037,0.0,0.0,M8945033,0,0,0,2026-01-08T12:36:46.236319,
TXN-00014363,135,PAYMENT,22581.31,C1000035,0.0,0.0,M3235904,0,0,0,2026-01-08T12:36:46.236378,
TXN-00014364,288,TRANSFER,25054.94,C1000037,0.0,0.0,M6337104,0,0,0,2026-01-08T12:36:46.236437,
TXN-00014365,162,CASH_OUT,10.0,C1000047,0.0,0.0,M3146213,0,0,0,2026-01-08T12:36:46.236496,
TXN-00014366,130,CASH_OUT,68026.22,C1000064,0.0,0.0,M1955430,0,0,0,2026-01-08T12:36:46.236555,
TXN-00014367,289,CASH_OUT,970.64,C1000007,23809.29,22838.65,M1835075,0,0,0,2026-01-08T12:36:46.236624,
TXN-00014368,147,CASH_OUT,8658.46,C1000031,0.0,0.0,M1688000,0,0,0,2026-01-08T12:36:46.236691,
TXN-00014369,304,DEBIT,211.0,C1000009,125518.51,125307.51,M4046029,0,0,0,2026-01-08T12:36:46.236754,
TXN-00014370,316,CASH_OUT,33021.83,C1000067,0.0,0.0,M3917956,0,0,0,2026-01-08T12:36:46.236818,
TXN-00014371,150,TRANSFER,247.62,C1000077,60802.92,60555.3,M7219686,0,0,0,2026-01-08T12:36:46.236878,
TXN-00014372,131,PAYMENT,1861.41,C1000089,115140.91,113279.5,M5993236,0,0,0,2026-01-08T12:36:46.236938,
TXN-00014373,291,DEBIT,1112.0,C1000044,0.0,0.0,M1279651,0,0,0,2026-01-08T12:36:46.236998,
TXN-00014374,141,DEBIT,1785.23,C1000098,195407.92,193622.68,M7923729,0,0,0,2026-01-08T12:36:46.237056,
TXN-00014375,331,DEBIT,891.74,C1000083,175845.53,174953.79,M1457166,0,0,0,2026-01-08T12:36:46.237117,
TXN-00014376,333,DEBIT,581.35,C1000071,133378.72,132797.37,M8650496,0,0,0,2026-01-08T12:36:46.237178,
TXN-00014377,322,PAYMENT,17691.75,C1000079,0.0,0.0,M3498033,0,0,0,2026-01-08T12:36:46.237239,
TXN-00014378,133,TRANSFER,34652.18,C1000073,0.0,0.0,M9523081,0,0,0,2026-01-08T12:36:46.237297,
TXN-00014379,134,PAYMENT,1337.82,C1000021,0.0,0.0,M1744750,0,0,0,2026-01-08T12:36:46.237355,
TXN-00014380,314,TRANSFER,10.0,C1000098,193622.68,193612.68,M1334754,0,0,0,2026-01-08T12:36:46.237413,
TXN-00014381,311,CASH_OUT,8309.56,C1000013,0.0,0.0,M8800371,0,0,0,2026-01-08T12:36:46.237473,
TXN-00014382,288,TRANSFER,857.56,C1000094,164851.54,163993.97,M4115468,0,0,0,2026-01-08T12:36:46.237530,
TXN-00014383,333,CASH_IN,1953.21,C1000008,190187.96,192141.18,M6446486,0,0,0,2026-01-08T12:36:46.237589,
TXN-00014384,157,TRANSFER,2968.67,C1000096,159294.16,156325.49,M9793108,0,0,0,2026-01-08T12:36:46.237648,
TXN-00014385,153,CASH_OUT,10.0,C1000055,157587.96,157577.96,M8247360,0,0,0,2026-01-08T12:36:46.237708,
TXN-00014386,323,PAYMENT,4618.16,C1000065,0.0,0.0,M5861606,0,0,0,2026-01-08T12:36:46.237766,
TXN-00014387,318,PAYMENT,3664.88,C1000065,0.0,0.0,M7951870,0,0,0,2026-01-08T12:36:46.237823,
TXN-00014388,160,TRANSFER,1275.17,C1000041,202625.5,201350.34,M3749061,0,0,0,2026-01-08T12:36:46.237881,
TXN-00014389,133,CASH_OUT,10.0,C1000022,0.0,0.0,M6632106,0,0,0,2026-01-08T12:36:46.237945,
TXN-00014390,297,TRANSFER,2750.04,C1000091,3791.69,1041.65,M5825853,0,0,0,2026-01-08T12:36:46.238001,
TXN-00014391,332,PAYMENT,10.0,C1000029,0.0,0.0,M6842348,0,0,0,2026-01-08T12:36:46.238057,
TXN-00014392,146,TRANSFER,1660.73,C1000048,192625.68,190964.95,M5109972,0,0,0,2026-01-08T12:36:46.238112,
TXN-00014393,310,PAYMENT,4321.72,C1000038,0.0,0.0,M6555559,0,0,0,2026-01-08T12:36:46.238177,
TXN-00014394,165,PAYMENT,4796.28,C1000091,1041.65,0.0,M2453313,0,0,0,2026-01-08T12:36:46.238234,
TXN-00014395,302,DEBIT,8395.46,C1000064,0.0,0.0,M5445995,0,0,0,2026-01-08T12:36:46.238291,
TXN-00014396,315,PAYMENT,10.0,C1000051,67265.94,67255.94,M4975870,0,0,0,2026-01-08T12:36:46.238346,
TXN-00014397,319,CASH_OUT,20327.72,C1000024,0.0,0.0,M4558497,0,0,0,2026-01-08T12:36:46.238404,
TXN-00014398,156,TRANSFER,39418.09,C1000012,0.0,0.0,M9355401,0,0,0,2026-01-08T12:36:46.238460,
TXN-00014399,324,PAYMENT,7568.52,C1000082,0.0,0.0,M7122834,0,0,0,2026-01-08T12:36:46.238520,
TXN-00014400,139,TRANSFER,7379.96,C1000099,0.0,0.0,M3040641,0,0,0,2026-01-08T12:36:46.238568,
TXN-00014401,332,CASH_OUT,17653.59,C1000076,0.0,0.0,M8657396,0,0,0,2026-01-08T12:36:46.238619,
TXN-00014402,161,TRANSFER,2968.2,C1000085,0.0,0.0,M1883792,0,0,0,2026-01-08T12:36:46.238670,
TXN-00014403,138,PAYMENT,5500.19,C1000049,0.0,0.0,M9764491,0,0,0,2026-01-08T12:36:46.238710,
TXN-00014404,143,PAYMENT,24462.01,C1000037,0.0,0.0,M6494593,0,0,0,2026-01-08T12:36:46.238748,
TXN-00014405,155,TRANSFER,99.19,C1000075,436029.12,435929.93,M9610184,0,0,0,2026-01-08T12:36:46.238785,
TXN-00014406,131,DEBIT,6638.81,C1000047,0.0,0.0,M9102437,0,0,0,2026-01-08T12:36:46.238825,
TXN-00014407,151,PAYMENT,123.57,C1000021,0.0,0.0,M8622223,0,0,0,2026-01-08T12:36:46.238863,
TXN-00014408,138,DEBIT,2169.12,C1000020,242496.16,240327.04,M9665171,0,0,0,2026-01-08T12:36:46.238902,
TXN-00014409,145,TRANSFER,1300.43,C1000077,60555.3,59254.87,M8299401,0,0,0,2026-01-08T12:36:46.238941,
TXN-00014410,132,PAYMENT,4228.24,C1000052,0.0,0.0,M8319385,0,0,0,2026-01-08T12:36:46.238980,
TXN-00014411,291,CASH_IN,2073.83,C1000044,0.0,2073.83,M9415807,0,0,0,2026-01-08T12:36:46.239018,
TXN-00014412,325,PAYMENT,7494.63,C1000033,0.0,0.0,M8422838,0,0,0,2026-01-08T12:36:46.239057,
TXN-00014413,159,CASH_OUT,3936.96,C1000084,0.0,0.0,M2770303,0,0,0,2026-01-08T12:36:46.239099,
TXN-00014414,327,TRANSFER,1816.14,C1000018,125264.95,123448.81,M9819687,0,0,0,2026-01-08T12:36:46.239161,
TXN-00014415,130,CASH_IN,1325.84,C1000070,0.0,1325.84,M2347401,0,0,0,2026-01-08T12:36:46.239220,
TXN-00014416,314,CASH_OUT,1101.76,C1000008,192141.18,191039.42,M9229302,0,0,0,2026-01-08T12:36:46.239288,
TXN-00014417,322,DEBIT,5781.98,C1000003,4230.41,0.0,M3422712,0,0,0,2026-01-08T12:36:46.239348,
TXN-00014418,313,PAYMENT,6120.73,C1000046,0.0,0.0,M8444302,0,0,0,2026-01-08T12:36:46.239404,
TXN-00014419,302,PAYMENT,1313.94,C1000084,0.0,0.0,M5776788,0,0,0,2026-01-08T12:36:46.239461,
TXN-00014420,162,PAYMENT,5084.6,C1000032,0.0,0.0,M4079406,0,0,0,2026-01-08T12:36:46.239517,
TXN-00014421,166,PAYMENT,1127.97,C1000051,67255.94,66127.97,M4380958,0,0,0,2026-01-08T12:36:46.239569,
TXN-00014422,126,CASH_OUT,5868.21,C1000059,0.0,0.0,M7132726,0,0,0,2026-01-08T12:36:46.239648,
TXN-00014423,297,PAYMENT,21523.66,C1000019,0.0,0.0,M4936082,0,0,0,2026-01-08T12:36:46.239861,
TXN-00014424,126,TRANSFER,5885.71,C1000046,0.0,0.0,M3912830,0,0,0,2026-01-08T12:36:46.239946,
TXN-00014425,321,PAYMENT,11447.27,C1000054,0.0,0.0,M9806461,0,0,0,2026-01-08T12:36:46.240009,
TXN-00014426,303,TRANSFER,9803.42,C1000092,0.0,0.0,M3842991,0,0,0,2026-01-08T12:36:46.240066,
TXN-00014427,325,PAYMENT,17042.14,C1000079,0.0,0.0,M2642917,0,0,0,2026-01-08T12:36:46.240126,
TXN-00014428,307,TRANSFER,30754.76,C1000067,0.0,0.0,M7763058,0,0,0,2026-01-08T12:36:46.240406,
TXN-00014429,333,TRANSFER,1144.46,C1000034,63442.84,62298.38,M4740768,0,0,0,2026-01-08T12:36:46.240782,
TXN-00014430,165,PAYMENT,1676.24,C1000086,103425.72,101749.49,M2416630,0,0,0,2026-01-08T12:36:46.240905,
TXN-00014431,121,PAYMENT,3313.91,C1000062,0.0,0.0,M1714414,0,0,0,2026-01-08T12:36:46.241113,
TXN-00014432,160,PAYMENT,1188.82,C1000044,2073.83,885.01,M2886188,0,0,0,2026-01-08T12:36:46.241260,
TXN-00014433,325,TRANSFER,26673.22,C1000095,0.0,0.0,M8954311,0,0,0,2026-01-08T12:36:46.241351,
TXN-00014434,301,PAYMENT,390.17,C1000094,163993.97,163603.8,M4019626,0,0,0,2026-01-08T12:36:46.241515,
TXN-00014435,330,PAYMENT,17225.97,C1000079,0.0,0.0,M4280276,0,0,0,2026-01-08T12:36:46.241752,
TXN-00014436,306,DEBIT,866.05,C1000016,122457.35,121591.31,M1034428,0,0,0,2026-01-08T12:36:46.241895,
TXN-00014437,125,PAYMENT,3445.27,C1000043,0.0,0.0,M6488520,0,0,0,2026-01-08T12:36:46.242036,
TXN-00014438,319,CASH_OUT,3829.25,C1000021,0.0,0.0,M2035373,0,0,0,2026-01-08T12:36:46.242145,
TXN-00014439,163,TRANSFER,72829.3,C1000047,0.0,-73293.45,M6718449,0,0,1,2026-01-08T12:36:46.242196,balance_mismatch
TXN-00014440,138,DEBIT,3369.62,C1000074,0.0,0.0,M4669901,0,0,0,2026-01-08T12:36:46.242345,
TXN-00014441,146,TRANSFER,10.0,C1000082,0.0,0.0,M1054873,0,0,0,2026-01-08T12:36:46.242477,
TXN-00014442,136,CASH_OUT,10.0,C1000061,221750.53,221740.53,M8359810,0,0,0,2026-01-08T12:36:46.243165,
TXN-00014443,151,CASH_OUT,1133.27,C1000051,66127.97,64994.7,M5754047,0,0,0,2026-01-08T12:36:46.243408,
TXN-00014444,332,TRANSFER,112479.97,C1000088,0.0,-107727.99,M6891489,0,0,1,2026-01-08T12:36:46.243482,balance_mismatch
TXN-00014445,134,TRANSFER,25708.12,C1000095,0.0,0.0,M8296930,0,0,0,2026-01-08T12:36:46.243603,
TXN-00014446,305,TRANSFER,479.07,C1000083,174953.79,174474.72,M5318810,0,0,0,2026-01-08T12:36:46.243727,
TXN-00014447,164,PAYMENT,19948.6,C1000035,0.0,0.0,M2695673,0,0,0,2026-01-08T12:36:46.243833,
TXN-00014448,301,TRANSFER,10165.03,C1000092,0.0,0.0,M1362485,0,0,0,2026-01-08T12:36:46.243928,
TXN-00014449,307,CASH_OUT,937.3,C1000068,84751.04,83813.74,M5679697,0,0,0,2026-01-08T12:36:46.244044,
TXN-00014450,121,TRANSFER,47892.72,C1000053,0.0,0.0,M6925161,0,0,0,2026-01-08T12:36:46.244137,
TXN-00014451,329,TRANSFER,773.63,C1000016,121591.31,120817.68,M1703622,0,0,0,2026-01-08T12:36:46.244217,
TXN-00014452,122,CASH_OUT,986.01,C1000089,113279.5,112293.49,M6657079,0,0,0,2026-01-08T12:36:46.244292,
TXN-00014453,330,PAYMENT,1418.91,C1000068,83813.74,82394.83,M1074957,0,0,0,2026-01-08T12:36:46.244372,
TXN-00014454,331,PAYMENT,2130.05,C1000021,0.0,0.0,M1978532,0,0,0,2026-01-08T12:36:46.244575,
TXN-00014455,310,CASH_IN,26472.19,C1000056,0.0,26472.19,M6338458,0,0,0,2026-01-08T12:36:46.244935,
TXN-00014456,135,TRANSFER,10928.36,C1000015,0.0,0.0,M7217839,0,0,0,2026-01-08T12:36:46.245305,
TXN-00014457,323,TRANSFER,4011.53,C1000072,0.0,0.0,M4874878,0,0,0,2026-01-08T12:36:46.245666,
TXN-00014458,325,PAYMENT,10.0,C1000040,0.0,0.0,M9294011,0,0,0,2026-01-08T12:36:46.245825,
TXN-00014459,161,CASH_OUT,1241.88,C1000016,120817.68,119575.8,M4446469,0,0,0,2026-01-08T12:36:46.245944,
TXN-00014460,165,TRANSFER,10.0,C1000089,112293.49,112283.49,M7085556,0,0,0,2026-01-08T12:36:46.246035,
TXN-00014461,309,PAYMENT,2350.9,C1000069,0.0,0.0,M6407973,0,0,0,2026-01-08T12:36:46.246121,
TXN-00014462,142,CASH_IN,10.0,C1000009,125307.51,125317.51,M2118374,0,0,0,2026-01-08T12:36:46.246223,
TXN-00014463,129,PAYMENT,29659.36,C1000067,0.0,0.0,M4264233,0,0,0,2026-01-08T12:36:46.246297,
TXN-00014464,310,TRANSFER,22301.26,C1000024,0.0,0.0,M1902522,0,0,0,2026-01-08T12:36:46.246361,
TXN-00014465,148,TRANSFER,10097.45,C1000092,0.0,0.0,M4679317,0,0,0,2026-01-08T12:36:46.246427,
TXN-00014466,305,TRANSFER,4299.48,C1000097,0.0,0.0,M4952403,0,0,0,2026-01-08T12:36:46.246490,
TXN-00014467,292,DEBIT,2362.56,C1000045,0.0,0.0,M3992524,0,0,0,2026-01-08T12:36:46.246554,
TXN-00014468,299,DEBIT,3650.44,C1000030,0.0,0.0,M4732989,0,0,0,2026-01-08T12:36:46.246614,
TXN-00014469,288,PAYMENT,1371.38,C1000029,0.0,0.0,M3075050,0,0,0,2026-01-08T12:36:46.246673,
TXN-00014470,140,TRANSFER,7389.67,C1000074,0.0,0.0,M7849073,0,0,0,2026-01-08T12:36:46.246732,
TXN-00014471,125,TRANSFER,4123.06,C1000065,0.0,0.0,M4660341,0,0,0,2026-01-08T12:36:46.246792,
TXN-00014472,314,PAYMENT,10.0,C1000023,4575.01,4565.01,M9200498,0,0,0,2026-01-08T12:36:46.246882,
TXN-00014473,306,CASH_OUT,1056.79,C1000072,0.0,0.0,M8717224,0,0,0,2026-01-08T12:36:46.246956,
TXN-00014474,303,CASH_OUT,10.0,C1000064,0.0,0.0,M4572534,0,0,0,2026-01-08T12:36:46.247003,
TXN-00014475,122,PAYMENT,173401.32,C1000050,0.0,0.0,M6941152,0,0,0,2026-01-08T12:36:46.247043,
TXN-00014476,331,PAYMENT,24062.04,C1000037,0.0,0.0,M9881930,0,0,0,2026-01-08T12:36:46.247094,
TXN-00014477,144,TRANSFER,98614.73,C1000086,101749.49,625.49,M3816809,0,0,1,2026-01-08T12:36:46.247129,balance_mismatch
TXN-00014478,335,PAYMENT,819.15,C1000066,0.0,0.0,M6987143,0,0,0,2026-01-08T12:36:46.247195,
TXN-00014479,330,PAYMENT,6624.6,C1000054,0.0,0.0,M7776612,0,0,0,2026-01-08T12:36:46.247248,
TXN-00014480,292,PAYMENT,10.0,C1000080,0.0,0.0,M1927805,0,0,0,2026-01-08T12:36:46.247301,
TXN-00014481,305,CASH_OUT,154194.89,C1000064,0.0,0.0,M7010114,0,0,1,2026-01-08T12:36:46.247324,large_amount
TXN-00014482,146,PAYMENT,10.0,C1000061,221740.53,221730.53,M4606068,0,0,0,2026-01-08T12:36:46.247370,
TXN-00014483,123,PAYMENT,13.02,C1000066,0.0,0.0,M1361439,0,0,0,2026-01-08T12:36:46.247411,
TXN-00014484,135,PAYMENT,18571.05,C1000079,0.0,0.0,M6988973,0,0,0,2026-01-08T12:36:46.247453,
TXN-00014485,310,PAYMENT,6123.87,C1000059,0.0,0.0,M4930811,0,0,0,2026-01-08T12:36:46.247493,
TXN-00014486,326,CASH_OUT,5740.4,C1000003,0.0,0.0,M8222662,0,0,0,2026-01-08T12:36:46.247546,
TXN-00014487,329,CASH_OUT,3957.51,C1000045,0.0,0.0,M3730369,0,0,0,2026-01-08T12:36:46.247607,
TXN-00014488,335,CASH_OUT,2083.22,C1000030,0.0,0.0,M1671943,0,0,0,2026-01-08T12:36:46.247665,
TXN-00014489,292,CASH_OUT,9497.61,C1000013,0.0,0.0,M2232427,0,0,0,2026-01-08T12:36:46.247721,
TXN-00014490,301,PAYMENT,20590.78,C1000079,0.0,0.0,M2978537,0,0,0,2026-01-08T12:36:46.247776,
TXN-00014491,308,CASH_OUT,6375.46,C1000088,0.0,0.0,M3333667,0,0,0,2026-01-08T12:36:46.247835,
TXN-00014492,291,TRANSFER,1117.96,C1000016,119575.8,118457.84,M2601465,0,0,0,2026-01-08T12:36:46.247885,
TXN-00014493,300,TRANSFER,26356.02,C1000035,0.0,0.0,M4779569,0,0,1,2026-01-08T12:36:46.247980,rapid_succession
TXN-00014494,306,PAYMENT,10.0,C1000014,170642.08,170632.08,M2544118,0,0,0,2026-01-08T12:36:46.248091,
TXN-00014495,309,TRANSFER,20032.62,C1000019,0.0,0.0,M8387061,0,0,0,2026-01-08T12:36:46.248173,
TXN-00014496,135,DEBIT,1857.57,C1000033,0.0,0.0,M9659327,0,0,0,2026-01-08T12:36:46.248417,
TXN-00014497,312,PAYMENT,5755.94,C1000013,0.0,0.0,M1358782,0,0,0,2026-01-08T12:36:46.248513,
TXN-00014498,151,DEBIT,7334.18,C1000031,0.0,0.0,M1010331,0,0,0,2026-01-08T12:36:46.248585,
TXN-00014499,147,TRANSFER,6121.65,C1000088,0.0,0.0,M3630076,0,0,0,2026-01-08T12:36:46.248651,
TXN-00014500,128,CASH_OUT,2571.21,C1000021,0.0,0.0,M8436074,0,0,0,2026-01-08T12:36:46.248718,
TXN-00014501,305,TRANSFER,68853.26,C1000087,54827.66,-12280.93,M3136652,0,0,1,2026-01-08T12:36:46.248755,balance_mismatch
TXN-00014502,167,PAYMENT,10.0,C1000061,221730.53,221720.53,M4651697,0,0,0,2026-01-08T12:36:46.248826,
TXN-00014503,323,CASH_OUT,1164.46,C1000083,174474.72,173310.26,M4091278,0,0,0,2026-01-08T12:36:46.248890,
TXN-00014504,311,PAYMENT,1893.99,C1000018,123448.81,121554.82,M9275649,0,0,0,2026-01-08T12:36:46.248953,
TXN-00014505,325,PAYMENT,11321.68,C1000031,0.0,0.0,M3404719,0,0,0,2026-01-08T12:36:46.249016,
TXN-00014506,318,TRANSFER,4348.35,C1000029,0.0,0.0,M7832411,0,0,0,2026-01-08T12:36:46.249080,
TXN-00014507,295,PAYMENT,10.0,C1000038,0.0,0.0,M1792262,0,0,0,2026-01-08T12:36:46.249144,
TXN-00014508,148,PAYMENT,8403.08,C1000039,0.0,0.0,M9574730,0,0,0,2026-01-08T12:36:46.249205,
TXN-00014509,295,PAYMENT,1879.59,C1000090,172768.73,170889.14,M3013401,0,0,0,2026-01-08T12:36:46.249269,
TXN-00014510,131,TRANSFER,314.88,C1000077,59254.87,58940.0,M2461247,0,0,0,2026-01-08T12:36:46.249335,
TXN-00014511,124,PAYMENT,1417.9,C1000002,225489.95,224072.05,M5680568,0,0,0,2026-01-08T12:36:46.249403,
TXN-00014512,138,TRANSFER,1647.01,C1000066,0.0,0.0,M2783950,0,0,0,2026-01-08T12:36:46.249483,
TXN-00014513,140,CASH_OUT,172790.75,C1000050,0.0,0.0,M1742951,0,0,0,2026-01-08T12:36:46.249548,
TXN-00014514,293,DEBIT,490.86,C1000021,0.0,0.0,M2108524,0,0,0,2026-01-08T12:36:46.249611,
TXN-00014515,317,CASH_IN,54705.08,C1000000,0.0,54705.08,M4508267,0,0,0,2026-01-08T12:36:46.249678,
TXN-00014516,312,PAYMENT,16720.67,C1000079,0.0,0.0,M1494251,0,0,0,2026-01-08T12:36:46.249743,
TXN-00014517,139,PAYMENT,4119.61,C1000027,0.0,0.0,M3780718,0,0,0,2026-01-08T12:36:46.249808,
TXN-00014518,154,CASH_OUT,4099.24,C1000044,885.01,0.0,M8437825,0,0,0,2026-01-08T12:36:46.249873,
TXN-00014519,322,PAYMENT,4937.96,C1000074,0.0,0.0,M1184014,0,0,0,2026-01-08T12:36:46.249940,
TXN-00014520,295,PAYMENT,3153.66,C1000030,0.0,0.0,M9287428,0,0,0,2026-01-08T12:36:46.250005,
TXN-00014521,288,TRANSFER,477.57,C1000034,62298.38,61820.81,M4603819,0,0,0,2026-01-08T12:36:46.250073,
TXN-00014522,308,CASH_OUT,17667.79,C1000019,0.0,0.0,M1865053,0,0,0,2026-01-08T12:36:46.250141,
TXN-00014523,309,CASH_OUT,2484.66,C1000041,201350.34,198865.67,M4968351,0,0,0,2026-01-08T12:36:46.250206,
TXN-00014524,324,PAYMENT,6259.37,C1000088,0.0,0.0,M1582375,0,0,0,2026-01-08T12:36:46.250272,
TXN-00014525,129,CASH_OUT,466.95,C1000016,118457.84,117990.89,M7895211,0,0,0,2026-01-08T12:36:46.250339,
TXN-00014526,129,PAYMENT,10.0,C1000098,193612.68,193602.68,M2667387,0,0,0,2026-01-08T12:36:46.250405,
TXN-00014527,301,CASH_OUT,10.0,C1000060,54442.1,54432.1,M1064412,0,0,0,2026-01-08T12:36:46.250476,
TXN-00014528,302,TRANSFER,10.0,C1000064,0.0,0.0,M2927170,0,0,0,2026-01-08T12:36:46.250541,
TXN-00014529,134,TRANSFER,2073.47,C1000017,21893.66,19820.2,M5051696,0,0,0,2026-01-08T12:36:46.250605,
TXN-00014530,134,CASH_OUT,7868.02,C1000031,0.0,0.0,M2796248,0,0,0,2026-01-08T12:36:46.250672,
TXN-00014531,301,TRANSFER,138413.68,C1000057,0.0,-134346.46,M5826999,0,0,1,2026-01-08T12:36:46.250709,balance_mismatch
TXN-00014532,131,CASH_OUT,2602.13,C1000082,0.0,0.0,M4935386,0,0,0,2026-01-08T12:36:46.250782,
TXN-00014533,136,TRANSFER,4950.77,C1000003,0.0,0.0,M2546461,0,0,0,2026-01-08T12:36:46.250854,
TXN-00014534,309,PAYMENT,13323.7,C1000063,0.0,0.0,M4850737,0,0,0,2026-01-08T12:36:46.250921,
TXN-00014535,149,CASH_OUT,8611.27,C1000031,0.0,0.0,M5040688,0,0,0,2026-01-08T12:36:46.250988,
TXN-00014536,302,PAYMENT,6129.32,C1000046,0.0,0.0,M6074168,0,0,0,2026-01-08T12:36:46.251053,
TXN-00014537,160,DEBIT,10.0,C1000080,0.0,0.0,M8638441,0,0,0,2026-01-08T12:36:46.251118,
TXN-00014538,127,CASH_IN,1928.89,C1000007,22838.65,24767.54,M9367927,0,0,0,2026-01-08T12:36:46.251183,
TXN-00014539,154,PAYMENT,26596.44,C1000056,26472.19,0.0,M8348185,0,0,0,2026-01-08T12:36:46.251257,
TXN-00014540,148,PAYMENT,962.9,C1000081,68934.55,67971.66,M8475849,0,0,0,2026-01-08T12:36:46.251326,
TXN-00014541,165,TRANSFER,13322.68,C1000054,0.0,0.0,M5408143,0,0,0,2026-01-08T12:36:46.251394,
TXN-00014542,298,DEBIT,844.75,C1000023,4565.01,3720.26,M1455333,0,0,0,2026-01-08T12:36:46.251481,
TXN-00014543,138,TRANSFER,4397.09,C1000027,0.0,0.0,M1100090,0,0,0,2026-01-08T12:36:46.251553,
TXN-00014544,149,TRANSFER,17849.34,C1000093,0.0,0.0,M4897927,0,0,0,2026-01-08T12:36:46.251623,
TXN-00014545,141,PAYMENT,12.87,C1000089,112283.49,112270.62,M9914904,0,0,0,2026-01-08T12:36:46.251688,
TXN-00014546,296,TRANSFER,3704.43,C1000096,156325.49,152621.06,M2640314,0,0,0,2026-01-08T12:36:46.251758,
TXN-00014547,123,CASH_OUT,1254.87,C1000034,61820.81,60565.94,M4880547,0,0,0,2026-01-08T12:36:46.251837,
TXN-00014548,128,DEBIT,5082.81,C1000057,0.0,0.0,M2132937,0,0,0,2026-01-08T12:36:46.251914,
TXN-00014549,298,PAYMENT,17511.23,C1000093,0.0,0.0,M3100965,0,0,0,2026-01-08T12:36:46.251979,
TXN-00014550,165,PAYMENT,5117.6,C1000032,0.0,0.0,M5533454,0,0,0,2026-01-08T12:36:46.252039,
TXN-00014551,304,DEBIT,10.0,C1000055,157577.96,157567.96,M1278408,0,0,0,2026-01-08T12:36:46.252101,
TXN-00014552,127,CASH_OUT,40795.85,C1000042,0.0,0.0,M2667161,0,0,0,2026-01-08T12:36:46.252163,
TXN-00014553,132,CASH_OUT,48926.87,C1000053,0.0,0.0,M8463000,0,0,0,2026-01-08T12:36:46.252228,
TXN-00014554,145,PAYMENT,1605.45,C1000086,101749.49,100144.03,M3017236,0,0,0,2026-01-08T12:36:46.252297,
TXN-00014555,142,TRANSFER,6912.57,C1000011,0.0,0.0,M9982254,0,0,0,2026-01-08T12:36:46.252365,
TXN-00014556,304,DEBIT,10.0,C1000098,193602.68,193592.68,M6016939,0,0,0,2026-01-08T12:36:46.252435,
TXN-00014557,129,PAYMENT,173058.83,C1000050,0.0,0.0,M8478994,0,0,0,2026-01-08T12:36:46.252617,
TXN-00014558,145,DEBIT,6652.76,C1000052,0.0,0.0,M6996414,0,0,0,2026-01-08T12:36:46.252749,
TXN-00014559,136,PAYMENT,38017.26,C1000012,0.0,0.0,M2916231,0,0,0,2026-01-08T12:36:46.252825,
TXN-00014560,320,TRANSFER,672.5,C1000040,0.0,0.0,M3717460,0,0,0,2026-01-08T12:36:46.253001,
TXN-00014561,140,PAYMENT,224.49,C1000083,173310.26,173085.78,M5433530,0,0,0,2026-01-08T12:36:46.253131,
TXN-00014562,331,CASH_OUT,49371.16,C1000064,0.0,0.0,M8211660,0,0,0,2026-01-08T12:36:46.253290,
TXN-00014563,134,DEBIT,24683.06,C1000037,0.0,0.0,M6167718,0,0,0,2026-01-08T12:36:46.253447,
TXN-00014564,311,PAYMENT,17649.21,C1000076,0.0,0.0,M6457484,0,0,0,2026-01-08T12:36:46.253568,
TXN-00014565,130,CASH_OUT,2262.91,C1000070,1325.84,0.0,M4585265,0,0,0,2026-01-08T12:36:46.253668,
TXN-00014566,120,TRANSFER,552.05,C1000091,0.0,0.0,M2623554,0,0,0,2026-01-08T12:36:46.253797,
TXN-00014567,126,DEBIT,8551.82,C1000039,0.0,0.0,M4400506,0,0,0,2026-01-08T12:36:46.253882,
TXN-00014568,129,PAYMENT,1398.64,C1000080,0.0,0.0,M6976128,0,0,0,2026-01-08T12:36:46.253969,
TXN-00014569,307,CASH_OUT,4929.54,C1000010,3538.49,0.0,M1326844,0,0,0,2026-01-08T12:36:46.254050,
TXN-00014570,133,DEBIT,1992.84,C1000044,0.0,0.0,M7855480,0,0,0,2026-01-08T12:36:46.254178,
TXN-00014571,164,PAYMENT,38677.58,C1000012,0.0,0.0,M3855477,0,0,0,2026-01-08T12:36:46.254253,
TXN-00014572,139,TRANSFER,147305.0,C1000026,108026.55,-39593.14,M4762882,0,0,1,2026-01-08T12:36:46.254293,balance_mismatch
TXN-00014573,307,PAYMENT,10.0,C1000064,0.0,0.0,M8812872,0,0,0,2026-01-08T12:36:46.254384,
TXN-00014574,145,CASH_OUT,3251.32,C1000010,0.0,0.0,M8345437,0,0,0,2026-01-08T12:36:46.254460,
TXN-00014575,294,DEBIT,1876.91,C1000072,0.0,0.0,M3204906,0,0,0,2026-01-08T12:36:46.254531,
TXN-00014576,138,DEBIT,2608.16,C1000048,190964.95,188356.79,M7688304,0,0,0,2026-01-08T12:36:46.254596,
TXN-00014577,299,TRANSFER,6674.69,C1000088,0.0,0.0,M8936759,0,0,0,2026-01-08T12:36:46.254662,
TXN-00014578,154,DEBIT,2026.31,C1000017,19820.2,17793.89,M3433098,0,0,0,2026-01-08T12:36:46.254722,
TXN-00014579,312,PAYMENT,10.0,C1000097,0.0,0.0,M5156839,0,0,0,2026-01-08T12:36:46.254768,
TXN-00014580,125,PAYMENT,6524.1,C1000046,0.0,0.0,M2484022,0,0,0,2026-01-08T12:36:46.254811,
TXN-00014581,167,CASH_IN,27169.12,C1000067,0.0,27169.12,M2369848,0,0,0,2026-01-08T12:36:46.254855,
TXN-00014582,320,CASH_IN,2661.7,C1000052,0.0,2661.7,M4021075,0,0,0,2026-01-08T12:36:46.254895,
TXN-00014583,326,CASH_OUT,593.9,C1000055,157567.96,156974.07,M9256660,0,0,0,2026-01-08T12:36:46.254934,
TXN-00014584,320,DEBIT,10.0,C1000072,0.0,0.0,M6486258,0,0,0,2026-01-08T12:36:46.254974,
TXN-00014585,125,PAYMENT,10.0,C1000020,240327.04,240317.04,M1379551,0,0,0,2026-01-08T12:36:46.255011,
TXN-00014586,136,PAYMENT,9776.82,C1000013,0.0,0.0,M1182049,0,0,0,2026-01-08T12:36:46.255051,
TXN-00014587,165,TRANSFER,19727.34,C1000024,0.0,0.0,M4128597,0,0,0,2026-01-08T12:36:46.255089,
TXN-00014588,324,PAYMENT,743.32,C1000072,0.0,0.0,M7662157,0,0,0,2026-01-08T12:36:46.255126,
TXN-00014589,332,PAYMENT,10.0,C1000098,193592.68,193582.68,M9458057,0,0,0,2026-01-08T12:36:46.255173,
TXN-00014590,289,PAYMENT,10.0,C1000023,3720.26,3710.26,M9390721,0,0,0,2026-01-08T12:36:46.255213,
TXN-00014591,300,PAYMENT,21568.13,C1000095,0.0,0.0,M5471073,0,0,0,2026-01-08T12:36:46.255252,
TXN-00014592,333,DEBIT,54944.41,C1000000,54705.08,0.0,M8519109,0,0,0,2026-01-08T12:36:46.255291,
TXN-00014593,126,PAYMENT,3317.73,C1000038,0.0,0.0,M9542033,0,0,0,2026-01-08T12:36:46.255334,
TXN-00014594,131,CASH_IN,12152.99,C1000015,0.0,12152.99,M4453489,0,0,0,2026-01-08T12:36:46.255373,
TXN-00014595,310,CASH_OUT,6468.37,C1000059,0.0,0.0,M3117953,0,0,0,2026-01-08T12:36:46.255412,
TXN-00014596,151,DEBIT,3173.6,C1000098,193582.68,190409.08,M1337065,0,0,0,2026-01-08T12:36:46.255450,
TXN-00014597,162,TRANSFER,1701.32,C1000055,156974.07,155272.74,M8241697,0,0,0,2026-01-08T12:36:46.255490,
TXN-00014598,319,TRANSFER,1282.46,C1000083,173085.78,171803.32,M5523476,0,0,0,2026-01-08T12:36:46.255530,
TXN-00014599,135,PAYMENT,6478.26,C1000088,0.0,0.0,M5337007,0,0,0,2026-01-08T12:36:46.255570,
TXN-00014600,148,PAYMENT,29328.01,C1000042,0.0,0.0,M7706930,0,0,0,2026-01-08T12:36:46.255624,
TXN-00014601,293,TRANSFER,191.63,C1000060,54432.1,54240.47,M8138285,0,0,0,2026-01-08T12:36:46.255686,
TXN-00014602,323,PAYMENT,1429.8,C1000023,3710.26,2280.46,M5501774,0,0,0,2026-01-08T12:36:46.255750,
TXN-00014603,292,PAYMENT,173269.97,C1000050,0.0,0.0,M3017451,0,0,0,2026-01-08T12:36:46.255808,
TXN-00014604,144,PAYMENT,7006.13,C1000036,0.0,0.0,M1584338,0,0,0,2026-01-08T12:36:46.255864,
TXN-00014605,138,TRANSFER,26616.24,C1000056,0.0,0.0,M8525642,0,0,0,2026-01-08T12:36:46.255925,
TXN-00014606,155,PAYMENT,50055.66,C1000053,0.0,0.0,M2174403,0,0,0,2026-01-08T12:36:46.255981,
TXN-00014607,146,CASH_OUT,1614.11,C1000098,190409.08,188794.97,M7212007,0,0,0,2026-01-08T12:36:46.256038,
TXN-00014608,127,DEBIT,225.81,C1000009,125317.51,125091.7,M6529557,0,0,0,2026-01-08T12:36:46.256097,
TXN-00014609,321,DEBIT,378.16,C1000009,125091.7,124713.55,M1226112,0,0,0,2026-01-08T12:36:46.256155,
TXN-00014610,309,CASH_IN,958.55,C1000082,0.0,958.55,M2276294,0,0,0,2026-01-08T12:36:46.256212,
TXN-00014611,128,TRANSFER,62207.39,C1000040,0.0,-58067.66,M4862554,0,0,1,2026-01-08T12:36:46.256245,balance_mismatch
TXN-00014612,142,PAYMENT,10.0,C1000042,0.0,0.0,M3695272,0,0,0,2026-01-08T12:36:46.256307,
TXN-00014613,305,TRANSFER,18264.2,C1000093,0.0,0.0,M9292515,0,0,0,2026-01-08T12:36:46.256362,
TXN-00014614,328,TRANSFER,6482.12,C1000052,2661.7,0.0,M5284211,0,0,0,2026-01-08T12:36:46.256419,
TXN-00014615,329,CASH_IN,10.0,C1000082,958.55,968.55,M6011637,0,0,0,2026-01-08T12:36:46.256477,
TXN-00014616,142,PAYMENT,681.25,C1000008,191039.42,190358.16,M2003396,0,0,0,2026-01-08T12:36:46.256536,
TXN-00014617,131,CASH_OUT,10.0,C1000014,170632.08,170622.08,M1681711,0,0,0,2026-01-08T12:36:46.256593,
TXN-00014618,144,DEBIT,10.0,C1000034,60565.94,60555.94,M9415405,0,0,0,2026-01-08T12:36:46.256651,
TXN-00014619,314,DEBIT,550.97,C1000068,82394.83,81843.86,M1483330,0,0,0,2026-01-08T12:36:46.256717,
TXN-00014620,148,PAYMENT,2416.13,C1000044,0.0,0.0,M2727442,0,0,0,2026-01-08T12:36:46.256768,
TXN-00014621,165,PAYMENT,10.0,C1000041,198865.67,198855.67,M7590915,0,0,0,2026-01-08T12:36:46.256808,
TXN-00014622,126,DEBIT,3710.47,C1000030,0.0,0.0,M4307729,0,0,0,2026-01-08T12:36:46.256848,
TXN-00014623,312,PAYMENT,10.0,C1000041,198855.67,198845.67,M2832616,0,0,0,2026-01-08T12:36:46.256887,
TXN-00014624,311,CASH_OUT,10.0,C1000098,188794.97,188784.97,M4628290,0,0,0,2026-01-08T12:36:46.256925,
TXN-00014625,141,TRANSFER,354.28,C1000081,67971.66,67617.38,M7667431,0,0,0,2026-01-08T12:36:46.256965,
TXN-00014626,129,CASH_OUT,5489.96,C1000097,0.0,0.0,M6236699,0,0,0,2026-01-08T12:36:46.257008,
TXN-00014627,126,PAYMENT,414.0,C1000077,58940.0,58526.0,M9097837,0,0,0,2026-01-08T12:36:46.257046,
TXN-00014628,139,PAYMENT,19804.95,C1000035,0.0,0.0,M3668194,0,0,0,2026-01-08T12:36:46.257086,
TXN-00014629,301,TRANSFER,5751.74,C1000049,0.0,0.0,M9703612,0,0,0,2026-01-08T12:36:46.257125,
TXN-00014630,121,CASH_OUT,1493.58,C1000062,0.0,0.0,M1807996,0,0,0,2026-01-08T12:36:46.257164,
TXN-00014631,142,CASH_OUT,1673.0,C1000002,224072.05,222399.06,M3695987,0,0,0,2026-01-08T12:36:46.257203,
TXN-00014632,145,CASH_OUT,10.0,C1000071,132797.37,132787.37,M3647418,0,0,0,2026-01-08T12:36:46.257242,
TXN-00014633,140,CASH_IN,6412.65,C1000097,0.0,6412.65,M4459374,0,0,0,2026-01-08T12:36:46.257280,
TXN-00014634,305,CASH_OUT,95685.92,C1000063,0.0,0.0,M1375841,0,0,1,2026-01-08T12:36:46.257302,large_amount
TXN-00014635,149,PAYMENT,1056.34,C1000066,0.0,0.0,M2396134,0,0,0,2026-01-08T12:36:46.257339,
TXN-00014636,288,CASH_IN,1595.69,C1000057,0.0,1595.69,M5700260,0,0,0,2026-01-08T12:36:46.257382,
TXN-00014637,324,PAYMENT,6413.6,C1000046,0.0,0.0,M2773304,0,0,0,2026-01-08T12:36:46.257421,
TXN-00014638,137,PAYMENT,4815.44,C1000025,0.0,0.0,M2428444,0,0,0,2026-01-08T12:36:46.257460,
TXN-00014639,165,PAYMENT,6326.43,C1000059,0.0,0.0,M7853308,0,0,0,2026-01-08T12:36:46.257498,
TXN-00014640,144,CASH_OUT,70.38,C1000002,222399.06,222328.67,M2860610,0,0,0,2026-01-08T12:36:46.257535,
TXN-00014641,328,TRANSFER,5339.72,C1000003,0.0,0.0,M8405183,0,0,0,2026-01-08T12:36:46.257575,
TXN-00014642,295,CASH_OUT,8579.58,C1000033,0.0,0.0,M5716010,0,0,0,2026-01-08T12:36:46.257613,
TXN-00014643,134,PAYMENT,1130.49,C1000072,0.0,0.0,M8655161,0,0,0,2026-01-08T12:36:46.257652,
TXN-00014644,310,TRANSFER,209.64,C1000004,196123.93,195914.29,M3373766,0,0,0,2026-01-08T12:36:46.257697,
TXN-00014645,123,CASH_OUT,17955.74,C1000076,0.0,0.0,M5407449,0,0,0,2026-01-08T12:36:46.257739,
TXN-00014646,138,PAYMENT,10.0,C1000081,67617.38,67607.38,M5668834,0,0,0,2026-01-08T12:36:46.257778,
TXN-00014647,308,PAYMENT,1305.0,C1000083,171803.32,170498.32,M6254066,0,0,0,2026-01-08T12:36:46.257818,
TXN-00014648,299,PAYMENT,1964.07,C1000058,0.0,0.0,M9250122,0,0,0,2026-01-08T12:36:46.257861,
TXN-00014649,125,TRANSFER,35739.33,C1000025,0.0,-31168.95,M7498649,0,0,1,2026-01-08T12:36:46.257893,balance_mismatch
TXN-00014650,125,TRANSFER,4638.14,C1000010,0.0,0.0,M7987692,0,0,0,2026-01-08T12:36:46.257961,
TXN-00014651,132,PAYMENT,7912.6,C1000099,0.0,0.0,M3444875,0,0,0,2026-01-08T12:36:46.258020,
TXN-00014652,300,TRANSFER,9954.94,C1000031,0.0,0.0,M7760968,0,0,0,2026-01-08T12:36:46.258082,
TXN-00014653,305,PAYMENT,4192.42,C1000010,0.0,0.0,M2709523,0,0,0,2026-01-08T12:36:46.258136,
TXN-00014654,309,CASH_OUT,49101.79,C1000076,0.0,0.0,M5632056,0,0,1,2026-01-08T12:36:46.258164,unusual_type
TXN-00014655,302,CASH_OUT,5357.15,C1000059,0.0,0.0,M9681904,0,0,0,2026-01-08T12:36:46.258215,
TXN-00014656,306,PAYMENT,19129.09,C1000024,0.0,0.0,M4704532,0,0,0,2026-01-08T12:36:46.258268,
TXN-00014657,310,CASH_IN,4316.35,C1000006,82848.83,87165.19,M9849438,0,0,0,2026-01-08T12:36:46.258324,
TXN-00014658,138,PAYMENT,284.38,C1000060,54240.47,53956.08,M3559106,0,0,0,2026-01-08T12:36:46.258385,
TXN-00014659,139,CASH_OUT,10.0,C1000075,435929.93,435919.93,M3124108,0,0,0,2026-01-08T12:36:46.258444,
TXN-00014660,151,TRANSFER,2895.97,C1000028,0.0,0.0,M1970205,0,0,0,2026-01-08T12:36:46.258502,
TXN-00014661,320,PAYMENT,10.0,C1000055,155272.74,155262.74,M9814675,0,0,0,2026-01-08T12:36:46.258559,
TXN-00014662,324,PAYMENT,173292.94,C1000050,0.0,0.0,M6925852,0,0,0,2026-01-08T12:36:46.258616,
TXN-00014663,137,PAYMENT,35175.72,C1000073,0.0,0.0,M5323387,0,0,0,2026-01-08T12:36:46.258672,
TXN-00014664,324,PAYMENT,6112.12,C1000003,0.0,0.0,M6987044,0,0,0,2026-01-08T12:36:46.258729,
TXN-00014665,144,CASH_OUT,1188.18,C1000001,57103.5,55915.32,M8873813,0,0,0,2026-01-08T12:36:46.258785,
TXN-00014666,148,PAYMENT,2477.71,C1000072,0.0,0.0,M3995373,0,0,0,2026-01-08T12:36:46.258842,
TXN-00014667,322,CASH_OUT,26810.08,C1000056,0.0,0.0,M6458334,0,0,0,2026-01-08T12:36:46.258902,
TXN-00014668,329,PAYMENT,1990.34,C1000096,152621.06,150630.72,M4472430,0,0,0,2026-01-08T12:36:46.258959,
TXN-00014669,153,PAYMENT,1331.86,C1000016,117990.89,116659.03,M5916306,0,0,0,2026-01-08T12:36:46.259018,
TXN-00014670,306,PAYMENT,3556.68,C1000045,0.0,0.0,M1060518,0,0,0,2026-01-08T12:36:46.259076,
TXN-00014671,153,TRANSFER,10.0,C1000064,0.0,0.0,M5789092,0,0,0,2026-01-08T12:36:46.259132,
TXN-00014672,142,TRANSFER,10.0,C1000048,188356.79,188346.79,M1154904,0,0,0,2026-01-08T12:36:46.259192,
TXN-00014673,333,PAYMENT,1979.04,C1000017,17793.89,15814.85,M9286438,0,0,0,2026-01-08T12:36:46.260110,
TXN-00014674,312,PAYMENT,2191.04,C1000097,6412.65,4221.61,M4415339,0,0,0,2026-01-08T12:36:46.260251,
TXN-00014675,311,TRANSFER,2233.96,C1000085,0.0,0.0,M5600117,0,0,0,2026-01-08T12:36:46.260346,
TXN-00014676,330,CASH_OUT,4564.94,C1000065,0.0,0.0,M1116718,0,0,0,2026-01-08T12:36:46.260433,
TXN-00014677,153,CASH_OUT,4408.3,C1000065,0.0,0.0,M5222202,0,0,0,2026-01-08T12:36:46.260517,
TXN-00014678,156,CASH_OUT,6932.8,C1000036,0.0,0.0,M1612045,0,0,0,2026-01-08T12:36:46.260599,
TXN-00014679,120,CASH_OUT,5748.68,C1000058,0.0,0.0,M2574316,0,0,0,2026-01-08T12:36:46.260688,
TXN-00014680,137,CASH_IN,47.29,C1000060,53956.08,54003.38,M8797626,0,0,0,2026-01-08T12:36:46.260769,
TXN-00014681,323,CASH_OUT,4798.0,C1000032,0.0,0.0,M1789918,0,0,0,2026-01-08T12:36:46.260849,
TXN-00014682,156,PAYMENT,1822.39,C1000018,121554.82,119732.43,M6379769,0,0,0,2026-01-08T12:36:46.260930,
TXN-00014683,327,PAYMENT,11548.36,C1000054,0.0,0.0,M7383578,0,0,0,2026-01-08T12:36:46.261007,
TXN-00014684,159,PAYMENT,6567.67,C1000005,0.0,0.0,M1305483,0,0,0,2026-01-08T12:36:46.261081,
TXN-00014685,328,PAYMENT,1312.27,C1000075,435919.93,434607.65,M2502185,0,0,0,2026-01-08T12:36:46.261154,
TXN-00014686,332,PAYMENT,10.0,C1000066,0.0,0.0,M3108065,0,0,0,2026-01-08T12:36:46.261230,
TXN-00014687,330,CASH_IN,5470.58,C1000003,0.0,5470.58,M2064793,0,0,0,2026-01-08T12:36:46.261311,
TXN-00014688,145,CASH_OUT,1407.85,C1000077,58526.0,57118.15,M5440257,0,0,0,2026-01-08T12:36:46.261389,
TXN-00014689,301,CASH_OUT,10.0,C1000078,0.0,0.0,M4342199,0,0,0,2026-01-08T12:36:46.261470,
TXN-00014690,162,DEBIT,4710.52,C1000025,0.0,0.0,M3963867,0,0,0,2026-01-08T12:36:46.261551,
TXN-00014691,122,PAYMENT,3076.07,C1000026,108026.55,104950.48,M6461454,0,0,0,2026-01-08T12:36:46.261630,
TXN-00014692,154,PAYMENT,355.24,C1000002,222328.67,221973.44,M6934490,0,0,0,2026-01-08T12:36:46.261811,
TXN-00014693,314,PAYMENT,2644.2,C1000069,0.0,0.0,M2325192,0,0,0,2026-01-08T12:36:46.261917,
TXN-00014694,126,CASH_OUT,7534.96,C1000099,0.0,0.0,M9447285,0,0,0,2026-01-08T12:36:46.262013,
TXN-00014695,141,PAYMENT,10.0,C1000009,124713.55,124703.55,M1339668,0,0,0,2026-01-08T12:36:46.262110,
TXN-00014696,138,PAYMENT,1263.75,C1000094,163603.8,162340.05,M1088950,0,0,0,2026-01-08T12:36:46.262196,
TXN-00014697,310,PAYMENT,20451.07,C1000024,0.0,0.0,M3893756,0,0,0,2026-01-08T12:36:46.262271,
TXN-00014698,329,PAYMENT,549.64,C1000051,64994.7,64445.05,M9002679,0,0,0,2026-01-08T12:36:46.262337,
TXN-00014699,156,CASH_OUT,803.97,C1000022,0.0,0.0,M9526274,0,0,0,2026-01-08T12:36:46.262431,
TXN-00014700,120,TRANSFER,3228.29,C1000041,198845.67,195617.38,M5431666,0,0,0,2026-01-08T12:36:46.262523,
TXN-00014701,126,CASH_IN,2574.63,C1000070,0.0,2574.63,M1218626,0,0,0,2026-01-08T12:36:46.262611,
TXN-00014702,305,PAYMENT,35319.64,C1000073,0.0,0.0,M4319506,0,0,0,2026-01-08T12:36:46.262695,
TXN-00014703,326,PAYMENT,98.57,C1000008,190358.16,190259.59,M2456368,0,0,0,2026-01-08T12:36:46.262757,
TXN-00014704,299,PAYMENT,2086.86,C1000086,100144.03,98057.18,M8529140,0,0,0,2026-01-08T12:36:46.262853,
TXN-00014705,167,CASH_OUT,57188.95,C1000048,188346.79,131157.85,M2238660,0,0,1,2026-01-08T12:36:46.262898,large_amount
TXN-00014706,322,PAYMENT,5788.36,C1000059,0.0,0.0,M1262006,0,0,0,2026-01-08T12:36:46.262975,
TXN-00014707,310,TRANSFER,8881.69,C1000036,0.0,0.0,M7549012,0,0,0,2026-01-08T12:36:46.263168,
TXN-00014708,158,TRANSFER,1977.56,C1000061,221720.53,219742.97,M9950619,0,0,0,2026-01-08T12:36:46.263368,
TXN-00014709,142,CASH_OUT,9816.75,C1000074,0.0,0.0,M3233756,0,0,0,2026-01-08T12:36:46.263439,
TXN-00014710,307,PAYMENT,173384.93,C1000050,0.0,0.0,M2654762,0,0,0,2026-01-08T12:36:46.263564,
TXN-00014711,126,PAYMENT,3567.98,C1000045,0.0,0.0,M8126893,0,0,0,2026-01-08T12:36:46.263697,
TXN-00014712,133,TRANSFER,144999.88,C1000013,0.0,-148550.44,M5845068,0,0,1,2026-01-08T12:36:46.264182,balance_mismatch
TXN-00014713,144,PAYMENT,6653.39,C1000049,0.0,0.0,M1533917,0,0,0,2026-01-08T12:36:46.264360,
TXN-00014714,306,CASH_IN,5939.14,C1000046,0.0,5939.14,M4973605,0,0,0,2026-01-08T12:36:46.264457,
TXN-00014715,124,PAYMENT,11486.54,C1000005,0.0,0.0,M8433624,0,0,0,2026-01-08T12:36:46.264527,
TXN-00014716,125,TRANSFER,485.17,C1000001,55915.32,55430.15,M2310391,0,0,0,2026-01-08T12:36:46.264599,
TXN-00014717,140,TRANSFER,24559.19,C1000037,0.0,0.0,M1754235,0,0,0,2026-01-08T12:36:46.264674,
TXN-00014718,149,CASH_OUT,1253.19,C1000069,0.0,0.0,M1352132,0,0,0,2026-01-08T12:36:46.264746,
TXN-00014719,144,PAYMENT,4349.99,C1000065,0.0,0.0,M8676064,0,0,0,2026-01-08T12:36:46.264823,
TXN-00014720,317,PAYMENT,10.0,C1000064,0.0,0.0,M8484198,0,0,0,2026-01-08T12:36:46.264893,
TXN-00014721,120,CASH_OUT,10.0,C1000009,124703.55,124693.55,M3814759,0,0,0,2026-01-08T12:36:46.264959,
TXN-00014722,125,PAYMENT,17363.47,C1000024,0.0,0.0,M5706258,0,0,0,2026-01-08T12:36:46.265037,
TXN-00014723,305,CASH_OUT,10.0,C1000002,221973.44,221963.44,M4621675,0,0,0,2026-01-08T12:36:46.265108,
TXN-00014724,307,PAYMENT,2804.38,C1000028,0.0,0.0,M8510540,0,0,0,2026-01-08T12:36:46.265178,
TXN-00014725,308,TRANSFER,5993.18,C1000088,0.0,0.0,M2928272,0,0,0,2026-01-08T12:36:46.265246,
TXN-00014726,293,PAYMENT,10.0,C1000075,434607.65,434597.65,M7176650,0,0,0,2026-01-08T12:36:46.265315,
TXN-00014727,330,PAYMENT,1219.31,C1000072,0.0,0.0,M2505016,0,0,0,2026-01-08T12:36:46.265388,
TXN-00014728,316,PAYMENT,10.0,C1000033,0.0,0.0,M9432908,0,0,0,2026-01-08T12:36:46.265454,
TXN-00014729,294,PAYMENT,7040.51,C1000011,0.0,0.0,M8295237,0,0,0,2026-01-08T12:36:46.265514,
TXN-00014730,121,TRANSFER,5537.68,C1000091,0.0,0.0,M2980879,0,0,0,2026-01-08T12:36:46.265601,
TXN-00014731,136,DEBIT,6085.45,C1000049,0.0,0.0,M8647948,0,0,0,2026-01-08T12:36:46.265722,
TXN-00014732,330,CASH_IN,11805.93,C1000054,0.0,11805.93,M4392553,0,0,0,2026-01-08T12:36:46.265894,
TXN-00014733,154,CASH_OUT,1083.42,C1000001,55430.15,54346.73,M2429951,0,0,0,2026-01-08T12:36:46.265985,
TXN-00014734,318,TRANSFER,33936.36,C1000073,0.0,0.0,M2545461,0,0,0,2026-01-08T12:36:46.266068,
TXN-00014735,153,TRANSFER,1664.8,C1000026,104950.48,103285.68,M8468988,0,0,0,2026-01-08T12:36:46.266140,
TXN-00014736,135,CASH_IN,696.13,C1000038,0.0,696.13,M8485313,0,0,0,2026-01-08T12:36:46.266207,
TXN-00014737,121,TRANSFER,10.0,C1000023,2280.46,2270.46,M2837089,0,0,0,2026-01-08T12:36:46.266272,
TXN-00014738,307,CASH_OUT,6255.96,C1000062,0.0,0.0,M7520121,0,0,0,2026-01-08T12:36:46.266338,
TXN-00014739,306,DEBIT,36072.14,C1000012,0.0,0.0,M5649053,0,0,0,2026-01-08T12:36:46.266402,
TXN-00014740,321,CASH_OUT,67492.43,C1000064,0.0,0.0,M9980365,0,0,0,2026-01-08T12:36:46.266481,
TXN-00014741,303,TRANSFER,98.93,C1000060,54003.38,53904.45,M8398760,0,0,0,2026-01-08T12:36:46.266549,
TXN-00014742,122,PAYMENT,1782.69,C1000090,170889.14,169106.45,M3136179,0,0,0,2026-01-08T12:36:46.266617,
TXN-00014743,319,PAYMENT,1226.84,C1000072,0.0,0.0,M7768200,0,0,0,2026-01-08T12:36:46.266681,
TXN-00014744,335,PAYMENT,6447.78,C1000088,0.0,0.0,M6331328,0,0,0,2026-01-08T12:36:46.266741,
TXN-00014745,335,PAYMENT,494.32,C1000068,81843.86,81349.53,M7714274,0,0,0,2026-01-08T12:36:46.266802,
TXN-00014746,151,PAYMENT,2463.99,C1000069,0.0,0.0,M3278352,0,0,0,2026-01-08T12:36:46.266867,
TXN-00014747,162,TRANSFER,2110.86,C1000021,0.0,0.0,M1369172,0,0,0,2026-01-08T12:36:46.266931,
TXN-00014748,157,CASH_IN,10.0,C1000085,0.0,10.0,M6949238,0,0,0,2026-01-08T12:36:46.266994,
TXN-00014749,321,PAYMENT,4691.14,C1000027,0.0,0.0,M6092486,0,0,0,2026-01-08T12:36:46.267057,
TXN-00014750,326,PAYMENT,2351.12,C1000029,0.0,0.0,M4940070,0,0,0,2026-01-08T12:36:46.267122,
TXN-00014751,329,PAYMENT,23243.85,C1000037,0.0,0.0,M5620621,0,0,0,2026-01-08T12:36:46.267196,
TXN-00014752,124,TRANSFER,32551.98,C1000013,0.0,0.0,M7120378,0,0,1,2026-01-08T12:36:46.267322,rapid_succession
TXN-00014753,315,CASH_OUT,945.18,C1000096,150630.72,149685.54,M7603950,0,0,0,2026-01-08T12:36:46.267462,
TXN-00014754,295,DEBIT,4435.09,C1000052,0.0,0.0,M8204063,0,0,0,2026-01-08T12:36:46.267660,
TXN-00014755,301,CASH_OUT,1386.83,C1000069,0.0,0.0,M4813921,0,0,0,2026-01-08T12:36:46.267834,
TXN-00014756,144,CASH_IN,2014.26,C1000040,0.0,2014.26,M6487835,0,0,0,2026-01-08T12:36:46.268001,
TXN-00014757,124,DEBIT,26351.88,C1000056,0.0,0.0,M4571397,0,0,0,2026-01-08T12:36:46.268122,
TXN-00014758,132,DEBIT,5708.44,C1000058,0.0,0.0,M4831075,0,0,0,2026-01-08T12:36:46.268233,
TXN-00014759,323,PAYMENT,1002.83,C1000083,170498.32,169495.49,M2857331,0,0,0,2026-01-08T12:36:46.268354,
TXN-00014760,294,CASH_OUT,37387.98,C1000084,0.0,0.0,M9664700,0,0,1,2026-01-08T12:36:46.268398,rapid_succession
TXN-00014761,324,PAYMENT,2613.39,C1000070,2574.63,0.0,M1083134,0,0,0,2026-01-08T12:36:46.268492,
TXN-00014762,159,TRANSFER,3428.64,C1000044,0.0,0.0,M9386685,0,0,0,2026-01-08T12:36:46.268595,
TXN-00014763,290,PAYMENT,10.0,C1000033,0.0,0.0,M1019137,0,0,0,2026-01-08T12:36:46.268687,
TXN-00014764,140,PAYMENT,183.53,C1000075,434597.65,434414.12,M7560600,0,0,0,2026-01-08T12:36:46.268773,
TXN-00014765,164,TRANSFER,1062.23,C1000081,67607.38,66545.15,M4101001,0,0,0,2026-01-08T12:36:46.268860,
TXN-00014766,316,DEBIT,3785.79,C1000010,0.0,0.0,M6137638,0,0,0,2026-01-08T12:36:46.268944,
TXN-00014767,301,TRANSFER,123928.54,C1000051,64445.05,-59630.42,M2833815,0,0,1,2026-01-08T12:36:46.268982,balance_mismatch
TXN-00014768,136,TRANSFER,73836.42,C1000037,0.0,0.0,M5299305,0,0,1,2026-01-08T12:36:46.269032,night_transaction
TXN-00014769,146,TRANSFER,10.0,C1000064,0.0,0.0,M6721364,0,0,0,2026-01-08T12:36:46.269126,
TXN-00014770,151,TRANSFER,2658.06,C1000043,0.0,0.0,M5335408,0,0,0,2026-01-08T12:36:46.269219,
TXN-00014771,148,PAYMENT,3621.22,C1000084,0.0,0.0,M4495232,0,0,0,2026-01-08T12:36:46.269304,
TXN-00014772,166,TRANSFER,30563.19,C1000040,2014.26,0.0,M7262251,0,0,1,2026-01-08T12:36:46.269357,rapid_succession
TXN-00014773,296,CASH_OUT,2399.62,C1000006,87165.19,84765.56,M2934119,0,0,0,2026-01-08T12:36:46.269443,
TXN-00014774,124,PAYMENT,10.0,C1000042,0.0,0.0,M2194120,0,0,0,2026-01-08T12:36:46.269531,
TXN-00014775,158,PAYMENT,26358.88,C1000056,0.0,0.0,M3119472,0,0,0,2026-01-08T12:36:46.269613,
TXN-00014776,154,CASH_OUT,4398.67,C1000065,0.0,0.0,M7094756,0,0,0,2026-01-08T12:36:46.269688,
TXN-00014777,313,PAYMENT,950.71,C1000016,116659.03,115708.32,M3752733,0,0,0,2026-01-08T12:36:46.269772,
TXN-00014778,291,PAYMENT,481.52,C1000022,0.0,0.0,M4130760,0,0,0,2026-01-08T12:36:46.269858,
TXN-00014779,160,PAYMENT,45285.03,C1000053,0.0,0.0,M2984553,0,0,0,2026-01-08T12:36:46.269939,
TXN-00014780,162,PAYMENT,3449.09,C1000043,0.0,0.0,M4591365,0,0,0,2026-01-08T12:36:46.270022,
TXN-00014781,120,PAYMENT,2363.5,C1000014,170622.08,168258.57,M1062168,0,0,0,2026-01-08T12:36:46.270104,
TXN-00014782,317,PAYMENT,2438.68,C1000069,0.0,0.0,M1463699,0,0,0,2026-01-08T12:36:46.270175,
TXN-00014783,328,CASH_OUT,532.39,C1000048,188346.79,187814.4,M7828156,0,0,0,2026-01-08T12:36:46.270254,
TXN-00014784,124,TRANSFER,8909.81,C1000036,0.0,0.0,M1280440,0,0,0,2026-01-08T12:36:46.270341,
TXN-00014785,131,TRANSFER,5252.61,C1000052,0.0,0.0,M3233447,0,0,0,2026-01-08T12:36:46.270543,
TXN-00014786,157,PAYMENT,45670.23,C1000053,0.0,0.0,M9698238,0,0,0,2026-01-08T12:36:46.272570,
TXN-00014787,127,CASH_IN,19916.17,C1000095,0.0,19916.17,M9982097,0,0,0,2026-01-08T12:36:46.272889,
TXN-00014788,135,PAYMENT,10.0,C1000009,124693.55,124683.55,M4836523,0,0,0,2026-01-08T12:36:46.273032,
TXN-00014789,133,PAYMENT,54446.95,C1000000,0.0,0.0,M6889280,0,0,0,2026-01-08T12:36:46.273172,
TXN-00014790,301,DEBIT,3894.03,C1000084,0.0,0.0,M3146948,0,0,0,2026-01-08T12:36:46.273287,
TXN-00014791,293,PAYMENT,10.0,C1000023,2270.46,2260.46,M6986138,0,0,0,2026-01-08T12:36:46.273411,
TXN-00014792,152,DEBIT,18721.51,C1000079,0.0,0.0,M2311933,0,0,0,2026-01-08T12:36:46.273530,
TXN-00014793,133,CASH_OUT,772.53,C1000083,169495.49,168722.96,M9462849,0,0,0,2026-01-08T12:36:46.273614,
TXN-00014794,135,TRANSFER,2180.86,C1000004,195914.29,193733.43,M1340992,0,0,0,2026-01-08T12:36:46.273703,
TXN-00014795,128,CASH_OUT,925.02,C1000004,193733.43,192808.41,M4179747,0,0,0,2026-01-08T12:36:46.273777,
TXN-00014796,314,TRANSFER,49791.45,C1000058,0.0,0.0,M7246212,0,0,1,2026-01-08T12:36:46.273818,night_transaction
TXN-00014797,299,TRANSFER,2959.33,C1000085,10.0,0.0,M9890478,0,0,0,2026-01-08T12:36:46.273890,
TXN-00014798,323,CASH_OUT,1097.62,C1000044,0.0,0.0,M7022480,0,0,0,2026-01-08T12:36:46.274218,
TXN-00014799,294,TRANSFER,6648.64,C1000088,0.0,0.0,M3481327,0,0,0,2026-01-08T12:36:46.274569,
TXN-00014800,137,CASH_OUT,3285.99,C1000084,0.0,0.0,M6852102,0,0,0,2026-01-08T12:36:46.274687,
TXN-00014801,317,TRANSFER,8518.7,C1000039,0.0,0.0,M2230558,0,0,0,2026-01-08T12:36:46.274821,
TXN-00014802,155,CASH_OUT,141.37,C1000075,434414.12,434272.75,M4897761,0,0,0,2026-01-08T12:36:46.274915,
TXN-00014803,323,TRANSFER,8528.37,C1000014,168258.57,159730.21,M5764592,0,0,0,2026-01-08T12:36:46.275048,
TXN-00014804,126,PAYMENT,795.04,C1000077,57118.15,56323.11,M3333175,0,0,0,2026-01-08T12:36:46.275278,
TXN-00014805,310,PAYMENT,1731.12,C1000069,0.0,0.0,M6438697,0,0,0,2026-01-08T12:36:46.275546,
TXN-00014806,125,DEBIT,2176.49,C1000089,112270.62,110094.12,M6341100,0,0,0,2026-01-08T12:36:46.275667,
TXN-00014807,309,CASH_OUT,1693.19,C1000089,110094.12,108400.93,M9536600,0,0,0,2026-01-08T12:36:46.275767,
TXN-00014808,301,PAYMENT,17780.77,C1000093,0.0,0.0,M4401064,0,0,0,2026-01-08T12:36:46.276641,
TXN-00014809,322,TRANSFER,2950.36,C1000072,0.0,0.0,M5068965,0,0,0,2026-01-08T12:36:46.276915,
TXN-00014810,312,PAYMENT,10402.92,C1000092,0.0,0.0,M1332348,0,0,0,2026-01-08T12:36:46.277047,
TXN-00014811,124,TRANSFER,3743.8,C1000087,54827.66,51083.85,M1579309,0,0,0,2026-01-08T12:36:46.277318,
TXN-00014812,314,PAYMENT,26088.21,C1000056,0.0,0.0,M2595392,0,0,0,2026-01-08T12:36:46.277720,
TXN-00014813,165,PAYMENT,1388.47,C1000094,162340.05,160951.58,M2605361,0,0,0,2026-01-08T12:36:46.277907,
TXN-00014814,318,CASH_OUT,617.2,C1000083,168722.96,168105.76,M3418058,0,0,0,2026-01-08T12:36:46.278005,
TXN-00014815,319,CASH_IN,3179.62,C1000006,84765.56,87945.18,M3102541,0,0,0,2026-01-08T12:36:46.278061,
TXN-00014816,330,DEBIT,8291.29,C1000039,0.0,0.0,M7918126,0,0,0,2026-01-08T12:36:46.278179,
TXN-00014817,149,DEBIT,10.0,C1000078,0.0,0.0,M3073890,0,0,0,2026-01-08T12:36:46.278284,
TXN-00014818,161,PAYMENT,7150.89,C1000011,0.0,0.0,M4418229,0,0,0,2026-01-08T12:36:46.278429,
TXN-00014819,144,DEBIT,6061.26,C1000046,5939.14,0.0,M5471288,0,0,0,2026-01-08T12:36:46.278643,
TXN-00014820,149,PAYMENT,4738.55,C1000003,5470.58,732.03,M7799875,0,0,0,2026-01-08T12:36:46.278878,
TXN-00014821,292,CASH_OUT,1577.38,C1000040,2014.26,436.88,M9733831,0,0,0,2026-01-08T12:36:46.279054,
TXN-00014822,128,CASH_OUT,264.58,C1000007,24767.54,24502.96,M9717050,0,0,0,2026-01-08T12:36:46.279141,
TXN-00014823,294,TRANSFER,5377.4,C1000059,0.0,0.0,M6013488,0,0,0,2026-01-08T12:36:46.279216,
TXN-00014824,296,TRANSFER,918.7,C1000034,60555.94,59637.24,M2108252,0,0,0,2026-01-08T12:36:46.279280,
TXN-00014825,138,TRANSFER,9886.46,C1000014,159730.21,149843.75,M9130130,0,0,0,2026-01-08T12:36:46.279339,
TXN-00014826,138,CASH_OUT,1832.99,C1000086,98057.18,96224.19,M7158575,0,0,0,2026-01-08T12:36:46.279404,
TXN-00014827,288,CASH_OUT,1427.69,C1000038,696.13,0.0,M7342168,0,0,0,2026-01-08T12:36:46.279458,
TXN-00014828,129,PAYMENT,1403.31,C1000071,132787.37,131384.05,M9969351,0,0,0,2026-01-08T12:36:46.279531,
TXN-00014829,295,PAYMENT,1098.47,C1000057,1595.69,497.22,M6003850,0,0,0,2026-01-08T12:36:46.279591,
TXN-00014830,309,TRANSFER,4664.15,C1000010,0.0,0.0,M6546842,0,0,0,2026-01-08T12:36:46.279650,
TXN-00014831,326,TRANSFER,1949.86,C1000017,15814.85,13864.99,M4621172,0,0,0,2026-01-08T12:36:46.279715,
TXN-00014832,332,TRANSFER,10.0,C1000048,187814.4,187804.4,M6442282,0,0,0,2026-01-08T12:36:46.279770,
TXN-00014833,309,TRANSFER,3425.41,C1000043,0.0,0.0,M3155115,0,0,0,2026-01-08T12:36:46.279826,
TXN-00014834,146,PAYMENT,5449.58,C1000059,0.0,0.0,M4743209,0,0,0,2026-01-08T12:36:46.279893,
TXN-00014835,125,CASH_OUT,10.0,C1000033,0.0,0.0,M4917342,0,0,0,2026-01-08T12:36:46.279953,
TXN-00014836,289,DEBIT,55309.53,C1000000,0.0,0.0,M6039864,0,0,0,2026-01-08T12:36:46.280009,
TXN-00014837,154,PAYMENT,1272.2,C1000016,115708.32,114436.12,M9071326,0,0,0,2026-01-08T12:36:46.280118,
TXN-00014838,335,TRANSFER,21533.55,C1000024,0.0,0.0,M7211046,0,0,0,2026-01-08T12:36:46.280210,
TXN-00014839,130,TRANSFER,139954.83,C1000073,0.0,-137060.9,M6967857,0,0,1,2026-01-08T12:36:46.280245,balance_mismatch
TXN-00014840,321,PAYMENT,4657.79,C1000098,188784.97,184127.18,M3628574,0,0,0,2026-01-08T12:36:46.280314,
TXN-00014841,156,PAYMENT,2455.49,C1000086,96224.19,93768.7,M4043539,0,0,0,2026-01-08T12:36:46.280371,
TXN-00014842,137,DEBIT,10.0,C1000097,4221.61,4211.61,M5954972,0,0,0,2026-01-08T12:36:46.280427,
TXN-00014843,142,PAYMENT,6738.79,C1000088,0.0,0.0,M2982675,0,0,0,2026-01-08T12:36:46.280491,
TXN-00014844,140,CASH_OUT,6894.07,C1000011,0.0,0.0,M7472613,0,0,0,2026-01-08T12:36:46.280548,
TXN-00014845,313,PAYMENT,3056.65,C1000045,0.0,0.0,M6573143,0,0,0,2026-01-08T12:36:46.280609,
TXN-00014846,295,PAYMENT,5763.23,C1000010,0.0,0.0,M1397607,0,0,0,2026-01-08T12:36:46.280665,
TXN-00014847,322,DEBIT,10.0,C1000082,968.55,958.55,M4426912,0,0,0,2026-01-08T12:36:46.280737,
TXN-00014848,166,CASH_IN,3116.26,C1000089,108400.93,111517.18,M4095483,0,0,0,2026-01-08T12:36:46.280800,
TXN-00014849,335,PAYMENT,8018.88,C1000011,0.0,0.0,M5744725,0,0,0,2026-01-08T12:36:46.280860,
TXN-00014850,312,DEBIT,3994.09,C1000091,0.0,0.0,M2338062,0,0,0,2026-01-08T12:36:46.280916,
TXN-00014851,288,CASH_IN,34697.99,C1000073,0.0,34697.99,M5060879,0,0,0,2026-01-08T12:36:46.280973,
TXN-00014852,304,CASH_OUT,846.08,C1000008,190259.59,189413.51,M7902747,0,0,0,2026-01-08T12:36:46.281031,
TXN-00014853,322,PAYMENT,321.34,C1000023,2260.46,1939.11,M1051425,0,0,0,2026-01-08T12:36:46.281093,
TXN-00014854,332,PAYMENT,2337.3,C1000090,169106.45,166769.15,M2903886,0,0,0,2026-01-08T12:36:46.281153,
TXN-00014855,311,TRANSFER,6313.69,C1000088,0.0,0.0,M2857777,0,0,0,2026-01-08T12:36:46.281211,
TXN-00014856,162,PAYMENT,10.0,C1000048,187804.4,187794.4,M6283208,0,0,0,2026-01-08T12:36:46.281282,
TXN-00014857,136,TRANSFER,3420.0,C1000084,0.0,0.0,M5895605,0,0,0,2026-01-08T12:36:46.281342,
TXN-00014858,332,CASH_OUT,103229.33,C1000063,0.0,0.0,M7894314,0,0,1,2026-01-08T12:36:46.281374,unusual_type
TXN-00014859,134,PAYMENT,1807.64,C1000090,166769.15,164961.51,M1213589,0,0,0,2026-01-08T12:36:46.281432,
TXN-00014860,134,CASH_OUT,1901.64,C1000080,0.0,0.0,M7560301,0,0,0,2026-01-08T12:36:46.281491,
TXN-00014861,290,PAYMENT,173248.96,C1000050,0.0,0.0,M4669675,0,0,0,2026-01-08T12:36:46.281552,
TXN-00014862,158,PAYMENT,7830.21,C1000011,0.0,0.0,M9146679,0,0,0,2026-01-08T12:36:46.281610,
TXN-00014863,328,PAYMENT,2775.97,C1000028,0.0,0.0,M4159661,0,0,0,2026-01-08T12:36:46.281670,
TXN-00014864,162,PAYMENT,14985.03,C1000033,0.0,0.0,M9869323,0,0,0,2026-01-08T12:36:46.281728,
TXN-00014865,163,TRANSFER,6676.79,C1000097,4211.61,0.0,M7244938,0,0,0,2026-01-08T12:36:46.281818,
TXN-00014866,301,TRANSFER,21552.6,C1000035,0.0,0.0,M9147089,0,0,0,2026-01-08T12:36:46.281877,
TXN-00014867,324,PAYMENT,5843.92,C1000010,0.0,0.0,M2351548,0,0,0,2026-01-08T12:36:46.281938,
TXN-00014868,156,PAYMENT,3630.49,C1000089,111517.18,107886.69,M5782794,0,0,0,2026-01-08T12:36:46.281996,
TXN-00014869,325,PAYMENT,76.45,C1000004,192808.41,192731.96,M8665595,0,0,0,2026-01-08T12:36:46.282135,
TXN-00014870,322,PAYMENT,15510.56,C1000095,19916.17,4405.61,M3970132,0,0,0,2026-01-08T12:36:46.282210,
TXN-00014871,122,CASH_OUT,19655.68,C1000035,0.0,0.0,M3465373,0,0,0,2026-01-08T12:36:46.282290,
TXN-00014872,153,PAYMENT,173055.85,C1000050,0.0,0.0,M8389035,0,0,0,2026-01-08T12:36:46.282419,
TXN-00014873,136,DEBIT,20517.48,C1000019,0.0,0.0,M3300265,0,0,0,2026-01-08T12:36:46.282541,
TXN-00014874,128,PAYMENT,1325.66,C1000068,81349.53,80023.87,M9145605,0,0,0,2026-01-08T12:36:46.282642,
TXN-00014875,293,TRANSFER,99314.1,C1000054,11805.93,-83700.21,M2061512,0,0,1,2026-01-08T12:36:46.282691,balance_mismatch
TXN-00014876,322,TRANSFER,10.0,C1000023,1939.11,1929.11,M7445148,0,0,0,2026-01-08T12:36:46.282822,
TXN-00014877,333,PAYMENT,10.0,C1000082,958.55,948.55,M2506804,0,0,0,2026-01-08T12:36:46.282895,
TXN-00014878,130,CASH_OUT,4590.01,C1000027,0.0,0.0,M9161311,0,0,0,2026-01-08T12:36:46.282961,
TXN-00014879,312,TRANSFER,3099.07,C1000006,87945.18,84846.11,M5077380,0,0,0,2026-01-08T12:36:46.283025,
TXN-00014880,153,TRANSFER,6447.03,C1000059,0.0,0.0,M2265434,0,0,0,2026-01-08T12:36:46.283096,
TXN-00014881,306,PAYMENT,1093.42,C1000080,0.0,0.0,M8287534,0,0,0,2026-01-08T12:36:46.283156,
TXN-00014882,139,CASH_OUT,4329.42,C1000032,0.0,0.0,M4918487,0,0,0,2026-01-08T12:36:46.283339,
TXN-00014883,160,PAYMENT,26641.21,C1000056,0.0,0.0,M7944790,0,0,0,2026-01-08T12:36:46.283409,
TXN-00014884,295,TRANSFER,2011.7,C1000017,13864.99,11853.29,M8693570,0,0,0,2026-01-08T12:36:46.283468,
TXN-00014885,309,DEBIT,10.0,C1000038,0.0,0.0,M1615089,0,0,0,2026-01-08T12:36:46.283526,
TXN-00014886,132,TRANSFER,1664.98,C1000030,0.0,0.0,M4425895,0,0,0,2026-01-08T12:36:46.283591,
TXN-00014887,320,CASH_OUT,10923.38,C1000014,149843.75,138920.37,M1808636,0,0,1,2026-01-08T12:36:46.283628,rapid_succession
TXN-00014888,333,PAYMENT,10.0,C1000057,497.22,487.22,M3468624,0,0,0,2026-01-08T12:36:46.283690,
TXN-00014889,327,PAYMENT,55524.28,C1000000,0.0,0.0,M5322596,0,0,0,2026-01-08T12:36:46.283748,
TXN-00014890,315,PAYMENT,906.23,C1000022,0.0,0.0,M1359566,0,0,0,2026-01-08T12:36:46.283806,
TXN-00014891,131,CASH_OUT,1371.92,C1000007,24502.96,23131.05,M3266031,0,0,0,2026-01-08T12:36:46.283874,
TXN-00014892,333,PAYMENT,26568.37,C1000042,0.0,0.0,M8389677,0,0,0,2026-01-08T12:36:46.283933,
TXN-00014893,129,PAYMENT,8788.42,C1000005,0.0,0.0,M3473646,0,0,0,2026-01-08T12:36:46.283990,
TXN-00014894,167,TRANSFER,5068.32,C1000098,184127.18,179058.86,M1212828,0,0,0,2026-01-08T12:36:46.284049,
TXN-00014895,128,CASH_OUT,10.0,C1000008,189413.51,189403.51,M3130221,0,0,0,2026-01-08T12:36:46.284124,
TXN-00014896,124,CASH_OUT,627.04,C1000061,219742.97,219115.93,M8060568,0,0,0,2026-01-08T12:36:46.284184,
TXN-00014897,158,CASH_OUT,4643.72,C1000091,0.0,0.0,M9473578,0,0,0,2026-01-08T12:36:46.284244,
TXN-00014898,167,PAYMENT,23858.33,C1000024,0.0,0.0,M2494500,0,0,0,2026-01-08T12:36:46.284303,
TXN-00014899,311,PAYMENT,2183.57,C1000007,23131.05,20947.48,M3807033,0,0,0,2026-01-08T12:36:46.284361,
TXN-00014900,163,CASH_OUT,417.85,C1000041,195617.38,195199.53,M9984171,0,0,0,2026-01-08T12:36:46.284420,
TXN-00014901,125,PAYMENT,17929.45,C1000024,0.0,0.0,M3679111,0,0,0,2026-01-08T12:36:46.284480,
TXN-00014902,139,CASH_OUT,95.19,C1000004,192731.96,192636.77,M6999459,0,0,0,2026-01-08T12:36:46.284539,
TXN-00014903,311,PAYMENT,5490.19,C1000091,0.0,0.0,M9046626,0,0,0,2026-01-08T12:36:46.284599,
TXN-00014904,295,TRANSFER,2194.26,C1000030,0.0,0.0,M2289823,0,0,0,2026-01-08T12:36:46.284658,
TXN-00014905,125,CASH_OUT,10.0,C1000022,0.0,0.0,M7304711,0,0,0,2026-01-08T12:36:46.284716,
TXN-00014906,136,TRANSFER,1561.35,C1000098,179058.86,177497.52,M6232458,0,0,0,2026-01-08T12:36:46.284773,
TXN-00014907,162,CASH_OUT,1551.66,C1000007,20947.48,19395.82,M8152015,0,0,0,2026-01-08T12:36:46.284831,
TXN-00014908,146,PAYMENT,6306.94,C1000091,0.0,0.0,M6788306,0,0,0,2026-01-08T12:36:46.284890,
TXN-00014909,293,CASH_OUT,10.0,C1000040,436.88,426.88,M9225470,0,0,0,2026-01-08T12:36:46.284954,
TXN-00014910,321,PAYMENT,5278.88,C1000049,0.0,0.0,M2824927,0,0,0,2026-01-08T12:36:46.285011,
TXN-00014911,144,TRANSFER,37395.32,C1000012,0.0,0.0,M7597264,0,0,0,2026-01-08T12:36:46.285069,
TXN-00014912,122,PAYMENT,2062.88,C1000086,93768.7,91705.82,M3706652,0,0,0,2026-01-08T12:36:46.285125,
TXN-00014913,134,PAYMENT,10.0,C1000014,149843.75,149833.75,M4694021,0,0,0,2026-01-08T12:36:46.285184,
TXN-00014914,124,PAYMENT,1795.54,C1000023,1929.11,133.57,M6467465,0,0,0,2026-01-08T12:36:46.285242,
TXN-00014915,151,PAYMENT,31954.9,C1000042,0.0,0.0,M5308918,0,0,0,2026-01-08T12:36:46.285299,
TXN-00014916,295,TRANSFER,6882.4,C1000046,0.0,0.0,M5223672,0,0,0,2026-01-08T12:36:46.285357,
TXN-00014917,130,PAYMENT,10.0,C1000041,195199.53,195189.53,M3425375,0,0,0,2026-01-08T12:36:46.285524,
TXN-00014918,329,TRANSFER,2340.45,C1000040,426.88,0.0,M3767310,0,0,0,2026-01-08T12:36:46.285594,
TXN-00014919,126,TRANSFER,10.0,C1000060,53904.45,53894.45,M1281517,0,0,0,2026-01-08T12:36:46.285656,
TXN-00014920,149,CASH_OUT,10.0,C1000014,149833.75,149823.75,M9428801,0,0,0,2026-01-08T12:36:46.285721,
TXN-00014921,137,TRANSFER,9412.86,C1000005,0.0,0.0,M2097394,0,0,0,2026-01-08T12:36:46.285785,
TXN-00014922,292,PAYMENT,818.86,C1000016,114436.12,113617.26,M7121347,0,0,0,2026-01-08T12:36:46.285844,
TXN-00014923,319,PAYMENT,1332.11,C1000038,0.0,0.0,M9539411,0,0,0,2026-01-08T12:36:46.285903,
TXN-00014924,120,PAYMENT,18388.97,C1000076,0.0,0.0,M2925301,0,0,0,2026-01-08T12:36:46.285960,
TXN-00014925,308,TRANSFER,17264.11,C1000093,0.0,0.0,M4708361,0,0,0,2026-01-08T12:36:46.286025,
TXN-00014926,166,TRANSFER,3998.67,C1000054,11805.93,7807.26,M9702718,0,0,0,2026-01-08T12:36:46.286244,
TXN-00014927,138,DEBIT,8229.22,C1000031,0.0,0.0,M1109174,0,0,0,2026-01-08T12:36:46.286359,
TXN-00014928,319,TRANSFER,11063.43,C1000078,0.0,0.0,M3939016,0,0,0,2026-01-08T12:36:46.286439,
TXN-00014929,332,TRANSFER,4450.01,C1000027,0.0,0.0,M4279228,0,0,0,2026-01-08T12:36:46.286525,
TXN-00014930,290,TRANSFER,10.0,C1000066,0.0,0.0,M7835277,0,0,0,2026-01-08T12:36:46.286605,
TXN-00014931,148,PAYMENT,591.5,C1000009,124683.55,124092.05,M5860382,0,0,0,2026-01-08T12:36:46.286680,
TXN-00014932,148,TRANSFER,2210.44,C1000041,195189.53,192979.1,M1802755,0,0,0,2026-01-08T12:36:46.286757,
TXN-00014933,299,TRANSFER,614.7,C1000009,124092.05,123477.35,M2288182,0,0,0,2026-01-08T12:36:46.286839,
TXN-00014934,309,TRANSFER,923.79,C1000077,56323.11,55399.32,M1487678,0,0,0,2026-01-08T12:36:46.286914,
TXN-00014935,331,PAYMENT,173200.83,C1000050,0.0,0.0,M9374713,0,0,0,2026-01-08T12:36:46.286989,
TXN-00014936,289,DEBIT,5255.14,C1000084,0.0,0.0,M9479520,0,0,0,2026-01-08T12:36:46.287130,
TXN-00014937,311,TRANSFER,4614.05,C1000091,0.0,0.0,M1301129,0,0,0,2026-01-08T12:36:46.287209,
TXN-00014938,157,DEBIT,8137.23,C1000099,0.0,0.0,M2888086,0,0,0,2026-01-08T12:36:46.287265,
TXN-00014939,294,DEBIT,25037.13,C1000042,0.0,0.0,M5800188,0,0,0,2026-01-08T12:36:46.287308,
TXN-00014940,136,CASH_OUT,2692.81,C1000023,133.57,0.0,M9149303,0,0,0,2026-01-08T12:36:46.287465,
TXN-00014941,164,PAYMENT,7347.72,C1000099,0.0,0.0,M7897048,0,0,0,2026-01-08T12:36:46.287549,
TXN-00014942,328,DEBIT,782.29,C1000020,240317.04,239534.75,M8521613,0,0,0,2026-01-08T12:36:46.287616,
TXN-00014943,333,CASH_OUT,2034.59,C1000090,164961.51,162926.92,M9769343,0,0,0,2026-01-08T12:36:46.287691,
TXN-00014944,299,PAYMENT,2472.98,C1000026,103285.68,100812.7,M8866225,0,0,0,2026-01-08T12:36:46.287753,
TXN-00014945,298,CASH_OUT,4639.65,C1000084,0.0,0.0,M2602860,0,0,0,2026-01-08T12:36:46.287809,
TXN-00014946,161,TRANSFER,10.0,C1000004,192636.77,192626.77,M5296350,0,0,0,2026-01-08T12:36:46.287863,
TXN-00014947,291,PAYMENT,991.92,C1000041,192979.1,191987.17,M8914027,0,0,0,2026-01-08T12:36:46.288071,
TXN-00014948,124,PAYMENT,10.0,C1000014,149823.75,149813.75,M5271253,0,0,0,2026-01-08T12:36:46.288188,
TXN-00014949,144,CASH_OUT,10.0,C1000068,80023.87,80013.87,M2598416,0,0,0,2026-01-08T12:36:46.288276,
TXN-00014950,125,DEBIT,6416.83,C1000059,0.0,0.0,M5096198,0,0,0,2026-01-08T12:36:46.288352,
TXN-00014951,143,PAYMENT,378.8,C1000085,0.0,0.0,M5815106,0,0,0,2026-01-08T12:36:46.288434,
TXN-00014952,156,CASH_OUT,1050.71,C1000077,55399.32,54348.61,M4655892,0,0,0,2026-01-08T12:36:46.288506,
TXN-00014953,300,PAYMENT,447.32,C1000048,187794.4,187347.09,M9472611,0,0,0,2026-01-08T12:36:46.288577,
TXN-00014954,303,PAYMENT,3086.62,C1000030,0.0,0.0,M2531746,0,0,0,2026-01-08T12:36:46.288653,
TXN-00014955,146,CASH_OUT,370.92,C1000047,0.0,0.0,M6449003,0,0,0,2026-01-08T12:36:46.288722,
TXN-00014956,131,PAYMENT,931.25,C1000081,66545.15,65613.9,M1414605,0,0,0,2026-01-08T12:36:46.288791,
TXN-00014957,151,PAYMENT,377.5,C1000016,113617.26,113239.75,M9011694,0,0,0,2026-01-08T12:36:46.288865,
TXN-00014958,132,PAYMENT,10.0,C1000048,187347.09,187337.09,M5591389,0,0,0,2026-01-08T12:36:46.288936,
TXN-00014959,311,CASH_IN,9487.2,C1000036,0.0,9487.2,M7272275,0,0,0,2026-01-08T12:36:46.289007,
TXN-00014960,145,PAYMENT,10.0,C1000081,65613.9,65603.9,M7755845,0,0,0,2026-01-08T12:36:46.289081,
TXN-00014961,136,CASH_OUT,35028.91,C1000073,34697.99,0.0,M9800362,0,0,0,2026-01-08T12:36:46.289150,
TXN-00014962,151,PAYMENT,8414.17,C1000058,0.0,0.0,M4911870,0,0,0,2026-01-08T12:36:46.289237,
TXN-00014963,323,CASH_OUT,1936.53,C1000026,100812.7,98876.17,M9682809,0,0,0,2026-01-08T12:36:46.289314,
TXN-00014964,325,CASH_OUT,4289.66,C1000084,0.0,0.0,M9427932,0,0,0,2026-01-08T12:36:46.289385,
TXN-00014965,154,PAYMENT,6467.55,C1000059,0.0,0.0,M5596635,0,0,0,2026-01-08T12:36:46.289458,
TXN-00014966,307,CASH_OUT,173165.32,C1000050,0.0,0.0,M8024795,0,0,0,2026-01-08T12:36:46.289529,
TXN-00014967,134,CASH_OUT,1093.85,C1000070,0.0,0.0,M3258355,0,0,0,2026-01-08T12:36:46.289597,
TXN-00014968,162,PAYMENT,1641.83,C1000016,113239.75,111597.92,M5502234,0,0,0,2026-01-08T12:36:46.289668,
TXN-00014969,290,PAYMENT,1682.35,C1000086,91705.82,90023.47,M1943315,0,0,0,2026-01-08T12:36:46.289743,
TXN-00014970,321,PAYMENT,7781.44,C1000058,0.0,0.0,M6544018,0,0,0,2026-01-08T12:36:46.289812,
TXN-00014971,289,CASH_OUT,20858.51,C1000095,4405.61,0.0,M8229473,0,0,0,2026-01-08T12:36:46.289885,
TXN-00014972,327,DEBIT,46745.36,C1000053,0.0,0.0,M8358508,0,0,0,2026-01-08T12:36:46.289958,
TXN-00014973,289,CASH_OUT,21.21,C1000080,0.0,0.0,M1368629,0,0,0,2026-01-08T12:36:46.290028,
TXN-00014974,164,CASH_OUT,145698.0,C1000094,160951.58,15253.58,M8312155,0,0,1,2026-01-08T12:36:46.290067,large_amount
TXN-00014975,304,PAYMENT,1984.17,C1000017,11853.29,9869.12,M8516317,0,0,0,2026-01-08T12:36:46.290143,
TXN-00014976,142,TRANSFER,335.68,C1000077,54348.61,54012.93,M9878391,0,0,0,2026-01-08T12:36:46.290214,
TXN-00014977,146,PAYMENT,3409.15,C1000058,0.0,0.0,M4638640,0,0,0,2026-01-08T12:36:46.290286,
TXN-00014978,156,PAYMENT,1592.76,C1000072,0.0,0.0,M3706181,0,0,0,2026-01-08T12:36:46.290363,
TXN-00014979,162,PAYMENT,297.78,C1000082,948.55,650.77,M7950193,0,0,0,2026-01-08T12:36:46.290428,
TXN-00014980,298,PAYMENT,10.0,C1000014,149813.75,149803.75,M4943533,0,0,0,2026-01-08T12:36:46.290502,
TXN-00014981,137,TRANSFER,2185.68,C1000002,221963.44,219777.76,M3341646,0,0,0,2026-01-08T12:36:46.290576,
TXN-00014982,165,PAYMENT,2307.85,C1000020,239534.75,237226.9,M4837510,0,0,0,2026-01-08T12:36:46.290649,
TXN-00014983,140,PAYMENT,10.0,C1000047,0.0,0.0,M8324452,0,0,0,2026-01-08T12:36:46.290725,
TXN-00014984,167,CASH_OUT,910.58,C1000023,0.0,0.0,M5535576,0,0,0,2026-01-08T12:36:46.290795,
TXN-00014985,329,CASH_OUT,8203.58,C1000013,0.0,0.0,M1537241,0,0,0,2026-01-08T12:36:46.290861,
TXN-00014986,143,CASH_IN,12366.73,C1000015,12152.99,24519.72,M8531882,0,0,0,2026-01-08T12:36:46.290936,
TXN-00014987,151,PAYMENT,2564.11,C1000028,0.0,0.0,M3343319,0,0,0,2026-01-08T12:36:46.291013,
TXN-00014988,306,TRANSFER,7717.98,C1000099,0.0,0.0,M4723639,0,0,0,2026-01-08T12:36:46.291080,
TXN-00014989,333,PAYMENT,1143.07,C1000001,54346.73,53203.66,M4691301,0,0,0,2026-01-08T12:36:46.291158,
TXN-00014990,164,CASH_OUT,64342.37,C1000064,0.0,0.0,M8467039,0,0,0,2026-01-08T12:36:46.291235,
TXN-00014991,137,CASH_OUT,9616.57,C1000074,0.0,0.0,M5277669,0,0,0,2026-01-08T12:36:46.291300,
TXN-00014992,305,PAYMENT,651.72,C1000070,0.0,0.0,M7894202,0,0,0,2026-01-08T12:36:46.291375,
TXN-00014993,307,CASH_OUT,10.0,C1000098,177497.52,177487.52,M2420167,0,0,0,2026-01-08T12:36:46.291460,
TXN-00014994,166,TRANSFER,256.33,C1000057,487.22,230.89,M2175913,0,0,0,2026-01-08T12:36:46.291539,
TXN-00014995,295,PAYMENT,10.0,C1000068,80013.87,80003.87,M9324473,0,0,0,2026-01-08T12:36:46.291605,
TXN-00014996,304,TRANSFER,16128.39,C1000042,0.0,0.0,M8150218,0,0,0,2026-01-08T12:36:46.291673,
TXN-00014997,325,DEBIT,26189.79,C1000056,0.0,0.0,M1544006,0,0,0,2026-01-08T12:36:46.291737,
TXN-00014998,324,TRANSFER,3322.55,C1000006,84846.11,81523.56,M6553065,0,0,0,2026-01-08T12:36:46.291850,
TXN-00014999,306,CASH_OUT,4357.25,C1000045,0.0,0.0,M2558546,0,0,0,2026-01-08T12:36:46.291928,
TXN-00015000,150,DEBIT,954.63,C1000072,0.0,0.0,M8052225,0,0,0,2026-01-08T12:36:46.291993,
TXN-00015001,329,PAYMENT,6566.66,C1000051,64445.05,57878.39,M9918397,0,0,0,2026-01-08T12:36:46.292054,
TXN-00015002,328,TRANSFER,6934.85,C1000052,0.0,0.0,M5923802,0,0,0,2026-01-08T12:36:46.292119,
TXN-00015003,143,PAYMENT,1660.55,C1000006,81523.56,79863.01,M7629795,0,0,0,2026-01-08T12:36:46.292175,
TXN-00015004,133,TRANSFER,1540.39,C1000055,155262.74,153722.35,M2308867,0,0,0,2026-01-08T12:36:46.292353,
TXN-00015005,310,PAYMENT,1115.39,C1000002,219777.76,218662.37,M4572785,0,0,0,2026-01-08T12:36:46.292446,
TXN-00015006,301,PAYMENT,11389.93,C1000054,7807.26,0.0,M9666466,0,0,0,2026-01-08T12:36:46.293401,
TXN-00015007,315,PAYMENT,3688.33,C1000006,79863.01,76174.68,M3884077,0,0,0,2026-01-08T12:36:46.293563,
TXN-00015008,140,TRANSFER,632.34,C1000001,53203.66,52571.32,M4877430,0,0,0,2026-01-08T12:36:46.293688,
TXN-00015009,321,PAYMENT,543.48,C1000094,160951.58,160408.1,M4914150,0,0,0,2026-01-08T12:36:46.293770,
TXN-00015010,128,TRANSFER,6835.15,C1000074,0.0,0.0,M6390221,0,0,0,2026-01-08T12:36:46.293843,
TXN-00015011,164,TRANSFER,1811.68,C1000047,0.0,0.0,M7662310,0,0,0,2026-01-08T12:36:46.293909,
TXN-00015012,129,PAYMENT,10.0,C1000060,53894.45,53884.45,M5239345,0,0,0,2026-01-08T12:36:46.293975,
TXN-00015013,166,PAYMENT,23366.01,C1000037,0.0,0.0,M4274780,0,0,0,2026-01-08T12:36:46.294044,
TXN-00015014,331,PAYMENT,13785.95,C1000063,0.0,0.0,M7797237,0,0,0,2026-01-08T12:36:46.294106,
TXN-00015015,294,CASH_IN,8616.39,C1000031,0.0,8616.39,M3709087,0,0,0,2026-01-08T12:36:46.294166,
TXN-00015016,315,DEBIT,5553.41,C1000025,0.0,0.0,M3115759,0,0,0,2026-01-08T12:36:46.294228,
TXN-00015017,328,CASH_OUT,17919.25,C1000019,0.0,0.0,M8982195,0,0,0,2026-01-08T12:36:46.294287,
TXN-00015018,310,TRANSFER,18154.07,C1000076,0.0,0.0,M4840929,0,0,0,2026-01-08T12:36:46.294349,
TXN-00015019,159,CASH_OUT,4027.38,C1000021,0.0,0.0,M2334009,0,0,0,2026-01-08T12:36:46.294414,
TXN-00015020,130,PAYMENT,1962.9,C1000089,107886.69,105923.79,M4702596,0,0,0,2026-01-08T12:36:46.294474,
TXN-00015021,321,CASH_OUT,4720.36,C1000027,0.0,0.0,M3737712,0,0,0,2026-01-08T12:36:46.294536,
TXN-00015022,295,CASH_OUT,38550.21,C1000012,0.0,0.0,M9770432,0,0,0,2026-01-08T12:36:46.294594,
TXN-00015023,298,PAYMENT,4240.28,C1000065,0.0,0.0,M7313419,0,0,0,2026-01-08T12:36:46.294654,
TXN-00015024,307,CASH_OUT,5619.91,C1000097,0.0,0.0,M9519358,0,0,0,2026-01-08T12:36:46.294712,
TXN-00015025,152,DEBIT,6548.06,C1000052,0.0,0.0,M5908636,0,0,0,2026-01-08T12:36:46.294769,
TXN-00015026,313,PAYMENT,6610.1,C1000059,0.0,0.0,M2036917,0,0,0,2026-01-08T12:36:46.294830,
TXN-00015027,303,DEBIT,1185.52,C1000030,0.0,0.0,M1116941,0,0,0,2026-01-08T12:36:46.294894,
TXN-00015028,166,CASH_OUT,10.0,C1000047,0.0,0.0,M4401319,0,0,0,2026-01-08T12:36:46.294954,
TXN-00015029,303,CASH_OUT,10155.0,C1000092,0.0,0.0,M2326641,0,0,0,2026-01-08T12:36:46.295011,
TXN-00015030,165,PAYMENT,5099.55,C1000032,0.0,0.0,M9372299,0,0,0,2026-01-08T12:36:46.295069,
TXN-00015031,132,CASH_OUT,908.83,C1000022,0.0,0.0,M1830831,0,0,0,2026-01-08T12:36:46.295129,
TXN-00015032,294,DEBIT,10.0,C1000023,0.0,0.0,M6209187,0,0,0,2026-01-08T12:36:46.295187,
TXN-00015033,134,CASH_OUT,1800.81,C1000091,0.0,0.0,M9121288,0,0,0,2026-01-08T12:36:46.295243,
TXN-00015034,308,CASH_OUT,10.0,C1000064,0.0,0.0,M4193023,0,0,0,2026-01-08T12:36:46.295304,
TXN-00015035,136,CASH_OUT,7654.32,C1000011,0.0,0.0,M9949690,0,0,0,2026-01-08T12:36:46.295373,
TXN-00015036,126,CASH_OUT,3976.97,C1000030,0.0,0.0,M2558627,0,0,0,2026-01-08T12:36:46.295441,
TXN-00015037,300,PAYMENT,10329.62,C1000092,0.0,0.0,M8072565,0,0,0,2026-01-08T12:36:46.295506,
TXN-00015038,327,CASH_OUT,71614.68,C1000096,149685.54,78070.87,M2361139,0,0,1,2026-01-08T12:36:46.295540,large_amount
TXN-00015039,164,CASH_IN,6457.78,C1000096,149685.54,156143.32,M2843857,0,0,0,2026-01-08T12:36:46.295601,
TXN-00015040,308,TRANSFER,4569.71,C1000025,0.0,0.0,M4713376,0,0,0,2026-01-08T12:36:46.295662,
TXN-00015041,308,CASH_OUT,13264.82,C1000063,0.0,0.0,M6445085,0,0,0,2026-01-08T12:36:46.295721,
TXN-00015042,135,DEBIT,1289.05,C1000038,0.0,0.0,M5473505,0,0,0,2026-01-08T12:36:46.295779,
TXN-00015043,164,PAYMENT,54417.83,C1000000,0.0,0.0,M3645715,0,0,0,2026-01-08T12:36:46.295837,
TXN-00015044,120,TRANSFER,2763.78,C1000026,98876.17,96112.39,M9209441,0,0,0,2026-01-08T12:36:46.295893,
TXN-00015045,301,CASH_OUT,6477.01,C1000052,0.0,0.0,M3855828,0,0,0,2026-01-08T12:36:46.295952,
TXN-00015046,149,DEBIT,21416.62,C1000067,27169.12,5752.51,M8162387,0,0,0,2026-01-08T12:36:46.296009,
TXN-00015047,133,TRANSFER,137145.69,C1000014,149803.75,9546.12,M2039545,0,0,1,2026-01-08T12:36:46.296041,balance_mismatch
TXN-00015048,297,CASH_OUT,1186.69,C1000091,0.0,0.0,M3425450,0,0,0,2026-01-08T12:36:46.296105,
TXN-00015049,321,DEBIT,520.94,C1000071,131384.05,130863.12,M1801686,0,0,0,2026-01-08T12:36:46.296163,
TXN-00015050,332,CASH_OUT,18018.76,C1000024,0.0,0.0,M6358468,0,0,0,2026-01-08T12:36:46.296227,
TXN-00015051,122,CASH_OUT,4614.11,C1000078,0.0,0.0,M3044089,0,0,0,2026-01-08T12:36:46.296285,
TXN-00015052,160,PAYMENT,10.0,C1000097,0.0,0.0,M1550915,0,0,0,2026-01-08T12:36:46.296347,
TXN-00015053,125,TRANSFER,3690.94,C1000084,0.0,0.0,M6361627,0,0,0,2026-01-08T12:36:46.296411,
TXN-00015054,120,PAYMENT,1157.86,C1000083,168105.76,166947.89,M7565974,0,0,0,2026-01-08T12:36:46.296480,
TXN-00015055,138,PAYMENT,10.0,C1000066,0.0,0.0,M2841417,0,0,0,2026-01-08T12:36:46.296554,
TXN-00015056,134,PAYMENT,927.04,C1000047,0.0,0.0,M4035953,0,0,0,2026-01-08T12:36:46.296637,
TXN-00015057,302,PAYMENT,5830.31,C1000059,0.0,0.0,M6716078,0,0,0,2026-01-08T12:36:46.296721,
TXN-00015058,136,DEBIT,55220.11,C1000000,0.0,0.0,M6449813,0,0,0,2026-01-08T12:36:46.296788,
TXN-00015059,132,PAYMENT,1601.83,C1000001,52571.32,50969.49,M1453444,0,0,0,2026-01-08T12:36:46.296849,
TXN-00015060,167,CASH_OUT,142926.69,C1000023,0.0,0.0,M1440728,0,0,1,2026-01-08T12:36:46.296887,large_amount
TXN-00015061,315,DEBIT,2474.11,C1000028,0.0,0.0,M3130821,0,0,0,2026-01-08T12:36:46.296977,
TXN-00015062,149,CASH_OUT,3852.04,C1000010,0.0,0.0,M1943544,0,0,0,2026-01-08T12:36:46.297054,
TXN-00015063,130,PAYMENT,1915.97,C1000090,162926.92,161010.95,M5493859,0,0,0,2026-01-08T12:36:46.297162,
TXN-00015064,306,CASH_OUT,101902.68,C1000071,130863.12,28960.44,M9979185,0,0,1,2026-01-08T12:36:46.297216,unusual_type
TXN-00015065,154,PAYMENT,4907.73,C1000049,0.0,0.0,M1263394,0,0,0,2026-01-08T12:36:46.297415,
TXN-00015066,291,TRANSFER,292.11,C1000029,0.0,0.0,M9431865,0,0,0,2026-01-08T12:36:46.297514,
TXN-00015067,320,CASH_IN,18165.69,C1000024,0.0,18165.69,M2951791,0,0,0,2026-01-08T12:36:46.297618,
TXN-00015068,152,DEBIT,8421.8,C1000039,0.0,0.0,M3583063,0,0,0,2026-01-08T12:36:46.297705,
TXN-00015069,312,CASH_OUT,1132.71,C1000081,65603.9,64471.19,M1723587,0,0,0,2026-01-08T12:36:46.297807,
TXN-00015070,132,CASH_OUT,10002.38,C1000092,0.0,0.0,M9369897,0,0,0,2026-01-08T12:36:46.297892,
TXN-00015071,147,PAYMENT,3364.82,C1000002,218662.37,215297.55,M7356882,0,0,0,2026-01-08T12:36:46.297964,
TXN-00015072,295,CASH_OUT,10215.1,C1000054,0.0,0.0,M6638075,0,0,0,2026-01-08T12:36:46.298040,
TXN-00015073,291,PAYMENT,24453.94,C1000037,0.0,0.0,M3604226,0,0,0,2026-01-08T12:36:46.298163,
TXN-00015074,315,CASH_OUT,10.0,C1000040,0.0,0.0,M9718015,0,0,0,2026-01-08T12:36:46.298265,
TXN-00015075,150,CASH_OUT,3065.87,C1000010,0.0,0.0,M7385820,0,0,0,2026-01-08T12:36:46.298602,
TXN-00015076,154,CASH_OUT,4875.91,C1000049,0.0,0.0,M7300852,0,0,0,2026-01-08T12:36:46.298754,
TXN-00015077,158,DEBIT,1001.35,C1000066,0.0,0.0,M6794802,0,0,0,2026-01-08T12:36:46.298829,
TXN-00015078,140,CASH_IN,5971.27,C1000047,0.0,5971.27,M7138436,0,0,0,2026-01-08T12:36:46.298988,
TXN-00015079,310,PAYMENT,7643.03,C1000058,0.0,0.0,M2417934,0,0,0,2026-01-08T12:36:46.299061,
TXN-00015080,319,PAYMENT,2071.68,C1000090,161010.95,158939.27,M3043084,0,0,0,2026-01-08T12:36:46.299126,
TXN-00015081,302,PAYMENT,4218.84,C1000021,0.0,0.0,M7716255,0,0,0,2026-01-08T12:36:46.299192,
TXN-00015082,331,TRANSFER,10.0,C1000097,0.0,0.0,M6142229,0,0,0,2026-01-08T12:36:46.299255,
TXN-00015083,320,PAYMENT,204.23,C1000075,434272.75,434068.52,M8514529,0,0,0,2026-01-08T12:36:46.299322,
TXN-00015084,301,DEBIT,55517.6,C1000000,0.0,0.0,M1422247,0,0,0,2026-01-08T12:36:46.299388,
TXN-00015085,302,TRANSFER,5888.04,C1000025,0.0,0.0,M6365052,0,0,0,2026-01-08T12:36:46.299494,
TXN-00015086,289,PAYMENT,1987.82,C1000084,0.0,0.0,M8747744,0,0,0,2026-01-08T12:36:46.299557,
TXN-00015087,291,CASH_OUT,10.0,C1000033,0.0,0.0,M9240113,0,0,0,2026-01-08T12:36:46.299618,
TXN-00015088,320,TRANSFER,3946.06,C1000091,0.0,0.0,M1746588,0,0,0,2026-01-08T12:36:46.299677,
TXN-00015089,127,DEBIT,5837.14,C1000074,0.0,0.0,M3323934,0,0,0,2026-01-08T12:36:46.299783,
TXN-00015090,164,CASH_OUT,10.0,C1000068,80003.87,79993.87,M6419512,0,0,0,2026-01-08T12:36:46.299950,
TXN-00015091,302,PAYMENT,1387.75,C1000030,0.0,0.0,M9653226,0,0,0,2026-01-08T12:36:46.300052,
TXN-00015092,299,PAYMENT,173255.34,C1000050,0.0,0.0,M3961954,0,0,0,2026-01-08T12:36:46.300252,
TXN-00015093,319,CASH_OUT,6231.1,C1000052,0.0,0.0,M5265618,0,0,0,2026-01-08T12:36:46.300389,
TXN-00015094,320,DEBIT,175.91,C1000009,123477.35,123301.44,M9706145,0,0,0,2026-01-08T12:36:46.300579,
TXN-00015095,166,CASH_OUT,17779.02,C1000093,0.0,0.0,M6106380,0,0,0,2026-01-08T12:36:46.300728,
TXN-00015096,120,CASH_OUT,295.37,C1000009,123301.44,123006.07,M3890470,0,0,0,2026-01-08T12:36:46.300850,
TXN-00015097,150,PAYMENT,1291.26,C1000080,0.0,0.0,M8958533,0,0,0,2026-01-08T12:36:46.300956,
TXN-00015098,142,TRANSFER,19960.34,C1000095,0.0,0.0,M5557489,0,0,0,2026-01-08T12:36:46.301083,
TXN-00015099,134,DEBIT,10.0,C1000051,57878.39,57868.39,M6432923,0,0,0,2026-01-08T12:36:46.301186,
TXN-00015100,124,CASH_OUT,98560.65,C1000085,0.0,0.0,M8383272,0,0,1,2026-01-08T12:36:46.301243,night_transaction
TXN-00015101,145,DEBIT,272.92,C1000004,192626.77,192353.85,M7541623,0,0,0,2026-01-08T12:36:46.301353,
TXN-00015102,312,TRANSFER,7642.55,C1000099,0.0,0.0,M6825025,0,0,0,2026-01-08T12:36:46.301445,
TXN-00015103,138,PAYMENT,6100.74,C1000096,156143.32,150042.58,M8321144,0,0,0,2026-01-08T12:36:46.301534,
TXN-00015104,302,TRANSFER,8367.98,C1000036,9487.2,1119.22,M6943393,0,0,0,2026-01-08T12:36:46.301628,
TXN-00015105,165,CASH_OUT,4404.74,C1000065,0.0,0.0,M4593124,0,0,0,2026-01-08T12:36:46.301739,
TXN-00015106,123,CASH_IN,4142.52,C1000027,0.0,4142.52,M9562728,0,0,0,2026-01-08T12:36:46.301820,
TXN-00015107,161,TRANSFER,2872.19,C1000023,0.0,0.0,M3899860,0,0,0,2026-01-08T12:36:46.301899,
TXN-00015108,132,CASH_OUT,1625.91,C1000043,0.0,0.0,M8531989,0,0,0,2026-01-08T12:36:46.301973,
TXN-00015109,121,CASH_OUT,1431.43,C1000061,219115.93,217684.5,M7185149,0,0,0,2026-01-08T12:36:46.302048,
TXN-00015110,160,CASH_OUT,230.51,C1000060,53884.45,53653.93,M8886388,0,0,0,2026-01-08T12:36:46.302122,
TXN-00015111,310,CASH_OUT,365.51,C1000055,153722.35,153356.83,M3270056,0,0,0,2026-01-08T12:36:46.302198,
TXN-00015112,314,TRANSFER,537.18,C1000038,0.0,0.0,M7706130,0,0,0,2026-01-08T12:36:46.302271,
TXN-00015113,154,CASH_OUT,27989.15,C1000067,5752.51,0.0,M8993361,0,0,0,2026-01-08T12:36:46.302351,
TXN-00015114,297,PAYMENT,2671.71,C1000082,650.77,0.0,M1024605,0,0,0,2026-01-08T12:36:46.302427,
TXN-00015115,329,TRANSFER,1097.81,C1000034,59637.24,58539.44,M5784710,0,0,0,2026-01-08T12:36:46.302500,
TXN-00015116,167,PAYMENT,10.0,C1000041,191987.17,191977.17,M5854992,0,0,0,2026-01-08T12:36:46.302570,
TXN-00015117,133,PAYMENT,2294.75,C1000069,0.0,0.0,M9316665,0,0,0,2026-01-08T12:36:46.302635,
TXN-00015118,292,PAYMENT,1433.66,C1000089,105923.79,104490.14,M8589099,0,0,0,2026-01-08T12:36:46.302708,
TXN-00015119,128,DEBIT,11664.94,C1000015,24519.72,12854.78,M9161260,0,0,0,2026-01-08T12:36:46.302771,
TXN-00015120,154,PAYMENT,5623.9,C1000052,0.0,0.0,M8063476,0,0,0,2026-01-08T12:36:46.302835,
TXN-00015121,313,DEBIT,8705.19,C1000013,0.0,0.0,M5337853,0,0,0,2026-01-08T12:36:46.302900,
TXN-00015122,307,PAYMENT,18260.59,C1000035,0.0,0.0,M6276228,0,0,0,2026-01-08T12:36:46.302961,
TXN-00015123,298,CASH_IN,6467.99,C1000088,0.0,6467.99,M4588748,0,0,0,2026-01-08T12:36:46.303021,
TXN-00015124,304,PAYMENT,937.12,C1000094,160408.1,159470.99,M7354586,0,0,0,2026-01-08T12:36:46.303088,
TXN-00015125,296,TRANSFER,73.54,C1000061,217684.5,217610.96,M5453528,0,0,0,2026-01-08T12:36:46.303156,
TXN-00015126,327,TRANSFER,26065.25,C1000056,0.0,0.0,M8731753,0,0,0,2026-01-08T12:36:46.303220,
TXN-00015127,152,PAYMENT,663.3,C1000089,104490.14,103826.84,M1563376,0,0,0,2026-01-08T12:36:46.303283,
TXN-00015128,329,PAYMENT,54389.93,C1000000,0.0,0.0,M8270243,0,0,0,2026-01-08T12:36:46.303354,
TXN-00015129,150,PAYMENT,10.0,C1000022,0.0,0.0,M5055440,0,0,0,2026-01-08T12:36:46.303419,
TXN-00015130,316,PAYMENT,10453.3,C1000015,12854.78,2401.48,M1960305,0,0,0,2026-01-08T12:36:46.303480,
TXN-00015131,133,PAYMENT,10.0,C1000009,123006.07,122996.07,M4186846,0,0,0,2026-01-08T12:36:46.303547,
TXN-00015132,316,PAYMENT,3767.15,C1000087,51083.85,47316.7,M8308558,0,0,0,2026-01-08T12:36:46.303610,
TXN-00015133,147,CASH_OUT,2334.25,C1000043,0.0,0.0,M5865266,0,0,0,2026-01-08T12:36:46.303673,
TXN-00015134,130,PAYMENT,21807.74,C1000024,18165.69,0.0,M2514563,0,0,0,2026-01-08T12:36:46.303736,
TXN-00015135,135,PAYMENT,3454.14,C1000087,47316.7,43862.56,M3308328,0,0,0,2026-01-08T12:36:46.303830,
TXN-00015136,129,PAYMENT,10.0,C1000047,5971.27,5961.27,M8060458,0,0,0,2026-01-08T12:36:46.303895,
TXN-00015137,331,TRANSFER,66187.34,C1000022,0.0,0.0,M3434421,0,0,1,2026-01-08T12:36:46.303934,night_transaction
TXN-00015138,305,TRANSFER,38402.44,C1000067,0.0,0.0,M3109623,0,0,0,2026-01-08T12:36:46.303998,
TXN-00015139,319,PAYMENT,44767.83,C1000053,0.0,0.0,M7510083,0,0,0,2026-01-08T12:36:46.304064,
TXN-00015140,144,CASH_OUT,2775.45,C1000030,0.0,0.0,M7810478,0,0,0,2026-01-08T12:36:46.304128,
TXN-00015141,120,TRANSFER,20400.03,C1000019,0.0,0.0,M2886629,0,0,0,2026-01-08T12:36:46.304195,
TXN-00015142,297,TRANSFER,1291.79,C1000038,0.0,0.0,M9344777,0,0,0,2026-01-08T12:36:46.304265,
TXN-00015143,323,DEBIT,2359.07,C1000045,0.0,0.0,M5563955,0,0,0,2026-01-08T12:36:46.304337,
TXN-00015144,130,PAYMENT,1343.07,C1000090,158939.27,157596.2,M5347483,0,0,0,2026-01-08T12:36:46.304403,
TXN-00015145,159,CASH_OUT,67509.94,C1000031,8616.39,0.0,M8004529,0,0,1,2026-01-08T12:36:46.304442,night_transaction
TXN-00015146,306,PAYMENT,1041.69,C1000084,0.0,0.0,M8077161,0,0,0,2026-01-08T12:36:46.304506,
TXN-00015147,135,PAYMENT,6359.97,C1000058,0.0,0.0,M5156029,0,0,0,2026-01-08T12:36:46.304572,
TXN-00015148,329,DEBIT,8816.4,C1000031,8616.39,0.0,M7373470,0,0,0,2026-01-08T12:36:46.304640,
TXN-00015149,149,PAYMENT,3474.26,C1000084,0.0,0.0,M2333918,0,0,0,2026-01-08T12:36:46.304707,
TXN-00015150,134,PAYMENT,13404.97,C1000063,0.0,0.0,M8645906,0,0,0,2026-01-08T12:36:46.304773,
TXN-00015151,293,TRANSFER,1412.89,C1000070,0.0,0.0,M7414513,0,0,0,2026-01-08T12:36:46.304842,
TXN-00015152,137,TRANSFER,2847.98,C1000078,0.0,0.0,M6263680,0,0,0,2026-01-08T12:36:46.304908,
TXN-00015153,305,PAYMENT,17237.68,C1000005,0.0,0.0,M3013091,0,0,0,2026-01-08T12:36:46.304981,
TXN-00015154,292,CASH_IN,1106.68,C1000055,153356.83,154463.51,M9492362,0,0,0,2026-01-08T12:36:46.305049,
TXN-00015155,299,PAYMENT,10.0,C1000022,0.0,0.0,M6819545,0,0,0,2026-01-08T12:36:46.305120,
TXN-00015156,296,TRANSFER,17457.11,C1000079,0.0,0.0,M1687935,0,0,0,2026-01-08T12:36:46.305186,
TXN-00015157,327,CASH_OUT,142.6,C1000018,119732.43,119589.83,M2761861,0,0,0,2026-01-08T12:36:46.305252,
TXN-00015158,166,TRANSFER,20727.21,C1000095,0.0,0.0,M5920560,0,0,0,2026-01-08T12:36:46.305323,
TXN-00015159,320,PAYMENT,2254.38,C1000086,90023.47,87769.09,M7166657,0,0,0,2026-01-08T12:36:46.305391,
TXN-00015160,319,PAYMENT,18251.83,C1000076,0.0,0.0,M2868389,0,0,0,2026-01-08T12:36:46.305461,
TXN-00015161,126,CASH_OUT,34699.59,C1000073,0.0,0.0,M7707347,0,0,0,2026-01-08T12:36:46.305527,
TXN-00015162,304,CASH_OUT,5504.92,C1000057,230.89,0.0,M2164980,0,0,0,2026-01-08T12:36:46.305593,
TXN-00015163,125,PAYMENT,7619.16,C1000099,0.0,0.0,M7657786,0,0,0,2026-01-08T12:36:46.305661,
TXN-00015164,290,TRANSFER,4112.53,C1000027,4142.52,29.99,M4250128,0,0,0,2026-01-08T12:36:46.305729,
TXN-00015165,161,CASH_OUT,10595.81,C1000033,0.0,0.0,M7337393,0,0,0,2026-01-08T12:36:46.305797,
TXN-00015166,155,CASH_OUT,7581.76,C1000005,0.0,0.0,M2913247,0,0,0,2026-01-08T12:36:46.305863,
TXN-00015167,312,TRANSFER,162.74,C1000077,54012.93,53850.19,M6660941,0,0,0,2026-01-08T12:36:46.305930,
TXN-00015168,332,PAYMENT,5232.06,C1000096,150042.58,144810.52,M4170073,0,0,0,2026-01-08T12:36:46.305999,
TXN-00015169,334,CASH_IN,10.0,C1000068,79993.87,80003.87,M8334311,0,0,0,2026-01-08T12:36:46.306067,
TXN-00015170,323,PAYMENT,20783.41,C1000019,0.0,0.0,M1988298,0,0,0,2026-01-08T12:36:46.306134,
TXN-00015171,288,DEBIT,10.0,C1000051,57868.39,57858.39,M9430286,0,0,0,2026-01-08T12:36:46.306200,
TXN-00015172,327,PAYMENT,1310.47,C1000083,166947.89,165637.42,M7887602,0,0,0,2026-01-08T12:36:46.306267,
TXN-00015173,163,CASH_OUT,67182.36,C1000023,0.0,0.0,M7263281,0,0,1,2026-01-08T12:36:46.306311,unusual_type
TXN-00015174,330,PAYMENT,4750.74,C1000025,0.0,0.0,M5778366,0,0,0,2026-01-08T12:36:46.306377,
TXN-00015175,303,PAYMENT,4751.07,C1000049,0.0,0.0,M4912735,0,0,0,2026-01-08T12:36:46.306443,
TXN-00015176,127,TRANSFER,2835.16,C1000040,0.0,0.0,M3509012,0,0,0,2026-01-08T12:36:46.306506,
TXN-00015177,333,CASH_OUT,3713.7,C1000002,215297.55,211583.85,M8513942,0,0,0,2026-01-08T12:36:46.306571,
TXN-00015178,166,CASH_OUT,830.94,C1000070,0.0,0.0,M1135714,0,0,0,2026-01-08T12:36:46.306638,
TXN-00015179,145,PAYMENT,19206.52,C1000035,0.0,0.0,M8904214,0,0,0,2026-01-08T12:36:46.306705,
TXN-00015180,163,CASH_OUT,1099.26,C1000018,119589.83,118490.57,M1048198,0,0,0,2026-01-08T12:36:46.306767,
TXN-00015181,324,CASH_IN,873.17,C1000071,130863.12,131736.29,M3738778,0,0,0,2026-01-08T12:36:46.306836,
TXN-00015182,296,PAYMENT,22077.3,C1000042,0.0,0.0,M8145892,0,0,0,2026-01-08T12:36:46.306906,
TXN-00015183,136,PAYMENT,694.07,C1000082,0.0,0.0,M8651605,0,0,0,2026-01-08T12:36:46.306981,
TXN-00015184,144,PAYMENT,7764.98,C1000036,1119.22,0.0,M2687144,0,0,0,2026-01-08T12:36:46.307053,
TXN-00015185,165,TRANSFER,508.86,C1000066,0.0,0.0,M4633527,0,0,0,2026-01-08T12:36:46.307121,
TXN-00015186,305,CASH_OUT,1519.29,C1000090,157596.2,156076.91,M7278187,0,0,0,2026-01-08T12:36:46.307186,
TXN-00015187,147,PAYMENT,10.0,C1000018,118490.57,118480.57,M6951210,0,0,0,2026-01-08T12:36:46.307252,
TXN-00015188,124,PAYMENT,7926.87,C1000011,0.0,0.0,M7152412,0,0,0,2026-01-08T12:36:46.307333,
TXN-00015189,331,CASH_OUT,1625.42,C1000062,0.0,0.0,M7427139,0,0,0,2026-01-08T12:36:46.307406,
TXN-00015190,141,CASH_OUT,21743.34,C1000019,0.0,0.0,M4205005,0,0,0,2026-01-08T12:36:46.307473,
TXN-00015191,151,PAYMENT,768.64,C1000001,50969.49,50200.85,M9465971,0,0,0,2026-01-08T12:36:46.307540,
TXN-00015192,314,TRANSFER,1180.06,C1000041,191977.17,190797.11,M7183817,0,0,0,2026-01-08T12:36:46.307656,
TXN-00015193,314,PAYMENT,4620.42,C1000027,29.99,0.0,M3890107,0,0,0,2026-01-08T12:36:46.307748,
TXN-00015194,333,CASH_OUT,822.47,C1000018,118480.57,117658.1,M5113173,0,0,0,2026-01-08T12:36:46.307833,
TXN-00015195,323,PAYMENT,10.0,C1000071,131736.29,131726.29,M2138399,0,0,0,2026-01-08T12:36:46.307978,
TXN-00015196,333,PAYMENT,10.0,C1000009,122996.07,122986.07,M7341553,0,0,0,2026-01-08T12:36:46.308114,
TXN-00015197,310,PAYMENT,10.0,C1000041,190797.11,190787.11,M2908849,0,0,0,2026-01-08T12:36:46.308203,
TXN-00015198,304,TRANSFER,10.0,C1000072,0.0,0.0,M7920121,0,0,0,2026-01-08T12:36:46.308286,
TXN-00015199,323,CASH_OUT,19385.48,C1000035,0.0,0.0,M2424545,0,0,0,2026-01-08T12:36:46.308365,
TXN-00015200,321,PAYMENT,17619.04,C1000019,0.0,0.0,M4757204,0,0,0,2026-01-08T12:36:46.308437,
TXN-00015201,130,TRANSFER,12276.78,C1000031,0.0,0.0,M1363942,0,0,0,2026-01-08T12:36:46.308500,
TXN-00015202,299,CASH_OUT,2325.8,C1000008,189403.51,187077.71,M9132175,0,0,0,2026-01-08T12:36:46.308559,
TXN-00015203,152,CASH_OUT,10146.31,C1000092,0.0,0.0,M5472539,0,0,0,2026-01-08T12:36:46.308620,
TXN-00015204,131,TRANSFER,3577.88,C1000096,144810.52,141232.64,M1009762,0,0,0,2026-01-08T12:36:46.308684,
TXN-00015205,157,TRANSFER,2063.2,C1000017,9869.12,7805.92,M2310248,0,0,0,2026-01-08T12:36:46.308769,
TXN-00015206,126,PAYMENT,4688.87,C1000014,149803.75,145114.88,M6866527,0,0,0,2026-01-08T12:36:46.308826,
TXN-00015207,333,CASH_IN,1919.82,C1000018,117658.1,119577.92,M2560656,0,0,0,2026-01-08T12:36:46.308869,
TXN-00015208,146,DEBIT,3590.86,C1000087,43862.56,40271.7,M4086646,0,0,0,2026-01-08T12:36:46.308911,
TXN-00015209,330,CASH_OUT,4925.9,C1000010,0.0,0.0,M9829751,0,0,0,2026-01-08T12:36:46.308952,
TXN-00015210,305,PAYMENT,10.0,C1000014,145114.88,145104.88,M7691611,0,0,0,2026-01-08T12:36:46.308993,
TXN-00015211,297,PAYMENT,6385.44,C1000054,0.0,0.0,M5775529,0,0,0,2026-01-08T12:36:46.309034,
TXN-00015212,148,PAYMENT,10.0,C1000034,58539.44,58529.44,M7287547,0,0,0,2026-01-08T12:36:46.309074,
TXN-00015213,122,CASH_OUT,1409.72,C1000090,156076.91,154667.19,M9492036,0,0,0,2026-01-08T12:36:46.309113,
TXN-00015214,297,DEBIT,845.37,C1000048,187337.09,186491.72,M6326455,0,0,0,2026-01-08T12:36:46.309159,
TXN-00015215,323,PAYMENT,17971.87,C1000076,0.0,0.0,M1251895,0,0,0,2026-01-08T12:36:46.309222,
TXN-00015216,125,CASH_OUT,10.0,C1000082,0.0,0.0,M6525635,0,0,0,2026-01-08T12:36:46.309759,
TXN-00015217,303,TRANSFER,9584.16,C1000054,0.0,0.0,M8662749,0,0,0,2026-01-08T12:36:46.310199,
TXN-00015218,328,CASH_IN,15721.3,C1000042,0.0,15721.3,M3450494,0,0,0,2026-01-08T12:36:46.310334,
TXN-00015219,142,CASH_OUT,8551.46,C1000039,0.0,0.0,M7374427,0,0,0,2026-01-08T12:36:46.310444,
TXN-00015220,294,PAYMENT,24147.26,C1000024,0.0,0.0,M4107736,0,0,0,2026-01-08T12:36:46.310567,
TXN-00015221,307,PAYMENT,35079.02,C1000042,15721.3,0.0,M9655873,0,0,0,2026-01-08T12:36:46.310677,
TXN-00015222,121,CASH_OUT,10.0,C1000034,58529.44,58519.44,M7641980,0,0,0,2026-01-08T12:36:46.311090,
TXN-00015223,292,CASH_OUT,17858.66,C1000095,0.0,0.0,M4279097,0,0,0,2026-01-08T12:36:46.311170,
TXN-00015224,138,PAYMENT,1286.8,C1000047,5961.27,4674.46,M6428892,0,0,0,2026-01-08T12:36:46.311225,
TXN-00015225,301,PAYMENT,26884.96,C1000067,0.0,0.0,M2049241,0,0,0,2026-01-08T12:36:46.311333,
TXN-00015226,128,TRANSFER,252.73,C1000075,434068.52,433815.79,M5191822,0,0,0,2026-01-08T12:36:46.311451,
TXN-00015227,304,TRANSFER,13523.19,C1000063,0.0,0.0,M7452005,0,0,0,2026-01-08T12:36:46.311579,
TXN-00015228,329,PAYMENT,10.0,C1000051,57858.39,57848.39,M3249620,0,0,0,2026-01-08T12:36:46.311740,
TXN-00015229,293,DEBIT,4078.28,C1000062,0.0,0.0,M1101921,0,0,0,2026-01-08T12:36:46.311830,
TXN-00015230,129,PAYMENT,22685.67,C1000095,0.0,0.0,M5970468,0,0,0,2026-01-08T12:36:46.311887,
TXN-00015231,324,CASH_OUT,4457.81,C1000049,0.0,0.0,M1806405,0,0,0,2026-01-08T12:36:46.311943,
TXN-00015232,163,PAYMENT,10.0,C1000082,0.0,0.0,M3611351,0,0,0,2026-01-08T12:36:46.311983,
TXN-00015233,308,DEBIT,17562.57,C1000093,0.0,0.0,M7384945,0,0,0,2026-01-08T12:36:46.312023,
TXN-00015234,127,PAYMENT,1346.61,C1000007,19395.82,18049.21,M2632318,0,0,0,2026-01-08T12:36:46.312062,
TXN-00015235,164,CASH_OUT,5211.07,C1000062,0.0,0.0,M5098670,0,0,0,2026-01-08T12:36:46.312102,
TXN-00015236,142,TRANSFER,2387.19,C1000028,0.0,0.0,M4815400,0,0,0,2026-01-08T12:36:46.312141,
TXN-00015237,306,TRANSFER,4246.67,C1000027,0.0,0.0,M2366256,0,0,0,2026-01-08T12:36:46.312180,
TXN-00015238,291,PAYMENT,244.86,C1000007,18049.21,17804.34,M9658688,0,0,0,2026-01-08T12:36:46.312220,
TXN-00015239,142,PAYMENT,695.2,C1000041,190787.11,190091.91,M5649097,0,0,0,2026-01-08T12:36:46.312260,
TXN-00015240,136,PAYMENT,601.61,C1000068,80003.87,79402.26,M1082706,0,0,0,2026-01-08T12:36:46.312301,
TXN-00015241,316,TRANSFER,12340.75,C1000014,145104.88,132764.13,M8464342,0,0,0,2026-01-08T12:36:46.312340,
TXN-00015242,301,CASH_OUT,1329.33,C1000021,0.0,0.0,M9765723,0,0,0,2026-01-08T12:36:46.312437,
TXN-00015243,315,CASH_OUT,288.18,C1000094,159470.99,159182.8,M8947024,0,0,0,2026-01-08T12:36:46.312505,
TXN-00015244,294,CASH_OUT,3017.94,C1000008,187077.71,184059.77,M7520191,0,0,0,2026-01-08T12:36:46.312550,
TXN-00015245,143,TRANSFER,50109.29,C1000010,0.0,-45960.72,M4651255,0,0,1,2026-01-08T12:36:46.312579,balance_mismatch
TXN-00015246,155,PAYMENT,684.9,C1000085,0.0,0.0,M6220825,0,0,0,2026-01-08T12:36:46.312627,
TXN-00015247,166,TRANSFER,976.1,C1000007,17804.34,16828.24,M6734331,0,0,0,2026-01-08T12:36:46.312668,
TXN-00015248,312,PAYMENT,12024.43,C1000015,2401.48,0.0,M6891983,0,0,0,2026-01-08T12:36:46.312709,
TXN-00015249,159,CASH_OUT,10.0,C1000064,0.0,0.0,M2216784,0,0,0,2026-01-08T12:36:46.312758,
TXN-00015250,288,TRANSFER,720.85,C1000038,0.0,0.0,M7411800,0,0,0,2026-01-08T12:36:46.312817,
TXN-00015251,298,PAYMENT,2805.52,C1000047,4674.46,1868.94,M4824192,0,0,0,2026-01-08T12:36:46.312881,
TXN-00015252,306,TRANSFER,183.33,C1000060,53653.93,53470.61,M9114423,0,0,0,2026-01-08T12:36:46.312939,
TXN-00015253,329,TRANSFER,1651.53,C1000016,111597.92,109946.39,M4362424,0,0,0,2026-01-08T12:36:46.312995,
TXN-00015254,159,TRANSFER,10.0,C1000060,53470.61,53460.61,M2576160,0,0,0,2026-01-08T12:36:46.313054,
TXN-00015255,291,PAYMENT,1456.86,C1000041,190091.91,188635.06,M9777251,0,0,0,2026-01-08T12:36:46.313111,
TXN-00015256,165,CASH_OUT,7527.16,C1000014,132764.13,125236.97,M1667747,0,0,0,2026-01-08T12:36:46.313167,
TXN-00015257,157,CASH_IN,2060.85,C1000090,154667.19,156728.04,M4395455,0,0,0,2026-01-08T12:36:46.313225,
TXN-00015258,328,TRANSFER,536.52,C1000098,177487.52,176950.99,M8982312,0,0,0,2026-01-08T12:36:46.313281,
TXN-00015259,137,TRANSFER,3009.35,C1000089,103826.84,100817.49,M7917893,0,0,0,2026-01-08T12:36:46.313348,
TXN-00015260,126,PAYMENT,20797.61,C1000035,0.0,0.0,M9232923,0,0,0,2026-01-08T12:36:46.313424,
TXN-00015261,127,DEBIT,5696.64,C1000059,0.0,0.0,M3841640,0,0,0,2026-01-08T12:36:46.313485,
TXN-00015262,132,PAYMENT,2771.63,C1000028,0.0,0.0,M7570971,0,0,0,2026-01-08T12:36:46.313553,
TXN-00015263,332,PAYMENT,2426.31,C1000045,0.0,0.0,M2563666,0,0,0,2026-01-08T12:36:46.313613,
TXN-00015264,310,DEBIT,19012.54,C1000095,0.0,0.0,M7026086,0,0,0,2026-01-08T12:36:46.313669,
TXN-00015265,142,PAYMENT,878.67,C1000004,192353.85,191475.18,M7267672,0,0,0,2026-01-08T12:36:46.313725,
TXN-00015266,312,CASH_OUT,92.39,C1000001,50200.85,50108.46,M9923299,0,0,0,2026-01-08T12:36:46.313784,
TXN-00015267,299,TRANSFER,10160.01,C1000082,0.0,0.0,M8560773,0,0,0,2026-01-08T12:36:46.313842,
TXN-00015268,296,CASH_OUT,17502.01,C1000076,0.0,0.0,M9718884,0,0,0,2026-01-08T12:36:46.313899,
TXN-00015269,290,TRANSFER,11382.83,C1000015,0.0,0.0,M4364158,0,0,0,2026-01-08T12:36:46.313960,
TXN-00015270,122,PAYMENT,1130.08,C1000094,159182.8,158052.72,M6328215,0,0,0,2026-01-08T12:36:46.314017,
TXN-00015271,332,DEBIT,8022.78,C1000036,0.0,0.0,M9497929,0,0,0,2026-01-08T12:36:46.314074,
TXN-00015272,154,DEBIT,911.86,C1000080,0.0,0.0,M3682591,0,0,0,2026-01-08T12:36:46.314130,
TXN-00015273,300,PAYMENT,5775.07,C1000059,0.0,0.0,M4462453,0,0,0,2026-01-08T12:36:46.314185,
TXN-00015274,167,CASH_OUT,1626.93,C1000028,0.0,0.0,M2550580,0,0,0,2026-01-08T12:36:46.314241,
TXN-00015275,143,TRANSFER,1795.98,C1000089,100817.49,99021.51,M7848046,0,0,0,2026-01-08T12:36:46.314297,
TXN-00015276,124,PAYMENT,4687.43,C1000010,0.0,0.0,M2788278,0,0,0,2026-01-08T12:36:46.314355,
TXN-00015277,164,DEBIT,25677.6,C1000095,0.0,0.0,M2748126,0,0,0,2026-01-08T12:36:46.314412,
TXN-00015278,137,CASH_OUT,2396.68,C1000069,0.0,0.0,M9332031,0,0,0,2026-01-08T12:36:46.314468,
TXN-00015279,322,CASH_OUT,10.0,C1000098,176950.99,176940.99,M4125273,0,0,0,2026-01-08T12:36:46.314524,
TXN-00015280,164,CASH_OUT,149.5,C1000009,122986.07,122836.58,M4577373,0,0,0,2026-01-08T12:36:46.314580,
TXN-00015281,154,DEBIT,35121.27,C1000012,0.0,0.0,M5339953,0,0,0,2026-01-08T12:36:46.314638,
TXN-00015282,153,PAYMENT,4288.73,C1000027,0.0,0.0,M6521932,0,0,0,2026-01-08T12:36:46.314694,
TXN-00015283,315,TRANSFER,5301.56,C1000025,0.0,0.0,M5785121,0,0,0,2026-01-08T12:36:46.314750,
TXN-00015284,132,PAYMENT,10.0,C1000057,0.0,0.0,M3653735,0,0,0,2026-01-08T12:36:46.314806,
TXN-00015285,319,TRANSFER,676.08,C1000004,191475.18,190799.1,M3579085,0,0,0,2026-01-08T12:36:46.314861,
TXN-00015286,140,CASH_OUT,7700.93,C1000029,0.0,0.0,M1011248,0,0,0,2026-01-08T12:36:46.314919,
TXN-00015287,132,TRANSFER,1667.24,C1000086,87769.09,86101.85,M3660264,0,0,0,2026-01-08T12:36:46.314975,
TXN-00015288,158,TRANSFER,845.68,C1000061,217610.96,216765.28,M9059110,0,0,0,2026-01-08T12:36:46.315036,
TXN-00015289,314,PAYMENT,1131.03,C1000016,109946.39,108815.36,M8806631,0,0,0,2026-01-08T12:36:46.315093,
TXN-00015290,322,DEBIT,2189.53,C1000044,0.0,0.0,M7836750,0,0,0,2026-01-08T12:36:46.315151,
TXN-00015291,316,PAYMENT,5091.71,C1000091,0.0,0.0,M9817793,0,0,0,2026-01-08T12:36:46.315209,
TXN-00015292,142,TRANSFER,4261.09,C1000065,0.0,0.0,M3974920,0,0,0,2026-01-08T12:36:46.315265,
TXN-00015293,319,CASH_IN,520.85,C1000072,0.0,520.85,M6850544,0,0,0,2026-01-08T12:36:46.315321,
TXN-00015294,315,PAYMENT,2131.69,C1000070,0.0,0.0,M2653681,0,0,0,2026-01-08T12:36:46.315377,
TXN-00015295,299,PAYMENT,10.0,C1000023,0.0,0.0,M9884335,0,0,0,2026-01-08T12:36:46.315434,
TXN-00015296,125,TRANSFER,37218.38,C1000020,237226.9,200008.52,M3387652,0,0,1,2026-01-08T12:36:46.315466,night_transaction
TXN-00015297,164,PAYMENT,7527.88,C1000099,0.0,0.0,M2097455,0,0,0,2026-01-08T12:36:46.315525,
TXN-00015298,141,PAYMENT,4890.24,C1000032,0.0,0.0,M2456490,0,0,0,2026-01-08T12:36:46.315583,
TXN-00015299,325,TRANSFER,5310.67,C1000032,0.0,0.0,M5842025,0,0,0,2026-01-08T12:36:46.315640,
TXN-00015300,163,CASH_OUT,1324.42,C1000055,154463.51,153139.09,M2492093,0,0,0,2026-01-08T12:36:46.315697,
TXN-00015301,120,PAYMENT,10.0,C1000033,0.0,0.0,M1381239,0,0,0,2026-01-08T12:36:46.315755,
TXN-00015302,161,TRANSFER,39206.31,C1000012,0.0,0.0,M5681242,0,0,0,2026-01-08T12:36:46.315810,
TXN-00015303,331,CASH_OUT,839.03,C1000008,184059.77,183220.75,M2542802,0,0,0,2026-01-08T12:36:46.315868,
TXN-00015304,126,TRANSFER,3890.63,C1000087,40271.7,36381.07,M3285911,0,0,0,2026-01-08T12:36:46.315929,
TXN-00015305,152,TRANSFER,5879.61,C1000097,0.0,0.0,M8221323,0,0,0,2026-01-08T12:36:46.315987,
TXN-00015306,165,PAYMENT,3664.17,C1000028,0.0,0.0,M4725446,0,0,0,2026-01-08T12:36:46.316044,
TXN-00015307,320,TRANSFER,1303.98,C1000008,183220.75,181916.77,M3886326,0,0,0,2026-01-08T12:36:46.316103,
TXN-00015308,292,TRANSFER,5124.34,C1000096,141232.64,136108.29,M4829151,0,0,0,2026-01-08T12:36:46.316163,
TXN-00015309,162,PAYMENT,10860.68,C1000054,0.0,0.0,M3079220,0,0,0,2026-01-08T12:36:46.316222,
TXN-00015310,144,DEBIT,4016.42,C1000087,36381.07,32364.64,M6811206,0,0,0,2026-01-08T12:36:46.316280,
TXN-00015311,305,CASH_OUT,20241.87,C1000024,0.0,0.0,M7169886,0,0,0,2026-01-08T12:36:46.316337,
TXN-00015312,313,CASH_IN,17917.0,C1000079,0.0,17917.0,M1484840,0,0,0,2026-01-08T12:36:46.316394,
TXN-00015313,333,CASH_OUT,4043.06,C1000062,0.0,0.0,M3509090,0,0,0,2026-01-08T12:36:46.316451,
TXN-00015314,159,DEBIT,72.64,C1000014,125236.97,125164.33,M4385708,0,0,0,2026-01-08T12:36:46.316508,
TXN-00015315,164,CASH_OUT,1151.87,C1000001,50108.46,48956.59,M4239677,0,0,0,2026-01-08T12:36:46.316596,
TXN-00015316,321,PAYMENT,3838.03,C1000006,76174.68,72336.65,M7795368,0,0,0,2026-01-08T12:36:46.316683,
TXN-00015317,323,CASH_OUT,7877.94,C1000036,0.0,0.0,M1281315,0,0,0,2026-01-08T12:36:46.316753,
TXN-00015318,155,PAYMENT,52765.14,C1000053,0.0,0.0,M4686520,0,0,0,2026-01-08T12:36:46.316813,
TXN-00015319,162,DEBIT,3285.26,C1000002,211583.85,208298.59,M1547730,0,0,0,2026-01-08T12:36:46.316870,
TXN-00015320,129,TRANSFER,6529.15,C1000057,0.0,0.0,M5758445,0,0,0,2026-01-08T12:36:46.316930,
TXN-00015321,309,TRANSFER,44810.79,C1000060,53460.61,8649.81,M8722184,0,0,1,2026-01-08T12:36:46.316964,rapid_succession
TXN-00015322,152,DEBIT,34417.43,C1000073,0.0,0.0,M9362705,0,0,0,2026-01-08T12:36:46.317028,
TXN-00015323,124,PAYMENT,10.0,C1000055,153139.09,153129.09,M1459297,0,0,0,2026-01-08T12:36:46.317088,
TXN-00015324,126,CASH_OUT,3941.12,C1000045,0.0,0.0,M6860415,0,0,0,2026-01-08T12:36:46.317148,
TXN-00015325,120,PAYMENT,6416.81,C1000003,732.03,0.0,M7895375,0,0,0,2026-01-08T12:36:46.317207,
TXN-00015326,302,CASH_IN,1144.85,C1000071,131726.29,132871.13,M6039709,0,0,0,2026-01-08T12:36:46.317264,
TXN-00015327,296,PAYMENT,3514.83,C1000045,0.0,0.0,M3818518,0,0,0,2026-01-08T12:36:46.317323,
TXN-00015328,123,PAYMENT,6371.17,C1000088,6467.99,96.82,M7385032,0,0,0,2026-01-08T12:36:46.317380,
TXN-00015329,332,PAYMENT,532.48,C1000060,53460.61,52928.13,M5539184,0,0,0,2026-01-08T12:36:46.317438,
TXN-00015330,156,CASH_OUT,44302.0,C1000060,52928.13,8626.12,M5520510,0,0,1,2026-01-08T12:36:46.317470,rapid_succession
TXN-00015331,160,PAYMENT,3823.31,C1000043,0.0,0.0,M3682103,0,0,0,2026-01-08T12:36:46.317528,
TXN-00015332,298,TRANSFER,2304.72,C1000071,132871.13,130566.41,M3803045,0,0,0,2026-01-08T12:36:46.317585,
TXN-00015333,306,PAYMENT,17176.58,C1000076,0.0,0.0,M3065830,0,0,0,2026-01-08T12:36:46.317628,
TXN-00015334,307,CASH_IN,32155.14,C1000073,0.0,32155.14,M5103037,0,0,0,2026-01-08T12:36:46.317668,
TXN-00015335,302,PAYMENT,2328.45,C1000084,0.0,0.0,M4046988,0,0,0,2026-01-08T12:36:46.317707,
TXN-00015336,294,TRANSFER,3471.27,C1000087,32364.64,28893.38,M8938297,0,0,0,2026-01-08T12:36:46.317745,
TXN-00015337,334,CASH_OUT,2461.3,C1000038,0.0,0.0,M3476154,0,0,0,2026-01-08T12:36:46.317784,
TXN-00015338,143,CASH_OUT,34396.89,C1000073,32155.14,0.0,M7616779,0,0,0,2026-01-08T12:36:46.317823,
TXN-00015339,324,PAYMENT,10.0,C1000064,0.0,0.0,M4575065,0,0,0,2026-01-08T12:36:46.317862,
TXN-00015340,165,PAYMENT,16296.69,C1000024,0.0,0.0,M4874932,0,0,0,2026-01-08T12:36:46.317899,
TXN-00015341,330,CASH_IN,1983.51,C1000017,7805.92,9789.43,M4146654,0,0,0,2026-01-08T12:36:46.317936,
TXN-00015342,313,TRANSFER,10.0,C1000021,0.0,0.0,M7226060,0,0,0,2026-01-08T12:36:46.317975,
TXN-00015343,167,PAYMENT,1231.82,C1000043,0.0,0.0,M7178837,0,0,0,2026-01-08T12:36:46.318011,
TXN-00015344,120,PAYMENT,10.0,C1000096,136108.29,136098.29,M8666554,0,0,0,2026-01-08T12:36:46.318050,
TXN-00015345,321,PAYMENT,2618.13,C1000002,208298.59,205680.46,M1461585,0,0,0,2026-01-08T12:36:46.318105,
TXN-00015346,151,TRANSFER,5792.87,C1000047,1868.94,0.0,M9655418,0,0,0,2026-01-08T12:36:46.318146,
TXN-00015347,303,DEBIT,5854.48,C1000033,0.0,0.0,M3747860,0,0,0,2026-01-08T12:36:46.318185,
TXN-00015348,331,TRANSFER,10.0,C1000068,79402.26,79392.26,M8413458,0,0,0,2026-01-08T12:36:46.318224,
TXN-00015349,294,PAYMENT,1484.63,C1000086,86101.85,84617.22,M4430149,0,0,0,2026-01-08T12:36:46.318266,
TXN-00015350,155,PAYMENT,2352.0,C1000040,0.0,0.0,M7537899,0,0,0,2026-01-08T12:36:46.318308,
TXN-00015351,322,PAYMENT,7519.63,C1000099,0.0,0.0,M6265313,0,0,0,2026-01-08T12:36:46.318348,
TXN-00015352,157,DEBIT,7287.74,C1000036,0.0,0.0,M6693908,0,0,0,2026-01-08T12:36:46.318392,
TXN-00015353,311,CASH_OUT,4382.29,C1000010,0.0,0.0,M6979384,0,0,0,2026-01-08T12:36:46.318432,
TXN-00015354,325,DEBIT,4943.8,C1000032,0.0,0.0,M8682631,0,0,0,2026-01-08T12:36:46.318471,
TXN-00015355,147,PAYMENT,48802.76,C1000053,0.0,0.0,M1748146,0,0,0,2026-01-08T12:36:46.318509,
TXN-00015356,161,CASH_IN,8523.74,C1000005,0.0,8523.74,M7724478,0,0,0,2026-01-08T12:36:46.318548,
TXN-00015357,303,PAYMENT,24811.8,C1000037,0.0,0.0,M3762555,0,0,0,2026-01-08T12:36:46.318586,
TXN-00015358,316,PAYMENT,5403.52,C1000003,0.0,0.0,M4414046,0,0,0,2026-01-08T12:36:46.318625,
TXN-00015359,143,CASH_OUT,18347.65,C1000079,17917.0,0.0,M4300738,0,0,0,2026-01-08T12:36:46.318664,
TXN-00015360,335,TRANSFER,4526.96,C1000065,0.0,0.0,M6389381,0,0,0,2026-01-08T12:36:46.318703,
TXN-00015361,307,CASH_OUT,2740.14,C1000028,0.0,0.0,M7263863,0,0,0,2026-01-08T12:36:46.318742,
TXN-00015362,140,TRANSFER,801.48,C1000096,136098.29,135296.81,M8409279,0,0,0,2026-01-08T12:36:46.318794,
TXN-00015363,322,TRANSFER,2535.02,C1000043,0.0,0.0,M1395915,0,0,0,2026-01-08T12:36:46.318861,
TXN-00015364,315,PAYMENT,141.04,C1000001,48956.59,48815.56,M6739316,0,0,0,2026-01-08T12:36:46.318920,
TXN-00015365,288,CASH_OUT,96270.14,C1000082,0.0,0.0,M9385595,0,0,1,2026-01-08T12:36:46.318953,unusual_type
TXN-00015366,126,TRANSFER,2578.59,C1000043,0.0,0.0,M8841147,0,0,0,2026-01-08T12:36:46.319010,
TXN-00015367,290,PAYMENT,10.0,C1000009,122836.58,122826.58,M6260438,0,0,0,2026-01-08T12:36:46.319066,
TXN-00015368,133,CASH_OUT,2280.13,C1000026,96112.39,93832.26,M8718674,0,0,0,2026-01-08T12:36:46.319123,
TXN-00015369,138,DEBIT,526.79,C1000042,0.0,0.0,M6922485,0,0,0,2026-01-08T12:36:46.319180,
TXN-00015370,154,CASH_IN,1396.48,C1000081,64471.19,65867.67,M2051602,0,0,0,2026-01-08T12:36:46.319234,
TXN-00015371,311,TRANSFER,3613.69,C1000052,0.0,0.0,M5922342,0,0,0,2026-01-08T12:36:46.319289,
TXN-00015372,291,CASH_OUT,7711.37,C1000099,0.0,0.0,M2615208,0,0,0,2026-01-08T12:36:46.319349,
TXN-00015373,130,CASH_IN,10.0,C1000007,16828.24,16838.24,M7240667,0,0,0,2026-01-08T12:36:46.319408,
TXN-00015374,165,DEBIT,79253.48,C1000064,0.0,0.0,M2486552,0,0,0,2026-01-08T12:36:46.319464,
TXN-00015375,150,DEBIT,611.9,C1000009,122826.58,122214.68,M2862743,0,0,0,2026-01-08T12:36:46.319521,
TXN-00015376,307,CASH_OUT,10.0,C1000007,16838.24,16828.24,M5896252,0,0,0,2026-01-08T12:36:46.319580,
TXN-00015377,148,PAYMENT,10.0,C1000066,0.0,0.0,M3597016,0,0,0,2026-01-08T12:36:46.319637,
TXN-00015378,121,PAYMENT,2101.66,C1000030,0.0,0.0,M6841253,0,0,0,2026-01-08T12:36:46.319692,
TXN-00015379,315,CASH_OUT,10.0,C1000097,0.0,0.0,M3474183,0,0,0,2026-01-08T12:36:46.319749,
TXN-00015380,159,TRANSFER,5583.87,C1000033,0.0,0.0,M6698996,0,0,0,2026-01-08T12:36:46.319804,
TXN-00015381,329,TRANSFER,6936.06,C1000036,0.0,0.0,M8012025,0,0,0,2026-01-08T12:36:46.319860,
TXN-00015382,291,CASH_OUT,9432.27,C1000057,0.0,0.0,M1771475,0,0,0,2026-01-08T12:36:46.319916,
TXN-00015383,294,PAYMENT,20126.92,C1000035,0.0,0.0,M8263973,0,0,0,2026-01-08T12:36:46.319972,
TXN-00015384,313,DEBIT,7072.27,C1000011,0.0,0.0,M2938853,0,0,0,2026-01-08T12:36:46.320027,
TXN-00015385,323,PAYMENT,184.57,C1000009,122214.68,122030.1,M1906294,0,0,0,2026-01-08T12:36:46.320083,
TXN-00015386,325,CASH_OUT,2545.87,C1000082,0.0,0.0,M9536114,0,0,0,2026-01-08T12:36:46.320141,
TXN-00015387,130,TRANSFER,1604.82,C1000071,130566.41,128961.59,M1865785,0,0,0,2026-01-08T12:36:46.320198,
TXN-00015388,291,PAYMENT,6172.25,C1000059,0.0,0.0,M3702935,0,0,0,2026-01-08T12:36:46.320256,
TXN-00015389,122,TRANSFER,10.0,C1000029,0.0,0.0,M2300028,0,0,0,2026-01-08T12:36:46.320312,
TXN-00015390,152,TRANSFER,10.0,C1000034,58519.44,58509.44,M9169521,0,0,0,2026-01-08T12:36:46.320367,
TXN-00015391,314,DEBIT,2365.22,C1000043,0.0,0.0,M1587561,0,0,0,2026-01-08T12:36:46.320427,
TXN-00015392,160,TRANSFER,9100.2,C1000013,0.0,0.0,M3282694,0,0,0,2026-01-08T12:36:46.320484,
TXN-00015393,164,PAYMENT,252.9,C1000071,128961.59,128708.69,M1822719,0,0,0,2026-01-08T12:36:46.320540,
TXN-00015394,309,PAYMENT,1808.75,C1000023,0.0,0.0,M5652732,0,0,0,2026-01-08T12:36:46.320601,
TXN-00015395,145,DEBIT,235.98,C1000007,16828.24,16592.26,M8433867,0,0,0,2026-01-08T12:36:46.320661,
TXN-00015396,150,PAYMENT,11508.48,C1000015,0.0,0.0,M9525758,0,0,0,2026-01-08T12:36:46.320720,
TXN-00015397,324,TRANSFER,669.56,C1000001,48815.56,48146.0,M4506239,0,0,0,2026-01-08T12:36:46.320777,
TXN-00015398,293,CASH_OUT,31572.72,C1000085,0.0,0.0,M4217006,0,0,1,2026-01-08T12:36:46.320814,night_transaction
TXN-00015399,320,CASH_IN,365.32,C1000040,0.0,365.32,M5814238,0,0,0,2026-01-08T12:36:46.320874,
TXN-00015400,138,PAYMENT,4869.36,C1000027,0.0,0.0,M1728605,0,0,0,2026-01-08T12:36:46.320937,
TXN-00015401,316,CASH_OUT,63330.38,C1000090,156728.04,93397.65,M1861854,0,0,1,2026-01-08T12:36:46.320965,unusual_type
TXN-00015402,299,PAYMENT,17975.78,C1000079,0.0,0.0,M4255492,0,0,0,2026-01-08T12:36:46.321014,
TXN-00015403,144,PAYMENT,15011.53,C1000005,8523.74,0.0,M9611928,0,0,0,2026-01-08T12:36:46.321063,
TXN-00015404,334,PAYMENT,10.0,C1000004,190799.1,190789.1,M2313618,0,0,0,2026-01-08T12:36:46.321105,
TXN-00015405,131,TRANSFER,10276.42,C1000074,0.0,0.0,M9576235,0,0,0,2026-01-08T12:36:46.321160,
TXN-00015406,134,CASH_OUT,168362.31,C1000049,0.0,0.0,M9843099,0,0,1,2026-01-08T12:36:46.321188,large_amount
TXN-00015407,124,TRANSFER,3396.16,C1000002,205680.46,202284.3,M3079544,0,0,0,2026-01-08T12:36:46.321236,
TXN-00015408,330,CASH_OUT,17518.91,C1000076,0.0,0.0,M9924645,0,0,0,2026-01-08T12:36:46.321277,
TXN-00015409,323,DEBIT,10.0,C1000081,65867.67,65857.67,M4308069,0,0,0,2026-01-08T12:36:46.321317,
TXN-00015410,320,TRANSFER,448.5,C1000075,433815.79,433367.29,M6498354,0,0,0,2026-01-08T12:36:46.321356,
TXN-00015411,163,PAYMENT,13520.34,C1000074,0.0,0.0,M4328653,0,0,0,2026-01-08T12:36:46.321396,
TXN-00015412,334,CASH_OUT,20629.88,C1000024,0.0,0.0,M8488841,0,0,0,2026-01-08T12:36:46.321434,
TXN-00015413,290,PAYMENT,191.62,C1000009,122030.1,121838.48,M5802875,0,0,0,2026-01-08T12:36:46.321474,
TXN-00015414,318,PAYMENT,1952.59,C1000086,84617.22,82664.63,M6250787,0,0,0,2026-01-08T12:36:46.321571,
TXN-00015415,332,CASH_OUT,860.56,C1000007,16592.26,15731.7,M4208092,0,0,0,2026-01-08T12:36:46.321612,
TXN-00015416,297,PAYMENT,10.0,C1000060,52928.13,52918.13,M7056325,0,0,0,2026-01-08T12:36:46.321650,
TXN-00015417,331,PAYMENT,14270.23,C1000054,0.0,0.0,M1743031,0,0,0,2026-01-08T12:36:46.321708,
TXN-00015418,289,TRANSFER,101931.78,C1000099,0.0,-105339.63,M7341395,0,0,1,2026-01-08T12:36:46.321738,balance_mismatch
TXN-00015419,153,PAYMENT,3722.0,C1000021,0.0,0.0,M2566745,0,0,0,2026-01-08T12:36:46.321801,
TXN-00015420,315,PAYMENT,88.47,C1000007,15731.7,15643.23,M2451545,0,0,0,2026-01-08T12:36:46.321859,
TXN-00015421,319,PAYMENT,5931.38,C1000003,0.0,0.0,M4474760,0,0,0,2026-01-08T12:36:46.321920,
TXN-00015422,297,CASH_OUT,19140.32,C1000019,0.0,0.0,M1961246,0,0,0,2026-01-08T12:36:46.321977,
TXN-00015423,164,PAYMENT,2186.84,C1000006,72336.65,70149.81,M2415645,0,0,0,2026-01-08T12:36:46.322033,
TXN-00015424,121,TRANSFER,1504.93,C1000006,70149.81,68644.87,M5119518,0,0,0,2026-01-08T12:36:46.322090,
TXN-00015425,313,PAYMENT,13527.13,C1000063,0.0,0.0,M7444938,0,0,0,2026-01-08T12:36:46.322148,
TXN-00015426,140,TRANSFER,10.0,C1000061,216765.28,216755.28,M3645309,0,0,0,2026-01-08T12:36:46.322205,
TXN-00015427,130,TRANSFER,5634.41,C1000010,0.0,0.0,M9600628,0,0,0,2026-01-08T12:36:46.322263,
TXN-00015428,295,CASH_OUT,3457.92,C1000087,28893.38,25435.45,M8872704,0,0,0,2026-01-08T12:36:46.322323,
TXN-00015429,326,PAYMENT,3691.91,C1000006,68644.87,64952.96,M8511988,0,0,0,2026-01-08T12:36:46.322382,
TXN-00015430,131,PAYMENT,8537.62,C1000039,0.0,0.0,M4726330,0,0,0,2026-01-08T12:36:46.322444,
TXN-00015431,162,CASH_OUT,53695.31,C1000000,0.0,0.0,M1465296,0,0,0,2026-01-08T12:36:46.322505,
TXN-00015432,124,PAYMENT,5858.47,C1000046,0.0,0.0,M5279049,0,0,0,2026-01-08T12:36:46.322564,
TXN-00015433,163,CASH_OUT,1064.51,C1000072,520.85,0.0,M7658245,0,0,0,2026-01-08T12:36:46.322621,
TXN-00015434,148,PAYMENT,2907.38,C1000098,176940.99,174033.62,M9834775,0,0,0,2026-01-08T12:36:46.322680,
TXN-00015435,301,TRANSFER,2786.62,C1000021,0.0,0.0,M9377924,0,0,0,2026-01-08T12:36:46.322745,
TXN-00015436,308,TRANSFER,328.25,C1000034,58509.44,58181.18,M9395408,0,0,0,2026-01-08T12:36:46.322803,
TXN-00015437,334,CASH_OUT,1074.16,C1000034,58181.18,57107.02,M8764964,0,0,0,2026-01-08T12:36:46.322861,
TXN-00015438,133,CASH_IN,10.0,C1000078,0.0,10.0,M1209397,0,0,0,2026-01-08T12:36:46.322918,
TXN-00015439,289,DEBIT,7059.29,C1000091,0.0,0.0,M9488168,0,0,0,2026-01-08T12:36:46.322973,
TXN-00015440,162,PAYMENT,2439.21,C1000028,0.0,0.0,M2252240,0,0,0,2026-01-08T12:36:46.323028,
TXN-00015441,142,PAYMENT,2326.31,C1000044,0.0,0.0,M5913249,0,0,0,2026-01-08T12:36:46.323083,
TXN-00015442,155,TRANSFER,11698.65,C1000015,0.0,0.0,M8990179,0,0,0,2026-01-08T12:36:46.323140,
TXN-00015443,144,TRANSFER,11950.98,C1000015,0.0,0.0,M9189985,0,0,0,2026-01-08T12:36:46.323196,
TXN-00015444,154,TRANSFER,13458.06,C1000054,0.0,0.0,M5918918,0,0,0,2026-01-08T12:36:46.323253,
TXN-00015445,288,PAYMENT,513.35,C1000007,15643.23,15129.89,M9117969,0,0,0,2026-01-08T12:36:46.323309,
TXN-00015446,147,TRANSFER,6621.63,C1000046,0.0,0.0,M2736023,0,0,0,2026-01-08T12:36:46.323366,
TXN-00015447,291,CASH_IN,5695.83,C1000046,0.0,5695.83,M1902159,0,0,0,2026-01-08T12:36:46.323421,
TXN-00015448,155,TRANSFER,7643.01,C1000099,0.0,0.0,M1474391,0,0,0,2026-01-08T12:36:46.323478,
TXN-00015449,127,CASH_OUT,3734.37,C1000014,125164.33,121429.96,M9648574,0,0,0,2026-01-08T12:36:46.323540,
TXN-00015450,142,PAYMENT,328.02,C1000068,79392.26,79064.24,M6835652,0,0,0,2026-01-08T12:36:46.323619,
TXN-00015451,131,PAYMENT,2907.79,C1000040,365.32,0.0,M9817406,0,0,0,2026-01-08T12:36:46.323682,
TXN-00015452,307,TRANSFER,173264.35,C1000050,0.0,0.0,M6976096,0,0,0,2026-01-08T12:36:46.323733,
TXN-00015453,138,CASH_OUT,10.0,C1000008,181916.77,181906.77,M9200217,0,0,0,2026-01-08T12:36:46.323780,
TXN-00015454,121,CASH_OUT,13007.49,C1000078,10.0,0.0,M1284445,0,0,0,2026-01-08T12:36:46.323821,
TXN-00015455,167,CASH_OUT,6461.7,C1000010,0.0,0.0,M3429299,0,0,0,2026-01-08T12:36:46.323861,
TXN-00015456,296,CASH_OUT,974.54,C1000023,0.0,0.0,M7552039,0,0,0,2026-01-08T12:36:46.323898,
TXN-00015457,155,TRANSFER,2780.08,C1000006,64952.96,62172.88,M4290664,0,0,0,2026-01-08T12:36:46.323944,
TXN-00015458,138,TRANSFER,5666.5,C1000033,0.0,0.0,M7285959,0,0,0,2026-01-08T12:36:46.323984,
TXN-00015459,162,PAYMENT,7038.32,C1000011,0.0,0.0,M9476446,0,0,0,2026-01-08T12:36:46.324023,
TXN-00015460,303,CASH_OUT,3958.08,C1000084,0.0,0.0,M7744671,0,0,0,2026-01-08T12:36:46.324061,
TXN-00015461,324,PAYMENT,10439.35,C1000092,0.0,0.0,M2010827,0,0,0,2026-01-08T12:36:46.324109,
TXN-00015462,132,PAYMENT,10.0,C1000033,0.0,0.0,M6482878,0,0,0,2026-01-08T12:36:46.324147,
TXN-00015463,124,TRANSFER,730.1,C1000072,0.0,0.0,M8101162,0,0,0,2026-01-08T12:36:46.324186,
TXN-00015464,300,PAYMENT,952.63,C1000077,53850.19,52897.56,M5476854,0,0,0,2026-01-08T12:36:46.324229,
TXN-00015465,152,TRANSFER,3950.36,C1000096,135296.81,131346.46,M8767659,0,0,0,2026-01-08T12:36:46.324269,
TXN-00015466,129,PAYMENT,26285.61,C1000056,0.0,0.0,M9324442,0,0,0,2026-01-08T12:36:46.324308,
TXN-00015467,146,CASH_IN,10.0,C1000014,121429.96,121439.96,M5941067,0,0,0,2026-01-08T12:36:46.324346,
TXN-00015468,323,CASH_OUT,928.36,C1000077,52897.56,51969.2,M7686491,0,0,0,2026-01-08T12:36:46.324386,
TXN-00015469,321,TRANSFER,2009.98,C1000045,0.0,0.0,M6938674,0,0,0,2026-01-08T12:36:46.324426,
TXN-00015470,152,PAYMENT,57.93,C1000060,52918.13,52860.2,M1117405,0,0,0,2026-01-08T12:36:46.324465,
TXN-00015471,141,PAYMENT,21140.85,C1000024,0.0,0.0,M6197548,0,0,0,2026-01-08T12:36:46.324525,
TXN-00015472,295,DEBIT,10188.8,C1000015,0.0,0.0,M6362600,0,0,0,2026-01-08T12:36:46.324565,
TXN-00015473,320,TRANSFER,10.0,C1000033,0.0,0.0,M5691880,0,0,0,2026-01-08T12:36:46.324610,
TXN-00015474,166,PAYMENT,6767.72,C1000091,0.0,0.0,M7909335,0,0,0,2026-01-08T12:36:46.324666,
TXN-00015475,157,CASH_IN,10.0,C1000078,0.0,10.0,M8456344,0,0,0,2026-01-08T12:36:46.324724,
TXN-00015476,144,CASH_OUT,5019.86,C1000045,0.0,0.0,M8294196,0,0,0,2026-01-08T12:36:46.324778,
TXN-00015477,323,PAYMENT,5627.17,C1000025,0.0,0.0,M6302608,0,0,0,2026-01-08T12:36:46.324860,
TXN-00015478,125,CASH_OUT,5862.45,C1000059,0.0,0.0,M1945445,0,0,0,2026-01-08T12:36:46.324929,
TXN-00015479,162,DEBIT,10896.81,C1000031,0.0,0.0,M9416648,0,0,0,2026-01-08T12:36:46.324986,
TXN-00015480,162,CASH_OUT,4484.83,C1000010,0.0,0.0,M6905189,0,0,0,2026-01-08T12:36:46.325042,
TXN-00015481,324,CASH_OUT,1390.62,C1000001,48146.0,46755.38,M3584392,0,0,0,2026-01-08T12:36:46.325140,
TXN-00015482,162,CASH_OUT,55819.01,C1000000,0.0,0.0,M4089452,0,0,0,2026-01-08T12:36:46.325245,
TXN-00015483,120,DEBIT,5937.91,C1000052,0.0,0.0,M9872553,0,0,0,2026-01-08T12:36:46.325321,
TXN-00015484,137,PAYMENT,21487.92,C1000074,0.0,0.0,M5771335,0,0,0,2026-01-08T12:36:46.325392,
TXN-00015485,332,CASH_OUT,3184.81,C1000048,186491.72,183306.91,M8802986,0,0,0,2026-01-08T12:36:46.325461,
TXN-00015486,314,CASH_OUT,331.25,C1000077,51969.2,51637.95,M3617935,0,0,0,2026-01-08T12:36:46.325531,
TXN-00015487,132,TRANSFER,723.89,C1000075,433367.29,432643.41,M7273198,0,0,0,2026-01-08T12:36:46.325601,
TXN-00015488,150,TRANSFER,26570.69,C1000056,0.0,0.0,M4733137,0,0,0,2026-01-08T12:36:46.325673,
TXN-00015489,133,CASH_OUT,1529.24,C1000077,51637.95,50108.71,M8966376,0,0,0,2026-01-08T12:36:46.325739,
TXN-00015490,334,PAYMENT,3137.18,C1000045,0.0,0.0,M4516374,0,0,0,2026-01-08T12:36:46.325807,
TXN-00015491,140,TRANSFER,1435.55,C1000016,108815.36,107379.8,M1343676,0,0,0,2026-01-08T12:36:46.325876,
TXN-00015492,165,PAYMENT,7588.19,C1000036,0.0,0.0,M5052118,0,0,0,2026-01-08T12:36:46.326098,
TXN-00015493,325,TRANSFER,9745.38,C1000005,0.0,0.0,M9656590,0,0,0,2026-01-08T12:36:46.326192,
TXN-00015494,334,CASH_OUT,3632.22,C1000062,0.0,0.0,M3706047,0,0,0,2026-01-08T12:36:46.326508,
TXN-00015495,296,TRANSFER,12047.86,C1000005,0.0,0.0,M6053393,0,0,0,2026-01-08T12:36:46.326616,
TXN-00015496,310,TRANSFER,270.51,C1000008,181906.77,181636.26,M1560774,0,0,0,2026-01-08T12:36:46.326690,
TXN-00015497,153,PAYMENT,6344.19,C1000059,0.0,0.0,M9287384,0,0,0,2026-01-08T12:36:46.326768,
TXN-00015498,129,CASH_OUT,83999.61,C1000099,0.0,0.0,M8024810,0,0,1,2026-01-08T12:36:46.326811,unusual_type
TXN-00015499,322,PAYMENT,173462.47,C1000050,0.0,0.0,M3735686,0,0,0,2026-01-08T12:36:46.326901,
TXN-00015500,321,TRANSFER,1401.95,C1000097,0.0,0.0,M5788189,0,0,0,2026-01-08T12:36:46.326985,
TXN-00015501,321,TRANSFER,1273.78,C1000041,188635.06,187361.28,M9155075,0,0,0,2026-01-08T12:36:46.327061,
TXN-00015502,138,CASH_OUT,26582.83,C1000056,0.0,0.0,M9991989,0,0,0,2026-01-08T12:36:46.327138,
TXN-00015503,305,CASH_OUT,12834.22,C1000054,0.0,0.0,M7853599,0,0,0,2026-01-08T12:36:46.327212,
TXN-00015504,165,TRANSFER,523.27,C1000001,46755.38,46232.11,M6345032,0,0,0,2026-01-08T12:36:46.327286,
TXN-00015505,333,TRANSFER,1247.97,C1000016,107379.8,106131.83,M8637697,0,0,0,2026-01-08T12:36:46.327362,
TXN-00015506,301,CASH_OUT,7974.59,C1000036,0.0,0.0,M2579293,0,0,0,2026-01-08T12:36:46.327446,
TXN-00015507,307,PAYMENT,7237.4,C1000049,0.0,0.0,M3381029,0,0,0,2026-01-08T12:36:46.327529,
TXN-00015508,149,TRANSFER,30841.69,C1000053,0.0,0.0,M1534337,0,0,1,2026-01-08T12:36:46.327576,rapid_succession
TXN-00015509,147,TRANSFER,10.0,C1000002,202284.3,202274.3,M3687715,0,0,0,2026-01-08T12:36:46.327656,
TXN-00015510,298,TRANSFER,19987.22,C1000019,0.0,0.0,M5917294,0,0,0,2026-01-08T12:36:46.327746,
TXN-00015511,155,DEBIT,3239.06,C1000087,25435.45,22196.39,M7546595,0,0,0,2026-01-08T12:36:46.327825,
TXN-00015512,292,TRANSFER,11368.51,C1000005,0.0,0.0,M6395113,0,0,0,2026-01-08T12:36:46.327908,
TXN-00015513,153,TRANSFER,437.39,C1000071,128708.69,128271.3,M8357892,0,0,0,2026-01-08T12:36:46.327989,
TXN-00015514,156,CASH_OUT,4120.17,C1000027,0.0,0.0,M7503321,0,0,0,2026-01-08T12:36:46.328079,
TXN-00015515,130,DEBIT,10389.65,C1000047,0.0,0.0,M3937142,0,0,0,2026-01-08T12:36:46.328157,
TXN-00015516,299,CASH_OUT,1973.31,C1000026,93832.26,91858.95,M9097370,0,0,0,2026-01-08T12:36:46.328306,
TXN-00015517,307,PAYMENT,745.07,C1000097,0.0,0.0,M2393751,0,0,0,2026-01-08T12:36:46.328416,
TXN-00015518,153,CASH_OUT,5814.21,C1000052,0.0,0.0,M7485623,0,0,0,2026-01-08T12:36:46.328543,
TXN-00015519,150,PAYMENT,1604.85,C1000038,0.0,0.0,M8848795,0,0,0,2026-01-08T12:36:46.328631,
TXN-00015520,331,DEBIT,20255.52,C1000079,0.0,0.0,M3644149,0,0,0,2026-01-08T12:36:46.328732,
TXN-00015521,130,TRANSFER,2448.39,C1000041,187361.28,184912.88,M2778919,0,0,0,2026-01-08T12:36:46.328866,
TXN-00015522,316,TRANSFER,49881.51,C1000036,0.0,0.0,M1010971,0,0,1,2026-01-08T12:36:46.328924,rapid_succession
TXN-00015523,126,TRANSFER,432.63,C1000004,190789.1,190356.47,M8656022,0,0,0,2026-01-08T12:36:46.329019,
TXN-00015524,126,CASH_OUT,1876.91,C1000058,0.0,0.0,M2780403,0,0,0,2026-01-08T12:36:46.329097,
TXN-00015525,312,PAYMENT,10915.58,C1000082,0.0,0.0,M6681563,0,0,0,2026-01-08T12:36:46.329168,
TXN-00015526,141,CASH_OUT,70574.99,C1000034,57107.02,0.0,M5612635,0,0,1,2026-01-08T12:36:46.329205,unusual_type
TXN-00015527,159,TRANSFER,2657.67,C1000018,119577.92,116920.25,M2164411,0,0,0,2026-01-08T12:36:46.329356,
TXN-00015528,323,PAYMENT,533.46,C1000081,65857.67,65324.22,M1767512,0,0,0,2026-01-08T12:36:46.329564,
TXN-00015529,309,PAYMENT,1007.67,C1000089,99021.51,98013.84,M2010230,0,0,0,2026-01-08T12:36:46.329850,
TXN-00015530,316,PAYMENT,2249.44,C1000002,202274.3,200024.86,M8984334,0,0,0,2026-01-08T12:36:46.329932,
TXN-00015531,122,PAYMENT,1637.74,C1000018,116920.25,115282.51,M7449890,0,0,0,2026-01-08T12:36:46.330001,
TXN-00015532,318,TRANSFER,1502.13,C1000043,0.0,0.0,M7145306,0,0,0,2026-01-08T12:36:46.330067,
TXN-00015533,129,TRANSFER,8285.84,C1000036,0.0,0.0,M1746902,0,0,0,2026-01-08T12:36:46.330149,
TXN-00015534,312,TRANSFER,1400.44,C1000016,106131.83,104731.39,M3887115,0,0,0,2026-01-08T12:36:46.330219,
TXN-00015535,313,CASH_IN,6022.27,C1000051,57848.39,63870.66,M1800964,0,0,0,2026-01-08T12:36:46.330286,
TXN-00015536,299,CASH_OUT,10.0,C1000008,181636.26,181626.26,M6731120,0,0,0,2026-01-08T12:36:46.330351,
TXN-00015537,318,PAYMENT,2707.39,C1000030,0.0,0.0,M7984159,0,0,0,2026-01-08T12:36:46.330422,
TXN-00015538,307,TRANSFER,26487.58,C1000056,0.0,0.0,M5550180,0,0,0,2026-01-08T12:36:46.330488,
TXN-00015539,293,TRANSFER,2475.48,C1000089,98013.84,95538.37,M2034449,0,0,0,2026-01-08T12:36:46.330553,
TXN-00015540,155,DEBIT,10.0,C1000001,46232.11,46222.11,M3609437,0,0,0,2026-01-08T12:36:46.330625,
TXN-00015541,137,PAYMENT,8796.69,C1000080,0.0,0.0,M9002690,0,0,0,2026-01-08T12:36:46.330691,
TXN-00015542,328,TRANSFER,4115.36,C1000021,0.0,0.0,M7144023,0,0,0,2026-01-08T12:36:46.330763,
TXN-00015543,157,PAYMENT,1695.14,C1000021,0.0,0.0,M4549129,0,0,0,2026-01-08T12:36:46.330825,
TXN-00015544,122,CASH_IN,10256.73,C1000092,0.0,10256.73,M3321236,0,0,0,2026-01-08T12:36:46.330888,
TXN-00015545,300,PAYMENT,1529.2,C1000090,156728.04,155198.84,M7265372,0,0,0,2026-01-08T12:36:46.330951,
TXN-00015546,327,TRANSFER,4173.47,C1000029,0.0,0.0,M9972272,0,0,0,2026-01-08T12:36:46.331016,
TXN-00015547,135,TRANSFER,10.0,C1000023,0.0,0.0,M2232071,0,0,0,2026-01-08T12:36:46.331080,
TXN-00015548,142,DEBIT,18054.84,C1000076,0.0,0.0,M7058345,0,0,0,2026-01-08T12:36:46.331148,
TXN-00015549,298,PAYMENT,10.0,C1000068,79064.24,79054.24,M4477485,0,0,0,2026-01-08T12:36:46.331217,
TXN-00015550,158,CASH_IN,6220.87,C1000013,0.0,6220.87,M4713456,0,0,0,2026-01-08T12:36:46.331296,
TXN-00015551,139,CASH_OUT,1987.88,C1000044,0.0,0.0,M7295725,0,0,0,2026-01-08T12:36:46.331365,
TXN-00015552,319,PAYMENT,2335.52,C1000043,0.0,0.0,M1259165,0,0,0,2026-01-08T12:36:46.331431,
TXN-00015553,132,CASH_OUT,4584.87,C1000065,0.0,0.0,M5373065,0,0,0,2026-01-08T12:36:46.331497,
TXN-00015554,301,DEBIT,1811.23,C1000006,62172.88,60361.65,M5022708,0,0,0,2026-01-08T12:36:46.331562,
TXN-00015555,131,DEBIT,6030.35,C1000046,5695.83,0.0,M8326938,0,0,0,2026-01-08T12:36:46.331631,
TXN-00015556,150,TRANSFER,19848.4,C1000035,0.0,0.0,M7993132,0,0,0,2026-01-08T12:36:46.331714,
TXN-00015557,143,CASH_OUT,4472.99,C1000025,0.0,0.0,M5620900,0,0,0,2026-01-08T12:36:46.331783,
TXN-00015558,311,PAYMENT,3088.9,C1000044,0.0,0.0,M6700118,0,0,0,2026-01-08T12:36:46.331848,
TXN-00015559,301,PAYMENT,2870.64,C1000098,174033.62,171162.98,M1488529,0,0,0,2026-01-08T12:36:46.331913,
TXN-00015560,331,CASH_OUT,28.57,C1000034,57107.02,57078.45,M6699216,0,0,0,2026-01-08T12:36:46.331981,
TXN-00015561,151,PAYMENT,1773.0,C1000085,0.0,0.0,M9369768,0,0,0,2026-01-08T12:36:46.332050,
TXN-00015562,129,PAYMENT,1204.39,C1000022,0.0,0.0,M1298826,0,0,0,2026-01-08T12:36:46.332116,
TXN-00015563,331,TRANSFER,2771.66,C1000030,0.0,0.0,M6190396,0,0,0,2026-01-08T12:36:46.332181,
TXN-00015564,154,PAYMENT,7363.21,C1000099,0.0,0.0,M8509302,0,0,0,2026-01-08T12:36:46.332247,
TXN-00015565,290,CASH_OUT,4487.1,C1000027,0.0,0.0,M2982124,0,0,0,2026-01-08T12:36:46.332317,
TXN-00015566,164,TRANSFER,10.0,C1000002,200024.86,200014.86,M6540645,0,0,0,2026-01-08T12:36:46.332398,
TXN-00015567,122,PAYMENT,10.0,C1000014,121439.96,121429.96,M4729328,0,0,0,2026-01-08T12:36:46.332472,
TXN-00015568,292,PAYMENT,5897.4,C1000046,0.0,0.0,M2940653,0,0,0,2026-01-08T12:36:46.332560,
TXN-00015569,140,CASH_IN,10.0,C1000072,0.0,10.0,M3837829,0,0,0,2026-01-08T12:36:46.332629,
TXN-00015570,335,CASH_IN,1525.57,C1000070,0.0,1525.57,M7205007,0,0,0,2026-01-08T12:36:46.332695,
TXN-00015571,302,CASH_OUT,7251.89,C1000013,6220.87,0.0,M9892446,0,0,0,2026-01-08T12:36:46.332767,
TXN-00015572,160,TRANSFER,24740.59,C1000095,0.0,0.0,M1353993,0,0,0,2026-01-08T12:36:46.332838,
TXN-00015573,153,DEBIT,7249.42,C1000011,0.0,0.0,M3990223,0,0,0,2026-01-08T12:36:46.332907,
TXN-00015574,139,CASH_OUT,10.0,C1000042,0.0,0.0,M2097650,0,0,0,2026-01-08T12:36:46.332975,
TXN-00015575,162,PAYMENT,24442.53,C1000037,0.0,0.0,M1103221,0,0,0,2026-01-08T12:36:46.333041,
TXN-00015576,167,PAYMENT,39877.63,C1000012,0.0,0.0,M3044610,0,0,0,2026-01-08T12:36:46.333106,
TXN-00015577,152,PAYMENT,17513.89,C1000076,0.0,0.0,M1849635,0,0,0,2026-01-08T12:36:46.333172,
TXN-00015578,139,PAYMENT,70.65,C1000009,121838.48,121767.83,M2499774,0,0,0,2026-01-08T12:36:46.333238,
TXN-00015579,324,PAYMENT,2757.94,C1000069,0.0,0.0,M6446662,0,0,0,2026-01-08T12:36:46.333306,
TXN-00015580,124,CASH_OUT,2214.0,C1000028,0.0,0.0,M5402724,0,0,0,2026-01-08T12:36:46.333373,
TXN-00015581,318,TRANSFER,6613.25,C1000052,0.0,0.0,M8851747,0,0,0,2026-01-08T12:36:46.333439,
TXN-00015582,141,PAYMENT,13599.86,C1000063,0.0,0.0,M3847243,0,0,0,2026-01-08T12:36:46.333503,
TXN-00015583,297,PAYMENT,2668.57,C1000026,91858.95,89190.38,M5756121,0,0,0,2026-01-08T12:36:46.333567,
TXN-00015584,128,PAYMENT,494.81,C1000009,121767.83,121273.02,M3503958,0,0,0,2026-01-08T12:36:46.333633,
TXN-00015585,334,PAYMENT,2218.96,C1000043,0.0,0.0,M8369039,0,0,0,2026-01-08T12:36:46.333711,
TXN-00015586,306,CASH_OUT,48582.21,C1000053,0.0,0.0,M3027825,0,0,0,2026-01-08T12:36:46.333776,
TXN-00015587,303,PAYMENT,26402.18,C1000056,0.0,0.0,M1417742,0,0,0,2026-01-08T12:36:46.333848,
TXN-00015588,292,PAYMENT,1116.01,C1000069,0.0,0.0,M7749716,0,0,0,2026-01-08T12:36:46.333914,
TXN-00015589,160,CASH_OUT,10.0,C1000055,153129.09,153119.09,M7925913,0,0,0,2026-01-08T12:36:46.333980,
TXN-00015590,129,PAYMENT,8405.35,C1000039,0.0,0.0,M3071226,0,0,0,2026-01-08T12:36:46.334041,
TXN-00015591,321,PAYMENT,1435.03,C1000044,0.0,0.0,M9689472,0,0,0,2026-01-08T12:36:46.334106,
TXN-00015592,134,TRANSFER,10098.63,C1000092,10256.73,158.1,M6489678,0,0,0,2026-01-08T12:36:46.334172,
TXN-00015593,293,TRANSFER,11817.71,C1000015,0.0,0.0,M6665885,0,0,0,2026-01-08T12:36:46.334241,
TXN-00015594,334,PAYMENT,5007.07,C1000031,0.0,0.0,M7538637,0,0,0,2026-01-08T12:36:46.334335,
TXN-00015595,290,CASH_IN,4273.69,C1000097,0.0,4273.69,M5308208,0,0,0,2026-01-08T12:36:46.334407,
TXN-00015596,129,CASH_OUT,1876.35,C1000016,104731.39,102855.04,M8098306,0,0,0,2026-01-08T12:36:46.334473,
TXN-00015597,166,CASH_OUT,1664.55,C1000081,65324.22,63659.66,M4500700,0,0,0,2026-01-08T12:36:46.334539,
TXN-00015598,156,PAYMENT,4649.74,C1000027,0.0,0.0,M5795877,0,0,0,2026-01-08T12:36:46.334602,
TXN-00015599,320,PAYMENT,5896.13,C1000059,0.0,0.0,M5065200,0,0,0,2026-01-08T12:36:46.334665,
TXN-00015600,121,TRANSFER,3582.13,C1000062,0.0,0.0,M7053956,0,0,0,2026-01-08T12:36:46.334727,
TXN-00015601,141,CASH_OUT,6298.39,C1000088,96.82,0.0,M8966819,0,0,0,2026-01-08T12:36:46.334790,
TXN-00015602,329,TRANSFER,3799.53,C1000087,22196.39,18396.87,M4998141,0,0,0,2026-01-08T12:36:46.334855,
TXN-00015603,298,CASH_OUT,10023.8,C1000092,158.1,0.0,M9852055,0,0,0,2026-01-08T12:36:46.334920,
TXN-00015604,131,CASH_IN,10.0,C1000014,121429.96,121439.96,M8295547,0,0,0,2026-01-08T12:36:46.334985,
TXN-00015605,291,PAYMENT,1195.96,C1000041,184912.88,183716.93,M4656000,0,0,0,2026-01-08T12:36:46.335048,
TXN-00015606,325,CASH_OUT,10121.68,C1000092,0.0,0.0,M3387191,0,0,0,2026-01-08T12:36:46.335111,
TXN-00015607,291,TRANSFER,10.0,C1000072,10.0,0.0,M9197182,0,0,0,2026-01-08T12:36:46.335174,
TXN-00015608,157,PAYMENT,5869.68,C1000091,0.0,0.0,M4682933,0,0,0,2026-01-08T12:36:46.335234,
TXN-00015609,297,PAYMENT,4318.87,C1000065,0.0,0.0,M5003639,0,0,0,2026-01-08T12:36:46.335294,
TXN-00015610,167,CASH_OUT,60495.23,C1000093,0.0,0.0,M6525571,0,0,1,2026-01-08T12:36:46.335327,unusual_type
TXN-00015611,129,TRANSFER,39530.28,C1000012,0.0,0.0,M2032881,0,0,0,2026-01-08T12:36:46.335386,
TXN-00015612,158,PAYMENT,410.54,C1000070,1525.57,1115.03,M8114079,0,0,0,2026-01-08T12:36:46.335474,
TXN-00015613,160,PAYMENT,3293.22,C1000080,0.0,0.0,M9475080,0,0,0,2026-01-08T12:36:46.335528,
TXN-00015614,310,TRANSFER,7384.28,C1000099,0.0,0.0,M4562663,0,0,0,2026-01-08T12:36:46.335571,
TXN-00015615,329,CASH_OUT,1182.53,C1000072,0.0,0.0,M8287603,0,0,0,2026-01-08T12:36:46.335611,
TXN-00015616,154,PAYMENT,1132.56,C1000001,46222.11,45089.55,M9817517,0,0,0,2026-01-08T12:36:46.335652,
TXN-00015617,163,PAYMENT,27.69,C1000097,4273.69,4245.99,M6226552,0,0,0,2026-01-08T12:36:46.335692,
TXN-00015618,132,PAYMENT,10.0,C1000075,432643.41,432633.41,M3579855,0,0,0,2026-01-08T12:36:46.335732,
TXN-00015619,290,TRANSFER,24775.06,C1000037,0.0,0.0,M5121424,0,0,0,2026-01-08T12:36:46.335776,
TXN-00015620,330,PAYMENT,10.0,C1000064,0.0,0.0,M7619689,0,0,0,2026-01-08T12:36:46.335815,
TXN-00015621,290,TRANSFER,2201.02,C1000047,0.0,0.0,M9036581,0,0,0,2026-01-08T12:36:46.335852,
TXN-00015622,297,PAYMENT,6891.57,C1000003,0.0,0.0,M8201063,0,0,0,2026-01-08T12:36:46.335891,
TXN-00015623,335,PAYMENT,500.8,C1000034,57078.45,56577.66,M6569313,0,0,0,2026-01-08T12:36:46.335930,
TXN-00015624,322,TRANSFER,1433.74,C1000061,216755.28,215321.54,M8421624,0,0,0,2026-01-08T12:36:46.335969,
TXN-00015625,303,CASH_OUT,723.4,C1000008,181626.26,180902.85,M2886391,0,0,0,2026-01-08T12:36:46.336009,
TXN-00015626,124,PAYMENT,6962.21,C1000088,0.0,0.0,M8182750,0,0,0,2026-01-08T12:36:46.336062,
TXN-00015627,334,PAYMENT,2174.34,C1000062,0.0,0.0,M8168422,0,0,0,2026-01-08T12:36:46.336100,
TXN-00015628,320,TRANSFER,1850.68,C1000062,0.0,0.0,M4075187,0,0,0,2026-01-08T12:36:46.336139,
TXN-00015629,319,PAYMENT,4382.58,C1000027,0.0,0.0,M4074015,0,0,0,2026-01-08T12:36:46.336177,
TXN-00015630,129,CASH_OUT,10.0,C1000034,56577.66,56567.66,M7443449,0,0,0,2026-01-08T12:36:46.336215,
TXN-00015631,127,TRANSFER,2249.15,C1000017,9789.43,7540.29,M3557004,0,0,0,2026-01-08T12:36:46.336254,
TXN-00015632,159,TRANSFER,26194.07,C1000056,0.0,0.0,M5912849,0,0,0,2026-01-08T12:36:46.336293,
TXN-00015633,136,CASH_OUT,2308.41,C1000045,0.0,0.0,M2856576,0,0,0,2026-01-08T12:36:46.336352,
TXN-00015634,308,DEBIT,2521.37,C1000068,79054.24,76532.87,M6924658,0,0,0,2026-01-08T12:36:46.336394,
TXN-00015635,310,CASH_OUT,10.0,C1000029,0.0,0.0,M7693675,0,0,0,2026-01-08T12:36:46.336442,
TXN-00015636,162,PAYMENT,5478.76,C1000052,0.0,0.0,M2655427,0,0,0,2026-01-08T12:36:46.336504,
TXN-00015637,292,TRANSFER,173018.96,C1000050,0.0,0.0,M6517854,0,0,0,2026-01-08T12:36:46.336569,
TXN-00015638,131,PAYMENT,173254.06,C1000050,0.0,0.0,M3204729,0,0,0,2026-01-08T12:36:46.336628,
TXN-00015639,291,PAYMENT,36638.71,C1000012,0.0,0.0,M8800796,0,0,0,2026-01-08T12:36:46.336685,
TXN-00015640,129,PAYMENT,10.0,C1000060,52860.2,52850.2,M8654591,0,0,0,2026-01-08T12:36:46.336746,
TXN-00015641,321,PAYMENT,7619.24,C1000033,0.0,0.0,M2445814,0,0,0,2026-01-08T12:36:46.336804,
TXN-00015642,293,TRANSFER,74848.02,C1000075,432633.41,356061.96,M9752444,0,0,1,2026-01-08T12:36:46.336838,balance_mismatch
TXN-00015643,330,PAYMENT,1123.06,C1000020,237226.9,236103.84,M2182274,0,0,0,2026-01-08T12:36:46.336902,
TXN-00015644,319,PAYMENT,2086.25,C1000090,155198.84,153112.58,M6199869,0,0,0,2026-01-08T12:36:46.336961,
TXN-00015645,156,CASH_OUT,36393.4,C1000012,0.0,0.0,M4952363,0,0,0,2026-01-08T12:36:46.337020,
TXN-00015646,322,TRANSFER,1978.36,C1000040,0.0,0.0,M3254206,0,0,0,2026-01-08T12:36:46.337077,
TXN-00015647,130,PAYMENT,1172.17,C1000069,0.0,0.0,M4035084,0,0,0,2026-01-08T12:36:46.337137,
TXN-00015648,324,PAYMENT,20361.52,C1000024,0.0,0.0,M8247101,0,0,0,2026-01-08T12:36:46.337193,
TXN-00015649,323,CASH_OUT,164846.45,C1000050,0.0,0.0,M3137455,0,0,1,2026-01-08T12:36:46.337222,large_amount
TXN-00015650,302,DEBIT,12877.08,C1000082,0.0,0.0,M9871802,0,0,0,2026-01-08T12:36:46.337280,
TXN-00015651,288,PAYMENT,1571.86,C1000068,76532.87,74961.0,M5680709,0,0,0,2026-01-08T12:36:46.337336,
TXN-00015652,329,CASH_OUT,22679.13,C1000024,0.0,0.0,M2551581,0,0,0,2026-01-08T12:36:46.337396,
TXN-00015653,326,PAYMENT,54010.04,C1000000,0.0,0.0,M6068133,0,0,0,2026-01-08T12:36:46.337453,
TXN-00015654,142,TRANSFER,21004.8,C1000019,0.0,0.0,M5882368,0,0,0,2026-01-08T12:36:46.337510,
TXN-00015655,167,CASH_OUT,12972.18,C1000005,0.0,0.0,M8644002,0,0,0,2026-01-08T12:36:46.337566,
TXN-00015656,163,TRANSFER,4224.67,C1000040,0.0,0.0,M7534749,0,0,0,2026-01-08T12:36:46.337623,
TXN-00015657,325,PAYMENT,3190.1,C1000070,1115.03,0.0,M7398354,0,0,0,2026-01-08T12:36:46.337680,
TXN-00015658,127,PAYMENT,2286.11,C1000028,0.0,0.0,M5278835,0,0,0,2026-01-08T12:36:46.337737,
TXN-00015659,137,CASH_OUT,49172.62,C1000053,0.0,0.0,M4624753,0,0,0,2026-01-08T12:36:46.337793,
TXN-00015660,297,PAYMENT,10.0,C1000007,15129.89,15119.89,M5314782,0,0,0,2026-01-08T12:36:46.337851,
TXN-00015661,333,CASH_OUT,26611.06,C1000056,0.0,0.0,M7458310,0,0,0,2026-01-08T12:36:46.337909,
TXN-00015662,296,PAYMENT,1089.44,C1000040,0.0,0.0,M5467374,0,0,0,2026-01-08T12:36:46.337968,
TXN-00015663,157,CASH_OUT,4423.39,C1000065,0.0,0.0,M5986140,0,0,0,2026-01-08T12:36:46.338025,
TXN-00015664,314,PAYMENT,3065.85,C1000029,0.0,0.0,M6444898,0,0,0,2026-01-08T12:36:46.338081,
TXN-00015665,334,TRANSFER,19666.22,C1000019,0.0,0.0,M5332019,0,0,0,2026-01-08T12:36:46.338137,
TXN-00015666,160,CASH_IN,4092.73,C1000027,0.0,4092.73,M6170442,0,0,0,2026-01-08T12:36:46.338197,
TXN-00015667,121,TRANSFER,2016.56,C1000017,7540.29,5523.73,M3179326,0,0,0,2026-01-08T12:36:46.338247,
TXN-00015668,304,PAYMENT,256.93,C1000022,0.0,0.0,M1838414,0,0,0,2026-01-08T12:36:46.338287,
TXN-00015669,302,TRANSFER,4974.81,C1000052,0.0,0.0,M8250040,0,0,0,2026-01-08T12:36:46.338325,
TXN-00015670,305,CASH_OUT,10.0,C1000034,56567.66,56557.66,M6220996,0,0,0,2026-01-08T12:36:46.338363,
TXN-00015671,123,PAYMENT,6445.46,C1000088,0.0,0.0,M5040225,0,0,0,2026-01-08T12:36:46.338402,
TXN-00015672,149,PAYMENT,2408.71,C1000069,0.0,0.0,M1211381,0,0,0,2026-01-08T12:36:46.338441,
TXN-00015673,298,TRANSFER,1738.26,C1000041,183716.93,181978.67,M3132578,0,0,0,2026-01-08T12:36:46.338479,
TXN-00015674,162,CASH_OUT,34930.58,C1000088,0.0,0.0,M8988358,0,0,1,2026-01-08T12:36:46.338501,rapid_succession
TXN-00015675,311,PAYMENT,44.4,C1000075,432633.41,432589.01,M8830562,0,0,0,2026-01-08T12:36:46.338539,
TXN-00015676,328,PAYMENT,6382.3,C1000052,0.0,0.0,M4441513,0,0,0,2026-01-08T12:36:46.338578,
TXN-00015677,144,PAYMENT,6390.81,C1000025,0.0,0.0,M5680718,0,0,0,2026-01-08T12:36:46.338627,
TXN-00015678,121,TRANSFER,10359.74,C1000092,0.0,0.0,M9767453,0,0,0,2026-01-08T12:36:46.338685,
TXN-00015679,149,TRANSFER,4572.61,C1000006,60361.65,55789.05,M2457612,0,0,0,2026-01-08T12:36:46.338741,
TXN-00015680,160,PAYMENT,3848.51,C1000091,0.0,0.0,M7171233,0,0,0,2026-01-08T12:36:46.338797,
TXN-00015681,152,PAYMENT,1526.76,C1000085,0.0,0.0,M4575578,0,0,0,2026-01-08T12:36:46.338852,
TXN-00015682,290,CASH_OUT,7423.33,C1000011,0.0,0.0,M8243760,0,0,0,2026-01-08T12:36:46.338912,
TXN-00015683,127,CASH_OUT,1740.79,C1000029,0.0,0.0,M2397185,0,0,0,2026-01-08T12:36:46.338968,
TXN-00015684,289,TRANSFER,10.0,C1000085,0.0,0.0,M8563557,0,0,0,2026-01-08T12:36:46.339023,
TXN-00015685,126,PAYMENT,450.77,C1000004,190356.47,189905.7,M5766001,0,0,0,2026-01-08T12:36:46.339079,
TXN-00015686,130,PAYMENT,10.0,C1000001,45089.55,45079.55,M3411919,0,0,0,2026-01-08T12:36:46.339138,
TXN-00015687,152,CASH_OUT,8686.1,C1000039,0.0,0.0,M5678581,0,0,0,2026-01-08T12:36:46.339195,
TXN-00015688,320,CASH_OUT,1828.85,C1000026,89190.38,87361.53,M9431583,0,0,0,2026-01-08T12:36:46.339252,
TXN-00015689,334,PAYMENT,10.0,C1000022,0.0,0.0,M1801158,0,0,0,2026-01-08T12:36:46.339311,
TXN-00015690,153,PAYMENT,1612.68,C1000090,153112.58,151499.9,M8227493,0,0,0,2026-01-08T12:36:46.339367,
TXN-00015691,330,CASH_OUT,1228.03,C1000022,0.0,0.0,M8054816,0,0,0,2026-01-08T12:36:46.339426,
TXN-00015692,333,PAYMENT,4501.02,C1000065,0.0,0.0,M4845770,0,0,0,2026-01-08T12:36:46.339482,
TXN-00015693,329,PAYMENT,3333.93,C1000069,0.0,0.0,M1246768,0,0,0,2026-01-08T12:36:46.339538,
TXN-00015694,320,PAYMENT,10.0,C1000064,0.0,0.0,M1671699,0,0,0,2026-01-08T12:36:46.339593,
TXN-00015695,136,CASH_OUT,3546.11,C1000044,0.0,0.0,M9885410,0,0,0,2026-01-08T12:36:46.339648,
TXN-00015696,314,TRANSFER,10.0,C1000034,56557.66,56547.66,M3637096,0,0,0,2026-01-08T12:36:46.339704,
TXN-00015697,335,CASH_OUT,2661.37,C1000089,95538.37,92876.99,M9976836,0,0,0,2026-01-08T12:36:46.339761,
TXN-00015698,127,PAYMENT,4827.24,C1000025,0.0,0.0,M5576089,0,0,0,2026-01-08T12:36:46.339818,
TXN-00015699,328,CASH_IN,2574.09,C1000069,0.0,2574.09,M1140178,0,0,0,2026-01-08T12:36:46.339874,
TXN-00015700,138,DEBIT,10.0,C1000080,0.0,0.0,M8422600,0,0,0,2026-01-08T12:36:46.339933,
TXN-00015701,142,PAYMENT,1963.24,C1000069,2574.09,610.85,M2752809,0,0,0,2026-01-08T12:36:46.339988,
TXN-00015702,165,DEBIT,3266.12,C1000026,87361.53,84095.41,M2662013,0,0,0,2026-01-08T12:36:46.340046,
TXN-00015703,327,TRANSFER,1120.05,C1000001,45079.55,43959.5,M2920789,0,0,0,2026-01-08T12:36:46.340103,
TXN-00015704,314,TRANSFER,10.0,C1000020,236103.84,236093.84,M1409329,0,0,0,2026-01-08T12:36:46.340160,
TXN-00015705,149,PAYMENT,1357.38,C1000070,0.0,0.0,M5303412,0,0,0,2026-01-08T12:36:46.340217,
TXN-00015706,148,PAYMENT,2805.79,C1000082,0.0,0.0,M7986023,0,0,0,2026-01-08T12:36:46.340273,
TXN-00015707,148,PAYMENT,2303.16,C1000097,4245.99,1942.83,M9662953,0,0,0,2026-01-08T12:36:46.340334,
TXN-00015708,331,DEBIT,10.0,C1000014,121439.96,121429.96,M4751964,0,0,0,2026-01-08T12:36:46.340392,
TXN-00015709,324,PAYMENT,10.0,C1000029,0.0,0.0,M9775429,0,0,0,2026-01-08T12:36:46.340446,
TXN-00015710,330,TRANSFER,20726.17,C1000035,0.0,0.0,M1370430,0,0,0,2026-01-08T12:36:46.340490,
TXN-00015711,334,PAYMENT,2113.2,C1000026,84095.41,81982.2,M1786219,0,0,0,2026-01-08T12:36:46.340529,
TXN-00015712,319,PAYMENT,1116.73,C1000097,1942.83,826.1,M5003673,0,0,0,2026-01-08T12:36:46.340569,
TXN-00015713,301,PAYMENT,10.0,C1000066,0.0,0.0,M3734459,0,0,0,2026-01-08T12:36:46.340608,
TXN-00015714,123,CASH_OUT,10.0,C1000081,63659.66,63649.66,M4645542,0,0,0,2026-01-08T12:36:46.340644,
TXN-00015715,120,CASH_IN,17348.45,C1000076,0.0,17348.45,M6251027,0,0,0,2026-01-08T12:36:46.340684,
TXN-00015716,131,CASH_OUT,9099.1,C1000064,0.0,0.0,M6273676,0,0,0,2026-01-08T12:36:46.340742,
TXN-00015717,151,PAYMENT,1717.19,C1000043,0.0,0.0,M2346987,0,0,0,2026-01-08T12:36:46.340786,
TXN-00015718,308,DEBIT,10121.54,C1000054,0.0,0.0,M2760940,0,0,0,2026-01-08T12:36:46.340824,
TXN-00015719,317,CASH_OUT,1980.17,C1000086,82664.63,80684.46,M4702523,0,0,0,2026-01-08T12:36:46.340867,
TXN-00015720,323,PAYMENT,7569.05,C1000057,0.0,0.0,M3682164,0,0,0,2026-01-08T12:36:46.340908,
TXN-00015721,335,PAYMENT,6777.3,C1000036,0.0,0.0,M7064216,0,0,0,2026-01-08T12:36:46.340946,
TXN-00015722,141,PAYMENT,2998.07,C1000072,0.0,0.0,M8057133,0,0,0,2026-01-08T12:36:46.340984,
TXN-00015723,304,CASH_IN,12930.94,C1000005,0.0,12930.94,M1268484,0,0,0,2026-01-08T12:36:46.341023,
TXN-00015724,141,PAYMENT,18872.71,C1000024,0.0,0.0,M1669569,0,0,0,2026-01-08T12:36:46.341062,
TXN-00015725,309,PAYMENT,4271.47,C1000065,0.0,0.0,M7014696,0,0,0,2026-01-08T12:36:46.341100,
TXN-00015726,298,PAYMENT,13606.08,C1000005,12930.94,0.0,M1714876,0,0,0,2026-01-08T12:36:46.341139,
TXN-00015727,328,CASH_OUT,10.0,C1000057,0.0,0.0,M6758243,0,0,0,2026-01-08T12:36:46.341192,
TXN-00015728,146,CASH_IN,3588.77,C1000072,0.0,3588.77,M7589557,0,0,0,2026-01-08T12:36:46.341250,
TXN-00015729,149,PAYMENT,334.99,C1000055,153119.09,152784.1,M5579555,0,0,0,2026-01-08T12:36:46.341308,
TXN-00015730,328,CASH_OUT,10.0,C1000007,15119.89,15109.89,M1201289,0,0,0,2026-01-08T12:36:46.341367,
TXN-00015731,120,TRANSFER,4680.73,C1000082,0.0,0.0,M7630304,0,0,0,2026-01-08T12:36:46.341429,
TXN-00015732,306,PAYMENT,300.09,C1000009,121273.02,120972.93,M3411770,0,0,0,2026-01-08T12:36:46.341486,
TXN-00015733,323,PAYMENT,19933.8,C1000024,0.0,0.0,M4094855,0,0,0,2026-01-08T12:36:46.341543,
TXN-00015734,133,CASH_OUT,13632.51,C1000063,0.0,0.0,M4031410,0,0,0,2026-01-08T12:36:46.341599,
TXN-00015735,327,PAYMENT,6090.12,C1000097,826.1,0.0,M3972980,0,0,0,2026-01-08T12:36:46.341655,
TXN-00015736,334,PAYMENT,10.0,C1000078,10.0,0.0,M1311318,0,0,0,2026-01-08T12:36:46.341711,
TXN-00015737,298,CASH_OUT,2239.48,C1000069,610.85,0.0,M9410849,0,0,0,2026-01-08T12:36:46.341767,
TXN-00015738,326,PAYMENT,761.67,C1000049,0.0,0.0,M7547931,0,0,0,2026-01-08T12:36:46.341912,
TXN-00015739,140,TRANSFER,94.49,C1000061,215321.54,215227.04,M5168353,0,0,0,2026-01-08T12:36:46.341995,
TXN-00015740,126,PAYMENT,630.17,C1000008,180902.85,180272.68,M1270024,0,0,0,2026-01-08T12:36:46.342064,
TXN-00015741,317,CASH_OUT,112553.03,C1000080,0.0,0.0,M4655692,0,0,1,2026-01-08T12:36:46.342102,large_amount
TXN-00015742,127,CASH_OUT,3152.1,C1000057,0.0,0.0,M8682424,0,0,0,2026-01-08T12:36:46.342165,
TXN-00015743,334,PAYMENT,4946.36,C1000098,171162.98,166216.62,M6790508,0,0,0,2026-01-08T12:36:46.342311,
TXN-00015744,132,PAYMENT,7303.66,C1000052,0.0,0.0,M4726939,0,0,0,2026-01-08T12:36:46.342428,
TXN-00015745,146,TRANSFER,22077.84,C1000019,0.0,0.0,M8907901,0,0,0,2026-01-08T12:36:46.342555,
TXN-00015746,147,DEBIT,577.28,C1000077,50108.71,49531.43,M7354428,0,0,0,2026-01-08T12:36:46.342669,
TXN-00015747,319,TRANSFER,1298.0,C1000061,215227.04,213929.04,M8053560,0,0,0,2026-01-08T12:36:46.342999,
TXN-00015748,300,CASH_OUT,17481.45,C1000035,0.0,0.0,M8204178,0,0,0,2026-01-08T12:36:46.343172,
TXN-00015749,143,PAYMENT,1557.36,C1000016,102855.04,101297.67,M8475395,0,0,0,2026-01-08T12:36:46.343343,
TXN-00015750,144,DEBIT,1840.0,C1000085,0.0,0.0,M9153614,0,0,0,2026-01-08T12:36:46.343613,
TXN-00015751,150,TRANSFER,8564.07,C1000039,0.0,0.0,M6449180,0,0,0,2026-01-08T12:36:46.343817,
TXN-00015752,132,DEBIT,4718.58,C1000003,0.0,0.0,M6647272,0,0,0,2026-01-08T12:36:46.344198,
TXN-00015753,166,CASH_OUT,326.94,C1000001,43959.5,43632.56,M5225664,0,0,0,2026-01-08T12:36:46.344369,
TXN-00015754,153,TRANSFER,5482.22,C1000059,0.0,0.0,M5081411,0,0,0,2026-01-08T12:36:46.344468,
TXN-00015755,329,PAYMENT,4281.22,C1000065,0.0,0.0,M1855674,0,0,0,2026-01-08T12:36:46.344561,
TXN-00015756,150,DEBIT,10.0,C1000009,120972.93,120962.93,M2102582,0,0,0,2026-01-08T12:36:46.344645,
TXN-00015757,317,TRANSFER,10.0,C1000001,43632.56,43622.56,M9837792,0,0,0,2026-01-08T12:36:46.345463,
TXN-00015758,146,PAYMENT,10.0,C1000078,0.0,0.0,M5674160,0,0,0,2026-01-08T12:36:46.345578,
TXN-00015759,297,PAYMENT,2077.41,C1000096,131346.46,129269.05,M9901261,0,0,0,2026-01-08T12:36:46.345660,
TXN-00015760,304,CASH_OUT,8736.18,C1000082,0.0,0.0,M4722157,0,0,0,2026-01-08T12:36:46.345739,
TXN-00015761,325,PAYMENT,887.39,C1000068,74961.0,74073.62,M4115517,0,0,0,2026-01-08T12:36:46.345815,
TXN-00015762,311,CASH_OUT,9852.91,C1000092,0.0,0.0,M9546018,0,0,0,2026-01-08T12:36:46.345891,
TXN-00015763,327,PAYMENT,14402.67,C1000095,0.0,0.0,M5218351,0,0,0,2026-01-08T12:36:46.345965,
TXN-00015764,129,CASH_IN,1235.64,C1000075,432589.01,433824.65,M6570745,0,0,0,2026-01-08T12:36:46.346039,
TXN-00015765,294,PAYMENT,5840.25,C1000080,0.0,0.0,M4004615,0,0,0,2026-01-08T12:36:46.346132,
TXN-00015766,327,PAYMENT,2132.44,C1000055,152784.1,150651.66,M9636819,0,0,0,2026-01-08T12:36:46.346207,
TXN-00015767,155,PAYMENT,8739.19,C1000039,0.0,0.0,M1236312,0,0,0,2026-01-08T12:36:46.346273,
TXN-00015768,300,TRANSFER,287.24,C1000060,52850.2,52562.96,M9541190,0,0,0,2026-01-08T12:36:46.346344,
TXN-00015769,139,TRANSFER,17712.96,C1000093,0.0,0.0,M2039562,0,0,0,2026-01-08T12:36:46.346413,
TXN-00015770,316,PAYMENT,2442.97,C1000030,0.0,0.0,M3440611,0,0,0,2026-01-08T12:36:46.346477,
TXN-00015771,141,CASH_OUT,2372.77,C1000078,0.0,0.0,M3883666,0,0,0,2026-01-08T12:36:46.346538,
TXN-00015772,293,TRANSFER,17736.12,C1000076,17348.45,0.0,M6898557,0,0,0,2026-01-08T12:36:46.346624,
TXN-00015773,130,TRANSFER,2878.61,C1000089,92876.99,89998.39,M2509599,0,0,0,2026-01-08T12:36:46.346696,
TXN-00015774,153,DEBIT,1288.75,C1000041,181978.67,180689.92,M7422243,0,0,0,2026-01-08T12:36:46.346774,
TXN-00015775,312,TRANSFER,34.49,C1000018,115282.51,115248.02,M9041137,0,0,0,2026-01-08T12:36:46.346852,
TXN-00015776,288,CASH_OUT,24836.14,C1000095,0.0,0.0,M8248870,0,0,0,2026-01-08T12:36:46.346929,
TXN-00015777,162,TRANSFER,1586.7,C1000081,63649.66,62062.96,M3128797,0,0,0,2026-01-08T12:36:46.347009,
TXN-00015778,141,PAYMENT,2015.42,C1000028,0.0,0.0,M7721529,0,0,0,2026-01-08T12:36:46.347087,
TXN-00015779,158,CASH_OUT,119190.53,C1000083,165637.42,46446.89,M3976998,0,0,1,2026-01-08T12:36:46.347129,unusual_type
TXN-00015780,125,CASH_OUT,134880.81,C1000061,213929.04,79048.23,M9912992,0,0,1,2026-01-08T12:36:46.347170,large_amount
TXN-00015781,145,TRANSFER,103.9,C1000002,200014.86,199910.96,M3002091,0,0,0,2026-01-08T12:36:46.347244,
TXN-00015782,292,TRANSFER,4340.28,C1000006,55789.05,51448.77,M5156601,0,0,0,2026-01-08T12:36:46.347364,
TXN-00015783,309,TRANSFER,10.0,C1000051,63870.66,63860.66,M6919951,0,0,0,2026-01-08T12:36:46.347440,
TXN-00015784,316,CASH_OUT,41737.69,C1000012,0.0,0.0,M2545416,0,0,0,2026-01-08T12:36:46.347513,
TXN-00015785,315,CASH_OUT,18812.23,C1000035,0.0,0.0,M6159803,0,0,0,2026-01-08T12:36:46.347586,
TXN-00015786,323,TRANSFER,18242.3,C1000019,0.0,0.0,M5161140,0,0,0,2026-01-08T12:36:46.347659,
TXN-00015787,158,CASH_OUT,6341.1,C1000058,0.0,0.0,M4150545,0,0,0,2026-01-08T12:36:46.347738,
TXN-00015788,301,CASH_OUT,4373.48,C1000027,4092.73,0.0,M3240448,0,0,0,2026-01-08T12:36:46.347813,
TXN-00015789,120,PAYMENT,873.17,C1000081,62062.96,61189.8,M7455595,0,0,0,2026-01-08T12:36:46.347920,
TXN-00015790,318,PAYMENT,10.0,C1000047,0.0,0.0,M5522356,0,0,0,2026-01-08T12:36:46.348004,
TXN-00015791,141,CASH_IN,4666.69,C1000057,0.0,4666.69,M8687858,0,0,0,2026-01-08T12:36:46.348081,
TXN-00015792,144,PAYMENT,4768.11,C1000025,0.0,0.0,M9557558,0,0,0,2026-01-08T12:36:46.348155,
TXN-00015793,153,CASH_OUT,8659.73,C1000039,0.0,0.0,M2928810,0,0,0,2026-01-08T12:36:46.348230,
TXN-00015794,310,TRANSFER,10286.9,C1000031,0.0,0.0,M6350832,0,0,0,2026-01-08T12:36:46.348303,
TXN-00015795,131,CASH_OUT,10824.58,C1000005,0.0,0.0,M8625776,0,0,0,2026-01-08T12:36:46.348384,
TXN-00015796,320,CASH_OUT,1095.54,C1000075,433824.65,432729.1,M5823178,0,0,0,2026-01-08T12:36:46.348457,
TXN-00015797,294,PAYMENT,3340.41,C1000026,81982.2,78641.8,M7022419,0,0,0,2026-01-08T12:36:46.348533,
TXN-00015798,121,CASH_OUT,6717.77,C1000011,0.0,0.0,M3703342,0,0,0,2026-01-08T12:36:46.348606,
TXN-00015799,310,PAYMENT,14853.71,C1000005,0.0,0.0,M1170888,0,0,0,2026-01-08T12:36:46.348669,
TXN-00015800,133,CASH_OUT,89009.89,C1000025,0.0,0.0,M4791905,0,0,1,2026-01-08T12:36:46.348705,night_transaction
TXN-00015801,307,DEBIT,13916.79,C1000005,0.0,0.0,M8921865,0,0,0,2026-01-08T12:36:46.348766,
TXN-00015802,323,CASH_OUT,2830.03,C1000028,0.0,0.0,M3389993,0,0,0,2026-01-08T12:36:46.348827,
TXN-00015803,160,CASH_OUT,3086.35,C1000047,0.0,0.0,M7370017,0,0,0,2026-01-08T12:36:46.348894,
TXN-00015804,121,DEBIT,10.0,C1000042,0.0,0.0,M9864765,0,0,0,2026-01-08T12:36:46.348957,
TXN-00015805,126,PAYMENT,10.0,C1000078,0.0,0.0,M2383586,0,0,0,2026-01-08T12:36:46.349018,
TXN-00015806,328,CASH_OUT,80826.81,C1000024,0.0,0.0,M1618575,0,0,1,2026-01-08T12:36:46.349048,large_amount
TXN-00015807,129,PAYMENT,10.0,C1000074,0.0,0.0,M5908280,0,0,0,2026-01-08T12:36:46.349110,
TXN-00015808,140,DEBIT,942.09,C1000004,189905.7,188963.61,M1846665,0,0,0,2026-01-08T12:36:46.349172,
TXN-00015809,136,TRANSFER,10163.68,C1000092,0.0,0.0,M9158431,0,0,0,2026-01-08T12:36:46.349236,
TXN-00015810,160,TRANSFER,874.86,C1000007,15109.89,14235.03,M6859927,0,0,0,2026-01-08T12:36:46.349299,
TXN-00015811,164,CASH_OUT,71907.17,C1000074,0.0,0.0,M1625358,0,0,1,2026-01-08T12:36:46.349334,night_transaction
TXN-00015812,130,CASH_OUT,1517.68,C1000055,150651.66,149133.98,M9267780,0,0,0,2026-01-08T12:36:46.349396,
TXN-00015813,317,DEBIT,173493.25,C1000050,0.0,0.0,M9248730,0,0,0,2026-01-08T12:36:46.349472,
TXN-00015814,127,DEBIT,10.0,C1000008,180272.68,180262.68,M7753292,0,0,0,2026-01-08T12:36:46.349533,
TXN-00015815,125,PAYMENT,148.64,C1000004,188963.61,188814.98,M1474314,0,0,0,2026-01-08T12:36:46.349597,
TXN-00015816,151,PAYMENT,33428.69,C1000073,0.0,0.0,M9800545,0,0,0,2026-01-08T12:36:46.349662,
TXN-00015817,334,CASH_IN,10.0,C1000075,432729.1,432739.1,M5600287,0,0,0,2026-01-08T12:36:46.349724,
TXN-00015818,320,CASH_OUT,511.33,C1000048,183306.91,182795.58,M8076556,0,0,0,2026-01-08T12:36:46.349788,
TXN-00015819,317,CASH_OUT,114.21,C1000048,182795.58,182681.38,M1615598,0,0,0,2026-01-08T12:36:46.349853,
TXN-00015820,145,TRANSFER,55475.29,C1000008,180262.68,128431.13,M7612075,0,0,1,2026-01-08T12:36:46.349889,balance_mismatch
TXN-00015821,313,DEBIT,173024.15,C1000050,0.0,0.0,M8216113,0,0,0,2026-01-08T12:36:46.349959,
TXN-00015822,297,PAYMENT,10.0,C1000040,0.0,0.0,M3357105,0,0,0,2026-01-08T12:36:46.350030,
TXN-00015823,158,PAYMENT,3575.14,C1000006,51448.77,47873.63,M9730946,0,0,0,2026-01-08T12:36:46.350093,
TXN-00015824,133,PAYMENT,10.0,C1000023,0.0,0.0,M6373434,0,0,0,2026-01-08T12:36:46.350159,
TXN-00015825,140,TRANSFER,8532.23,C1000039,0.0,0.0,M7725714,0,0,0,2026-01-08T12:36:46.350222,
TXN-00015826,166,TRANSFER,10.0,C1000064,0.0,0.0,M5888964,0,0,0,2026-01-08T12:36:46.350291,
TXN-00015827,306,TRANSFER,5563.55,C1000003,0.0,0.0,M1459487,0,0,0,2026-01-08T12:36:46.350354,
TXN-00015828,328,PAYMENT,37377.54,C1000012,0.0,0.0,M8724232,0,0,0,2026-01-08T12:36:46.350419,
TXN-00015829,335,TRANSFER,3592.17,C1000084,0.0,0.0,M1174886,0,0,0,2026-01-08T12:36:46.350486,
TXN-00015830,305,PAYMENT,1715.5,C1000069,0.0,0.0,M8424608,0,0,0,2026-01-08T12:36:46.350577,
TXN-00015831,131,TRANSFER,5720.5,C1000052,0.0,0.0,M8357112,0,0,0,2026-01-08T12:36:46.350644,
TXN-00015832,330,TRANSFER,30630.96,C1000067,0.0,0.0,M7774449,0,0,0,2026-01-08T12:36:46.350709,
TXN-00015833,139,TRANSFER,5812.71,C1000014,121429.96,115617.24,M5990650,0,0,0,2026-01-08T12:36:46.350775,
TXN-00015834,126,DEBIT,846.31,C1000089,89998.39,89152.08,M2712333,0,0,0,2026-01-08T12:36:46.350843,
TXN-00015835,311,TRANSFER,5917.45,C1000006,47873.63,41956.18,M9394766,0,0,0,2026-01-08T12:36:46.350910,
TXN-00015836,334,CASH_IN,15313.93,C1000082,0.0,15313.93,M1158805,0,0,0,2026-01-08T12:36:46.350996,
TXN-00015837,289,CASH_OUT,17383.46,C1000076,0.0,0.0,M8406531,0,0,0,2026-01-08T12:36:46.351075,
TXN-00015838,311,TRANSFER,10.0,C1000082,15313.93,15303.93,M6416705,0,0,0,2026-01-08T12:36:46.351144,
TXN-00015839,311,CASH_OUT,6066.78,C1000059,0.0,0.0,M6663164,0,0,0,2026-01-08T12:36:46.351212,
TXN-00015840,326,PAYMENT,2085.31,C1000017,5523.73,3438.42,M1897945,0,0,0,2026-01-08T12:36:46.351279,
TXN-00015841,150,PAYMENT,49246.6,C1000053,0.0,0.0,M1154105,0,0,0,2026-01-08T12:36:46.351347,
TXN-00015842,322,DEBIT,124.3,C1000004,188814.98,188690.67,M7198106,0,0,0,2026-01-08T12:36:46.351418,
TXN-00015843,158,TRANSFER,5284.38,C1000006,41956.18,36671.81,M7574767,0,0,0,2026-01-08T12:36:46.351487,
TXN-00015844,298,TRANSFER,437.33,C1000075,432739.1,432301.78,M1484668,0,0,0,2026-01-08T12:36:46.351556,
TXN-00015845,318,CASH_IN,1320.42,C1000008,180262.68,181583.1,M4043241,0,0,0,2026-01-08T12:36:46.351624,
TXN-00015846,317,TRANSFER,3195.37,C1000028,0.0,0.0,M6449517,0,0,0,2026-01-08T12:36:46.351694,
TXN-00015847,312,CASH_OUT,876.53,C1000094,158052.72,157176.2,M5616439,0,0,0,2026-01-08T12:36:46.351761,
TXN-00015848,309,DEBIT,37236.24,C1000012,0.0,0.0,M1914210,0,0,0,2026-01-08T12:36:46.351830,
TXN-00015849,324,PAYMENT,2192.07,C1000096,129269.05,127076.98,M6093107,0,0,0,2026-01-08T12:36:46.351896,
TXN-00015850,322,TRANSFER,5043.29,C1000057,4666.69,0.0,M5405709,0,0,0,2026-01-08T12:36:46.351970,
TXN-00015851,135,CASH_OUT,17431.82,C1000076,0.0,0.0,M3648855,0,0,0,2026-01-08T12:36:46.352039,
TXN-00015852,309,TRANSFER,6413.17,C1000088,0.0,0.0,M8207760,0,0,0,2026-01-08T12:36:46.352111,
TXN-00015853,165,TRANSFER,2909.1,C1000045,0.0,0.0,M8375372,0,0,0,2026-01-08T12:36:46.352174,
TXN-00015854,132,CASH_OUT,128262.26,C1000075,432301.78,304039.52,M2707874,0,0,1,2026-01-08T12:36:46.352212,large_amount
TXN-00015855,331,TRANSFER,10233.77,C1000092,0.0,0.0,M4110555,0,0,0,2026-01-08T12:36:46.352277,
TXN-00015856,125,DEBIT,6414.62,C1000091,0.0,0.0,M6631078,0,0,0,2026-01-08T12:36:46.352343,
TXN-00015857,145,CASH_OUT,2697.98,C1000044,0.0,0.0,M5716959,0,0,0,2026-01-08T12:36:46.352410,
TXN-00015858,167,PAYMENT,3475.24,C1000026,78641.8,75166.56,M8615707,0,0,0,2026-01-08T12:36:46.352476,
TXN-00015859,154,PAYMENT,26538.37,C1000056,0.0,0.0,M6549285,0,0,0,2026-01-08T12:36:46.352540,
TXN-00015860,295,PAYMENT,411.66,C1000002,199910.96,199499.3,M4960885,0,0,0,2026-01-08T12:36:46.352604,
TXN-00015861,148,CASH_OUT,10355.77,C1000002,199499.3,189143.54,M1544788,0,0,0,2026-01-08T12:36:46.352671,
TXN-00015862,141,CASH_OUT,10.0,C1000066,0.0,0.0,M7776477,0,0,0,2026-01-08T12:36:46.352743,
TXN-00015863,321,TRANSFER,1531.26,C1000066,0.0,0.0,M7412599,0,0,0,2026-01-08T12:36:46.352807,
TXN-00015864,163,PAYMENT,20243.29,C1000079,0.0,0.0,M2194750,0,0,0,2026-01-08T12:36:46.353129,
TXN-00015865,322,TRANSFER,401.76,C1000094,157176.2,156774.44,M3450018,0,0,0,2026-01-08T12:36:46.353296,
TXN-00015866,149,CASH_OUT,2369.49,C1000026,75166.56,72797.07,M2880382,0,0,0,2026-01-08T12:36:46.353445,
TXN-00015867,289,TRANSFER,1178.93,C1000094,156774.44,155595.51,M8317515,0,0,0,2026-01-08T12:36:46.353554,
TXN-00015868,325,CASH_OUT,10.0,C1000040,0.0,0.0,M7208305,0,0,0,2026-01-08T12:36:46.353637,
TXN-00015869,334,TRANSFER,1268.05,C1000018,115248.02,113979.97,M2651060,0,0,0,2026-01-08T12:36:46.353708,
TXN-00015870,121,DEBIT,18808.26,C1000035,0.0,0.0,M2767844,0,0,0,2026-01-08T12:36:46.353790,
TXN-00015871,123,TRANSFER,18507.22,C1000035,0.0,0.0,M3097682,0,0,0,2026-01-08T12:36:46.353863,
TXN-00015872,297,DEBIT,34529.12,C1000073,0.0,0.0,M9109905,0,0,0,2026-01-08T12:36:46.353936,
TXN-00015873,330,CASH_OUT,55562.34,C1000000,0.0,0.0,M9927946,0,0,0,2026-01-08T12:36:46.354010,
TXN-00015874,304,DEBIT,1375.83,C1000007,14235.03,12859.2,M1110895,0,0,0,2026-01-08T12:36:46.354079,
TXN-00015875,294,CASH_IN,10.0,C1000055,149133.98,149143.98,M6400156,0,0,0,2026-01-08T12:36:46.354150,
TXN-00015876,292,PAYMENT,302.01,C1000004,188690.67,188388.67,M9499286,0,0,0,2026-01-08T12:36:46.354218,
TXN-00015877,157,DEBIT,5777.51,C1000046,0.0,0.0,M8014320,0,0,0,2026-01-08T12:36:46.354286,
TXN-00015878,132,PAYMENT,1778.41,C1000041,180689.92,178911.51,M6966732,0,0,0,2026-01-08T12:36:46.354348,
TXN-00015879,133,PAYMENT,19659.81,C1000035,0.0,0.0,M2915398,0,0,0,2026-01-08T12:36:46.354409,
TXN-00015880,157,CASH_OUT,3700.73,C1000049,0.0,0.0,M5684965,0,0,0,2026-01-08T12:36:46.354475,
TXN-00015881,139,TRANSFER,10.0,C1000082,15303.93,15293.93,M5796153,0,0,0,2026-01-08T12:36:46.354542,
TXN-00015882,294,PAYMENT,822.74,C1000020,236093.84,235271.09,M9386154,0,0,0,2026-01-08T12:36:46.354610,
TXN-00015883,165,DEBIT,732.43,C1000004,188388.67,187656.24,M2716318,0,0,0,2026-01-08T12:36:46.354676,
TXN-00015884,151,CASH_OUT,1874.53,C1000061,213929.04,212054.52,M5316598,0,0,0,2026-01-08T12:36:46.354742,
TXN-00015885,314,CASH_OUT,71054.37,C1000006,36671.81,0.0,M4689894,0,0,1,2026-01-08T12:36:46.354781,night_transaction
TXN-00015886,148,DEBIT,10.0,C1000014,115617.24,115607.24,M2718649,0,0,0,2026-01-08T12:36:46.354861,
TXN-00015887,120,TRANSFER,1728.01,C1000069,0.0,0.0,M7586868,0,0,0,2026-01-08T12:36:46.354928,
TXN-00015888,140,PAYMENT,19798.3,C1000024,0.0,0.0,M7300518,0,0,0,2026-01-08T12:36:46.354993,
TXN-00015889,297,PAYMENT,5053.39,C1000059,0.0,0.0,M2091796,0,0,0,2026-01-08T12:36:46.355058,
TXN-00015890,291,CASH_OUT,10.0,C1000064,0.0,0.0,M1724856,0,0,0,2026-01-08T12:36:46.355120,
TXN-00015891,331,CASH_OUT,66256.14,C1000041,178911.51,112655.36,M1268705,0,0,1,2026-01-08T12:36:46.355155,unusual_type
TXN-00015892,135,CASH_OUT,10.0,C1000066,0.0,0.0,M9806355,0,0,0,2026-01-08T12:36:46.355223,
TXN-00015893,147,CASH_OUT,1908.52,C1000007,12859.2,10950.67,M8718703,0,0,0,2026-01-08T12:36:46.355286,
TXN-00015894,141,PAYMENT,4253.0,C1000058,0.0,0.0,M3080970,0,0,0,2026-01-08T12:36:46.355351,
TXN-00015895,163,CASH_OUT,34224.62,C1000073,0.0,0.0,M4688262,0,0,0,2026-01-08T12:36:46.355410,
TXN-00015896,167,CASH_OUT,56487.48,C1000002,189143.54,132656.06,M6867930,0,0,1,2026-01-08T12:36:46.355447,unusual_type
TXN-00015897,329,PAYMENT,2185.91,C1000006,36671.81,34485.9,M7992437,0,0,0,2026-01-08T12:36:46.355520,
TXN-00015898,125,DEBIT,26572.75,C1000056,0.0,0.0,M3400378,0,0,0,2026-01-08T12:36:46.355607,
TXN-00015899,332,DEBIT,10650.21,C1000054,0.0,0.0,M8472598,0,0,0,2026-01-08T12:36:46.355677,
TXN-00015900,319,PAYMENT,195.47,C1000060,52562.96,52367.48,M1521644,0,0,0,2026-01-08T12:36:46.355739,
TXN-00015901,153,CASH_IN,1759.16,C1000026,72797.07,74556.23,M5005096,0,0,0,2026-01-08T12:36:46.355802,
TXN-00015902,167,TRANSFER,173774.24,C1000050,0.0,0.0,M3247863,0,0,0,2026-01-08T12:36:46.355868,
TXN-00015903,307,PAYMENT,20291.51,C1000024,0.0,0.0,M4026446,0,0,0,2026-01-08T12:36:46.355939,
TXN-00015904,159,PAYMENT,2232.06,C1000061,212054.52,209822.46,M8438934,0,0,0,2026-01-08T12:36:46.356002,
TXN-00015905,151,CASH_OUT,3320.13,C1000030,0.0,0.0,M9970926,0,0,0,2026-01-08T12:36:46.356064,
TXN-00015906,293,PAYMENT,1736.17,C1000086,80684.46,78948.29,M1702437,0,0,0,2026-01-08T12:36:46.356130,
TXN-00015907,164,TRANSFER,4968.5,C1000059,0.0,0.0,M8715858,0,0,0,2026-01-08T12:36:46.356195,
TXN-00015908,129,DEBIT,8056.83,C1000074,0.0,0.0,M5011050,0,0,0,2026-01-08T12:36:46.356260,
TXN-00015909,133,TRANSFER,26444.97,C1000056,0.0,0.0,M2549768,0,0,0,2026-01-08T12:36:46.356320,
TXN-00015910,299,TRANSFER,4075.77,C1000014,115607.24,111531.47,M5148591,0,0,0,2026-01-08T12:36:46.356378,
TXN-00015911,319,PAYMENT,7012.19,C1000088,0.0,0.0,M4028744,0,0,0,2026-01-08T12:36:46.356437,
TXN-00015912,140,PAYMENT,37205.44,C1000012,0.0,0.0,M9214742,0,0,0,2026-01-08T12:36:46.356495,
TXN-00015913,149,TRANSFER,18484.96,C1000024,0.0,0.0,M3736117,0,0,0,2026-01-08T12:36:46.356551,
TXN-00015914,300,TRANSFER,2260.9,C1000008,181583.1,179322.2,M6665079,0,0,0,2026-01-08T12:36:46.356614,
TXN-00015915,330,DEBIT,1012.52,C1000007,10950.67,9938.15,M4266751,0,0,0,2026-01-08T12:36:46.356672,
TXN-00015916,335,PAYMENT,2780.45,C1000030,0.0,0.0,M7378720,0,0,0,2026-01-08T12:36:46.356730,
TXN-00015917,147,PAYMENT,1639.09,C1000057,0.0,0.0,M7397803,0,0,0,2026-01-08T12:36:46.356789,
TXN-00015918,298,TRANSFER,4368.51,C1000058,0.0,0.0,M4881333,0,0,0,2026-01-08T12:36:46.356846,
TXN-00015919,309,CASH_OUT,339.95,C1000040,0.0,0.0,M2842536,0,0,0,2026-01-08T12:36:46.356905,
TXN-00015920,143,TRANSFER,69705.2,C1000032,0.0,-66091.26,M7563266,0,0,1,2026-01-08T12:36:46.356937,balance_mismatch
TXN-00015921,330,PAYMENT,8449.23,C1000074,0.0,0.0,M4725793,0,0,0,2026-01-08T12:36:46.357002,
TXN-00015922,162,PAYMENT,10.0,C1000082,15293.93,15283.93,M7110502,0,0,0,2026-01-08T12:36:46.357061,
TXN-00015923,334,DEBIT,1485.59,C1000086,78948.29,77462.7,M7554162,0,0,0,2026-01-08T12:36:46.357122,
TXN-00015924,164,TRANSFER,5357.2,C1000052,0.0,0.0,M4258872,0,0,0,2026-01-08T12:36:46.357185,
TXN-00015925,142,PAYMENT,21.66,C1000009,120962.93,120941.27,M4804214,0,0,0,2026-01-08T12:36:46.357244,
TXN-00015926,317,CASH_OUT,10.0,C1000042,0.0,0.0,M1512599,0,0,0,2026-01-08T12:36:46.357305,
TXN-00015927,309,CASH_OUT,46389.43,C1000053,0.0,0.0,M2747698,0,0,0,2026-01-08T12:36:46.357356,
TXN-00015928,143,PAYMENT,21205.06,C1000035,0.0,0.0,M5386096,0,0,0,2026-01-08T12:36:46.357404,
TXN-00015929,161,TRANSFER,63006.56,C1000050,0.0,-58337.17,M5669320,0,0,1,2026-01-08T12:36:46.357427,balance_mismatch
TXN-00015930,320,CASH_OUT,10.0,C1000085,0.0,0.0,M9308683,0,0,0,2026-01-08T12:36:46.357470,
TXN-00015931,315,TRANSFER,49843.87,C1000053,0.0,0.0,M5048206,0,0,0,2026-01-08T12:36:46.357509,
TXN-00015932,143,DEBIT,331.07,C1000002,189143.54,188812.46,M9619715,0,0,0,2026-01-08T12:36:46.357549,
TXN-00015933,163,TRANSFER,1446.79,C1000048,182681.38,181234.59,M9207637,0,0,0,2026-01-08T12:36:46.357589,
TXN-00015934,335,PAYMENT,2760.52,C1000068,74073.62,71313.09,M1829053,0,0,0,2026-01-08T12:36:46.357647,
TXN-00015935,311,PAYMENT,53846.95,C1000000,0.0,0.0,M8275926,0,0,0,2026-01-08T12:36:46.357690,
TXN-00015936,330,DEBIT,2044.27,C1000030,0.0,0.0,M2837813,0,0,0,2026-01-08T12:36:46.357731,
TXN-00015937,137,CASH_OUT,10.0,C1000072,3588.77,3578.77,M1480347,0,0,0,2026-01-08T12:36:46.357770,
TXN-00015938,157,TRANSFER,10.0,C1000064,0.0,0.0,M2389576,0,0,0,2026-01-08T12:36:46.357810,
TXN-00015939,122,DEBIT,19304.17,C1000079,0.0,0.0,M4904107,0,0,0,2026-01-08T12:36:46.357848,
TXN-00015940,131,TRANSFER,775.12,C1000008,179322.2,178547.08,M5830272,0,0,0,2026-01-08T12:36:46.357889,
TXN-00015941,147,DEBIT,10.0,C1000057,0.0,0.0,M8612064,0,0,0,2026-01-08T12:36:46.357928,
TXN-00015942,327,CASH_OUT,13514.87,C1000063,0.0,0.0,M9593793,0,0,0,2026-01-08T12:36:46.357966,
TXN-00015943,294,PAYMENT,55.03,C1000081,61189.8,61134.77,M2714212,0,0,0,2026-01-08T12:36:46.358005,
TXN-00015944,288,CASH_OUT,5843.42,C1000058,0.0,0.0,M1178625,0,0,0,2026-01-08T12:36:46.358044,
TXN-00015945,295,CASH_OUT,17606.99,C1000076,0.0,0.0,M4915001,0,0,0,2026-01-08T12:36:46.358084,
TXN-00015946,152,PAYMENT,3588.7,C1000091,0.0,0.0,M1173637,0,0,0,2026-01-08T12:36:46.358124,
TXN-00015947,160,PAYMENT,5308.32,C1000049,0.0,0.0,M4380405,0,0,0,2026-01-08T12:36:46.358379,
TXN-00015948,143,PAYMENT,19276.6,C1000035,0.0,0.0,M3005251,0,0,0,2026-01-08T12:36:46.358565,
TXN-00015949,144,PAYMENT,4091.65,C1000065,0.0,0.0,M5722764,0,0,0,2026-01-08T12:36:46.358678,
TXN-00015950,152,PAYMENT,1099.07,C1000034,56547.66,55448.58,M1697661,0,0,0,2026-01-08T12:36:46.358773,
TXN-00015951,132,CASH_OUT,1866.21,C1000007,9938.15,8071.94,M3540281,0,0,0,2026-01-08T12:36:46.358857,
TXN-00015952,165,CASH_IN,1611.96,C1000007,8071.94,9683.9,M3728884,0,0,0,2026-01-08T12:36:46.358936,
TXN-00015953,290,DEBIT,1323.59,C1000038,0.0,0.0,M7360573,0,0,0,2026-01-08T12:36:46.359011,
TXN-00015954,322,TRANSFER,227.44,C1000081,61134.77,60907.33,M7392334,0,0,0,2026-01-08T12:36:46.359101,
TXN-00015955,310,CASH_OUT,148528.19,C1000013,0.0,0.0,M5269773,0,0,1,2026-01-08T12:36:46.359147,large_amount
TXN-00015956,153,TRANSFER,1336.96,C1000097,0.0,0.0,M8596000,0,0,0,2026-01-08T12:36:46.359427,
TXN-00015957,288,TRANSFER,1328.64,C1000044,0.0,0.0,M9599912,0,0,0,2026-01-08T12:36:46.359567,
TXN-00015958,331,CASH_OUT,10.0,C1000023,0.0,0.0,M8832075,0,0,0,2026-01-08T12:36:46.359657,
TXN-00015959,310,CASH_OUT,7809.15,C1000099,0.0,0.0,M4845167,0,0,0,2026-01-08T12:36:46.359953,
TXN-00015960,138,PAYMENT,10.0,C1000008,178547.08,178537.08,M4604802,0,0,0,2026-01-08T12:36:46.360070,
TXN-00015961,128,PAYMENT,5826.29,C1000096,127076.98,121250.69,M2750457,0,0,0,2026-01-08T12:36:46.360171,
TXN-00015962,164,PAYMENT,4799.39,C1000052,0.0,0.0,M7576456,0,0,0,2026-01-08T12:36:46.360252,
TXN-00015963,137,TRANSFER,6277.53,C1000088,0.0,0.0,M7087960,0,0,0,2026-01-08T12:36:46.360329,
TXN-00015964,319,PAYMENT,2045.15,C1000008,178537.08,176491.92,M9275265,0,0,0,2026-01-08T12:36:46.360400,
TXN-00015965,299,PAYMENT,3200.53,C1000040,0.0,0.0,M6772455,0,0,0,2026-01-08T12:36:46.360463,
TXN-00015966,156,CASH_OUT,538.95,C1000020,235271.09,234732.14,M6035773,0,0,0,2026-01-08T12:36:46.360523,
TXN-00015967,335,TRANSFER,10.0,C1000078,0.0,0.0,M1075045,0,0,0,2026-01-08T12:36:46.360585,
TXN-00015968,158,PAYMENT,4516.17,C1000027,0.0,0.0,M7613952,0,0,0,2026-01-08T12:36:46.360647,
TXN-00015969,315,CASH_OUT,3220.45,C1000057,0.0,0.0,M1269994,0,0,0,2026-01-08T12:36:46.360714,
TXN-00015970,165,PAYMENT,1901.08,C1000030,0.0,0.0,M9420157,0,0,0,2026-01-08T12:36:46.360785,
TXN-00015971,294,DEBIT,11251.31,C1000015,0.0,0.0,M4792121,0,0,0,2026-01-08T12:36:46.360845,
TXN-00015972,300,CASH_OUT,15300.37,C1000054,0.0,0.0,M3055258,0,0,0,2026-01-08T12:36:46.360905,
TXN-00015973,123,CASH_OUT,18345.38,C1000076,0.0,0.0,M9489769,0,0,0,2026-01-08T12:36:46.360968,
TXN-00015974,310,TRANSFER,3120.79,C1000047,0.0,0.0,M4587692,0,0,0,2026-01-08T12:36:46.361032,
TXN-00015975,316,PAYMENT,15861.14,C1000042,0.0,0.0,M3845466,0,0,0,2026-01-08T12:36:46.361092,
TXN-00015976,135,PAYMENT,3190.22,C1000043,0.0,0.0,M2194782,0,0,0,2026-01-08T12:36:46.361148,
TXN-00015977,290,DEBIT,965.57,C1000061,209822.46,208856.89,M7834531,0,0,0,2026-01-08T12:36:46.361205,
TXN-00015978,152,TRANSFER,10.0,C1000047,0.0,0.0,M1858002,0,0,0,2026-01-08T12:36:46.361266,
TXN-00015979,123,PAYMENT,5174.64,C1000058,0.0,0.0,M9793917,0,0,0,2026-01-08T12:36:46.361325,
TXN-00015980,165,PAYMENT,3865.02,C1000087,18396.87,14531.85,M1602592,0,0,0,2026-01-08T12:36:46.361384,
TXN-00015981,121,CASH_OUT,18044.66,C1000076,0.0,0.0,M7767002,0,0,0,2026-01-08T12:36:46.361448,
TXN-00015982,125,TRANSFER,13762.28,C1000063,0.0,0.0,M7686084,0,0,0,2026-01-08T12:36:46.361511,
TXN-00015983,158,PAYMENT,6767.33,C1000059,0.0,0.0,M4348503,0,0,0,2026-01-08T12:36:46.361571,
TXN-00015984,141,PAYMENT,13818.77,C1000074,0.0,0.0,M3166810,0,0,0,2026-01-08T12:36:46.361630,
TXN-00015985,335,CASH_OUT,3158.67,C1000006,34485.9,31327.22,M6301088,0,0,0,2026-01-08T12:36:46.361687,
TXN-00015986,152,PAYMENT,3190.63,C1000062,0.0,0.0,M7703506,0,0,0,2026-01-08T12:36:46.361754,
TXN-00015987,134,CASH_OUT,460.05,C1000060,52367.48,51907.43,M3937227,0,0,0,2026-01-08T12:36:46.361826,
TXN-00015988,335,TRANSFER,2226.64,C1000038,0.0,0.0,M5613587,0,0,0,2026-01-08T12:36:46.361885,
TXN-00015989,151,PAYMENT,1727.82,C1000002,188812.46,187084.64,M6087189,0,0,0,2026-01-08T12:36:46.361946,
TXN-00015990,144,CASH_OUT,4255.82,C1000010,0.0,0.0,M6892909,0,0,0,2026-01-08T12:36:46.362016,
TXN-00015991,149,PAYMENT,86.72,C1000081,60907.33,60820.61,M4236111,0,0,0,2026-01-08T12:36:46.362078,
TXN-00015992,289,CASH_OUT,8253.2,C1000039,0.0,0.0,M2569490,0,0,0,2026-01-08T12:36:46.362147,
TXN-00015993,295,PAYMENT,1951.12,C1000017,3438.42,1487.3,M6837006,0,0,0,2026-01-08T12:36:46.362217,
TXN-00015994,294,PAYMENT,807.57,C1000038,0.0,0.0,M9529984,0,0,0,2026-01-08T12:36:46.362287,
TXN-00015995,330,PAYMENT,18068.49,C1000076,0.0,0.0,M2529994,0,0,0,2026-01-08T12:36:46.362358,
TXN-00015996,152,PAYMENT,1208.22,C1000008,176491.92,175283.7,M2498042,0,0,0,2026-01-08T12:36:46.362432,
TXN-00015997,316,TRANSFER,1878.96,C1000026,74556.23,72677.28,M9195825,0,0,0,2026-01-08T12:36:46.362505,
TXN-00015998,149,DEBIT,2061.63,C1000090,151499.9,149438.27,M3102886,0,0,0,2026-01-08T12:36:46.362573,
TXN-00015999,289,PAYMENT,7798.45,C1000049,0.0,0.0,M3436185,0,0,0,2026-01-08T12:36:46.362639,
