transaction_id,step,type,amount,nameOrig,oldbalanceOrg,newbalanceOrig,nameDest,oldbalanceDest,newbalanceDest,isFraud,timestamp,fraud_pattern
TXN-00016000,204,PAYMENT,9812.24,C1000013,0.0,0.0,M4746703,0,0,0,2026-01-08T12:36:46.398898,
TXN-00016001,204,PAYMENT,3379.83,C1000087,14531.85,11152.02,M6267567,0,0,0,2026-01-08T12:36:46.399007,
TXN-00016002,204,CASH_IN,1916.65,C1000020,234732.14,236648.8,M3905804,0,0,0,2026-01-08T12:36:46.399084,
TXN-00016003,204,PAYMENT,18916.41,C1000035,0.0,0.0,M1753640,0,0,0,2026-01-08T12:36:46.399148,
TXN-00016004,204,CASH_OUT,1424.48,C1000068,71313.09,69888.62,M6869430,0,0,0,2026-01-08T12:36:46.399208,
TXN-00016005,200,TRANSFER,110283.31,C1000036,0.0,-112326.8,M7312218,0,0,1,2026-01-08T12:36:46.399249,balance_mismatch
TXN-00016006,204,CASH_IN,13381.0,C1000074,0.0,13381.0,M5372836,0,0,0,2026-01-08T12:36:46.399431,
TXN-00016007,204,PAYMENT,976.2,C1000018,113979.97,113003.77,M2101746,0,0,0,2026-01-08T12:36:46.399542,
TXN-00016008,197,TRANSFER,70025.75,C1000016,101297.67,31271.92,M8313737,0,0,1,2026-01-08T12:36:46.399580,night_transaction
TXN-00016009,204,DEBIT,55284.87,C1000000,0.0,0.0,M1809641,0,0,0,2026-01-08T12:36:46.399648,
TXN-00016010,193,CASH_OUT,36790.99,C1000081,60820.61,24029.62,M9858524,0,0,1,2026-01-08T12:36:46.399682,rapid_succession
TXN-00016011,204,PAYMENT,839.5,C1000034,55448.58,54609.08,M8290937,0,0,0,2026-01-08T12:36:46.399745,
TXN-00016012,204,PAYMENT,2866.53,C1000043,0.0,0.0,M4490086,0,0,0,2026-01-08T12:36:46.399810,
TXN-00016013,204,CASH_OUT,10.0,C1000080,0.0,0.0,M1566448,0,0,0,2026-01-08T12:36:46.399875,
TXN-00016014,203,TRANSFER,116597.06,C1000011,0.0,-114245.66,M9039733,0,0,1,2026-01-08T12:36:46.399904,balance_mismatch
TXN-00016015,204,TRANSFER,7830.01,C1000099,0.0,0.0,M1262289,0,0,0,2026-01-08T12:36:46.399969,
TXN-00016016,204,TRANSFER,17660.53,C1000079,0.0,0.0,M9997880,0,0,0,2026-01-08T12:36:46.400025,
TXN-00016017,204,PAYMENT,301.83,C1000075,432301.78,431999.95,M7083139,0,0,0,2026-01-08T12:36:46.400080,
TXN-00016018,213,TRANSFER,36938.82,C1000088,0.0,-34076.85,M7812138,0,0,1,2026-01-08T12:36:46.400112,balance_mismatch
TXN-00016019,204,PAYMENT,9702.8,C1000078,0.0,0.0,M1758154,0,0,0,2026-01-08T12:36:46.400178,
TXN-00016020,204,PAYMENT,18064.32,C1000095,0.0,0.0,M7589835,0,0,0,2026-01-08T12:36:46.400248,
TXN-00016021,204,PAYMENT,601.58,C1000021,0.0,0.0,M2854462,0,0,0,2026-01-08T12:36:46.400309,
TXN-00016022,204,TRANSFER,1296.05,C1000072,3578.77,2282.73,M9365078,0,0,0,2026-01-08T12:36:46.400370,
TXN-00016023,204,TRANSFER,47738.23,C1000053,0.0,0.0,M7795909,0,0,0,2026-01-08T12:36:46.400431,
TXN-00016024,204,PAYMENT,7340.9,C1000011,0.0,0.0,M6762319,0,0,0,2026-01-08T12:36:46.400491,
TXN-00016025,194,CASH_OUT,149365.34,C1000071,128271.3,0.0,M2570343,0,0,1,2026-01-08T12:36:46.400557,large_amount
TXN-00016026,204,PAYMENT,514.64,C1000004,187656.24,187141.6,M6115499,0,0,0,2026-01-08T12:36:46.400635,
TXN-00016027,204,PAYMENT,8894.55,C1000051,63860.66,54966.11,M2034919,0,0,0,2026-01-08T12:36:46.400701,
TXN-00016028,204,PAYMENT,2981.66,C1000006,31327.22,28345.56,M3577266,0,0,0,2026-01-08T12:36:46.400761,
TXN-00016029,204,TRANSFER,33627.15,C1000073,0.0,0.0,M1539070,0,0,0,2026-01-08T12:36:46.400821,
TXN-00016030,204,CASH_OUT,17129.21,C1000079,0.0,0.0,M2574255,0,0,0,2026-01-08T12:36:46.400880,
TXN-00016031,204,PAYMENT,5405.67,C1000054,0.0,0.0,M1816326,0,0,0,2026-01-08T12:36:46.400936,
TXN-00016032,204,DEBIT,520.39,C1000008,175283.7,174763.31,M1425315,0,0,0,2026-01-08T12:36:46.400992,
TXN-00016033,204,PAYMENT,34021.16,C1000073,0.0,0.0,M5548533,0,0,0,2026-01-08T12:36:46.401051,
TXN-00016034,200,TRANSFER,140745.4,C1000048,181234.59,39264.04,M2991594,0,0,1,2026-01-08T12:36:46.401081,balance_mismatch
TXN-00016035,204,PAYMENT,1632.01,C1000086,77462.7,75830.7,M5099961,0,0,0,2026-01-08T12:36:46.401143,
TXN-00016036,204,PAYMENT,10.0,C1000066,0.0,0.0,M2956789,0,0,0,2026-01-08T12:36:46.401204,
TXN-00016037,205,TRANSFER,34934.35,C1000068,69888.62,36983.31,M5195099,0,0,1,2026-01-08T12:36:46.401232,balance_mismatch
TXN-00016038,202,TRANSFER,128794.0,C1000022,0.0,-126255.93,M4349487,0,0,1,2026-01-08T12:36:46.401264,balance_mismatch
TXN-00016039,204,CASH_OUT,1955.02,C1000090,149438.27,147483.25,M8281866,0,0,0,2026-01-08T12:36:46.401329,
TXN-00016040,202,CASH_OUT,93458.93,C1000008,174763.31,81304.38,M7937087,0,0,1,2026-01-08T12:36:46.401357,large_amount
TXN-00016041,204,CASH_OUT,937.66,C1000016,101297.67,100360.01,M9582322,0,0,0,2026-01-08T12:36:46.401417,
TXN-00016042,204,CASH_OUT,8180.63,C1000058,0.0,0.0,M4533031,0,0,0,2026-01-08T12:36:46.401477,
TXN-00016043,199,TRANSFER,10405.42,C1000080,0.0,0.0,M9463071,0,0,1,2026-01-08T12:36:46.401507,rapid_succession
TXN-00016044,204,PAYMENT,38202.77,C1000012,0.0,0.0,M4009946,0,0,0,2026-01-08T12:36:46.401563,
TXN-00016045,201,CASH_OUT,14707.93,C1000054,0.0,0.0,M6434711,0,0,1,2026-01-08T12:36:46.401592,rapid_succession
TXN-00016046,204,CASH_OUT,1228.7,C1000086,75830.7,74601.99,M4217797,0,0,0,2026-01-08T12:36:46.401653,
TXN-00016047,204,PAYMENT,7231.39,C1000099,0.0,0.0,M7021519,0,0,0,2026-01-08T12:36:46.401714,
TXN-00016048,204,CASH_OUT,3408.41,C1000087,11152.02,7743.61,M9689501,0,0,0,2026-01-08T12:36:46.401772,
TXN-00016049,204,CASH_OUT,4305.81,C1000032,0.0,0.0,M2583893,0,0,0,2026-01-08T12:36:46.401831,
TXN-00016050,204,TRANSFER,25652.3,C1000056,0.0,0.0,M9829434,0,0,0,2026-01-08T12:36:46.401928,
TXN-00016051,204,CASH_OUT,209.04,C1000068,69888.62,69679.58,M6108313,0,0,0,2026-01-08T12:36:46.402011,
TXN-00016052,204,PAYMENT,1087.23,C1000045,0.0,0.0,M8350506,0,0,0,2026-01-08T12:36:46.402076,
TXN-00016053,204,TRANSFER,7067.37,C1000011,0.0,0.0,M8967307,0,0,0,2026-01-08T12:36:46.402136,
TXN-00016054,204,PAYMENT,5084.46,C1000064,0.0,0.0,M7666151,0,0,0,2026-01-08T12:36:46.402196,
TXN-00016055,204,CASH_OUT,461.62,C1000077,49531.43,49069.81,M3648074,0,0,0,2026-01-08T12:36:46.402253,
TXN-00016056,204,PAYMENT,13363.12,C1000031,0.0,0.0,M1826467,0,0,0,2026-01-08T12:36:46.402312,
TXN-00016057,204,PAYMENT,3521.29,C1000096,121250.69,117729.39,M1787465,0,0,0,2026-01-08T12:36:46.402369,
TXN-00016058,204,PAYMENT,7788.68,C1000099,0.0,0.0,M6852109,0,0,0,2026-01-08T12:36:46.402428,
TXN-00016059,204,TRANSFER,2314.13,C1000071,128271.3,125957.17,M2396620,0,0,0,2026-01-08T12:36:46.402485,
TXN-00016060,204,CASH_IN,92.45,C1000038,0.0,92.45,M7131037,0,0,0,2026-01-08T12:36:46.402545,
TXN-00016061,204,PAYMENT,10.0,C1000034,54609.08,54599.08,M9554493,0,0,0,2026-01-08T12:36:46.402602,
TXN-00016062,208,CASH_OUT,38784.55,C1000049,0.0,0.0,M7622167,0,0,1,2026-01-08T12:36:46.402637,rapid_succession
TXN-00016063,204,TRANSFER,23030.35,C1000019,0.0,0.0,M6245169,0,0,0,2026-01-08T12:36:46.402697,
TXN-00016064,193,TRANSFER,52700.4,C1000025,0.0,-49911.28,M8471671,0,0,1,2026-01-08T12:36:46.402726,balance_mismatch
TXN-00016065,204,DEBIT,511.14,C1000071,125957.17,125446.03,M2790649,0,0,0,2026-01-08T12:36:46.402795,
TXN-00016066,204,PAYMENT,1668.06,C1000072,2282.73,614.67,M6172083,0,0,0,2026-01-08T12:36:46.402859,
TXN-00016067,204,PAYMENT,3784.41,C1000078,0.0,0.0,M1226689,0,0,0,2026-01-08T12:36:46.402920,
TXN-00016068,204,PAYMENT,99.65,C1000085,0.0,0.0,M6124239,0,0,0,2026-01-08T12:36:46.402980,
TXN-00016069,196,TRANSFER,39788.93,C1000033,0.0,0.0,M7835370,0,0,1,2026-01-08T12:36:46.403021,night_transaction
TXN-00016070,204,CASH_OUT,7049.68,C1000036,0.0,0.0,M9966265,0,0,0,2026-01-08T12:36:46.403107,
TXN-00016071,204,CASH_OUT,445.54,C1000080,0.0,0.0,M9766900,0,0,0,2026-01-08T12:36:46.403177,
TXN-00016072,205,CASH_OUT,73644.92,C1000040,0.0,0.0,M5329805,0,0,1,2026-01-08T12:36:46.403208,unusual_type
TXN-00016073,204,DEBIT,26925.99,C1000056,0.0,0.0,M8787117,0,0,0,2026-01-08T12:36:46.403266,
TXN-00016074,204,CASH_OUT,5884.42,C1000003,0.0,0.0,M1166012,0,0,0,2026-01-08T12:36:46.403324,
TXN-00016075,204,PAYMENT,1958.7,C1000017,1487.3,0.0,M1664224,0,0,0,2026-01-08T12:36:46.403439,
TXN-00016076,204,PAYMENT,2997.58,C1000006,28345.56,25347.97,M8914616,0,0,0,2026-01-08T12:36:46.403529,
TXN-00016077,204,TRANSFER,4564.22,C1000027,0.0,0.0,M4299526,0,0,0,2026-01-08T12:36:46.403767,
TXN-00016078,195,CASH_OUT,91868.75,C1000057,0.0,0.0,M4151825,0,0,1,2026-01-08T12:36:46.403862,night_transaction
TXN-00016079,214,CASH_OUT,75046.63,C1000069,0.0,0.0,M2615614,0,0,1,2026-01-08T12:36:46.403899,large_amount
TXN-00016080,212,CASH_OUT,33119.14,C1000047,0.0,0.0,M9444990,0,0,1,2026-01-08T12:36:46.403929,rapid_succession
TXN-00016081,211,TRANSFER,17674.33,C1000006,25347.97,7673.64,M2797567,0,0,1,2026-01-08T12:36:46.403958,rapid_succession
TXN-00016082,204,TRANSFER,2251.09,C1000023,0.0,0.0,M1468184,0,0,0,2026-01-08T12:36:46.404050,
TXN-00016083,204,PAYMENT,11589.88,C1000054,0.0,0.0,M8962232,0,0,0,2026-01-08T12:36:46.404121,
TXN-00016084,204,DEBIT,53245.94,C1000053,0.0,0.0,M4456956,0,0,0,2026-01-08T12:36:46.404215,
TXN-00016085,204,TRANSFER,2728.39,C1000058,0.0,0.0,M9059051,0,0,0,2026-01-08T12:36:46.404302,
TXN-00016086,204,PAYMENT,6857.24,C1000080,0.0,0.0,M7821862,0,0,0,2026-01-08T12:36:46.404376,
TXN-00016087,204,PAYMENT,10.0,C1000002,187084.64,187074.64,M1908378,0,0,0,2026-01-08T12:36:46.404440,
TXN-00016088,204,TRANSFER,3075.2,C1000084,0.0,0.0,M1702047,0,0,0,2026-01-08T12:36:46.404503,
TXN-00016089,204,CASH_IN,3208.81,C1000028,0.0,3208.81,M8722316,0,0,0,2026-01-08T12:36:46.404562,
TXN-00016090,213,TRANSFER,121349.65,C1000044,0.0,-120477.49,M9333898,0,0,1,2026-01-08T12:36:46.404595,balance_mismatch
TXN-00016091,204,PAYMENT,17892.53,C1000079,0.0,0.0,M5208557,0,0,0,2026-01-08T12:36:46.404662,
TXN-00016092,204,DEBIT,6687.33,C1000091,0.0,0.0,M7727680,0,0,0,2026-01-08T12:36:46.404725,
TXN-00016093,204,CASH_OUT,6647.79,C1000088,0.0,0.0,M1480041,0,0,0,2026-01-08T12:36:46.404808,
TXN-00016094,204,PAYMENT,573.5,C1000081,60820.61,60247.11,M6573089,0,0,0,2026-01-08T12:36:46.404906,
TXN-00016095,204,DEBIT,18039.25,C1000076,0.0,0.0,M3580892,0,0,0,2026-01-08T12:36:46.404980,
TXN-00016096,204,CASH_OUT,7345.2,C1000011,0.0,0.0,M9565385,0,0,0,2026-01-08T12:36:46.405052,
TXN-00016097,204,PAYMENT,1265.98,C1000049,0.0,0.0,M5443572,0,0,0,2026-01-08T12:36:46.405119,
TXN-00016098,204,DEBIT,19224.0,C1000095,0.0,0.0,M4337078,0,0,0,2026-01-08T12:36:46.405189,
TXN-00016099,215,CASH_OUT,95715.56,C1000046,0.0,0.0,M4549988,0,0,1,2026-01-08T12:36:46.405228,large_amount
TXN-00016100,193,CASH_OUT,60264.22,C1000045,0.0,0.0,M8028883,0,0,1,2026-01-08T12:36:46.405270,unusual_type
TXN-00016101,204,TRANSFER,10.0,C1000021,0.0,0.0,M4870010,0,0,0,2026-01-08T12:36:46.405378,
TXN-00016102,204,TRANSFER,10.0,C1000051,54966.11,54956.11,M4871207,0,0,0,2026-01-08T12:36:46.405483,
TXN-00016103,204,DEBIT,20733.05,C1000019,0.0,0.0,M3466938,0,0,0,2026-01-08T12:36:46.405607,
TXN-00016104,204,PAYMENT,5589.25,C1000046,0.0,0.0,M8043407,0,0,0,2026-01-08T12:36:46.405698,
TXN-00016105,204,PAYMENT,1748.82,C1000086,74601.99,72853.17,M5504894,0,0,0,2026-01-08T12:36:46.405786,
TXN-00016106,204,DEBIT,4163.0,C1000010,0.0,0.0,M2285997,0,0,0,2026-01-08T12:36:46.405879,
TXN-00016107,204,DEBIT,1850.08,C1000089,89152.08,87302.0,M1260202,0,0,0,2026-01-08T12:36:46.405988,
TXN-00016108,204,TRANSFER,2670.8,C1000018,113003.77,110332.98,M8817951,0,0,0,2026-01-08T12:36:46.406072,
TXN-00016109,204,PAYMENT,623.42,C1000097,0.0,0.0,M3539573,0,0,0,2026-01-08T12:36:46.406197,
TXN-00016110,204,TRANSFER,2014.87,C1000084,0.0,0.0,M2022335,0,0,0,2026-01-08T12:36:46.406307,
TXN-00016111,200,TRANSFER,74405.28,C1000034,54599.08,-16163.37,M1977328,0,0,1,2026-01-08T12:36:46.406352,balance_mismatch
TXN-00016112,213,CASH_OUT,188411.29,C1000078,0.0,0.0,M9032074,0,0,1,2026-01-08T12:36:46.406416,large_amount
TXN-00016113,204,PAYMENT,703.33,C1000077,49069.81,48366.48,M6962404,0,0,0,2026-01-08T12:36:46.406788,
TXN-00016114,204,CASH_IN,13353.97,C1000063,0.0,13353.97,M5367138,0,0,0,2026-01-08T12:36:46.407270,
TXN-00016115,204,PAYMENT,24901.9,C1000037,0.0,0.0,M9965156,0,0,0,2026-01-08T12:36:46.407421,
TXN-00016116,204,PAYMENT,6107.32,C1000010,0.0,0.0,M1328122,0,0,0,2026-01-08T12:36:46.407572,
TXN-00016117,204,PAYMENT,3279.65,C1000096,117729.39,114449.75,M1348418,0,0,0,2026-01-08T12:36:46.407682,
TXN-00016118,204,TRANSFER,3464.38,C1000058,0.0,0.0,M1659735,0,0,0,2026-01-08T12:36:46.407767,
TXN-00016119,204,TRANSFER,10.0,C1000034,54599.08,54589.08,M7713558,0,0,0,2026-01-08T12:36:46.407914,
TXN-00016120,204,CASH_OUT,4250.82,C1000065,0.0,0.0,M2071572,0,0,0,2026-01-08T12:36:46.408075,
TXN-00016121,204,PAYMENT,13240.81,C1000063,13353.97,113.16,M4840412,0,0,0,2026-01-08T12:36:46.408267,
TXN-00016122,204,PAYMENT,10.0,C1000048,181234.59,181224.59,M5242261,0,0,0,2026-01-08T12:36:46.408646,
TXN-00016123,204,PAYMENT,36924.18,C1000012,0.0,0.0,M2326640,0,0,0,2026-01-08T12:36:46.408730,
TXN-00016124,204,PAYMENT,10.0,C1000081,60247.11,60237.11,M3478967,0,0,0,2026-01-08T12:36:46.408836,
TXN-00016125,204,DEBIT,30483.41,C1000067,0.0,0.0,M8531156,0,0,0,2026-01-08T12:36:46.408895,
TXN-00016126,207,TRANSFER,134256.33,C1000044,0.0,-137885.03,M4965302,0,0,1,2026-01-08T12:36:46.408927,balance_mismatch
TXN-00016127,204,PAYMENT,11630.76,C1000031,0.0,0.0,M4918273,0,0,0,2026-01-08T12:36:46.408990,
TXN-00016128,204,PAYMENT,18864.88,C1000019,0.0,0.0,M9932791,0,0,0,2026-01-08T12:36:46.409046,
TXN-00016129,204,DEBIT,18626.24,C1000019,0.0,0.0,M6978616,0,0,0,2026-01-08T12:36:46.409102,
TXN-00016130,204,PAYMENT,893.29,C1000021,0.0,0.0,M5370149,0,0,0,2026-01-08T12:36:46.409153,
TXN-00016131,204,TRANSFER,454.4,C1000068,69679.58,69225.18,M6276433,0,0,0,2026-01-08T12:36:46.410094,
TXN-00016132,204,PAYMENT,8856.98,C1000029,0.0,0.0,M3989002,0,0,0,2026-01-08T12:36:46.410255,
TXN-00016133,204,DEBIT,3076.2,C1000029,0.0,0.0,M4432241,0,0,0,2026-01-08T12:36:46.411195,
TXN-00016134,204,CASH_IN,1122.4,C1000001,43622.56,44744.96,M3429369,0,0,0,2026-01-08T12:36:46.411518,
TXN-00016135,197,CASH_OUT,81707.52,C1000086,72853.17,0.0,M3178042,0,0,1,2026-01-08T12:36:46.411603,unusual_type
TXN-00016136,215,CASH_OUT,46685.45,C1000098,166216.62,119531.17,M6034926,0,0,1,2026-01-08T12:36:46.411717,rapid_succession
TXN-00016137,204,TRANSFER,1513.29,C1000091,0.0,0.0,M9580147,0,0,0,2026-01-08T12:36:46.412258,
TXN-00016138,204,TRANSFER,5046.7,C1000097,0.0,0.0,M3100391,0,0,0,2026-01-08T12:36:46.412396,
TXN-00016139,204,PAYMENT,4528.83,C1000084,0.0,0.0,M3965853,0,0,0,2026-01-08T12:36:46.412474,
TXN-00016140,204,PAYMENT,10270.87,C1000015,0.0,0.0,M2610538,0,0,0,2026-01-08T12:36:46.412542,
TXN-00016141,205,CASH_OUT,148808.03,C1000034,54589.08,0.0,M7850071,0,0,1,2026-01-08T12:36:46.412578,large_amount
TXN-00016142,195,CASH_OUT,193239.0,C1000029,0.0,0.0,M3665596,0,0,1,2026-01-08T12:36:46.412608,large_amount
TXN-00016143,204,CASH_OUT,36063.31,C1000012,0.0,0.0,M3737945,0,0,0,2026-01-08T12:36:46.412818,
TXN-00016144,204,PAYMENT,68.74,C1000097,0.0,0.0,M4493489,0,0,0,2026-01-08T12:36:46.412898,
TXN-00016145,204,PAYMENT,5302.75,C1000046,0.0,0.0,M4595712,0,0,0,2026-01-08T12:36:46.412973,
TXN-00016146,204,PAYMENT,11126.37,C1000005,0.0,0.0,M8167622,0,0,0,2026-01-08T12:36:46.413036,
TXN-00016147,199,CASH_OUT,35352.54,C1000078,0.0,0.0,M7778664,0,0,1,2026-01-08T12:36:46.413068,rapid_succession
TXN-00016148,204,CASH_OUT,1618.37,C1000020,236648.8,235030.43,M9655750,0,0,0,2026-01-08T12:36:46.413131,
TXN-00016149,204,TRANSFER,25167.46,C1000037,0.0,0.0,M4031847,0,0,0,2026-01-08T12:36:46.413197,
TXN-00016150,204,TRANSFER,1913.5,C1000066,0.0,0.0,M4781091,0,0,0,2026-01-08T12:36:46.413258,
TXN-00016151,197,TRANSFER,53992.83,C1000021,0.0,0.0,M6004825,0,0,1,2026-01-08T12:36:46.413288,night_transaction
TXN-00016152,204,PAYMENT,1385.14,C1000055,149143.98,147758.84,M7838867,0,0,0,2026-01-08T12:36:46.413347,
TXN-00016153,204,TRANSFER,784.86,C1000077,48366.48,47581.62,M6074855,0,0,0,2026-01-08T12:36:46.413409,
TXN-00016154,204,PAYMENT,6931.88,C1000036,0.0,0.0,M4939161,0,0,0,2026-01-08T12:36:46.413470,
TXN-00016155,194,CASH_OUT,110538.12,C1000017,0.0,0.0,M9237453,0,0,1,2026-01-08T12:36:46.413499,unusual_type
TXN-00016156,204,TRANSFER,4302.67,C1000003,0.0,0.0,M8128746,0,0,0,2026-01-08T12:36:46.413556,
TXN-00016157,204,PAYMENT,1792.14,C1000070,0.0,0.0,M8460059,0,0,0,2026-01-08T12:36:46.413615,
TXN-00016158,204,CASH_OUT,6517.96,C1000013,0.0,0.0,M6011218,0,0,0,2026-01-08T12:36:46.413674,
TXN-00016159,204,PAYMENT,6205.65,C1000057,0.0,0.0,M9784431,0,0,0,2026-01-08T12:36:46.413733,
TXN-00016160,204,CASH_OUT,5354.58,C1000010,0.0,0.0,M4234911,0,0,0,2026-01-08T12:36:46.413790,
TXN-00016161,204,PAYMENT,1277.93,C1000008,174763.31,173485.37,M7010523,0,0,0,2026-01-08T12:36:46.413870,
TXN-00016162,204,PAYMENT,2699.68,C1000044,0.0,0.0,M1558530,0,0,0,2026-01-08T12:36:46.413931,
TXN-00016163,204,CASH_OUT,10629.08,C1000031,0.0,0.0,M6393840,0,0,0,2026-01-08T12:36:46.413994,
TXN-00016164,204,PAYMENT,54194.74,C1000000,0.0,0.0,M1868629,0,0,0,2026-01-08T12:36:46.414052,
TXN-00016165,215,CASH_OUT,37785.6,C1000097,0.0,0.0,M9897939,0,0,1,2026-01-08T12:36:46.414083,rapid_succession
TXN-00016166,204,PAYMENT,1640.49,C1000078,0.0,0.0,M8169580,0,0,0,2026-01-08T12:36:46.414139,
TXN-00016167,195,CASH_OUT,23183.41,C1000016,100360.01,77176.6,M1534633,0,0,1,2026-01-08T12:36:46.414169,night_transaction
TXN-00016168,204,TRANSFER,5240.44,C1000033,0.0,0.0,M1437524,0,0,0,2026-01-08T12:36:46.414228,
TXN-00016169,204,DEBIT,9326.83,C1000054,0.0,0.0,M4872230,0,0,0,2026-01-08T12:36:46.414287,
TXN-00016170,204,TRANSFER,10.0,C1000014,111531.47,111521.47,M7321104,0,0,0,2026-01-08T12:36:46.414345,
TXN-00016171,204,TRANSFER,1544.11,C1000078,0.0,0.0,M8108301,0,0,0,2026-01-08T12:36:46.414404,
TXN-00016172,204,TRANSFER,6770.79,C1000011,0.0,0.0,M5221872,0,0,0,2026-01-08T12:36:46.414462,
TXN-00016173,204,PAYMENT,55004.14,C1000000,0.0,0.0,M4650042,0,0,0,2026-01-08T12:36:46.414520,
TXN-00016174,204,PAYMENT,16456.86,C1000024,0.0,0.0,M9986969,0,0,0,2026-01-08T12:36:46.414577,
TXN-00016175,204,PAYMENT,8637.42,C1000039,0.0,0.0,M8615326,0,0,0,2026-01-08T12:36:46.414633,
TXN-00016176,204,PAYMENT,9406.55,C1000031,0.0,0.0,M5243121,0,0,0,2026-01-08T12:36:46.414690,
TXN-00016177,204,PAYMENT,1205.8,C1000007,9683.9,8478.1,M2545341,0,0,0,2026-01-08T12:36:46.414747,
TXN-00016178,204,PAYMENT,2579.0,C1000069,0.0,0.0,M4525880,0,0,0,2026-01-08T12:36:46.414805,
TXN-00016179,204,TRANSFER,3297.01,C1000087,7743.61,4446.6,M3051114,0,0,0,2026-01-08T12:36:46.414862,
TXN-00016180,204,CASH_OUT,2269.09,C1000004,187141.6,184872.51,M9177589,0,0,0,2026-01-08T12:36:46.414920,
TXN-00016181,204,PAYMENT,1332.06,C1000001,44744.96,43412.9,M6113685,0,0,0,2026-01-08T12:36:46.414977,
TXN-00016182,204,PAYMENT,10.0,C1000072,614.67,604.67,M2251184,0,0,0,2026-01-08T12:36:46.415034,
TXN-00016183,204,CASH_IN,369.11,C1000048,181224.59,181593.7,M4090663,0,0,0,2026-01-08T12:36:46.415113,
TXN-00016184,204,PAYMENT,8095.28,C1000054,0.0,0.0,M2869235,0,0,0,2026-01-08T12:36:46.415247,
TXN-00016185,193,TRANSFER,23308.13,C1000088,0.0,0.0,M8207750,0,0,1,2026-01-08T12:36:46.415284,rapid_succession
TXN-00016186,204,CASH_OUT,17402.34,C1000095,0.0,0.0,M8241514,0,0,0,2026-01-08T12:36:46.415348,
TXN-00016187,204,TRANSFER,2636.38,C1000080,0.0,0.0,M7432936,0,0,0,2026-01-08T12:36:46.415411,
TXN-00016188,204,CASH_IN,4172.28,C1000084,0.0,4172.28,M8061273,0,0,0,2026-01-08T12:36:46.415472,
TXN-00016189,204,CASH_OUT,2271.2,C1000081,60237.11,57965.92,M1773825,0,0,0,2026-01-08T12:36:46.415534,
TXN-00016190,204,TRANSFER,10.0,C1000014,111521.47,111511.47,M9127634,0,0,0,2026-01-08T12:36:46.415593,
TXN-00016191,204,TRANSFER,73.6,C1000030,0.0,0.0,M6150909,0,0,0,2026-01-08T12:36:46.415660,
TXN-00016192,204,DEBIT,5804.06,C1000084,4172.28,0.0,M6438576,0,0,0,2026-01-08T12:36:46.415755,
TXN-00016193,204,PAYMENT,2274.53,C1000044,0.0,0.0,M7061912,0,0,0,2026-01-08T12:36:46.415814,
TXN-00016194,204,CASH_OUT,5381.53,C1000025,0.0,0.0,M4581226,0,0,0,2026-01-08T12:36:46.415872,
TXN-00016195,204,PAYMENT,7384.71,C1000099,0.0,0.0,M2110238,0,0,0,2026-01-08T12:36:46.415932,
TXN-00016196,204,TRANSFER,18057.35,C1000093,0.0,0.0,M2131035,0,0,0,2026-01-08T12:36:46.415990,
TXN-00016197,204,PAYMENT,21968.64,C1000024,0.0,0.0,M7125803,0,0,0,2026-01-08T12:36:46.416046,
TXN-00016198,204,PAYMENT,1719.08,C1000061,208856.89,207137.81,M8040341,0,0,0,2026-01-08T12:36:46.416102,
TXN-00016199,204,CASH_OUT,1887.89,C1000016,100360.01,98472.12,M6280898,0,0,0,2026-01-08T12:36:46.416176,
TXN-00016200,204,DEBIT,18587.51,C1000079,0.0,0.0,M5489776,0,0,0,2026-01-08T12:36:46.416237,
TXN-00016201,209,CASH_OUT,56029.05,C1000071,125446.03,69416.98,M4243810,0,0,1,2026-01-08T12:36:46.416273,unusual_type
TXN-00016202,204,CASH_OUT,5068.92,C1000051,54956.11,49887.19,M6777729,0,0,0,2026-01-08T12:36:46.416333,
TXN-00016203,204,CASH_IN,2215.17,C1000026,72677.28,74892.45,M4209396,0,0,0,2026-01-08T12:36:46.416391,
TXN-00016204,204,TRANSFER,36395.81,C1000073,0.0,0.0,M8980161,0,0,0,2026-01-08T12:36:46.416453,
TXN-00016205,204,PAYMENT,4388.49,C1000064,0.0,0.0,M2014441,0,0,0,2026-01-08T12:36:46.416512,
TXN-00016206,204,TRANSFER,553.56,C1000020,235030.43,234476.87,M9145793,0,0,0,2026-01-08T12:36:46.416570,
TXN-00016207,204,TRANSFER,376.87,C1000004,184872.51,184495.64,M7150659,0,0,0,2026-01-08T12:36:46.416626,
TXN-00016208,204,CASH_OUT,1848.44,C1000072,604.67,0.0,M9264483,0,0,0,2026-01-08T12:36:46.416679,
TXN-00016209,204,TRANSFER,10430.14,C1000015,0.0,0.0,M4067996,0,0,0,2026-01-08T12:36:46.416738,
TXN-00016210,204,TRANSFER,1651.07,C1000043,0.0,0.0,M2278577,0,0,0,2026-01-08T12:36:46.416793,
TXN-00016211,204,CASH_OUT,13038.49,C1000005,0.0,0.0,M6281998,0,0,0,2026-01-08T12:36:46.416864,
TXN-00016212,204,PAYMENT,6550.3,C1000074,13381.0,6830.7,M2181007,0,0,0,2026-01-08T12:36:46.416925,
TXN-00016213,204,PAYMENT,5449.7,C1000059,0.0,0.0,M9425565,0,0,0,2026-01-08T12:36:46.416983,
TXN-00016214,204,CASH_OUT,173076.5,C1000050,0.0,0.0,M1525937,0,0,0,2026-01-08T12:36:46.417039,
TXN-00016215,204,CASH_IN,2849.66,C1000084,0.0,2849.66,M4523931,0,0,0,2026-01-08T12:36:46.417096,
TXN-00016216,204,DEBIT,629.24,C1000072,0.0,0.0,M8062932,0,0,0,2026-01-08T12:36:46.417152,
TXN-00016217,204,PAYMENT,119.16,C1000004,184495.64,184376.48,M6307849,0,0,0,2026-01-08T12:36:46.417208,
TXN-00016218,210,CASH_OUT,40814.69,C1000065,0.0,0.0,M7739218,0,0,1,2026-01-08T12:36:46.417250,rapid_succession
TXN-00016219,204,PAYMENT,3136.27,C1000045,0.0,0.0,M1564280,0,0,0,2026-01-08T12:36:46.417304,
TXN-00016220,204,CASH_OUT,4161.84,C1000052,0.0,0.0,M4151793,0,0,0,2026-01-08T12:36:46.417360,
TXN-00016221,204,PAYMENT,8580.17,C1000054,0.0,0.0,M1126442,0,0,0,2026-01-08T12:36:46.417414,
TXN-00016222,204,PAYMENT,34119.49,C1000073,0.0,0.0,M8246488,0,0,0,2026-01-08T12:36:46.417468,
TXN-00016223,204,TRANSFER,49730.74,C1000053,0.0,0.0,M6677943,0,0,0,2026-01-08T12:36:46.417523,
TXN-00016224,198,CASH_OUT,118051.43,C1000028,3208.81,0.0,M1424552,0,0,1,2026-01-08T12:36:46.417551,unusual_type
TXN-00016225,204,CASH_IN,21299.22,C1000035,0.0,21299.22,M2532773,0,0,0,2026-01-08T12:36:46.417607,
TXN-00016226,204,PAYMENT,774.33,C1000021,0.0,0.0,M1260413,0,0,0,2026-01-08T12:36:46.417663,
TXN-00016227,204,PAYMENT,674.77,C1000004,184376.48,183701.71,M4177405,0,0,0,2026-01-08T12:36:46.417717,
TXN-00016228,204,DEBIT,3560.62,C1000069,0.0,0.0,M5493839,0,0,0,2026-01-08T12:36:46.417774,
TXN-00016229,206,CASH_OUT,123701.8,C1000044,0.0,0.0,M7761228,0,0,1,2026-01-08T12:36:46.417802,large_amount
TXN-00016230,204,TRANSFER,10369.66,C1000005,0.0,0.0,M6871522,0,0,0,2026-01-08T12:36:46.417856,
TXN-00016231,204,PAYMENT,34947.27,C1000073,0.0,0.0,M1515829,0,0,0,2026-01-08T12:36:46.417920,
TXN-00016232,195,TRANSFER,95109.92,C1000054,0.0,0.0,M2013566,0,0,1,2026-01-08T12:36:46.417953,night_transaction
TXN-00016233,204,PAYMENT,5594.37,C1000025,0.0,0.0,M6649634,0,0,0,2026-01-08T12:36:46.418014,
TXN-00016234,204,DEBIT,481.37,C1000060,51907.43,51426.06,M6332148,0,0,0,2026-01-08T12:36:46.418070,
TXN-00016235,204,PAYMENT,21791.66,C1000024,0.0,0.0,M5152308,0,0,0,2026-01-08T12:36:46.418128,
TXN-00016236,204,PAYMENT,17545.47,C1000076,0.0,0.0,M2769570,0,0,0,2026-01-08T12:36:46.418184,
TXN-00016237,204,PAYMENT,6654.59,C1000088,0.0,0.0,M3076008,0,0,0,2026-01-08T12:36:46.418238,
TXN-00016238,204,PAYMENT,1951.86,C1000096,114449.75,112497.89,M9889240,0,0,0,2026-01-08T12:36:46.418322,
TXN-00016239,204,TRANSFER,7250.18,C1000099,0.0,0.0,M7407789,0,0,0,2026-01-08T12:36:46.418400,
TXN-00016240,204,TRANSFER,1147.52,C1000040,0.0,0.0,M7677316,0,0,0,2026-01-08T12:36:46.418463,
TXN-00016241,204,DEBIT,10.0,C1000097,0.0,0.0,M7288252,0,0,0,2026-01-08T12:36:46.418567,
TXN-00016242,204,PAYMENT,9586.7,C1000080,0.0,0.0,M7345744,0,0,0,2026-01-08T12:36:46.418653,
TXN-00016243,213,CASH_OUT,102255.04,C1000074,6830.7,0.0,M4306451,0,0,1,2026-01-08T12:36:46.418689,unusual_type
TXN-00016244,204,PAYMENT,2967.55,C1000044,0.0,0.0,M7186574,0,0,0,2026-01-08T12:36:46.418753,
TXN-00016245,204,CASH_IN,10.0,C1000058,0.0,10.0,M9876834,0,0,0,2026-01-08T12:36:46.418817,
TXN-00016246,204,TRANSFER,2038.84,C1000069,0.0,0.0,M1087322,0,0,0,2026-01-08T12:36:46.418946,
TXN-00016247,204,PAYMENT,14440.08,C1000005,0.0,0.0,M6958350,0,0,0,2026-01-08T12:36:46.419097,
TXN-00016248,204,PAYMENT,1771.16,C1000038,92.45,0.0,M2387928,0,0,0,2026-01-08T12:36:46.419247,
TXN-00016249,204,PAYMENT,34683.3,C1000012,0.0,0.0,M2806466,0,0,0,2026-01-08T12:36:46.419443,
TXN-00016250,204,PAYMENT,6797.84,C1000088,0.0,0.0,M5298389,0,0,0,2026-01-08T12:36:46.419584,
TXN-00016251,204,TRANSFER,2178.87,C1000090,147483.25,145304.37,M3586749,0,0,0,2026-01-08T12:36:46.419671,
TXN-00016252,204,CASH_OUT,1581.19,C1000051,49887.19,48306.0,M9453544,0,0,0,2026-01-08T12:36:46.419725,
TXN-00016253,206,TRANSFER,123616.67,C1000068,69225.18,-54011.75,M5265720,0,0,1,2026-01-08T12:36:46.419756,balance_mismatch
TXN-00016254,204,PAYMENT,10.0,C1000009,120941.27,120931.27,M7670922,0,0,0,2026-01-08T12:36:46.419813,
TXN-00016255,204,TRANSFER,874.29,C1000061,207137.81,206263.52,M4539813,0,0,0,2026-01-08T12:36:46.419865,
TXN-00016256,204,PAYMENT,10.0,C1000078,0.0,0.0,M4420636,0,0,0,2026-01-08T12:36:46.419921,
TXN-00016257,204,PAYMENT,5802.48,C1000097,0.0,0.0,M1300705,0,0,0,2026-01-08T12:36:46.419974,
TXN-00016258,204,PAYMENT,7570.24,C1000099,0.0,0.0,M3783382,0,0,0,2026-01-08T12:36:46.420027,
TXN-00016259,204,PAYMENT,5664.29,C1000059,0.0,0.0,M7804458,0,0,0,2026-01-08T12:36:46.420079,
TXN-00016260,204,PAYMENT,10.0,C1000078,0.0,0.0,M6010582,0,0,0,2026-01-08T12:36:46.420133,
TXN-00016261,204,TRANSFER,228.43,C1000009,120931.27,120702.84,M1691021,0,0,0,2026-01-08T12:36:46.420186,
TXN-00016262,195,TRANSFER,38755.07,C1000061,206263.52,167508.45,M9871064,0,0,1,2026-01-08T12:36:46.420217,night_transaction
TXN-00016263,204,PAYMENT,17438.02,C1000076,0.0,0.0,M6381905,0,0,0,2026-01-08T12:36:46.420273,
TXN-00016264,204,CASH_OUT,4248.63,C1000027,0.0,0.0,M9330412,0,0,0,2026-01-08T12:36:46.420328,
TXN-00016265,204,DEBIT,10524.58,C1000031,0.0,0.0,M7317506,0,0,0,2026-01-08T12:36:46.420383,
TXN-00016266,204,CASH_IN,2425.7,C1000007,8478.1,10903.8,M5821869,0,0,0,2026-01-08T12:36:46.420439,
TXN-00016267,204,TRANSFER,499.64,C1000071,125446.03,124946.39,M1898410,0,0,0,2026-01-08T12:36:46.420513,
TXN-00016268,194,CASH_OUT,94289.8,C1000061,206263.52,111973.72,M4121893,0,0,1,2026-01-08T12:36:46.420547,night_transaction
TXN-00016269,204,PAYMENT,2384.81,C1000078,0.0,0.0,M2712608,0,0,0,2026-01-08T12:36:46.420608,
TXN-00016270,204,DEBIT,2103.58,C1000048,181593.7,179490.12,M4665265,0,0,0,2026-01-08T12:36:46.420664,
TXN-00016271,204,DEBIT,6058.44,C1000011,0.0,0.0,M6965979,0,0,0,2026-01-08T12:36:46.420721,
TXN-00016272,204,PAYMENT,26244.54,C1000056,0.0,0.0,M8974319,0,0,0,2026-01-08T12:36:46.420777,
TXN-00016273,204,TRANSFER,506.01,C1000022,0.0,0.0,M7266764,0,0,0,2026-01-08T12:36:46.420833,
TXN-00016274,204,PAYMENT,624.83,C1000083,165637.42,165012.59,M6917781,0,0,0,2026-01-08T12:36:46.420888,
TXN-00016275,204,PAYMENT,2119.61,C1000098,166216.62,164097.01,M9367269,0,0,0,2026-01-08T12:36:46.420945,
TXN-00016276,204,TRANSFER,5072.82,C1000033,0.0,0.0,M3114061,0,0,0,2026-01-08T12:36:46.421001,
TXN-00016277,204,CASH_OUT,1883.49,C1000026,74892.45,73008.96,M2273589,0,0,0,2026-01-08T12:36:46.421061,
TXN-00016278,204,PAYMENT,1028.51,C1000021,0.0,0.0,M5877591,0,0,0,2026-01-08T12:36:46.421121,
TXN-00016279,204,PAYMENT,896.6,C1000071,124946.39,124049.79,M5661293,0,0,0,2026-01-08T12:36:46.421177,
TXN-00016280,204,CASH_OUT,1940.44,C1000044,0.0,0.0,M4132034,0,0,0,2026-01-08T12:36:46.421234,
TXN-00016281,204,PAYMENT,2457.4,C1000069,0.0,0.0,M6712365,0,0,0,2026-01-08T12:36:46.421290,
TXN-00016282,204,PAYMENT,4363.36,C1000052,0.0,0.0,M3217527,0,0,0,2026-01-08T12:36:46.421344,
TXN-00016283,200,CASH_OUT,54334.41,C1000046,0.0,0.0,M7583426,0,0,1,2026-01-08T12:36:46.421376,unusual_type
TXN-00016284,204,CASH_OUT,19524.46,C1000024,0.0,0.0,M9246964,0,0,0,2026-01-08T12:36:46.421430,
TXN-00016285,204,TRANSFER,10285.76,C1000015,0.0,0.0,M8963640,0,0,0,2026-01-08T12:36:46.421485,
TXN-00016286,194,TRANSFER,84301.94,C1000012,0.0,0.0,M2557448,0,0,1,2026-01-08T12:36:46.421514,night_transaction
TXN-00016287,204,PAYMENT,4738.06,C1000065,0.0,0.0,M2774281,0,0,0,2026-01-08T12:36:46.421573,
TXN-00016288,194,CASH_OUT,49009.16,C1000011,0.0,0.0,M8959923,0,0,1,2026-01-08T12:36:46.421600,night_transaction
TXN-00016289,204,CASH_OUT,18019.2,C1000093,0.0,0.0,M7171696,0,0,0,2026-01-08T12:36:46.421652,
TXN-00016290,204,TRANSFER,6089.66,C1000049,0.0,0.0,M4215436,0,0,0,2026-01-08T12:36:46.421703,
TXN-00016291,207,TRANSFER,73080.74,C1000074,6830.7,-61592.13,M5192002,0,0,1,2026-01-08T12:36:46.421732,balance_mismatch
TXN-00016292,204,CASH_OUT,58766.34,C1000013,0.0,0.0,M2297761,0,0,1,2026-01-08T12:36:46.421761,unusual_type
TXN-00016293,204,CASH_IN,2987.92,C1000023,0.0,2987.92,M1358734,0,0,0,2026-01-08T12:36:46.421815,
TXN-00016294,204,TRANSFER,10.0,C1000068,69225.18,69215.18,M2120097,0,0,0,2026-01-08T12:36:46.421871,
TXN-00016295,204,PAYMENT,1166.38,C1000047,0.0,0.0,M7329491,0,0,0,2026-01-08T12:36:46.421923,
TXN-00016296,204,PAYMENT,2175.46,C1000091,0.0,0.0,M3287450,0,0,0,2026-01-08T12:36:46.421974,
TXN-00016297,209,CASH_OUT,95330.81,C1000045,0.0,0.0,M4653661,0,0,1,2026-01-08T12:36:46.421998,large_amount
TXN-00016298,204,DEBIT,2174.83,C1000040,0.0,0.0,M4312382,0,0,0,2026-01-08T12:36:46.422049,
TXN-00016299,204,CASH_OUT,10.0,C1000078,0.0,0.0,M3563819,0,0,0,2026-01-08T12:36:46.422098,
TXN-00016300,213,CASH_OUT,90833.42,C1000049,0.0,0.0,M2001337,0,0,1,2026-01-08T12:36:46.422122,unusual_type
TXN-00016301,204,CASH_OUT,20479.03,C1000035,21299.22,820.19,M2864861,0,0,0,2026-01-08T12:36:46.422170,
TXN-00016302,204,PAYMENT,3430.2,C1000084,2849.66,0.0,M1477795,0,0,0,2026-01-08T12:36:46.422222,
TXN-00016303,204,PAYMENT,6760.4,C1000088,0.0,0.0,M6923269,0,0,0,2026-01-08T12:36:46.422274,
TXN-00016304,213,TRANSFER,28898.94,C1000036,0.0,0.0,M8252420,0,0,1,2026-01-08T12:36:46.422301,rapid_succession
TXN-00016305,204,PAYMENT,10.0,C1000072,0.0,0.0,M8424579,0,0,0,2026-01-08T12:36:46.422353,
TXN-00016306,204,TRANSFER,18091.66,C1000093,0.0,0.0,M1598980,0,0,0,2026-01-08T12:36:46.422404,
TXN-00016307,204,DEBIT,1690.48,C1000026,73008.96,71318.48,M6720136,0,0,0,2026-01-08T12:36:46.422454,
TXN-00016308,198,CASH_OUT,170366.35,C1000009,120702.84,0.0,M7694636,0,0,1,2026-01-08T12:36:46.422482,large_amount
TXN-00016309,204,TRANSFER,14529.45,C1000054,0.0,0.0,M6228706,0,0,0,2026-01-08T12:36:46.422539,
TXN-00016310,204,TRANSFER,16478.36,C1000005,0.0,0.0,M8765547,0,0,0,2026-01-08T12:36:46.422623,
TXN-00016311,204,PAYMENT,10.0,C1000082,15283.93,15273.93,M3440377,0,0,0,2026-01-08T12:36:46.422693,
TXN-00016312,204,DEBIT,7599.41,C1000011,0.0,0.0,M1936067,0,0,0,2026-01-08T12:36:46.422745,
TXN-00016313,204,PAYMENT,4210.17,C1000027,0.0,0.0,M8279248,0,0,0,2026-01-08T12:36:46.422798,
TXN-00016314,204,DEBIT,10.0,C1000064,0.0,0.0,M8777483,0,0,0,2026-01-08T12:36:46.422851,
TXN-00016315,204,PAYMENT,4151.86,C1000080,0.0,0.0,M3447968,0,0,0,2026-01-08T12:36:46.422903,
TXN-00016316,204,CASH_OUT,10.0,C1000007,10903.8,10893.8,M3953834,0,0,0,2026-01-08T12:36:46.422957,
TXN-00016317,204,CASH_OUT,2000.78,C1000086,72853.17,70852.39,M8345522,0,0,0,2026-01-08T12:36:46.423011,
TXN-00016318,204,PAYMENT,2844.34,C1000045,0.0,0.0,M7753044,0,0,0,2026-01-08T12:36:46.423066,
TXN-00016319,204,PAYMENT,763.68,C1000008,173485.37,172721.69,M5522470,0,0,0,2026-01-08T12:36:46.423118,
TXN-00016320,204,PAYMENT,7028.37,C1000010,0.0,0.0,M1287158,0,0,0,2026-01-08T12:36:46.423172,
TXN-00016321,204,PAYMENT,10.0,C1000047,0.0,0.0,M9128855,0,0,0,2026-01-08T12:36:46.423224,
TXN-00016322,194,CASH_OUT,57319.03,C1000062,0.0,0.0,M2491103,0,0,1,2026-01-08T12:36:46.423250,unusual_type
TXN-00016323,194,TRANSFER,38246.65,C1000097,0.0,0.0,M4375364,0,0,1,2026-01-08T12:36:46.423275,night_transaction
TXN-00016324,204,CASH_OUT,7386.61,C1000036,0.0,0.0,M8395183,0,0,0,2026-01-08T12:36:46.423324,
TXN-00016325,197,TRANSFER,147963.62,C1000047,0.0,-149334.01,M6524945,0,0,1,2026-01-08T12:36:46.423348,balance_mismatch
TXN-00016326,204,CASH_IN,3873.85,C1000014,111511.47,115385.32,M2339607,0,0,0,2026-01-08T12:36:46.423406,
TXN-00016327,204,TRANSFER,10.0,C1000048,179490.12,179480.12,M1969857,0,0,0,2026-01-08T12:36:46.423462,
TXN-00016328,204,PAYMENT,18434.67,C1000093,0.0,0.0,M1000384,0,0,0,2026-01-08T12:36:46.423518,
TXN-00016329,195,CASH_OUT,79070.86,C1000051,48306.0,0.0,M8769074,0,0,1,2026-01-08T12:36:46.423545,large_amount
TXN-00016330,204,PAYMENT,15693.98,C1000005,0.0,0.0,M9824721,0,0,0,2026-01-08T12:36:46.423600,
TXN-00016331,204,DEBIT,19471.77,C1000079,0.0,0.0,M7354911,0,0,0,2026-01-08T12:36:46.423655,
TXN-00016332,204,TRANSFER,783.22,C1000014,115385.32,114602.1,M8029457,0,0,0,2026-01-08T12:36:46.423711,
TXN-00016333,204,CASH_OUT,2892.9,C1000078,0.0,0.0,M9280507,0,0,0,2026-01-08T12:36:46.423769,
TXN-00016334,204,CASH_OUT,2704.25,C1000043,0.0,0.0,M4425161,0,0,0,2026-01-08T12:36:46.423823,
TXN-00016335,204,PAYMENT,34717.97,C1000073,0.0,0.0,M9066405,0,0,0,2026-01-08T12:36:46.423878,
TXN-00016336,196,TRANSFER,89059.32,C1000094,155595.51,67490.51,M3202599,0,0,1,2026-01-08T12:36:46.423906,balance_mismatch
TXN-00016337,204,CASH_OUT,2388.57,C1000045,0.0,0.0,M1272192,0,0,0,2026-01-08T12:36:46.423967,
TXN-00016338,204,PAYMENT,38.24,C1000026,71318.48,71280.24,M8729295,0,0,0,2026-01-08T12:36:46.424022,
TXN-00016339,211,TRANSFER,82220.11,C1000025,0.0,-77568.06,M1877846,0,0,1,2026-01-08T12:36:46.424051,balance_mismatch
TXN-00016340,198,CASH_OUT,106214.57,C1000089,87302.0,0.0,M1176342,0,0,1,2026-01-08T12:36:46.424080,unusual_type
TXN-00016341,204,PAYMENT,1423.5,C1000066,0.0,0.0,M1541069,0,0,0,2026-01-08T12:36:46.424138,
TXN-00016342,204,PAYMENT,1388.06,C1000082,15273.93,13885.87,M2108562,0,0,0,2026-01-08T12:36:46.424197,
TXN-00016343,204,TRANSFER,961.87,C1000022,0.0,0.0,M1542611,0,0,0,2026-01-08T12:36:46.424253,
TXN-00016344,204,DEBIT,8560.17,C1000039,0.0,0.0,M3115016,0,0,0,2026-01-08T12:36:46.424309,
TXN-00016345,204,TRANSFER,925.92,C1000097,0.0,0.0,M7699408,0,0,0,2026-01-08T12:36:46.424364,
TXN-00016346,204,TRANSFER,3153.12,C1000044,0.0,0.0,M3276524,0,0,0,2026-01-08T12:36:46.424419,
TXN-00016347,199,TRANSFER,141904.68,C1000067,0.0,-145161.89,M7875025,0,0,1,2026-01-08T12:36:46.424447,balance_mismatch
TXN-00016348,204,PAYMENT,1555.66,C1000078,0.0,0.0,M6594422,0,0,0,2026-01-08T12:36:46.424507,
TXN-00016349,204,PAYMENT,1742.84,C1000094,155595.51,153852.67,M6174910,0,0,0,2026-01-08T12:36:46.424562,
TXN-00016350,209,CASH_OUT,44726.69,C1000000,0.0,0.0,M7512264,0,0,1,2026-01-08T12:36:46.424592,unusual_type
TXN-00016351,204,PAYMENT,3824.23,C1000043,0.0,0.0,M7858683,0,0,0,2026-01-08T12:36:46.424646,
TXN-00016352,192,CASH_OUT,91843.94,C1000091,0.0,0.0,M9007780,0,0,1,2026-01-08T12:36:46.424673,large_amount
TXN-00016353,204,DEBIT,4992.45,C1000010,0.0,0.0,M5780581,0,0,0,2026-01-08T12:36:46.424730,
TXN-00016354,204,TRANSFER,248.27,C1000094,153852.67,153604.4,M8319010,0,0,0,2026-01-08T12:36:46.424785,
TXN-00016355,194,TRANSFER,99148.25,C1000052,0.0,0.0,M8913921,0,0,1,2026-01-08T12:36:46.424818,night_transaction
TXN-00016356,206,CASH_OUT,107141.61,C1000008,172721.69,65580.08,M6445787,0,0,1,2026-01-08T12:36:46.424843,unusual_type
TXN-00016357,204,PAYMENT,1072.89,C1000004,183701.71,182628.82,M8991044,0,0,0,2026-01-08T12:36:46.424901,
TXN-00016358,204,CASH_OUT,13478.15,C1000063,113.16,0.0,M8809867,0,0,0,2026-01-08T12:36:46.424959,
TXN-00016359,204,PAYMENT,768.45,C1000068,69215.18,68446.73,M8325583,0,0,0,2026-01-08T12:36:46.425016,
TXN-00016360,204,DEBIT,837.35,C1000002,187074.64,186237.3,M4433620,0,0,0,2026-01-08T12:36:46.425070,
TXN-00016361,204,PAYMENT,14413.29,C1000051,48306.0,33892.72,M4253260,0,0,0,2026-01-08T12:36:46.425131,
TXN-00016362,194,CASH_OUT,157211.78,C1000037,0.0,0.0,M7784299,0,0,1,2026-01-08T12:36:46.425160,large_amount
TXN-00016363,204,TRANSFER,2212.38,C1000044,0.0,0.0,M1545957,0,0,0,2026-01-08T12:36:46.425212,
TXN-00016364,212,CASH_OUT,80041.11,C1000096,112497.89,32456.78,M8111566,0,0,1,2026-01-08T12:36:46.425238,large_amount
TXN-00016365,204,PAYMENT,26456.32,C1000056,0.0,0.0,M2535854,0,0,0,2026-01-08T12:36:46.425293,
TXN-00016366,204,TRANSFER,2231.22,C1000055,147758.84,145527.62,M8570870,0,0,0,2026-01-08T12:36:46.425348,
TXN-00016367,204,PAYMENT,6911.4,C1000036,0.0,0.0,M1522105,0,0,0,2026-01-08T12:36:46.425404,
TXN-00016368,204,CASH_IN,2924.85,C1000048,179480.12,182404.97,M5221405,0,0,0,2026-01-08T12:36:46.425455,
TXN-00016369,204,PAYMENT,5073.39,C1000010,0.0,0.0,M9005163,0,0,0,2026-01-08T12:36:46.425509,
TXN-00016370,204,PAYMENT,1139.8,C1000007,10893.8,9754.0,M3965649,0,0,0,2026-01-08T12:36:46.425559,
TXN-00016371,204,PAYMENT,397.02,C1000016,98472.12,98075.1,M5006258,0,0,0,2026-01-08T12:36:46.425613,
TXN-00016372,204,PAYMENT,9756.11,C1000013,0.0,0.0,M3783717,0,0,0,2026-01-08T12:36:46.425658,
TXN-00016373,204,TRANSFER,1881.4,C1000097,0.0,0.0,M9539444,0,0,0,2026-01-08T12:36:46.425696,
TXN-00016374,204,PAYMENT,6780.84,C1000088,0.0,0.0,M6768539,0,0,0,2026-01-08T12:36:46.425735,
TXN-00016375,204,CASH_OUT,1633.18,C1000090,145304.37,143671.19,M6460409,0,0,0,2026-01-08T12:36:46.425773,
TXN-00016376,204,CASH_IN,1391.35,C1000047,0.0,1391.35,M6165428,0,0,0,2026-01-08T12:36:46.425811,
TXN-00016377,204,CASH_OUT,357.79,C1000044,0.0,0.0,M6434307,0,0,0,2026-01-08T12:36:46.425850,
TXN-00016378,204,CASH_OUT,2531.76,C1000030,0.0,0.0,M4411604,0,0,0,2026-01-08T12:36:46.425908,
TXN-00016379,204,TRANSFER,1891.46,C1000061,206263.52,204372.06,M8650740,0,0,0,2026-01-08T12:36:46.428241,
TXN-00016380,206,TRANSFER,37391.76,C1000062,0.0,-33451.49,M6021891,0,0,1,2026-01-08T12:36:46.428446,balance_mismatch
TXN-00016381,204,CASH_OUT,1397.77,C1000055,145527.62,144129.85,M9312314,0,0,0,2026-01-08T12:36:46.428660,
TXN-00016382,204,PAYMENT,1069.89,C1000016,98075.1,97005.21,M6790933,0,0,0,2026-01-08T12:36:46.428764,
TXN-00016383,204,TRANSFER,10.0,C1000055,144129.85,144119.85,M3956817,0,0,0,2026-01-08T12:36:46.428851,
TXN-00016384,211,CASH_OUT,97468.56,C1000057,0.0,0.0,M6435979,0,0,1,2026-01-08T12:36:46.428894,large_amount
TXN-00016385,204,CASH_OUT,6336.97,C1000088,0.0,0.0,M4499429,0,0,0,2026-01-08T12:36:46.428975,
TXN-00016386,204,PAYMENT,741.64,C1000077,47581.62,46839.98,M8711509,0,0,0,2026-01-08T12:36:46.429056,
TXN-00016387,204,CASH_OUT,230.43,C1000068,68446.73,68216.3,M5394062,0,0,0,2026-01-08T12:36:46.429136,
TXN-00016388,204,PAYMENT,1265.34,C1000022,0.0,0.0,M1468318,0,0,0,2026-01-08T12:36:46.429224,
TXN-00016389,204,TRANSFER,10.0,C1000060,51426.06,51416.06,M6581625,0,0,0,2026-01-08T12:36:46.429299,
TXN-00016390,196,CASH_OUT,57904.54,C1000057,0.0,0.0,M9193263,0,0,1,2026-01-08T12:36:46.429338,large_amount
TXN-00016391,204,DEBIT,2327.69,C1000090,143671.19,141343.5,M5606142,0,0,0,2026-01-08T12:36:46.429410,
TXN-00016392,204,PAYMENT,31737.78,C1000064,0.0,0.0,M5645714,0,0,0,2026-01-08T12:36:46.429478,
TXN-00016393,204,PAYMENT,10.0,C1000038,0.0,0.0,M7665204,0,0,0,2026-01-08T12:36:46.429543,
TXN-00016394,204,PAYMENT,5137.16,C1000006,25347.97,20210.81,M7183262,0,0,0,2026-01-08T12:36:46.429611,
TXN-00016395,204,CASH_OUT,379.59,C1000007,9754.0,9374.42,M4272059,0,0,0,2026-01-08T12:36:46.429680,
TXN-00016396,204,TRANSFER,1096.79,C1000004,182628.82,181532.03,M8421045,0,0,0,2026-01-08T12:36:46.429744,
TXN-00016397,197,TRANSFER,52449.21,C1000059,0.0,0.0,M8520797,0,0,1,2026-01-08T12:36:46.429780,night_transaction
TXN-00016398,204,TRANSFER,1070.24,C1000016,97005.21,95934.96,M8463329,0,0,0,2026-01-08T12:36:46.429843,
TXN-00016399,204,CASH_IN,6861.97,C1000078,0.0,6861.97,M5805760,0,0,0,2026-01-08T12:36:46.429905,
TXN-00016400,204,PAYMENT,19973.83,C1000019,0.0,0.0,M6530273,0,0,0,2026-01-08T12:36:46.429966,
TXN-00016401,204,DEBIT,1886.0,C1000017,0.0,0.0,M8682966,0,0,0,2026-01-08T12:36:46.430034,
TXN-00016402,204,TRANSFER,4930.21,C1000010,0.0,0.0,M2841292,0,0,0,2026-01-08T12:36:46.430099,
TXN-00016403,213,CASH_OUT,145740.66,C1000073,0.0,0.0,M6967541,0,0,1,2026-01-08T12:36:46.430133,large_amount
TXN-00016404,204,TRANSFER,4607.71,C1000045,0.0,0.0,M7093919,0,0,0,2026-01-08T12:36:46.430200,
TXN-00016405,204,PAYMENT,24944.1,C1000067,0.0,0.0,M5393814,0,0,0,2026-01-08T12:36:46.430261,
TXN-00016406,208,CASH_OUT,108304.97,C1000076,0.0,0.0,M6668615,0,0,1,2026-01-08T12:36:46.430292,large_amount
TXN-00016407,195,CASH_OUT,157373.67,C1000032,0.0,0.0,M3852088,0,0,1,2026-01-08T12:36:46.430321,large_amount
TXN-00016408,204,PAYMENT,6980.58,C1000036,0.0,0.0,M2118670,0,0,0,2026-01-08T12:36:46.430393,
TXN-00016409,204,PAYMENT,510.93,C1000098,164097.01,163586.08,M6174442,0,0,0,2026-01-08T12:36:46.430467,
TXN-00016410,204,CASH_OUT,10.0,C1000081,57965.92,57955.92,M2204643,0,0,0,2026-01-08T12:36:46.430537,
TXN-00016411,204,DEBIT,6044.26,C1000059,0.0,0.0,M5394138,0,0,0,2026-01-08T12:36:46.430600,
TXN-00016412,204,CASH_OUT,10.0,C1000078,6861.97,6851.97,M1665055,0,0,0,2026-01-08T12:36:46.430678,
TXN-00016413,204,PAYMENT,368.2,C1000075,431999.95,431631.75,M8049824,0,0,0,2026-01-08T12:36:46.430738,
TXN-00016414,204,PAYMENT,6717.15,C1000088,0.0,0.0,M2421007,0,0,0,2026-01-08T12:36:46.430799,
TXN-00016415,194,TRANSFER,57568.37,C1000096,112497.89,54929.52,M2111553,0,0,1,2026-01-08T12:36:46.430832,night_transaction
TXN-00016416,204,PAYMENT,9619.0,C1000058,10.0,0.0,M3941481,0,0,0,2026-01-08T12:36:46.430892,
TXN-00016417,204,TRANSFER,7375.07,C1000082,13885.87,6510.8,M6846278,0,0,0,2026-01-08T12:36:46.430950,
TXN-00016418,209,CASH_OUT,107785.76,C1000041,178911.51,71125.75,M4349192,0,0,1,2026-01-08T12:36:46.430982,large_amount
TXN-00016419,204,DEBIT,702.16,C1000081,57955.92,57253.75,M5683936,0,0,0,2026-01-08T12:36:46.431041,
TXN-00016420,204,TRANSFER,489.99,C1000055,144119.85,143629.86,M9807884,0,0,0,2026-01-08T12:36:46.431101,
TXN-00016421,204,CASH_OUT,329.46,C1000009,120702.84,120373.38,M3952394,0,0,0,2026-01-08T12:36:46.431160,
TXN-00016422,204,PAYMENT,3065.67,C1000091,0.0,0.0,M9551441,0,0,0,2026-01-08T12:36:46.431224,
TXN-00016423,204,PAYMENT,6650.09,C1000088,0.0,0.0,M2168226,0,0,0,2026-01-08T12:36:46.431283,
TXN-00016424,204,PAYMENT,34104.74,C1000073,0.0,0.0,M6405663,0,0,0,2026-01-08T12:36:46.431342,
TXN-00016425,204,TRANSFER,18785.02,C1000079,0.0,0.0,M1974505,0,0,0,2026-01-08T12:36:46.431400,
TXN-00016426,204,PAYMENT,15755.35,C1000054,0.0,0.0,M9212088,0,0,0,2026-01-08T12:36:46.431457,
TXN-00016427,202,CASH_OUT,58929.39,C1000020,234476.87,175547.48,M2431917,0,0,1,2026-01-08T12:36:46.431488,large_amount
TXN-00016428,204,PAYMENT,1947.32,C1000002,186237.3,184289.97,M5086661,0,0,0,2026-01-08T12:36:46.431546,
TXN-00016429,203,CASH_OUT,93987.11,C1000086,70852.39,0.0,M7620464,0,0,1,2026-01-08T12:36:46.431579,unusual_type
TXN-00016430,204,PAYMENT,4014.13,C1000062,0.0,0.0,M4467852,0,0,0,2026-01-08T12:36:46.431638,
TXN-00016431,204,PAYMENT,1025.67,C1000007,9374.42,8348.75,M8604000,0,0,0,2026-01-08T12:36:46.431697,
TXN-00016432,204,CASH_OUT,18863.11,C1000079,0.0,0.0,M6079608,0,0,0,2026-01-08T12:36:46.431785,
TXN-00016433,204,TRANSFER,3400.03,C1000002,184289.97,180889.94,M9730464,0,0,0,2026-01-08T12:36:46.431851,
TXN-00016434,204,PAYMENT,1061.66,C1000008,172721.69,171660.03,M3083358,0,0,0,2026-01-08T12:36:46.431917,
TXN-00016435,204,CASH_OUT,4899.38,C1000033,0.0,0.0,M2151024,0,0,0,2026-01-08T12:36:46.431980,
TXN-00016436,201,CASH_OUT,196982.46,C1000046,0.0,0.0,M7204205,0,0,1,2026-01-08T12:36:46.432012,large_amount
TXN-00016437,204,TRANSFER,7712.36,C1000099,0.0,0.0,M8947956,0,0,0,2026-01-08T12:36:46.432073,
TXN-00016438,204,TRANSFER,3702.26,C1000091,0.0,0.0,M8294853,0,0,0,2026-01-08T12:36:46.432133,
TXN-00016439,204,TRANSFER,1796.11,C1000068,68216.3,66420.19,M4309339,0,0,0,2026-01-08T12:36:46.432196,
TXN-00016440,204,DEBIT,20194.03,C1000024,0.0,0.0,M1085033,0,0,0,2026-01-08T12:36:46.432259,
TXN-00016441,204,CASH_OUT,16987.7,C1000079,0.0,0.0,M6071807,0,0,0,2026-01-08T12:36:46.432320,
TXN-00016442,204,CASH_OUT,3170.9,C1000098,163586.08,160415.17,M8607256,0,0,0,2026-01-08T12:36:46.432381,
TXN-00016443,204,TRANSFER,10.0,C1000042,0.0,0.0,M8307508,0,0,0,2026-01-08T12:36:46.432445,
TXN-00016444,204,PAYMENT,2212.63,C1000002,180889.94,178677.31,M3635719,0,0,0,2026-01-08T12:36:46.432504,
TXN-00016445,204,TRANSFER,2719.53,C1000028,3208.81,489.28,M9764008,0,0,0,2026-01-08T12:36:46.432565,
TXN-00016446,204,DEBIT,321.19,C1000081,57253.75,56932.56,M6488202,0,0,0,2026-01-08T12:36:46.432624,
TXN-00016447,204,PAYMENT,10.0,C1000021,0.0,0.0,M6312020,0,0,0,2026-01-08T12:36:46.432691,
TXN-00016448,204,TRANSFER,291.1,C1000008,171660.03,171368.93,M4041031,0,0,0,2026-01-08T12:36:46.432753,
TXN-00016449,204,CASH_OUT,3269.98,C1000038,0.0,0.0,M5342350,0,0,0,2026-01-08T12:36:46.432828,
TXN-00016450,204,PAYMENT,2714.1,C1000082,6510.8,3796.7,M8322722,0,0,0,2026-01-08T12:36:46.432895,
TXN-00016451,204,PAYMENT,701.36,C1000085,0.0,0.0,M2073207,0,0,0,2026-01-08T12:36:46.432963,
TXN-00016452,204,PAYMENT,2743.22,C1000069,0.0,0.0,M2317319,0,0,0,2026-01-08T12:36:46.433024,
TXN-00016453,204,TRANSFER,1928.01,C1000026,71280.24,69352.23,M6884642,0,0,0,2026-01-08T12:36:46.433081,
TXN-00016454,192,TRANSFER,16798.16,C1000044,0.0,0.0,M6900750,0,0,1,2026-01-08T12:36:46.433116,rapid_succession
TXN-00016455,204,TRANSFER,1719.19,C1000068,66420.19,64701.01,M6214743,0,0,0,2026-01-08T12:36:46.433176,
TXN-00016456,204,PAYMENT,10.0,C1000081,56932.56,56922.56,M1060998,0,0,0,2026-01-08T12:36:46.433240,
TXN-00016457,204,PAYMENT,6323.54,C1000046,0.0,0.0,M9151805,0,0,0,2026-01-08T12:36:46.433308,
TXN-00016458,211,TRANSFER,40291.21,C1000041,178911.51,138088.34,M2635779,0,0,1,2026-01-08T12:36:46.433340,balance_mismatch
TXN-00016459,204,PAYMENT,10.0,C1000051,33892.72,33882.72,M1113159,0,0,0,2026-01-08T12:36:46.433413,
TXN-00016460,204,PAYMENT,5679.03,C1000052,0.0,0.0,M2207421,0,0,0,2026-01-08T12:36:46.433480,
TXN-00016461,204,PAYMENT,7789.86,C1000036,0.0,0.0,M4160484,0,0,0,2026-01-08T12:36:46.433544,
TXN-00016462,204,PAYMENT,2918.14,C1000007,8348.75,5430.61,M3528482,0,0,0,2026-01-08T12:36:46.433606,
TXN-00016463,204,TRANSFER,2604.13,C1000070,0.0,0.0,M9064889,0,0,0,2026-01-08T12:36:46.433664,
TXN-00016464,204,CASH_OUT,17953.7,C1000093,0.0,0.0,M5925051,0,0,0,2026-01-08T12:36:46.433719,
TXN-00016465,204,PAYMENT,25915.52,C1000056,0.0,0.0,M1328270,0,0,0,2026-01-08T12:36:46.433782,
TXN-00016466,204,DEBIT,1787.56,C1000018,110332.98,108545.42,M7101884,0,0,0,2026-01-08T12:36:46.433844,
TXN-00016467,204,TRANSFER,1960.77,C1000097,0.0,0.0,M1765148,0,0,0,2026-01-08T12:36:46.433913,
TXN-00016468,195,TRANSFER,40171.93,C1000035,820.19,0.0,M7972490,0,0,1,2026-01-08T12:36:46.433946,night_transaction
TXN-00016469,204,CASH_OUT,1000.23,C1000089,87302.0,86301.76,M1379341,0,0,0,2026-01-08T12:36:46.434007,
TXN-00016470,204,TRANSFER,33182.86,C1000067,0.0,0.0,M4870084,0,0,0,2026-01-08T12:36:46.434070,
TXN-00016471,204,PAYMENT,1095.92,C1000020,234476.87,233380.95,M4813568,0,0,0,2026-01-08T12:36:46.434131,
TXN-00016472,204,PAYMENT,26500.51,C1000056,0.0,0.0,M3991703,0,0,0,2026-01-08T12:36:46.434195,
TXN-00016473,204,CASH_OUT,2970.72,C1000091,0.0,0.0,M7398018,0,0,0,2026-01-08T12:36:46.434257,
TXN-00016474,204,TRANSFER,173308.34,C1000050,0.0,0.0,M9768443,0,0,0,2026-01-08T12:36:46.434320,
TXN-00016475,192,CASH_OUT,41490.84,C1000051,33882.72,0.0,M2212292,0,0,1,2026-01-08T12:36:46.434357,rapid_succession
TXN-00016476,204,TRANSFER,7370.37,C1000099,0.0,0.0,M4723760,0,0,0,2026-01-08T12:36:46.434419,
TXN-00016477,204,TRANSFER,2464.75,C1000061,204372.06,201907.31,M3729248,0,0,0,2026-01-08T12:36:46.434482,
TXN-00016478,204,PAYMENT,31.35,C1000075,431631.75,431600.39,M4143945,0,0,0,2026-01-08T12:36:46.434546,
TXN-00016479,204,DEBIT,10.0,C1000023,2987.92,2977.92,M5053988,0,0,0,2026-01-08T12:36:46.434613,
TXN-00016480,204,TRANSFER,34418.67,C1000067,0.0,0.0,M1050532,0,0,0,2026-01-08T12:36:46.434677,
TXN-00016481,204,TRANSFER,6800.34,C1000091,0.0,0.0,M4447217,0,0,0,2026-01-08T12:36:46.434740,
TXN-00016482,204,PAYMENT,7377.03,C1000011,0.0,0.0,M8136567,0,0,0,2026-01-08T12:36:46.434805,
TXN-00016483,204,TRANSFER,10.0,C1000097,0.0,0.0,M4245814,0,0,0,2026-01-08T12:36:46.434870,
TXN-00016484,194,TRANSFER,95127.47,C1000087,4446.6,-91482.83,M5922219,0,0,1,2026-01-08T12:36:46.434930,balance_mismatch
TXN-00016485,204,CASH_OUT,4653.57,C1000032,0.0,0.0,M4218219,0,0,0,2026-01-08T12:36:46.435037,
TXN-00016486,204,TRANSFER,2889.35,C1000072,0.0,0.0,M4891049,0,0,0,2026-01-08T12:36:46.435103,
TXN-00016487,204,DEBIT,11536.34,C1000015,0.0,0.0,M9827429,0,0,0,2026-01-08T12:36:46.435162,
TXN-00016488,195,TRANSFER,33633.43,C1000064,0.0,-35043.57,M1060198,0,0,1,2026-01-08T12:36:46.435191,balance_mismatch
TXN-00016489,204,CASH_OUT,1874.55,C1000008,171368.93,169494.38,M4008449,0,0,0,2026-01-08T12:36:46.435254,
TXN-00016490,197,TRANSFER,29842.08,C1000098,160415.17,130573.1,M9813652,0,0,1,2026-01-08T12:36:46.435285,rapid_succession
TXN-00016491,204,PAYMENT,567.11,C1000085,0.0,0.0,M8848448,0,0,0,2026-01-08T12:36:46.435346,
TXN-00016492,204,CASH_OUT,3808.67,C1000087,4446.6,637.93,M1037267,0,0,0,2026-01-08T12:36:46.435406,
TXN-00016493,204,DEBIT,592.83,C1000038,0.0,0.0,M2476928,0,0,0,2026-01-08T12:36:46.435464,
TXN-00016494,204,CASH_IN,761.22,C1000094,153604.4,154365.63,M8271022,0,0,0,2026-01-08T12:36:46.435519,
TXN-00016495,204,CASH_IN,6813.82,C1000011,0.0,6813.82,M5885080,0,0,0,2026-01-08T12:36:46.435576,
TXN-00016496,203,CASH_OUT,79790.88,C1000016,95934.96,16144.08,M7716229,0,0,1,2026-01-08T12:36:46.435605,large_amount
TXN-00016497,196,CASH_OUT,15633.49,C1000068,64701.01,49067.52,M1966640,0,0,1,2026-01-08T12:36:46.435633,rapid_succession
TXN-00016498,193,TRANSFER,14668.16,C1000074,6830.7,0.0,M2996534,0,0,1,2026-01-08T12:36:46.435658,rapid_succession
TXN-00016499,204,CASH_OUT,2545.62,C1000089,86301.76,83756.14,M8100699,0,0,0,2026-01-08T12:36:46.435713,
TXN-00016500,204,TRANSFER,513.2,C1000016,95934.96,95421.76,M8765665,0,0,0,2026-01-08T12:36:46.435770,
TXN-00016501,204,TRANSFER,1631.24,C1000069,0.0,0.0,M6509015,0,0,0,2026-01-08T12:36:46.435826,
TXN-00016502,204,PAYMENT,1124.92,C1000034,54589.08,53464.16,M1140568,0,0,0,2026-01-08T12:36:46.435880,
TXN-00016503,204,TRANSFER,170.15,C1000060,51416.06,51245.91,M5514317,0,0,0,2026-01-08T12:36:46.435935,
TXN-00016504,204,TRANSFER,950.79,C1000071,124049.79,123099.0,M9506179,0,0,0,2026-01-08T12:36:46.435990,
TXN-00016505,204,PAYMENT,608.48,C1000006,20210.81,19602.34,M6085830,0,0,0,2026-01-08T12:36:46.436046,
TXN-00016506,203,CASH_OUT,161346.02,C1000057,0.0,0.0,M3752835,0,0,1,2026-01-08T12:36:46.436076,large_amount
TXN-00016507,204,PAYMENT,6286.2,C1000052,0.0,0.0,M8635404,0,0,0,2026-01-08T12:36:46.436129,
TXN-00016508,204,TRANSFER,48505.7,C1000053,0.0,0.0,M2597028,0,0,0,2026-01-08T12:36:46.436183,
TXN-00016509,204,PAYMENT,26110.47,C1000056,0.0,0.0,M1963788,0,0,0,2026-01-08T12:36:46.436237,
TXN-00016510,204,PAYMENT,10.0,C1000060,51245.91,51235.91,M9093035,0,0,0,2026-01-08T12:36:46.436293,
TXN-00016511,206,CASH_OUT,68825.29,C1000039,0.0,0.0,M2448381,0,0,1,2026-01-08T12:36:46.436321,unusual_type
TXN-00016512,204,TRANSFER,473.34,C1000094,154365.63,153892.28,M3764751,0,0,0,2026-01-08T12:36:46.436373,
TXN-00016513,204,CASH_OUT,268.86,C1000069,0.0,0.0,M1974979,0,0,0,2026-01-08T12:36:46.436428,
TXN-00016514,204,PAYMENT,8081.58,C1000011,6813.82,0.0,M4737190,0,0,0,2026-01-08T12:36:46.436482,
TXN-00016515,209,TRANSFER,48297.16,C1000083,165012.59,112754.22,M4935620,0,0,1,2026-01-08T12:36:46.436510,balance_mismatch
TXN-00016516,207,CASH_OUT,36629.44,C1000004,181532.03,144902.59,M6046017,0,0,1,2026-01-08T12:36:46.436543,rapid_succession
TXN-00016517,204,PAYMENT,17671.43,C1000093,0.0,0.0,M6846208,0,0,0,2026-01-08T12:36:46.436598,
TXN-00016518,205,CASH_OUT,10289.18,C1000056,0.0,0.0,M1360765,0,0,1,2026-01-08T12:36:46.436625,rapid_succession
TXN-00016519,204,TRANSFER,10.0,C1000009,120373.38,120363.38,M2654511,0,0,0,2026-01-08T12:36:46.436679,
TXN-00016520,204,TRANSFER,1314.85,C1000089,83756.14,82441.29,M3675394,0,0,0,2026-01-08T12:36:46.436736,
TXN-00016521,204,TRANSFER,900.55,C1000069,0.0,0.0,M9350082,0,0,0,2026-01-08T12:36:46.436797,
TXN-00016522,214,TRANSFER,32948.4,C1000024,0.0,0.0,M1993646,0,0,1,2026-01-08T12:36:46.436826,rapid_succession
TXN-00016523,212,CASH_OUT,108813.77,C1000056,0.0,0.0,M8767207,0,0,1,2026-01-08T12:36:46.436851,unusual_type
TXN-00016524,204,CASH_IN,2484.6,C1000002,178677.31,181161.91,M6808341,0,0,0,2026-01-08T12:36:46.436905,
TXN-00016525,204,CASH_OUT,12239.98,C1000005,0.0,0.0,M4200804,0,0,0,2026-01-08T12:36:46.437013,
TXN-00016526,204,TRANSFER,26448.27,C1000056,0.0,0.0,M7054370,0,0,0,2026-01-08T12:36:46.437174,
TXN-00016527,204,TRANSFER,339.57,C1000077,46839.98,46500.41,M2249489,0,0,0,2026-01-08T12:36:46.437410,
TXN-00016528,204,PAYMENT,921.72,C1000004,181532.03,180610.3,M6881504,0,0,0,2026-01-08T12:36:46.437545,
TXN-00016529,204,DEBIT,2095.26,C1000018,108545.42,106450.16,M2515363,0,0,0,2026-01-08T12:36:46.437647,
TXN-00016530,204,PAYMENT,10.0,C1000041,178911.51,178901.51,M1019773,0,0,0,2026-01-08T12:36:46.437767,
TXN-00016531,204,PAYMENT,9938.19,C1000092,0.0,0.0,M6631801,0,0,0,2026-01-08T12:36:46.437871,
TXN-00016532,204,TRANSFER,18875.9,C1000079,0.0,0.0,M6675286,0,0,0,2026-01-08T12:36:46.438005,
TXN-00016533,204,CASH_OUT,4141.7,C1000069,0.0,0.0,M8323113,0,0,0,2026-01-08T12:36:46.438097,
TXN-00016534,204,CASH_OUT,1678.09,C1000090,141343.5,139665.41,M6331664,0,0,0,2026-01-08T12:36:46.438259,
TXN-00016535,205,CASH_OUT,68371.22,C1000024,0.0,0.0,M1477502,0,0,1,2026-01-08T12:36:46.438314,unusual_type
TXN-00016536,204,CASH_OUT,10.0,C1000022,0.0,0.0,M9856617,0,0,0,2026-01-08T12:36:46.438388,
TXN-00016537,204,PAYMENT,943.05,C1000043,0.0,0.0,M8091642,0,0,0,2026-01-08T12:36:46.438463,
TXN-00016538,204,PAYMENT,5699.55,C1000059,0.0,0.0,M5362100,0,0,0,2026-01-08T12:36:46.438514,
TXN-00016539,199,TRANSFER,61353.06,C1000089,82441.29,17595.56,M1582808,0,0,1,2026-01-08T12:36:46.438541,balance_mismatch
TXN-00016540,196,TRANSFER,80857.92,C1000089,82441.29,1583.38,M5168370,0,0,1,2026-01-08T12:36:46.438567,night_transaction
TXN-00016541,212,CASH_OUT,40313.12,C1000052,0.0,0.0,M1516393,0,0,1,2026-01-08T12:36:46.438586,unusual_type
TXN-00016542,204,CASH_OUT,10.0,C1000022,0.0,0.0,M3539032,0,0,0,2026-01-08T12:36:46.438634,
TXN-00016543,204,TRANSFER,10815.78,C1000031,0.0,0.0,M7315591,0,0,0,2026-01-08T12:36:46.438682,
TXN-00016544,204,TRANSFER,8121.85,C1000039,0.0,0.0,M4708041,0,0,0,2026-01-08T12:36:46.438755,
TXN-00016545,204,PAYMENT,30576.53,C1000067,0.0,0.0,M2086272,0,0,0,2026-01-08T12:36:46.438818,
TXN-00016546,214,CASH_OUT,194501.19,C1000091,0.0,0.0,M6228934,0,0,1,2026-01-08T12:36:46.438852,large_amount
TXN-00016547,204,PAYMENT,1820.56,C1000086,70852.39,69031.84,M3080403,0,0,0,2026-01-08T12:36:46.438899,
TXN-00016548,204,PAYMENT,1073.56,C1000068,64701.01,63627.45,M1949329,0,0,0,2026-01-08T12:36:46.438941,
TXN-00016549,204,PAYMENT,3860.7,C1000084,0.0,0.0,M7966719,0,0,0,2026-01-08T12:36:46.438984,
TXN-00016550,204,PAYMENT,2499.09,C1000028,489.28,0.0,M3746899,0,0,0,2026-01-08T12:36:46.439028,
TXN-00016551,204,CASH_OUT,10.0,C1000098,160415.17,160405.17,M4262986,0,0,0,2026-01-08T12:36:46.439130,
TXN-00016552,204,PAYMENT,10.0,C1000085,0.0,0.0,M2449399,0,0,0,2026-01-08T12:36:46.439181,
TXN-00016553,204,PAYMENT,584.43,C1000068,63627.45,63043.02,M8797723,0,0,0,2026-01-08T12:36:46.439230,
TXN-00016554,204,TRANSFER,2454.87,C1000041,178901.51,176446.63,M6066581,0,0,0,2026-01-08T12:36:46.439301,
TXN-00016555,204,TRANSFER,3232.21,C1000062,0.0,0.0,M2414511,0,0,0,2026-01-08T12:36:46.439347,
TXN-00016556,204,PAYMENT,3038.64,C1000072,0.0,0.0,M9171863,0,0,0,2026-01-08T12:36:46.439387,
TXN-00016557,204,PAYMENT,1764.57,C1000014,114602.1,112837.53,M2034530,0,0,0,2026-01-08T12:36:46.439426,
TXN-00016558,204,CASH_IN,1171.52,C1000094,153892.28,155063.8,M3901690,0,0,0,2026-01-08T12:36:46.439465,
TXN-00016559,207,TRANSFER,37953.63,C1000067,0.0,-41207.33,M6356772,0,0,1,2026-01-08T12:36:46.439488,balance_mismatch
TXN-00016560,204,PAYMENT,10.0,C1000089,82441.29,82431.29,M5248421,0,0,0,2026-01-08T12:36:46.439529,
TXN-00016561,204,TRANSFER,55155.73,C1000000,0.0,0.0,M4838465,0,0,0,2026-01-08T12:36:46.439575,
TXN-00016562,204,TRANSFER,17844.67,C1000076,0.0,0.0,M8794839,0,0,0,2026-01-08T12:36:46.439613,
TXN-00016563,204,PAYMENT,17329.13,C1000079,0.0,0.0,M8753645,0,0,0,2026-01-08T12:36:46.439651,
TXN-00016564,204,PAYMENT,1643.13,C1000068,63043.02,61399.89,M8768664,0,0,0,2026-01-08T12:36:46.439691,
TXN-00016565,204,TRANSFER,1128.0,C1000007,5430.61,4302.61,M1549525,0,0,0,2026-01-08T12:36:46.439730,
TXN-00016566,204,CASH_OUT,1998.25,C1000090,139665.41,137667.16,M5699360,0,0,0,2026-01-08T12:36:46.439768,
TXN-00016567,204,PAYMENT,13930.46,C1000063,0.0,0.0,M8661714,0,0,0,2026-01-08T12:36:46.439806,
TXN-00016568,195,TRANSFER,78681.33,C1000034,53464.16,-29452.92,M6058941,0,0,1,2026-01-08T12:36:46.439826,balance_mismatch
TXN-00016569,204,PAYMENT,9106.74,C1000013,0.0,0.0,M4369619,0,0,0,2026-01-08T12:36:46.439867,
TXN-00016570,204,TRANSFER,1719.67,C1000086,69031.84,67312.17,M3962217,0,0,0,2026-01-08T12:36:46.439904,
TXN-00016571,204,PAYMENT,2090.36,C1000086,67312.17,65221.82,M8485903,0,0,0,2026-01-08T12:36:46.439942,
TXN-00016572,204,TRANSFER,17910.11,C1000076,0.0,0.0,M2783961,0,0,0,2026-01-08T12:36:46.439981,
TXN-00016573,204,TRANSFER,1260.37,C1000040,0.0,0.0,M9151681,0,0,0,2026-01-08T12:36:46.440018,
TXN-00016574,204,PAYMENT,17643.46,C1000093,0.0,0.0,M7795034,0,0,0,2026-01-08T12:36:46.440055,
TXN-00016575,204,TRANSFER,2924.41,C1000096,112497.89,109573.48,M4022388,0,0,0,2026-01-08T12:36:46.440093,
TXN-00016576,204,TRANSFER,705.9,C1000066,0.0,0.0,M5608645,0,0,0,2026-01-08T12:36:46.440130,
TXN-00016577,204,PAYMENT,2061.84,C1000043,0.0,0.0,M3005402,0,0,0,2026-01-08T12:36:46.440168,
TXN-00016578,204,PAYMENT,26645.35,C1000056,0.0,0.0,M7362968,0,0,0,2026-01-08T12:36:46.440205,
TXN-00016579,204,TRANSFER,1510.6,C1000090,137667.16,136156.56,M9759943,0,0,0,2026-01-08T12:36:46.440242,
TXN-00016580,204,PAYMENT,10.0,C1000014,112837.53,112827.53,M1680685,0,0,0,2026-01-08T12:36:46.440280,
TXN-00016581,204,PAYMENT,3804.8,C1000040,0.0,0.0,M8711882,0,0,0,2026-01-08T12:36:46.440320,
TXN-00016582,204,CASH_OUT,1657.75,C1000082,3796.7,2138.95,M2163782,0,0,0,2026-01-08T12:36:46.440369,
TXN-00016583,204,TRANSFER,981.52,C1000020,233380.95,232399.43,M4421287,0,0,0,2026-01-08T12:36:46.440430,
TXN-00016584,204,CASH_OUT,2192.86,C1000044,0.0,0.0,M8526079,0,0,0,2026-01-08T12:36:46.440487,
TXN-00016585,203,TRANSFER,47707.66,C1000071,123099.0,76544.27,M2141497,0,0,1,2026-01-08T12:36:46.440516,balance_mismatch
TXN-00016586,204,CASH_IN,10.0,C1000014,112827.53,112837.53,M8389337,0,0,0,2026-01-08T12:36:46.440580,
TXN-00016587,204,PAYMENT,19232.49,C1000095,0.0,0.0,M3625085,0,0,0,2026-01-08T12:36:46.440638,
TXN-00016588,213,TRANSFER,25187.72,C1000027,0.0,0.0,M8846084,0,0,1,2026-01-08T12:36:46.440667,rapid_succession
TXN-00016589,195,TRANSFER,51249.7,C1000041,176446.63,128767.16,M9802039,0,0,1,2026-01-08T12:36:46.440692,balance_mismatch
TXN-00016590,204,TRANSFER,6582.95,C1000088,0.0,0.0,M3512770,0,0,0,2026-01-08T12:36:46.440755,
TXN-00016591,204,TRANSFER,629.99,C1000040,0.0,0.0,M3829500,0,0,0,2026-01-08T12:36:46.440812,
TXN-00016592,204,PAYMENT,2145.81,C1000048,182404.97,180259.16,M3213036,0,0,0,2026-01-08T12:36:46.440868,
TXN-00016593,204,PAYMENT,4677.49,C1000052,0.0,0.0,M2798113,0,0,0,2026-01-08T12:36:46.440929,
TXN-00016594,204,CASH_OUT,373.63,C1000080,0.0,0.0,M8476270,0,0,0,2026-01-08T12:36:46.440985,
TXN-00016595,204,TRANSFER,3533.36,C1000047,1391.35,0.0,M7078551,0,0,0,2026-01-08T12:36:46.441041,
TXN-00016596,204,PAYMENT,900.8,C1000061,201907.31,201006.51,M7712818,0,0,0,2026-01-08T12:36:46.441098,
TXN-00016597,204,PAYMENT,10.0,C1000098,160405.17,160395.17,M5823194,0,0,0,2026-01-08T12:36:46.441155,
TXN-00016598,212,CASH_OUT,97608.64,C1000035,820.19,0.0,M9337387,0,0,1,2026-01-08T12:36:46.441184,unusual_type
TXN-00016599,204,PAYMENT,858.12,C1000016,95421.76,94563.64,M7185827,0,0,0,2026-01-08T12:36:46.441238,
TXN-00016600,204,TRANSFER,1408.09,C1000030,0.0,0.0,M6467021,0,0,0,2026-01-08T12:36:46.441295,
TXN-00016601,204,TRANSFER,26386.62,C1000056,0.0,0.0,M4449767,0,0,0,2026-01-08T12:36:46.441351,
TXN-00016602,204,DEBIT,32786.47,C1000073,0.0,0.0,M3864203,0,0,0,2026-01-08T12:36:46.441407,
TXN-00016603,204,PAYMENT,56.24,C1000047,0.0,0.0,M3289612,0,0,0,2026-01-08T12:36:46.441464,
TXN-00016604,204,PAYMENT,8053.82,C1000074,6830.7,0.0,M1408246,0,0,0,2026-01-08T12:36:46.441521,
TXN-00016605,204,PAYMENT,1659.19,C1000071,123099.0,121439.81,M6752797,0,0,0,2026-01-08T12:36:46.441577,
TXN-00016606,204,CASH_IN,1944.4,C1000018,106450.16,108394.56,M1219819,0,0,0,2026-01-08T12:36:46.441634,
TXN-00016607,204,TRANSFER,10.0,C1000080,0.0,0.0,M3752854,0,0,0,2026-01-08T12:36:46.441689,
TXN-00016608,204,TRANSFER,4644.16,C1000091,0.0,0.0,M9296840,0,0,0,2026-01-08T12:36:46.441727,
TXN-00016609,204,PAYMENT,11096.26,C1000042,0.0,0.0,M7883845,0,0,0,2026-01-08T12:36:46.441765,
TXN-00016610,204,PAYMENT,26658.43,C1000056,0.0,0.0,M9475934,0,0,0,2026-01-08T12:36:46.441804,
TXN-00016611,210,CASH_OUT,71274.05,C1000052,0.0,0.0,M6103393,0,0,1,2026-01-08T12:36:46.441935,unusual_type
TXN-00016612,204,CASH_OUT,665.96,C1000023,2977.92,2311.96,M8205637,0,0,0,2026-01-08T12:36:46.442015,
TXN-00016613,204,CASH_OUT,6423.87,C1000059,0.0,0.0,M4807201,0,0,0,2026-01-08T12:36:46.442081,
TXN-00016614,204,CASH_OUT,54452.26,C1000000,0.0,0.0,M2262584,0,0,0,2026-01-08T12:36:46.442128,
TXN-00016615,208,CASH_OUT,74419.92,C1000026,69352.23,0.0,M5092579,0,0,1,2026-01-08T12:36:46.442149,large_amount
TXN-00016616,204,TRANSFER,36743.58,C1000041,176446.63,137087.79,M3400988,0,0,1,2026-01-08T12:36:46.442166,balance_mismatch
TXN-00016617,204,TRANSFER,831.16,C1000047,0.0,0.0,M1687477,0,0,0,2026-01-08T12:36:46.442208,
TXN-00016618,204,CASH_OUT,4481.63,C1000065,0.0,0.0,M7250090,0,0,0,2026-01-08T12:36:46.442246,
TXN-00016619,204,DEBIT,150.51,C1000018,108394.56,108244.05,M4167503,0,0,0,2026-01-08T12:36:46.442285,
TXN-00016620,204,PAYMENT,9946.68,C1000092,0.0,0.0,M3949869,0,0,0,2026-01-08T12:36:46.442324,
TXN-00016621,204,TRANSFER,1477.97,C1000006,19602.34,18124.37,M4688044,0,0,0,2026-01-08T12:36:46.442365,
TXN-00016622,204,CASH_OUT,44.42,C1000038,0.0,0.0,M8117948,0,0,0,2026-01-08T12:36:46.442415,
TXN-00016623,204,TRANSFER,13382.45,C1000005,0.0,0.0,M5488787,0,0,0,2026-01-08T12:36:46.442453,
TXN-00016624,204,TRANSFER,1840.53,C1000038,0.0,0.0,M8790171,0,0,0,2026-01-08T12:36:46.442493,
TXN-00016625,204,TRANSFER,18008.85,C1000076,0.0,0.0,M8010226,0,0,0,2026-01-08T12:36:46.442879,
TXN-00016626,204,CASH_OUT,776.01,C1000041,176446.63,175670.62,M3560303,0,0,0,2026-01-08T12:36:46.443048,
TXN-00016627,204,PAYMENT,1127.49,C1000061,201006.51,199879.02,M5008722,0,0,0,2026-01-08T12:36:46.443137,
TXN-00016628,204,TRANSFER,811.38,C1000022,0.0,0.0,M2937400,0,0,0,2026-01-08T12:36:46.443296,
TXN-00016629,204,CASH_OUT,1921.0,C1000026,69352.23,67431.23,M7052357,0,0,0,2026-01-08T12:36:46.443398,
TXN-00016630,204,TRANSFER,10.0,C1000048,180259.16,180249.16,M7690833,0,0,0,2026-01-08T12:36:46.443495,
TXN-00016631,204,DEBIT,2463.29,C1000043,0.0,0.0,M4916423,0,0,0,2026-01-08T12:36:46.443637,
TXN-00016632,204,TRANSFER,10.0,C1000038,0.0,0.0,M2579556,0,0,0,2026-01-08T12:36:46.443739,
TXN-00016633,204,PAYMENT,5253.35,C1000003,0.0,0.0,M7957247,0,0,0,2026-01-08T12:36:46.443834,
TXN-00016634,204,CASH_IN,10.0,C1000082,2138.95,2148.95,M9660042,0,0,0,2026-01-08T12:36:46.444030,
TXN-00016635,204,PAYMENT,3888.47,C1000084,0.0,0.0,M5922421,0,0,0,2026-01-08T12:36:46.444169,
TXN-00016636,204,CASH_OUT,10.0,C1000047,0.0,0.0,M6319855,0,0,0,2026-01-08T12:36:46.444252,
TXN-00016637,200,CASH_OUT,43695.3,C1000021,0.0,0.0,M2602539,0,0,1,2026-01-08T12:36:46.444298,unusual_type
TXN-00016638,204,CASH_OUT,3020.45,C1000045,0.0,0.0,M8955905,0,0,0,2026-01-08T12:36:46.444378,
TXN-00016639,204,PAYMENT,42241.37,C1000053,0.0,0.0,M3247271,0,0,0,2026-01-08T12:36:46.444492,
TXN-00016640,207,CASH_OUT,16531.91,C1000053,0.0,0.0,M4717960,0,0,1,2026-01-08T12:36:46.444538,rapid_succession
TXN-00016641,204,CASH_OUT,50562.23,C1000053,0.0,0.0,M4943354,0,0,0,2026-01-08T12:36:46.444630,
TXN-00016642,204,CASH_OUT,2828.43,C1000071,121439.81,118611.39,M1524408,0,0,0,2026-01-08T12:36:46.444716,
TXN-00016643,204,PAYMENT,680.5,C1000004,180610.3,179929.8,M4149719,0,0,0,2026-01-08T12:36:46.444822,
TXN-00016644,195,CASH_OUT,105185.71,C1000051,33882.72,0.0,M9526749,0,0,1,2026-01-08T12:36:46.444875,unusual_type
TXN-00016645,204,TRANSFER,36150.22,C1000067,0.0,0.0,M9537381,0,0,0,2026-01-08T12:36:46.444956,
TXN-00016646,204,PAYMENT,10.0,C1000072,0.0,0.0,M8284410,0,0,0,2026-01-08T12:36:46.445203,
TXN-00016647,204,PAYMENT,17842.77,C1000076,0.0,0.0,M8177741,0,0,0,2026-01-08T12:36:46.445437,
TXN-00016648,213,CASH_OUT,140022.49,C1000052,0.0,0.0,M5541909,0,0,1,2026-01-08T12:36:46.445482,large_amount
TXN-00016649,204,PAYMENT,4576.68,C1000049,0.0,0.0,M3909284,0,0,0,2026-01-08T12:36:46.445564,
TXN-00016650,204,PAYMENT,1041.4,C1000097,0.0,0.0,M9280038,0,0,0,2026-01-08T12:36:46.445624,
TXN-00016651,204,PAYMENT,27168.31,C1000067,0.0,0.0,M7918897,0,0,0,2026-01-08T12:36:46.445668,
TXN-00016652,204,DEBIT,3270.3,C1000096,109573.48,106303.18,M5232222,0,0,0,2026-01-08T12:36:46.445708,
TXN-00016653,204,PAYMENT,613.84,C1000023,2311.96,1698.12,M9393632,0,0,0,2026-01-08T12:36:46.445749,
TXN-00016654,195,CASH_OUT,25538.59,C1000095,0.0,0.0,M2409019,0,0,1,2026-01-08T12:36:46.445773,night_transaction
TXN-00016655,204,DEBIT,631.3,C1000094,155063.8,154432.5,M4257234,0,0,0,2026-01-08T12:36:46.445816,
TXN-00016656,204,DEBIT,10.0,C1000051,33882.72,33872.72,M8609102,0,0,0,2026-01-08T12:36:46.445876,
TXN-00016657,204,PAYMENT,10.0,C1000014,112837.53,112827.53,M8943455,0,0,0,2026-01-08T12:36:46.445934,
TXN-00016658,204,PAYMENT,10.0,C1000051,33872.72,33862.72,M9061500,0,0,0,2026-01-08T12:36:46.445988,
TXN-00016659,204,TRANSFER,1879.34,C1000090,136156.56,134277.22,M7717824,0,0,0,2026-01-08T12:36:46.446036,
TXN-00016660,204,CASH_OUT,10.0,C1000023,1698.12,1688.12,M8075643,0,0,0,2026-01-08T12:36:46.446076,
TXN-00016661,204,CASH_OUT,1998.07,C1000041,175670.62,173672.55,M3134085,0,0,0,2026-01-08T12:36:46.446114,
TXN-00016662,204,PAYMENT,2714.84,C1000002,181161.91,178447.07,M9246077,0,0,0,2026-01-08T12:36:46.446154,
TXN-00016663,204,TRANSFER,466.48,C1000009,120363.38,119896.9,M4824069,0,0,0,2026-01-08T12:36:46.446200,
TXN-00016664,204,PAYMENT,2193.22,C1000017,0.0,0.0,M3886714,0,0,0,2026-01-08T12:36:46.446263,
TXN-00016665,204,CASH_OUT,10.0,C1000068,61399.89,61389.89,M1093520,0,0,0,2026-01-08T12:36:46.446317,
TXN-00016666,204,PAYMENT,4192.56,C1000029,0.0,0.0,M3554586,0,0,0,2026-01-08T12:36:46.446380,
TXN-00016667,204,DEBIT,173165.54,C1000050,0.0,0.0,M7314662,0,0,0,2026-01-08T12:36:46.446440,
TXN-00016668,204,PAYMENT,10.0,C1000064,0.0,0.0,M4602018,0,0,0,2026-01-08T12:36:46.446484,
TXN-00016669,204,CASH_OUT,484.6,C1000006,18124.37,17639.77,M9752418,0,0,0,2026-01-08T12:36:46.446536,
TXN-00016670,204,PAYMENT,3500.64,C1000084,0.0,0.0,M9454596,0,0,0,2026-01-08T12:36:46.446608,
TXN-00016671,204,PAYMENT,1317.7,C1000007,4302.61,2984.9,M2058269,0,0,0,2026-01-08T12:36:46.446716,
TXN-00016672,204,PAYMENT,172696.32,C1000050,0.0,0.0,M1588926,0,0,0,2026-01-08T12:36:46.446805,
TXN-00016673,204,PAYMENT,54738.84,C1000000,0.0,0.0,M7226260,0,0,0,2026-01-08T12:36:46.446888,
TXN-00016674,207,CASH_OUT,83256.62,C1000044,0.0,0.0,M2829363,0,0,1,2026-01-08T12:36:46.446930,unusual_type
TXN-00016675,204,CASH_OUT,3580.98,C1000087,637.93,0.0,M5183912,0,0,0,2026-01-08T12:36:46.447023,
TXN-00016676,204,TRANSFER,38310.21,C1000012,0.0,0.0,M3899461,0,0,0,2026-01-08T12:36:46.447099,
TXN-00016677,204,PAYMENT,10444.69,C1000054,0.0,0.0,M6900189,0,0,0,2026-01-08T12:36:46.447171,
TXN-00016678,204,DEBIT,4145.97,C1000045,0.0,0.0,M4053483,0,0,0,2026-01-08T12:36:46.447243,
TXN-00016679,193,CASH_OUT,114183.66,C1000084,0.0,0.0,M6182550,0,0,1,2026-01-08T12:36:46.447280,unusual_type
TXN-00016680,197,TRANSFER,37090.85,C1000035,820.19,0.0,M3912373,0,0,1,2026-01-08T12:36:46.447323,night_transaction
TXN-00016681,204,PAYMENT,2088.87,C1000021,0.0,0.0,M3131838,0,0,0,2026-01-08T12:36:46.447394,
TXN-00016682,204,PAYMENT,10088.46,C1000092,0.0,0.0,M9428839,0,0,0,2026-01-08T12:36:46.447455,
TXN-00016683,204,CASH_OUT,481.36,C1000072,0.0,0.0,M3503755,0,0,0,2026-01-08T12:36:46.447517,
TXN-00016684,204,CASH_IN,1696.47,C1000006,17639.77,19336.24,M7393922,0,0,0,2026-01-08T12:36:46.447576,
TXN-00016685,204,CASH_OUT,666.05,C1000077,46500.41,45834.36,M5424942,0,0,0,2026-01-08T12:36:46.447635,
TXN-00016686,204,PAYMENT,3589.58,C1000045,0.0,0.0,M7784816,0,0,0,2026-01-08T12:36:46.447700,
TXN-00016687,204,PAYMENT,10.0,C1000051,33862.72,33852.72,M7648297,0,0,0,2026-01-08T12:36:46.447765,
TXN-00016688,204,TRANSFER,18886.52,C1000019,0.0,0.0,M9034354,0,0,0,2026-01-08T12:36:46.447827,
TXN-00016689,204,PAYMENT,20510.38,C1000019,0.0,0.0,M6396613,0,0,0,2026-01-08T12:36:46.447887,
TXN-00016690,204,PAYMENT,17443.69,C1000035,820.19,0.0,M5302257,0,0,0,2026-01-08T12:36:46.447955,
TXN-00016691,204,PAYMENT,1934.31,C1000062,0.0,0.0,M4493321,0,0,0,2026-01-08T12:36:46.448021,
TXN-00016692,204,CASH_OUT,6627.74,C1000080,0.0,0.0,M8251276,0,0,0,2026-01-08T12:36:46.448082,
TXN-00016693,204,PAYMENT,22452.3,C1000035,0.0,0.0,M5770915,0,0,0,2026-01-08T12:36:46.448142,
TXN-00016694,204,CASH_OUT,23964.84,C1000037,0.0,0.0,M6828803,0,0,0,2026-01-08T12:36:46.448204,
TXN-00016695,204,DEBIT,19100.4,C1000079,0.0,0.0,M8582300,0,0,0,2026-01-08T12:36:46.448267,
TXN-00016696,204,TRANSFER,13032.99,C1000005,0.0,0.0,M6512977,0,0,0,2026-01-08T12:36:46.448328,
TXN-00016697,204,PAYMENT,4471.57,C1000027,0.0,0.0,M3943099,0,0,0,2026-01-08T12:36:46.448401,
TXN-00016698,204,CASH_IN,3062.51,C1000071,118611.39,121673.9,M3170893,0,0,0,2026-01-08T12:36:46.448467,
TXN-00016699,204,TRANSFER,20151.62,C1000095,0.0,0.0,M3152212,0,0,0,2026-01-08T12:36:46.448530,
TXN-00016700,204,PAYMENT,1068.27,C1000034,53464.16,52395.89,M9146204,0,0,0,2026-01-08T12:36:46.448593,
TXN-00016701,204,PAYMENT,3674.69,C1000069,0.0,0.0,M9965202,0,0,0,2026-01-08T12:36:46.448656,
TXN-00016702,204,TRANSFER,888.03,C1000004,179929.8,179041.77,M5994186,0,0,0,2026-01-08T12:36:46.448718,
TXN-00016703,204,PAYMENT,5771.86,C1000052,0.0,0.0,M4506305,0,0,0,2026-01-08T12:36:46.448781,
TXN-00016704,204,PAYMENT,4412.55,C1000032,0.0,0.0,M1198652,0,0,0,2026-01-08T12:36:46.448845,
TXN-00016705,204,PAYMENT,938.9,C1000008,169494.38,168555.48,M3645427,0,0,0,2026-01-08T12:36:46.448907,
TXN-00016706,211,CASH_OUT,107377.52,C1000084,0.0,0.0,M6045589,0,0,1,2026-01-08T12:36:46.448944,unusual_type
TXN-00016707,204,PAYMENT,10.0,C1000098,160395.17,160385.17,M7570159,0,0,0,2026-01-08T12:36:46.449008,
TXN-00016708,204,CASH_IN,10.0,C1000072,0.0,10.0,M8863749,0,0,0,2026-01-08T12:36:46.449076,
TXN-00016709,204,PAYMENT,17224.66,C1000093,0.0,0.0,M5467273,0,0,0,2026-01-08T12:36:46.449137,
TXN-00016710,204,TRANSFER,956.41,C1000008,168555.48,167599.08,M3684022,0,0,0,2026-01-08T12:36:46.449199,
TXN-00016711,204,CASH_OUT,2363.28,C1000090,134277.22,131913.94,M7313246,0,0,0,2026-01-08T12:36:46.449263,
TXN-00016712,204,PAYMENT,667.25,C1000022,0.0,0.0,M7044724,0,0,0,2026-01-08T12:36:46.449328,
TXN-00016713,204,TRANSFER,275.67,C1000001,43412.9,43137.23,M1130452,0,0,0,2026-01-08T12:36:46.449391,
TXN-00016714,204,CASH_IN,755.95,C1000004,179041.77,179797.72,M1256478,0,0,0,2026-01-08T12:36:46.449456,
TXN-00016715,204,CASH_OUT,2981.66,C1000014,112827.53,109845.87,M7388370,0,0,0,2026-01-08T12:36:46.449539,
TXN-00016716,204,TRANSFER,16665.83,C1000074,0.0,0.0,M4577067,0,0,0,2026-01-08T12:36:46.449610,
TXN-00016717,204,DEBIT,16100.1,C1000005,0.0,0.0,M3231909,0,0,0,2026-01-08T12:36:46.449676,
TXN-00016718,204,PAYMENT,929.59,C1000041,173672.55,172742.96,M9895208,0,0,0,2026-01-08T12:36:46.449740,
TXN-00016719,204,DEBIT,468.46,C1000066,0.0,0.0,M5780334,0,0,0,2026-01-08T12:36:46.449805,
TXN-00016720,204,PAYMENT,861.45,C1000070,0.0,0.0,M7315731,0,0,0,2026-01-08T12:36:46.449869,
TXN-00016721,204,PAYMENT,4920.06,C1000032,0.0,0.0,M8166764,0,0,0,2026-01-08T12:36:46.449933,
TXN-00016722,204,TRANSFER,8715.2,C1000031,0.0,0.0,M1002676,0,0,0,2026-01-08T12:36:46.449997,
TXN-00016723,210,TRANSFER,71737.92,C1000039,0.0,-68290.35,M2461578,0,0,1,2026-01-08T12:36:46.450032,balance_mismatch
TXN-00016724,198,CASH_OUT,119834.37,C1000053,0.0,0.0,M5512224,0,0,1,2026-01-08T12:36:46.450067,unusual_type
TXN-00016725,204,DEBIT,2926.26,C1000006,19336.24,16409.97,M3442609,0,0,0,2026-01-08T12:36:46.450133,
TXN-00016726,204,DEBIT,11125.08,C1000082,2148.95,0.0,M5930472,0,0,0,2026-01-08T12:36:46.450199,
TXN-00016727,204,PAYMENT,9360.07,C1000031,0.0,0.0,M5074653,0,0,0,2026-01-08T12:36:46.450269,
TXN-00016728,204,TRANSFER,6727.19,C1000088,0.0,0.0,M4265837,0,0,0,2026-01-08T12:36:46.450336,
TXN-00016729,204,CASH_OUT,850.06,C1000007,2984.9,2134.85,M6801822,0,0,0,2026-01-08T12:36:46.450399,
TXN-00016730,204,TRANSFER,10.0,C1000018,108244.05,108234.05,M9074088,0,0,0,2026-01-08T12:36:46.450466,
TXN-00016731,204,TRANSFER,1634.51,C1000089,82431.29,80796.78,M8245523,0,0,0,2026-01-08T12:36:46.450530,
TXN-00016732,204,CASH_OUT,20168.0,C1000067,0.0,0.0,M8455301,0,0,0,2026-01-08T12:36:46.450594,
TXN-00016733,204,PAYMENT,2021.72,C1000080,0.0,0.0,M3218285,0,0,0,2026-01-08T12:36:46.450660,
TXN-00016734,197,CASH_OUT,87382.87,C1000026,67431.23,0.0,M7267157,0,0,1,2026-01-08T12:36:46.450695,night_transaction
TXN-00016735,197,CASH_OUT,47702.21,C1000022,0.0,0.0,M9935920,0,0,1,2026-01-08T12:36:46.450729,rapid_succession
TXN-00016736,204,TRANSFER,173162.77,C1000050,0.0,0.0,M6057166,0,0,0,2026-01-08T12:36:46.450794,
TXN-00016737,207,CASH_OUT,122773.31,C1000045,0.0,0.0,M1762036,0,0,1,2026-01-08T12:36:46.450826,large_amount
TXN-00016738,204,PAYMENT,10.0,C1000060,51235.91,51225.91,M4714234,0,0,0,2026-01-08T12:36:46.450890,
TXN-00016739,204,DEBIT,814.36,C1000083,165012.59,164198.23,M3558369,0,0,0,2026-01-08T12:36:46.450955,
TXN-00016740,204,PAYMENT,4664.66,C1000006,16409.97,11745.32,M3404571,0,0,0,2026-01-08T12:36:46.451028,
TXN-00016741,204,PAYMENT,1436.18,C1000014,109845.87,108409.69,M8232085,0,0,0,2026-01-08T12:36:46.451096,
TXN-00016742,204,PAYMENT,21246.13,C1000024,0.0,0.0,M5663785,0,0,0,2026-01-08T12:36:46.451162,
TXN-00016743,204,CASH_OUT,4656.89,C1000003,0.0,0.0,M7050668,0,0,0,2026-01-08T12:36:46.451223,
TXN-00016744,204,TRANSFER,1108.92,C1000043,0.0,0.0,M7163989,0,0,0,2026-01-08T12:36:46.451300,
TXN-00016745,204,DEBIT,7419.31,C1000099,0.0,0.0,M6350559,0,0,0,2026-01-08T12:36:46.451371,
TXN-00016746,204,PAYMENT,10.0,C1000078,6851.97,6841.97,M9702968,0,0,0,2026-01-08T12:36:46.451434,
TXN-00016747,204,PAYMENT,8613.62,C1000039,0.0,0.0,M5878786,0,0,0,2026-01-08T12:36:46.451493,
TXN-00016748,204,PAYMENT,10072.8,C1000092,0.0,0.0,M2964778,0,0,0,2026-01-08T12:36:46.451551,
TXN-00016749,204,PAYMENT,10.0,C1000075,431600.39,431590.39,M4024249,0,0,0,2026-01-08T12:36:46.451611,
TXN-00016750,195,CASH_OUT,55352.02,C1000070,0.0,0.0,M9923547,0,0,1,2026-01-08T12:36:46.451662,large_amount
TXN-00016751,204,PAYMENT,2002.62,C1000038,0.0,0.0,M1645818,0,0,0,2026-01-08T12:36:46.451725,
TXN-00016752,204,CASH_OUT,4759.15,C1000051,33852.72,29093.57,M6915875,0,0,0,2026-01-08T12:36:46.451789,
TXN-00016753,204,TRANSFER,7740.59,C1000099,0.0,0.0,M3396716,0,0,0,2026-01-08T12:36:46.451857,
TXN-00016754,204,PAYMENT,4705.2,C1000025,0.0,0.0,M6128648,0,0,0,2026-01-08T12:36:46.451921,
TXN-00016755,193,CASH_OUT,16227.8,C1000057,0.0,0.0,M1186135,0,0,1,2026-01-08T12:36:46.451954,rapid_succession
TXN-00016756,204,PAYMENT,4236.13,C1000084,0.0,0.0,M3983286,0,0,0,2026-01-08T12:36:46.452125,
TXN-00016757,204,TRANSFER,1875.33,C1000071,121673.9,119798.57,M6761151,0,0,0,2026-01-08T12:36:46.453002,
TXN-00016758,204,PAYMENT,2625.25,C1000043,0.0,0.0,M8019552,0,0,0,2026-01-08T12:36:46.453186,
TXN-00016759,204,PAYMENT,21356.26,C1000064,0.0,0.0,M7287950,0,0,0,2026-01-08T12:36:46.453278,
TXN-00016760,204,PAYMENT,19692.73,C1000024,0.0,0.0,M8313929,0,0,0,2026-01-08T12:36:46.453356,
TXN-00016761,204,PAYMENT,13697.11,C1000063,0.0,0.0,M4089460,0,0,0,2026-01-08T12:36:46.453431,
TXN-00016762,204,CASH_OUT,925.99,C1000066,0.0,0.0,M9857282,0,0,0,2026-01-08T12:36:46.453498,
TXN-00016763,204,PAYMENT,1838.37,C1000086,65221.82,63383.44,M3502479,0,0,0,2026-01-08T12:36:46.453568,
TXN-00016764,204,CASH_IN,1095.87,C1000081,56922.56,58018.43,M5101078,0,0,0,2026-01-08T12:36:46.453628,
TXN-00016765,204,PAYMENT,32537.0,C1000064,0.0,0.0,M8820974,0,0,0,2026-01-08T12:36:46.453672,
TXN-00016766,196,CASH_OUT,64943.76,C1000046,0.0,0.0,M1853608,0,0,1,2026-01-08T12:36:46.453697,night_transaction
TXN-00016767,204,PAYMENT,1000.49,C1000094,154432.5,153432.01,M3452133,0,0,0,2026-01-08T12:36:46.453847,
TXN-00016768,204,CASH_OUT,5542.21,C1000052,0.0,0.0,M6384066,0,0,0,2026-01-08T12:36:46.453894,
TXN-00016769,204,TRANSFER,4665.48,C1000027,0.0,0.0,M2558498,0,0,0,2026-01-08T12:36:46.453947,
TXN-00016770,204,CASH_IN,5696.7,C1000046,0.0,5696.7,M1706077,0,0,0,2026-01-08T12:36:46.453995,
TXN-00016771,204,PAYMENT,4124.08,C1000027,0.0,0.0,M2380960,0,0,0,2026-01-08T12:36:46.454056,
TXN-00016772,204,PAYMENT,10.0,C1000051,29093.57,29083.57,M3662714,0,0,0,2026-01-08T12:36:46.454112,
TXN-00016773,204,PAYMENT,592.19,C1000004,179797.72,179205.54,M9394629,0,0,0,2026-01-08T12:36:46.454167,
TXN-00016774,208,CASH_OUT,91305.76,C1000079,0.0,0.0,M8366435,0,0,1,2026-01-08T12:36:46.454196,unusual_type
TXN-00016775,204,TRANSFER,10155.12,C1000092,0.0,0.0,M3531856,0,0,0,2026-01-08T12:36:46.454250,
TXN-00016776,204,PAYMENT,1676.46,C1000090,131913.94,130237.48,M4046583,0,0,0,2026-01-08T12:36:46.454304,
TXN-00016777,204,DEBIT,2067.8,C1000017,0.0,0.0,M8240562,0,0,0,2026-01-08T12:36:46.454358,
TXN-00016778,204,TRANSFER,2463.19,C1000097,0.0,0.0,M7186470,0,0,0,2026-01-08T12:36:46.454412,
TXN-00016779,215,CASH_OUT,132747.35,C1000070,0.0,0.0,M4316605,0,0,1,2026-01-08T12:36:46.454439,large_amount
TXN-00016780,200,CASH_OUT,24557.78,C1000074,0.0,0.0,M8862599,0,0,1,2026-01-08T12:36:46.454465,rapid_succession
TXN-00016781,204,CASH_IN,47.82,C1000009,119896.9,119944.72,M8709380,0,0,0,2026-01-08T12:36:46.454515,
TXN-00016782,204,PAYMENT,9817.54,C1000054,0.0,0.0,M8695124,0,0,0,2026-01-08T12:36:46.454572,
TXN-00016783,204,PAYMENT,5987.41,C1000040,0.0,0.0,M9146829,0,0,0,2026-01-08T12:36:46.454623,
TXN-00016784,204,PAYMENT,1829.25,C1000016,94563.64,92734.39,M2567841,0,0,0,2026-01-08T12:36:46.454673,
TXN-00016785,195,CASH_OUT,53641.19,C1000064,0.0,0.0,M4068996,0,0,1,2026-01-08T12:36:46.454700,night_transaction
TXN-00016786,204,PAYMENT,10.0,C1000097,0.0,0.0,M8263944,0,0,0,2026-01-08T12:36:46.454749,
TXN-00016787,204,CASH_IN,4315.33,C1000062,0.0,4315.33,M1756638,0,0,0,2026-01-08T12:36:46.454795,
TXN-00016788,204,TRANSFER,10.0,C1000002,178447.07,178437.07,M1742515,0,0,0,2026-01-08T12:36:46.454834,
TXN-00016789,204,PAYMENT,4952.53,C1000032,0.0,0.0,M3007999,0,0,0,2026-01-08T12:36:46.454874,
TXN-00016790,206,CASH_OUT,41677.11,C1000086,63383.44,21706.33,M3460282,0,0,1,2026-01-08T12:36:46.454896,rapid_succession
TXN-00016791,204,TRANSFER,3089.63,C1000087,0.0,0.0,M9037486,0,0,0,2026-01-08T12:36:46.454943,
TXN-00016792,204,DEBIT,4022.72,C1000042,0.0,0.0,M7401400,0,0,0,2026-01-08T12:36:46.454994,
TXN-00016793,204,PAYMENT,379.06,C1000085,0.0,0.0,M8035996,0,0,0,2026-01-08T12:36:46.455045,
TXN-00016794,204,PAYMENT,10.0,C1000048,180249.16,180239.16,M4299029,0,0,0,2026-01-08T12:36:46.455095,
TXN-00016795,204,TRANSFER,5635.4,C1000003,0.0,0.0,M3293913,0,0,0,2026-01-08T12:36:46.455146,
TXN-00016796,204,CASH_OUT,3117.51,C1000084,0.0,0.0,M5403379,0,0,0,2026-01-08T12:36:46.455199,
TXN-00016797,204,TRANSFER,3761.84,C1000087,0.0,0.0,M1038831,0,0,0,2026-01-08T12:36:46.455252,
TXN-00016798,204,TRANSFER,2475.11,C1000048,180239.16,177764.05,M9921356,0,0,0,2026-01-08T12:36:46.455304,
TXN-00016799,197,CASH_OUT,64304.09,C1000053,0.0,0.0,M8813875,0,0,1,2026-01-08T12:36:46.455334,night_transaction
TXN-00016800,204,CASH_IN,2663.71,C1000044,0.0,2663.71,M4116421,0,0,0,2026-01-08T12:36:46.455384,
TXN-00016801,204,CASH_IN,47937.62,C1000053,0.0,47937.62,M8490557,0,0,0,2026-01-08T12:36:46.455440,
TXN-00016802,204,DEBIT,40223.31,C1000012,0.0,0.0,M6836205,0,0,0,2026-01-08T12:36:46.455495,
TXN-00016803,204,PAYMENT,17347.9,C1000019,0.0,0.0,M8009563,0,0,0,2026-01-08T12:36:46.455555,
TXN-00016804,204,PAYMENT,10.0,C1000082,0.0,0.0,M4750423,0,0,0,2026-01-08T12:36:46.455611,
TXN-00016805,204,PAYMENT,7987.97,C1000080,0.0,0.0,M2556084,0,0,0,2026-01-08T12:36:46.455664,
TXN-00016806,204,CASH_OUT,103089.85,C1000009,119944.72,16854.87,M4382880,0,0,1,2026-01-08T12:36:46.455692,unusual_type
TXN-00016807,204,TRANSFER,20050.87,C1000035,0.0,0.0,M9183150,0,0,0,2026-01-08T12:36:46.455748,
TXN-00016808,204,CASH_OUT,6450.73,C1000059,0.0,0.0,M6916043,0,0,0,2026-01-08T12:36:46.455804,
TXN-00016809,204,TRANSFER,19729.69,C1000019,0.0,0.0,M3097178,0,0,0,2026-01-08T12:36:46.455859,
TXN-00016810,204,PAYMENT,2017.18,C1000085,0.0,0.0,M1417713,0,0,0,2026-01-08T12:36:46.455914,
TXN-00016811,199,CASH_OUT,126080.28,C1000081,58018.43,0.0,M7496382,0,0,1,2026-01-08T12:36:46.455945,large_amount
TXN-00016812,204,TRANSFER,4679.39,C1000027,0.0,0.0,M4300547,0,0,0,2026-01-08T12:36:46.456003,
TXN-00016813,204,TRANSFER,10.0,C1000082,0.0,0.0,M5167537,0,0,0,2026-01-08T12:36:46.456058,
TXN-00016814,204,TRANSFER,153489.23,C1000064,0.0,0.0,M8780881,0,0,0,2026-01-08T12:36:46.456111,
TXN-00016815,204,CASH_OUT,228.65,C1000034,52395.89,52167.24,M6594834,0,0,0,2026-01-08T12:36:46.456162,
TXN-00016816,204,CASH_OUT,23863.64,C1000037,0.0,0.0,M4267916,0,0,0,2026-01-08T12:36:46.456204,
TXN-00016817,204,TRANSFER,130007.14,C1000020,232399.43,106673.65,M3782875,0,0,1,2026-01-08T12:36:46.456224,balance_mismatch
TXN-00016818,204,CASH_IN,10.0,C1000066,0.0,10.0,M2733768,0,0,0,2026-01-08T12:36:46.456273,
TXN-00016819,204,DEBIT,4871.4,C1000058,0.0,0.0,M3349487,0,0,0,2026-01-08T12:36:46.456322,
TXN-00016820,204,CASH_OUT,17659.06,C1000093,0.0,0.0,M4467982,0,0,0,2026-01-08T12:36:46.456374,
TXN-00016821,204,TRANSFER,5320.39,C1000096,106303.18,100982.79,M1162096,0,0,0,2026-01-08T12:36:46.456424,
TXN-00016822,204,CASH_OUT,71.32,C1000034,52167.24,52095.92,M7576683,0,0,0,2026-01-08T12:36:46.456477,
TXN-00016823,208,CASH_OUT,104270.77,C1000041,172742.96,68472.19,M2395668,0,0,1,2026-01-08T12:36:46.456505,large_amount
TXN-00016824,204,TRANSFER,5658.67,C1000013,0.0,0.0,M9469035,0,0,0,2026-01-08T12:36:46.456559,
TXN-00016825,204,TRANSFER,6438.9,C1000036,0.0,0.0,M8398575,0,0,0,2026-01-08T12:36:46.456616,
TXN-00016826,204,PAYMENT,1698.97,C1000040,0.0,0.0,M2224104,0,0,0,2026-01-08T12:36:46.456668,
TXN-00016827,204,PAYMENT,5160.45,C1000080,0.0,0.0,M8127264,0,0,0,2026-01-08T12:36:46.456720,
TXN-00016828,204,PAYMENT,13765.97,C1000063,0.0,0.0,M3010191,0,0,0,2026-01-08T12:36:46.456776,
TXN-00016829,204,PAYMENT,4699.6,C1000010,0.0,0.0,M9690258,0,0,0,2026-01-08T12:36:46.456830,
TXN-00016830,204,PAYMENT,162.66,C1000068,61389.89,61227.24,M7371934,0,0,0,2026-01-08T12:36:46.456883,
TXN-00016831,204,TRANSFER,8713.05,C1000039,0.0,0.0,M6272869,0,0,0,2026-01-08T12:36:46.456939,
TXN-00016832,204,TRANSFER,1006.68,C1000021,0.0,0.0,M3617754,0,0,0,2026-01-08T12:36:46.456993,
TXN-00016833,204,CASH_OUT,10.0,C1000014,108409.69,108399.69,M4847279,0,0,0,2026-01-08T12:36:46.457050,
TXN-00016834,197,TRANSFER,96375.49,C1000051,29083.57,0.0,M7272929,0,0,1,2026-01-08T12:36:46.457085,night_transaction
TXN-00016835,204,TRANSFER,8419.07,C1000039,0.0,0.0,M3805839,0,0,0,2026-01-08T12:36:46.457139,
TXN-00016836,196,CASH_OUT,49772.06,C1000057,0.0,0.0,M6315764,0,0,1,2026-01-08T12:36:46.457167,night_transaction
TXN-00016837,204,TRANSFER,23327.94,C1000050,0.0,0.0,M2832761,0,0,1,2026-01-08T12:36:46.457192,rapid_succession
TXN-00016838,204,CASH_OUT,7615.16,C1000099,0.0,0.0,M9694003,0,0,0,2026-01-08T12:36:46.457247,
TXN-00016839,204,PAYMENT,9902.68,C1000078,6841.97,0.0,M6557683,0,0,0,2026-01-08T12:36:46.457303,
TXN-00016840,204,DEBIT,2325.34,C1000006,11745.32,9419.98,M4233746,0,0,0,2026-01-08T12:36:46.457359,
TXN-00016841,204,CASH_OUT,5384.96,C1000032,0.0,0.0,M9320743,0,0,0,2026-01-08T12:36:46.457416,
TXN-00016842,195,CASH_OUT,69873.38,C1000047,0.0,0.0,M1769365,0,0,1,2026-01-08T12:36:46.457445,night_transaction
TXN-00016843,204,DEBIT,2892.73,C1000097,0.0,0.0,M6491003,0,0,0,2026-01-08T12:36:46.457499,
TXN-00016844,204,DEBIT,36577.52,C1000012,0.0,0.0,M4244371,0,0,0,2026-01-08T12:36:46.457553,
TXN-00016845,204,CASH_OUT,10.0,C1000072,10.0,0.0,M5238189,0,0,0,2026-01-08T12:36:46.457606,
TXN-00016846,204,DEBIT,7080.37,C1000074,0.0,0.0,M5253529,0,0,0,2026-01-08T12:36:46.457662,
TXN-00016847,204,CASH_OUT,18194.67,C1000076,0.0,0.0,M3008066,0,0,0,2026-01-08T12:36:46.457707,
TXN-00016848,195,CASH_OUT,41338.22,C1000049,0.0,0.0,M6028067,0,0,1,2026-01-08T12:36:46.457728,night_transaction
TXN-00016849,204,CASH_OUT,18448.22,C1000079,0.0,0.0,M3068986,0,0,0,2026-01-08T12:36:46.457764,
TXN-00016850,201,CASH_OUT,30358.55,C1000023,1688.12,0.0,M8241587,0,0,1,2026-01-08T12:36:46.457783,rapid_succession
TXN-00016851,204,CASH_OUT,10.0,C1000004,179205.54,179195.54,M1612203,0,0,0,2026-01-08T12:36:46.457820,
TXN-00016852,204,PAYMENT,9216.91,C1000031,0.0,0.0,M2031242,0,0,0,2026-01-08T12:36:46.457860,
TXN-00016853,204,PAYMENT,1926.99,C1000061,199879.02,197952.03,M6140457,0,0,0,2026-01-08T12:36:46.457898,
TXN-00016854,204,PAYMENT,761.14,C1000083,164198.23,163437.08,M3728030,0,0,0,2026-01-08T12:36:46.457935,
TXN-00016855,204,PAYMENT,11483.18,C1000054,0.0,0.0,M1090393,0,0,0,2026-01-08T12:36:46.457973,
TXN-00016856,204,DEBIT,1572.21,C1000022,0.0,0.0,M9116016,0,0,0,2026-01-08T12:36:46.458019,
TXN-00016857,204,PAYMENT,201.21,C1000068,61227.24,61026.03,M3336942,0,0,0,2026-01-08T12:36:46.458075,
TXN-00016858,204,CASH_IN,54465.75,C1000000,0.0,54465.75,M3429248,0,0,0,2026-01-08T12:36:46.458133,
TXN-00016859,204,CASH_OUT,3106.0,C1000045,0.0,0.0,M1003762,0,0,0,2026-01-08T12:36:46.458189,
TXN-00016860,204,CASH_OUT,6502.05,C1000003,0.0,0.0,M8995728,0,0,0,2026-01-08T12:36:46.458246,
TXN-00016861,215,CASH_OUT,66564.11,C1000080,0.0,0.0,M5252994,0,0,1,2026-01-08T12:36:46.458278,unusual_type
TXN-00016862,204,TRANSFER,3431.26,C1000087,0.0,0.0,M9130888,0,0,0,2026-01-08T12:36:46.458332,
TXN-00016863,204,CASH_OUT,17940.05,C1000093,0.0,0.0,M2351291,0,0,0,2026-01-08T12:36:46.458387,
TXN-00016864,204,PAYMENT,1525.89,C1000071,119798.57,118272.68,M4572071,0,0,0,2026-01-08T12:36:46.458443,
TXN-00016865,204,TRANSFER,5049.79,C1000074,0.0,0.0,M8812982,0,0,0,2026-01-08T12:36:46.458499,
TXN-00016866,204,PAYMENT,1779.13,C1000090,130237.48,128458.35,M7044348,0,0,0,2026-01-08T12:36:46.458555,
TXN-00016867,204,CASH_IN,2738.8,C1000061,197952.03,200690.84,M1429865,0,0,0,2026-01-08T12:36:46.458611,
TXN-00016868,204,DEBIT,2829.67,C1000058,0.0,0.0,M5969314,0,0,0,2026-01-08T12:36:46.458668,
TXN-00016869,206,CASH_OUT,180890.83,C1000034,52095.92,0.0,M2426918,0,0,1,2026-01-08T12:36:46.458696,large_amount
TXN-00016870,204,CASH_OUT,10.0,C1000080,0.0,0.0,M4606225,0,0,0,2026-01-08T12:36:46.458751,
TXN-00016871,204,CASH_OUT,4613.37,C1000010,0.0,0.0,M3263302,0,0,0,2026-01-08T12:36:46.458806,
TXN-00016872,204,CASH_OUT,2287.95,C1000091,0.0,0.0,M5281619,0,0,0,2026-01-08T12:36:46.458862,
TXN-00016873,204,CASH_OUT,365.14,C1000068,61026.03,60660.89,M1503607,0,0,0,2026-01-08T12:36:46.458917,
TXN-00016874,204,PAYMENT,8592.28,C1000052,0.0,0.0,M6409692,0,0,0,2026-01-08T12:36:46.458974,
TXN-00016875,204,PAYMENT,643.24,C1000007,2134.85,1491.61,M3559331,0,0,0,2026-01-08T12:36:46.459029,
TXN-00016876,204,TRANSFER,936.03,C1000048,177764.05,176828.02,M3341433,0,0,0,2026-01-08T12:36:46.459086,
TXN-00016877,204,PAYMENT,26024.33,C1000056,0.0,0.0,M5953940,0,0,0,2026-01-08T12:36:46.459146,
TXN-00016878,204,PAYMENT,2751.58,C1000030,0.0,0.0,M8877306,0,0,0,2026-01-08T12:36:46.460361,
TXN-00016879,204,CASH_OUT,5206.02,C1000062,4315.33,0.0,M1452819,0,0,0,2026-01-08T12:36:46.461774,
TXN-00016880,204,CASH_OUT,11703.18,C1000015,0.0,0.0,M2209258,0,0,0,2026-01-08T12:36:46.461958,
TXN-00016881,192,TRANSFER,88252.36,C1000019,0.0,-83316.25,M5231094,0,0,1,2026-01-08T12:36:46.462016,balance_mismatch
TXN-00016882,204,CASH_OUT,10.0,C1000047,0.0,0.0,M2674318,0,0,0,2026-01-08T12:36:46.462108,
TXN-00016883,198,TRANSFER,88234.84,C1000050,0.0,-88485.59,M4173297,0,0,1,2026-01-08T12:36:46.462141,balance_mismatch
TXN-00016884,204,PAYMENT,10.0,C1000082,0.0,0.0,M4896439,0,0,0,2026-01-08T12:36:46.462216,
TXN-00016885,214,CASH_OUT,90759.95,C1000031,0.0,0.0,M7849979,0,0,1,2026-01-08T12:36:46.462247,unusual_type
TXN-00016886,204,TRANSFER,4177.95,C1000027,0.0,0.0,M9028667,0,0,0,2026-01-08T12:36:46.462313,
TXN-00016887,204,CASH_OUT,3099.58,C1000038,0.0,0.0,M2730550,0,0,0,2026-01-08T12:36:46.462381,
TXN-00016888,204,PAYMENT,1796.91,C1000026,67431.23,65634.32,M5721551,0,0,0,2026-01-08T12:36:46.462446,
TXN-00016889,204,DEBIT,34500.12,C1000073,0.0,0.0,M5683769,0,0,0,2026-01-08T12:36:46.462516,
TXN-00016890,204,CASH_OUT,1124.35,C1000085,0.0,0.0,M2183404,0,0,0,2026-01-08T12:36:46.462580,
TXN-00016891,204,CASH_OUT,7100.25,C1000091,0.0,0.0,M9311877,0,0,0,2026-01-08T12:36:46.462644,
TXN-00016892,204,CASH_OUT,10.0,C1000042,0.0,0.0,M8791475,0,0,0,2026-01-08T12:36:46.462707,
TXN-00016893,204,PAYMENT,4363.03,C1000065,0.0,0.0,M7817582,0,0,0,2026-01-08T12:36:46.462775,
TXN-00016894,204,CASH_OUT,7728.03,C1000036,0.0,0.0,M7621619,0,0,0,2026-01-08T12:36:46.462838,
TXN-00016895,204,PAYMENT,2935.32,C1000006,9419.98,6484.66,M1904407,0,0,0,2026-01-08T12:36:46.462898,
TXN-00016896,194,TRANSFER,54657.74,C1000080,0.0,0.0,M3490947,0,0,1,2026-01-08T12:36:46.462949,night_transaction
TXN-00016897,204,CASH_OUT,7709.51,C1000036,0.0,0.0,M6876696,0,0,0,2026-01-08T12:36:46.463003,
TXN-00016898,196,CASH_OUT,12329.06,C1000011,0.0,0.0,M2305212,0,0,1,2026-01-08T12:36:46.463029,rapid_succession
TXN-00016899,204,PAYMENT,3284.57,C1000082,0.0,0.0,M4461314,0,0,0,2026-01-08T12:36:46.463079,
TXN-00016900,204,TRANSFER,10041.89,C1000092,0.0,0.0,M1504051,0,0,0,2026-01-08T12:36:46.463131,
TXN-00016901,204,CASH_OUT,1707.76,C1000069,0.0,0.0,M4777185,0,0,0,2026-01-08T12:36:46.463187,
TXN-00016902,204,PAYMENT,10.0,C1000061,200690.84,200680.84,M6410051,0,0,0,2026-01-08T12:36:46.463246,
TXN-00016903,194,TRANSFER,28031.98,C1000007,1491.61,0.0,M1901080,0,0,1,2026-01-08T12:36:46.463281,night_transaction
TXN-00016904,204,CASH_OUT,5536.19,C1000091,0.0,0.0,M5221692,0,0,0,2026-01-08T12:36:46.463347,
TXN-00016905,204,TRANSFER,3453.58,C1000082,0.0,0.0,M3259996,0,0,0,2026-01-08T12:36:46.463419,
TXN-00016906,204,TRANSFER,8496.51,C1000039,0.0,0.0,M5854387,0,0,0,2026-01-08T12:36:46.463490,
TXN-00016907,196,CASH_OUT,55434.66,C1000054,0.0,0.0,M7704957,0,0,1,2026-01-08T12:36:46.463526,night_transaction
TXN-00016908,204,DEBIT,10.0,C1000064,0.0,0.0,M4349679,0,0,0,2026-01-08T12:36:46.463606,
TXN-00016909,204,CASH_OUT,5582.36,C1000005,0.0,0.0,M3556174,0,0,0,2026-01-08T12:36:46.463667,
TXN-00016910,207,CASH_OUT,50916.76,C1000043,0.0,0.0,M5745715,0,0,1,2026-01-08T12:36:46.463699,unusual_type
TXN-00016911,204,CASH_OUT,340.46,C1000007,1491.61,1151.15,M9387625,0,0,0,2026-01-08T12:36:46.463760,
TXN-00016912,204,PAYMENT,5466.47,C1000006,6484.66,1018.19,M5425720,0,0,0,2026-01-08T12:36:46.463835,
TXN-00016913,204,DEBIT,3023.21,C1000043,0.0,0.0,M4893266,0,0,0,2026-01-08T12:36:46.463908,
TXN-00016914,204,TRANSFER,2527.94,C1000045,0.0,0.0,M8517489,0,0,0,2026-01-08T12:36:46.463985,
TXN-00016915,200,CASH_OUT,71753.19,C1000032,0.0,0.0,M5732163,0,0,1,2026-01-08T12:36:46.464046,unusual_type
TXN-00016916,204,CASH_OUT,1130.49,C1000055,143629.86,142499.37,M6710049,0,0,0,2026-01-08T12:36:46.464109,
TXN-00016917,204,PAYMENT,42.73,C1000033,0.0,0.0,M9230186,0,0,0,2026-01-08T12:36:46.464167,
TXN-00016918,204,TRANSFER,2072.82,C1000028,0.0,0.0,M9810573,0,0,0,2026-01-08T12:36:46.464219,
TXN-00016919,204,TRANSFER,3784.92,C1000045,0.0,0.0,M1663665,0,0,0,2026-01-08T12:36:46.464290,
TXN-00016920,204,TRANSFER,3433.94,C1000006,1018.19,0.0,M7794317,0,0,0,2026-01-08T12:36:46.464347,
TXN-00016921,204,DEBIT,4400.81,C1000065,0.0,0.0,M2838115,0,0,0,2026-01-08T12:36:46.464401,
TXN-00016922,204,TRANSFER,10.0,C1000094,153432.01,153422.01,M9670500,0,0,0,2026-01-08T12:36:46.464457,
TXN-00016923,204,PAYMENT,4245.99,C1000051,29083.57,24837.58,M4799210,0,0,0,2026-01-08T12:36:46.464513,
TXN-00016924,204,DEBIT,2532.67,C1000043,0.0,0.0,M5749631,0,0,0,2026-01-08T12:36:46.464572,
TXN-00016925,204,PAYMENT,10.0,C1000085,0.0,0.0,M7970795,0,0,0,2026-01-08T12:36:46.464627,
TXN-00016926,204,DEBIT,6108.84,C1000046,5696.7,0.0,M8074013,0,0,0,2026-01-08T12:36:46.464681,
TXN-00016927,204,DEBIT,20568.72,C1000095,0.0,0.0,M4200261,0,0,0,2026-01-08T12:36:46.464739,
TXN-00016928,204,TRANSFER,5019.59,C1000049,0.0,0.0,M6659591,0,0,0,2026-01-08T12:36:46.464795,
TXN-00016929,204,PAYMENT,894.18,C1000004,179195.54,178301.35,M1886784,0,0,0,2026-01-08T12:36:46.464850,
TXN-00016930,192,CASH_OUT,86578.75,C1000045,0.0,0.0,M2135704,0,0,1,2026-01-08T12:36:46.464882,large_amount
TXN-00016931,204,DEBIT,2165.6,C1000045,0.0,0.0,M8767088,0,0,0,2026-01-08T12:36:46.464936,
TXN-00016932,204,CASH_IN,10.0,C1000098,160385.17,160395.17,M1611459,0,0,0,2026-01-08T12:36:46.464991,
TXN-00016933,204,CASH_OUT,8290.02,C1000011,0.0,0.0,M9391316,0,0,0,2026-01-08T12:36:46.465048,
TXN-00016934,204,CASH_OUT,10594.84,C1000015,0.0,0.0,M4982649,0,0,0,2026-01-08T12:36:46.465103,
TXN-00016935,204,TRANSFER,658.55,C1000041,172742.96,172084.41,M2879778,0,0,0,2026-01-08T12:36:46.465159,
TXN-00016936,204,PAYMENT,10.0,C1000078,0.0,0.0,M2039858,0,0,0,2026-01-08T12:36:46.465215,
TXN-00016937,204,PAYMENT,6485.74,C1000014,108399.69,101913.95,M7186567,0,0,0,2026-01-08T12:36:46.465270,
TXN-00016938,204,CASH_OUT,59.53,C1000034,52095.92,52036.38,M4442647,0,0,0,2026-01-08T12:36:46.465327,
TXN-00016939,204,PAYMENT,5604.94,C1000046,0.0,0.0,M5048443,0,0,0,2026-01-08T12:36:46.465384,
TXN-00016940,215,CASH_OUT,41998.98,C1000012,0.0,0.0,M1252102,0,0,1,2026-01-08T12:36:46.465414,unusual_type
TXN-00016941,204,TRANSFER,1697.27,C1000055,142499.37,140802.09,M5598324,0,0,0,2026-01-08T12:36:46.465469,
TXN-00016942,204,PAYMENT,10.0,C1000051,24837.58,24827.58,M7461578,0,0,0,2026-01-08T12:36:46.465526,
TXN-00016943,204,TRANSFER,24533.12,C1000067,0.0,0.0,M9124145,0,0,0,2026-01-08T12:36:46.465582,
TXN-00016944,204,PAYMENT,2354.91,C1000018,108234.05,105879.14,M4880248,0,0,0,2026-01-08T12:36:46.465637,
TXN-00016945,204,PAYMENT,49812.9,C1000053,47937.62,0.0,M1405898,0,0,0,2026-01-08T12:36:46.465694,
TXN-00016946,204,PAYMENT,4230.02,C1000047,0.0,0.0,M3563698,0,0,0,2026-01-08T12:36:46.465750,
TXN-00016947,204,PAYMENT,1814.52,C1000061,200680.84,198866.31,M1654211,0,0,0,2026-01-08T12:36:46.465805,
TXN-00016948,204,TRANSFER,10156.94,C1000051,24827.58,14670.64,M1654879,0,0,0,2026-01-08T12:36:46.465862,
TXN-00016949,204,TRANSFER,18.21,C1000041,172084.41,172066.2,M4448308,0,0,0,2026-01-08T12:36:46.465918,
TXN-00016950,204,PAYMENT,1492.28,C1000086,63383.44,61891.17,M9532681,0,0,0,2026-01-08T12:36:46.465975,
TXN-00016951,204,DEBIT,8519.24,C1000013,0.0,0.0,M5922898,0,0,0,2026-01-08T12:36:46.466032,
TXN-00016952,214,TRANSFER,130137.35,C1000045,0.0,-126514.59,M7342901,0,0,1,2026-01-08T12:36:46.466061,balance_mismatch
TXN-00016953,204,TRANSFER,930.97,C1000066,10.0,0.0,M6879185,0,0,0,2026-01-08T12:36:46.466121,
TXN-00016954,204,PAYMENT,4901.61,C1000032,0.0,0.0,M7926302,0,0,0,2026-01-08T12:36:46.466179,
TXN-00016955,200,CASH_OUT,157894.2,C1000036,0.0,0.0,M9138385,0,0,1,2026-01-08T12:36:46.466207,large_amount
TXN-00016956,196,CASH_OUT,71956.28,C1000085,0.0,0.0,M9848957,0,0,1,2026-01-08T12:36:46.466233,night_transaction
TXN-00016957,204,TRANSFER,10.0,C1000002,178437.07,178427.07,M4103572,0,0,0,2026-01-08T12:36:46.466288,
TXN-00016958,196,CASH_OUT,43788.63,C1000091,0.0,0.0,M8513836,0,0,1,2026-01-08T12:36:46.466317,night_transaction
TXN-00016959,204,PAYMENT,10.0,C1000041,172066.2,172056.2,M4204107,0,0,0,2026-01-08T12:36:46.466372,
TXN-00016960,204,PAYMENT,5296.44,C1000098,160395.17,155098.74,M5518489,0,0,0,2026-01-08T12:36:46.466428,
TXN-00016961,211,CASH_OUT,61959.36,C1000098,155098.74,93139.38,M6856665,0,0,1,2026-01-08T12:36:46.466458,unusual_type
TXN-00016962,204,CASH_OUT,787.77,C1000009,119944.72,119156.95,M5751503,0,0,0,2026-01-08T12:36:46.466514,
TXN-00016963,204,PAYMENT,2463.93,C1000082,0.0,0.0,M5572822,0,0,0,2026-01-08T12:36:46.466573,
TXN-00016964,204,CASH_OUT,9942.16,C1000092,0.0,0.0,M6529720,0,0,0,2026-01-08T12:36:46.466630,
TXN-00016965,196,CASH_OUT,85784.02,C1000018,105879.14,20095.12,M4271925,0,0,1,2026-01-08T12:36:46.466660,night_transaction
TXN-00016966,204,TRANSFER,469.83,C1000077,45834.36,45364.54,M4925635,0,0,0,2026-01-08T12:36:46.466716,
TXN-00016967,204,CASH_OUT,3504.18,C1000091,0.0,0.0,M2329582,0,0,0,2026-01-08T12:36:46.466773,
TXN-00016968,204,TRANSFER,3064.12,C1000044,2663.71,0.0,M8869129,0,0,0,2026-01-08T12:36:46.466830,
TXN-00016969,205,TRANSFER,66667.59,C1000047,0.0,-68403.26,M2068969,0,0,1,2026-01-08T12:36:46.466859,balance_mismatch
TXN-00016970,204,PAYMENT,1436.45,C1000022,0.0,0.0,M9890970,0,0,0,2026-01-08T12:36:46.466919,
TXN-00016971,204,TRANSFER,10.0,C1000060,51225.91,51215.91,M5969151,0,0,0,2026-01-08T12:36:46.466975,
TXN-00016972,204,TRANSFER,1662.14,C1000021,0.0,0.0,M3502659,0,0,0,2026-01-08T12:36:46.467032,
TXN-00016973,204,PAYMENT,4736.88,C1000027,0.0,0.0,M4251427,0,0,0,2026-01-08T12:36:46.467096,
TXN-00016974,204,TRANSFER,173637.38,C1000050,0.0,0.0,M1103080,0,0,0,2026-01-08T12:36:46.467154,
TXN-00016975,204,PAYMENT,10.0,C1000055,140802.09,140792.09,M5452523,0,0,0,2026-01-08T12:36:46.467230,
TXN-00016976,204,PAYMENT,6812.99,C1000059,0.0,0.0,M5657562,0,0,0,2026-01-08T12:36:46.467307,
TXN-00016977,204,PAYMENT,9484.38,C1000054,0.0,0.0,M1252300,0,0,0,2026-01-08T12:36:46.467375,
TXN-00016978,204,PAYMENT,4432.8,C1000027,0.0,0.0,M6796252,0,0,0,2026-01-08T12:36:46.467443,
TXN-00016979,215,TRANSFER,46026.3,C1000051,14670.64,0.0,M6130910,0,0,1,2026-01-08T12:36:46.467479,rapid_succession
TXN-00016980,204,CASH_OUT,121844.32,C1000072,0.0,0.0,M2486533,0,0,1,2026-01-08T12:36:46.467511,large_amount
TXN-00016981,197,TRANSFER,96875.72,C1000019,0.0,-92361.28,M3607696,0,0,1,2026-01-08T12:36:46.467683,balance_mismatch
TXN-00016982,204,CASH_OUT,10.0,C1000061,198866.31,198856.31,M9056470,0,0,0,2026-01-08T12:36:46.467813,
TXN-00016983,204,PAYMENT,1267.7,C1000083,163437.08,162169.38,M5813368,0,0,0,2026-01-08T12:36:46.468014,
TXN-00016984,204,TRANSFER,4791.13,C1000029,0.0,0.0,M5730058,0,0,0,2026-01-08T12:36:46.468518,
TXN-00016985,204,PAYMENT,8265.81,C1000013,0.0,0.0,M6158579,0,0,0,2026-01-08T12:36:46.469274,
TXN-00016986,204,PAYMENT,36897.95,C1000012,0.0,0.0,M4531553,0,0,0,2026-01-08T12:36:46.469472,
TXN-00016987,204,PAYMENT,8420.05,C1000039,0.0,0.0,M7276811,0,0,0,2026-01-08T12:36:46.469566,
TXN-00016988,204,TRANSFER,3085.06,C1000074,0.0,0.0,M4828756,0,0,0,2026-01-08T12:36:46.469643,
TXN-00016989,204,PAYMENT,5897.47,C1000013,0.0,0.0,M1361260,0,0,0,2026-01-08T12:36:46.469718,
TXN-00016990,211,TRANSFER,38142.93,C1000099,0.0,0.0,M3600807,0,0,1,2026-01-08T12:36:46.469760,rapid_succession
TXN-00016991,204,TRANSFER,26237.52,C1000056,0.0,0.0,M6480697,0,0,0,2026-01-08T12:36:46.469835,
TXN-00016992,204,PAYMENT,4692.99,C1000058,0.0,0.0,M5798054,0,0,0,2026-01-08T12:36:46.469898,
TXN-00016993,204,PAYMENT,231.84,C1000034,52036.38,51804.54,M3366515,0,0,0,2026-01-08T12:36:46.469984,
TXN-00016994,204,TRANSFER,7745.3,C1000036,0.0,0.0,M8002314,0,0,0,2026-01-08T12:36:46.470063,
TXN-00016995,204,TRANSFER,26796.38,C1000056,0.0,0.0,M1248961,0,0,0,2026-01-08T12:36:46.470142,
TXN-00016996,204,TRANSFER,3539.12,C1000096,100982.79,97443.67,M8125944,0,0,0,2026-01-08T12:36:46.470217,
TXN-00016997,203,TRANSFER,99310.17,C1000084,0.0,-98745.27,M2485897,0,0,1,2026-01-08T12:36:46.470257,balance_mismatch
TXN-00016998,204,PAYMENT,803.59,C1000072,0.0,0.0,M3442828,0,0,0,2026-01-08T12:36:46.470339,
TXN-00016999,204,TRANSFER,1213.59,C1000004,178301.35,177087.76,M8310683,0,0,0,2026-01-08T12:36:46.470418,
TXN-00017000,204,PAYMENT,8360.52,C1000039,0.0,0.0,M4947831,0,0,0,2026-01-08T12:36:46.470536,
TXN-00017001,204,PAYMENT,10.0,C1000018,105879.14,105869.14,M8272078,0,0,0,2026-01-08T12:36:46.470602,
TXN-00017002,204,PAYMENT,20136.21,C1000019,0.0,0.0,M8199276,0,0,0,2026-01-08T12:36:46.470666,
TXN-00017003,214,CASH_OUT,196826.04,C1000084,0.0,0.0,M3094690,0,0,1,2026-01-08T12:36:46.470704,large_amount
TXN-00017004,204,TRANSFER,1439.2,C1000066,0.0,0.0,M2633851,0,0,0,2026-01-08T12:36:46.470762,
TXN-00017005,204,PAYMENT,19741.17,C1000024,0.0,0.0,M4870609,0,0,0,2026-01-08T12:36:46.470825,
TXN-00017006,204,CASH_IN,351.92,C1000004,177087.76,177439.68,M5706600,0,0,0,2026-01-08T12:36:46.470888,
TXN-00017007,204,PAYMENT,17700.42,C1000093,0.0,0.0,M2293040,0,0,0,2026-01-08T12:36:46.470956,
TXN-00017008,194,CASH_OUT,25040.0,C1000062,0.0,0.0,M9175037,0,0,1,2026-01-08T12:36:46.470990,night_transaction
TXN-00017009,212,TRANSFER,102666.33,C1000093,0.0,-102694.84,M2980448,0,0,1,2026-01-08T12:36:46.471016,balance_mismatch
TXN-00017010,213,CASH_OUT,98148.12,C1000029,0.0,0.0,M4775074,0,0,1,2026-01-08T12:36:46.471052,large_amount
TXN-00017011,214,CASH_OUT,30610.56,C1000032,0.0,0.0,M3158866,0,0,1,2026-01-08T12:36:46.471080,rapid_succession
TXN-00017012,204,PAYMENT,2354.25,C1000069,0.0,0.0,M2703186,0,0,0,2026-01-08T12:36:46.471142,
TXN-00017013,204,TRANSFER,10.0,C1000021,0.0,0.0,M3167907,0,0,0,2026-01-08T12:36:46.471198,
TXN-00017014,197,TRANSFER,24407.44,C1000027,0.0,0.0,M8427823,0,0,1,2026-01-08T12:36:46.471228,night_transaction
TXN-00017015,204,PAYMENT,3271.13,C1000049,0.0,0.0,M7945553,0,0,0,2026-01-08T12:36:46.471289,
TXN-00017016,204,CASH_OUT,12251.62,C1000067,0.0,0.0,M1811163,0,0,0,2026-01-08T12:36:46.471346,
TXN-00017017,209,CASH_OUT,77896.33,C1000099,0.0,0.0,M8011273,0,0,1,2026-01-08T12:36:46.471375,unusual_type
TXN-00017018,213,CASH_OUT,76488.02,C1000027,0.0,0.0,M6821221,0,0,1,2026-01-08T12:36:46.471400,large_amount
TXN-00017019,204,PAYMENT,1351.88,C1000083,162169.38,160817.5,M1818689,0,0,0,2026-01-08T12:36:46.471456,
TXN-00017020,204,PAYMENT,11099.35,C1000015,0.0,0.0,M2120266,0,0,0,2026-01-08T12:36:46.471516,
TXN-00017021,204,PAYMENT,7191.19,C1000036,0.0,0.0,M4376470,0,0,0,2026-01-08T12:36:46.471575,
TXN-00017022,204,CASH_IN,10.0,C1000064,0.0,10.0,M6925749,0,0,0,2026-01-08T12:36:46.471633,
TXN-00017023,204,PAYMENT,493.95,C1000016,92734.39,92240.44,M8219842,0,0,0,2026-01-08T12:36:46.471688,
TXN-00017024,204,PAYMENT,2074.69,C1000017,0.0,0.0,M2812222,0,0,0,2026-01-08T12:36:46.471746,
TXN-00017025,204,PAYMENT,10.0,C1000021,0.0,0.0,M5684968,0,0,0,2026-01-08T12:36:46.471802,
TXN-00017026,204,CASH_OUT,10373.93,C1000092,0.0,0.0,M9520889,0,0,0,2026-01-08T12:36:46.471856,
TXN-00017027,204,TRANSFER,10.0,C1000038,0.0,0.0,M7715225,0,0,0,2026-01-08T12:36:46.471912,
TXN-00017028,204,TRANSFER,933.29,C1000040,0.0,0.0,M7210928,0,0,0,2026-01-08T12:36:46.471968,
TXN-00017029,204,CASH_IN,1854.1,C1000017,0.0,1854.1,M1023802,0,0,0,2026-01-08T12:36:46.472024,
TXN-00017030,204,PAYMENT,1943.21,C1000004,177439.68,175496.47,M7411901,0,0,0,2026-01-08T12:36:46.472081,
TXN-00017031,204,PAYMENT,10.0,C1000049,0.0,0.0,M9356749,0,0,0,2026-01-08T12:36:46.472138,
TXN-00017032,204,PAYMENT,1958.31,C1000045,0.0,0.0,M4876564,0,0,0,2026-01-08T12:36:46.472192,
TXN-00017033,204,DEBIT,6407.26,C1000088,0.0,0.0,M1242670,0,0,0,2026-01-08T12:36:46.472248,
TXN-00017034,204,CASH_OUT,5647.11,C1000058,0.0,0.0,M8087754,0,0,0,2026-01-08T12:36:46.472304,
TXN-00017035,204,PAYMENT,14774.33,C1000095,0.0,0.0,M2577552,0,0,0,2026-01-08T12:36:46.472359,
TXN-00017036,204,CASH_OUT,6516.39,C1000059,0.0,0.0,M6807592,0,0,0,2026-01-08T12:36:46.472415,
TXN-00017037,204,TRANSFER,10.0,C1000075,431590.39,431580.39,M7401213,0,0,0,2026-01-08T12:36:46.472470,
TXN-00017038,204,TRANSFER,10.0,C1000004,175496.47,175486.47,M5474478,0,0,0,2026-01-08T12:36:46.472530,
TXN-00017039,204,PAYMENT,18023.13,C1000093,0.0,0.0,M3302864,0,0,0,2026-01-08T12:36:46.472585,
TXN-00017040,204,CASH_OUT,10.0,C1000097,0.0,0.0,M3693948,0,0,0,2026-01-08T12:36:46.472644,
TXN-00017041,204,CASH_OUT,4472.08,C1000025,0.0,0.0,M2301804,0,0,0,2026-01-08T12:36:46.472701,
TXN-00017042,204,PAYMENT,13479.36,C1000063,0.0,0.0,M2158602,0,0,0,2026-01-08T12:36:46.472756,
TXN-00017043,204,DEBIT,2542.59,C1000007,1151.15,0.0,M2789180,0,0,0,2026-01-08T12:36:46.472812,
TXN-00017044,204,DEBIT,206.36,C1000034,51804.54,51598.18,M4036615,0,0,0,2026-01-08T12:36:46.472868,
TXN-00017045,204,TRANSFER,4099.35,C1000058,0.0,0.0,M8592380,0,0,0,2026-01-08T12:36:46.472925,
TXN-00017046,204,PAYMENT,8587.66,C1000039,0.0,0.0,M3009777,0,0,0,2026-01-08T12:36:46.472987,
TXN-00017047,204,PAYMENT,32839.85,C1000067,0.0,0.0,M3767206,0,0,0,2026-01-08T12:36:46.473043,
TXN-00017048,204,PAYMENT,10.0,C1000040,0.0,0.0,M4097615,0,0,0,2026-01-08T12:36:46.473099,
TXN-00017049,204,TRANSFER,4435.59,C1000084,0.0,0.0,M6095960,0,0,0,2026-01-08T12:36:46.473153,
TXN-00017050,204,TRANSFER,721.11,C1000083,160817.5,160096.39,M9822898,0,0,0,2026-01-08T12:36:46.473208,
TXN-00017051,204,CASH_OUT,5188.44,C1000006,0.0,0.0,M1956221,0,0,0,2026-01-08T12:36:46.473265,
TXN-00017052,204,TRANSFER,40708.4,C1000012,0.0,0.0,M1559920,0,0,0,2026-01-08T12:36:46.473320,
TXN-00017053,204,CASH_OUT,18910.89,C1000019,0.0,0.0,M4978605,0,0,0,2026-01-08T12:36:46.473375,
TXN-00017054,214,CASH_OUT,68751.29,C1000073,0.0,0.0,M8773747,0,0,1,2026-01-08T12:36:46.473405,unusual_type
TXN-00017055,204,DEBIT,887.97,C1000041,172056.2,171168.23,M8091770,0,0,0,2026-01-08T12:36:46.473459,
TXN-00017056,204,PAYMENT,16979.06,C1000093,0.0,0.0,M1850911,0,0,0,2026-01-08T12:36:46.473518,
TXN-00017057,204,PAYMENT,197.8,C1000023,1688.12,1490.32,M7474130,0,0,0,2026-01-08T12:36:46.473573,
TXN-00017058,204,TRANSFER,10.0,C1000072,0.0,0.0,M5151084,0,0,0,2026-01-08T12:36:46.473629,
TXN-00017059,204,PAYMENT,18637.73,C1000019,0.0,0.0,M7516006,0,0,0,2026-01-08T12:36:46.473683,
TXN-00017060,204,TRANSFER,840.99,C1000081,58018.43,57177.45,M2615247,0,0,0,2026-01-08T12:36:46.473745,
TXN-00017061,204,CASH_OUT,24503.04,C1000037,0.0,0.0,M6847954,0,0,0,2026-01-08T12:36:46.473802,
TXN-00017062,204,PAYMENT,24951.11,C1000067,0.0,0.0,M1128581,0,0,0,2026-01-08T12:36:46.473857,
TXN-00017063,204,DEBIT,173052.73,C1000050,0.0,0.0,M4331312,0,0,0,2026-01-08T12:36:46.473912,
TXN-00017064,204,PAYMENT,23099.39,C1000037,0.0,0.0,M6839860,0,0,0,2026-01-08T12:36:46.473967,
TXN-00017065,204,DEBIT,1098.47,C1000083,160096.39,158997.92,M4265903,0,0,0,2026-01-08T12:36:46.474023,
TXN-00017066,204,TRANSFER,12741.65,C1000054,0.0,0.0,M1173670,0,0,0,2026-01-08T12:36:46.474079,
TXN-00017067,204,CASH_OUT,13111.07,C1000005,0.0,0.0,M9352526,0,0,0,2026-01-08T12:36:46.474134,
TXN-00017068,204,TRANSFER,1441.63,C1000001,43137.23,41695.59,M2374871,0,0,0,2026-01-08T12:36:46.474189,
TXN-00017069,204,DEBIT,4468.98,C1000027,0.0,0.0,M1498200,0,0,0,2026-01-08T12:36:46.474245,
TXN-00017070,204,PAYMENT,3026.2,C1000006,0.0,0.0,M1909559,0,0,0,2026-01-08T12:36:46.474300,
TXN-00017071,196,CASH_OUT,190021.75,C1000066,0.0,0.0,M5392278,0,0,1,2026-01-08T12:36:46.474329,large_amount
TXN-00017072,196,TRANSFER,50705.89,C1000034,51598.18,2574.0,M3350602,0,0,1,2026-01-08T12:36:46.474354,balance_mismatch
TXN-00017073,204,PAYMENT,9422.68,C1000005,0.0,0.0,M5168482,0,0,0,2026-01-08T12:36:46.474415,
TXN-00017074,204,PAYMENT,1296.69,C1000044,0.0,0.0,M6503936,0,0,0,2026-01-08T12:36:46.474470,
TXN-00017075,200,CASH_OUT,37092.96,C1000018,105869.14,68776.18,M5900774,0,0,1,2026-01-08T12:36:46.474499,rapid_succession
TXN-00017076,194,CASH_OUT,25912.15,C1000092,0.0,0.0,M3041457,0,0,1,2026-01-08T12:36:46.474526,rapid_succession
TXN-00017077,204,PAYMENT,348.72,C1000018,105869.14,105520.42,M4273654,0,0,0,2026-01-08T12:36:46.474580,
TXN-00017078,204,PAYMENT,173305.11,C1000050,0.0,0.0,M7301990,0,0,0,2026-01-08T12:36:46.474639,
TXN-00017079,194,CASH_OUT,64388.32,C1000062,0.0,0.0,M4461787,0,0,1,2026-01-08T12:36:46.474668,night_transaction
TXN-00017080,204,CASH_OUT,10.0,C1000072,0.0,0.0,M7682865,0,0,0,2026-01-08T12:36:46.474722,
TXN-00017081,204,PAYMENT,574.23,C1000075,431580.39,431006.16,M5704905,0,0,0,2026-01-08T12:36:46.474776,
TXN-00017082,204,PAYMENT,7541.08,C1000013,0.0,0.0,M7494438,0,0,0,2026-01-08T12:36:46.474833,
TXN-00017083,204,CASH_OUT,1388.73,C1000014,101913.95,100525.22,M1676275,0,0,0,2026-01-08T12:36:46.474888,
TXN-00017084,204,PAYMENT,7460.42,C1000051,14670.64,7210.22,M3204645,0,0,0,2026-01-08T12:36:46.474945,
TXN-00017085,204,PAYMENT,2006.83,C1000047,0.0,0.0,M7881537,0,0,0,2026-01-08T12:36:46.475005,
TXN-00017086,204,PAYMENT,10.0,C1000033,0.0,0.0,M4999032,0,0,0,2026-01-08T12:36:46.475061,
TXN-00017087,204,CASH_OUT,1243.41,C1000097,0.0,0.0,M5345156,0,0,0,2026-01-08T12:36:46.475119,
TXN-00017088,195,TRANSFER,65166.4,C1000043,0.0,0.0,M3324517,0,0,1,2026-01-08T12:36:46.475149,night_transaction
TXN-00017089,204,TRANSFER,26506.39,C1000056,0.0,0.0,M1367910,0,0,0,2026-01-08T12:36:46.475203,
TXN-00017090,204,PAYMENT,6258.78,C1000052,0.0,0.0,M7822438,0,0,0,2026-01-08T12:36:46.475258,
TXN-00017091,204,CASH_IN,284.86,C1000055,140792.09,141076.95,M6531753,0,0,0,2026-01-08T12:36:46.475314,
TXN-00017092,204,TRANSFER,2383.6,C1000006,0.0,0.0,M7412877,0,0,0,2026-01-08T12:36:46.475371,
TXN-00017093,204,CASH_OUT,10.0,C1000047,0.0,0.0,M3086361,0,0,0,2026-01-08T12:36:46.475426,
TXN-00017094,204,PAYMENT,1881.8,C1000070,0.0,0.0,M9885384,0,0,0,2026-01-08T12:36:46.475479,
TXN-00017095,204,CASH_OUT,6818.14,C1000025,0.0,0.0,M7472149,0,0,0,2026-01-08T12:36:46.475558,
TXN-00017096,196,TRANSFER,80412.13,C1000017,1854.1,-82730.1,M6214423,0,0,1,2026-01-08T12:36:46.475596,balance_mismatch
TXN-00017097,195,TRANSFER,45329.25,C1000062,0.0,0.0,M7470520,0,0,1,2026-01-08T12:36:46.475635,rapid_succession
TXN-00017098,204,DEBIT,3413.54,C1000045,0.0,0.0,M7085086,0,0,0,2026-01-08T12:36:46.475709,
TXN-00017099,204,CASH_OUT,912.29,C1000094,153422.01,152509.72,M7487014,0,0,0,2026-01-08T12:36:46.475774,
TXN-00017100,204,DEBIT,6335.8,C1000059,0.0,0.0,M8356889,0,0,0,2026-01-08T12:36:46.475830,
TXN-00017101,204,TRANSFER,5292.66,C1000042,0.0,0.0,M2267885,0,0,0,2026-01-08T12:36:46.475901,
TXN-00017102,204,CASH_IN,10130.26,C1000092,0.0,10130.26,M9193270,0,0,0,2026-01-08T12:36:46.476191,
TXN-00017103,204,CASH_IN,5690.67,C1000059,0.0,5690.67,M7802574,0,0,0,2026-01-08T12:36:46.476514,
TXN-00017104,204,TRANSFER,10164.05,C1000092,10130.26,0.0,M4209493,0,0,0,2026-01-08T12:36:46.476694,
TXN-00017105,204,CASH_OUT,612.16,C1000077,45364.54,44752.38,M4319411,0,0,0,2026-01-08T12:36:46.476824,
TXN-00017106,204,TRANSFER,1347.98,C1000004,175486.47,174138.5,M4083890,0,0,0,2026-01-08T12:36:46.476939,
TXN-00017107,204,CASH_OUT,13455.88,C1000063,0.0,0.0,M9070816,0,0,0,2026-01-08T12:36:46.477032,
TXN-00017108,204,PAYMENT,32943.23,C1000073,0.0,0.0,M6003821,0,0,0,2026-01-08T12:36:46.477108,
TXN-00017109,204,CASH_OUT,827.43,C1000075,431006.16,430178.73,M5642643,0,0,0,2026-01-08T12:36:46.477176,
TXN-00017110,204,PAYMENT,4651.11,C1000032,0.0,0.0,M9097026,0,0,0,2026-01-08T12:36:46.477245,
TXN-00017111,204,PAYMENT,4907.86,C1000096,97443.67,92535.8,M1076487,0,0,0,2026-01-08T12:36:46.477374,
TXN-00017112,204,TRANSFER,5949.53,C1000084,0.0,0.0,M1428468,0,0,0,2026-01-08T12:36:46.477469,
TXN-00017113,204,PAYMENT,10.0,C1000060,51215.91,51205.91,M7908619,0,0,0,2026-01-08T12:36:46.477552,
TXN-00017114,204,CASH_OUT,1662.82,C1000070,0.0,0.0,M5155306,0,0,0,2026-01-08T12:36:46.477633,
TXN-00017115,204,TRANSFER,13152.5,C1000082,0.0,0.0,M9581286,0,0,0,2026-01-08T12:36:46.477700,
TXN-00017116,204,DEBIT,1708.26,C1000072,0.0,0.0,M1816856,0,0,0,2026-01-08T12:36:46.477765,
TXN-00017117,204,PAYMENT,1676.94,C1000094,152509.72,150832.78,M4470206,0,0,0,2026-01-08T12:36:46.477825,
TXN-00017118,204,TRANSFER,19652.26,C1000035,0.0,0.0,M8081496,0,0,0,2026-01-08T12:36:46.477887,
TXN-00017119,204,PAYMENT,17746.0,C1000024,0.0,0.0,M7086006,0,0,0,2026-01-08T12:36:46.477949,
TXN-00017120,204,CASH_OUT,2369.66,C1000007,0.0,0.0,M8820537,0,0,0,2026-01-08T12:36:46.478010,
TXN-00017121,204,CASH_OUT,671.48,C1000021,0.0,0.0,M4470561,0,0,0,2026-01-08T12:36:46.478070,
TXN-00017122,213,CASH_OUT,40559.2,C1000048,176828.02,136268.82,M2529340,0,0,1,2026-01-08T12:36:46.478107,rapid_succession
TXN-00017123,204,TRANSFER,1555.76,C1000008,167599.08,166043.31,M2186393,0,0,0,2026-01-08T12:36:46.478169,
TXN-00017124,204,TRANSFER,30941.83,C1000082,0.0,0.0,M4402891,0,0,1,2026-01-08T12:36:46.478202,rapid_succession
TXN-00017125,204,CASH_OUT,6313.08,C1000059,5690.67,0.0,M1079270,0,0,0,2026-01-08T12:36:46.478346,
TXN-00017126,204,DEBIT,173601.7,C1000050,0.0,0.0,M6527992,0,0,0,2026-01-08T12:36:46.478551,
TXN-00017127,204,PAYMENT,1010.46,C1000083,158997.92,157987.46,M8051186,0,0,0,2026-01-08T12:36:46.478653,
TXN-00017128,204,DEBIT,1650.68,C1000097,0.0,0.0,M7640371,0,0,0,2026-01-08T12:36:46.478717,
TXN-00017129,197,TRANSFER,21334.97,C1000041,171168.23,149833.26,M8857043,0,0,1,2026-01-08T12:36:46.478749,night_transaction
TXN-00017130,204,TRANSFER,10.0,C1000080,0.0,0.0,M1081407,0,0,0,2026-01-08T12:36:46.478810,
TXN-00017131,204,CASH_IN,10.0,C1000080,0.0,10.0,M6305827,0,0,0,2026-01-08T12:36:46.478868,
TXN-00017132,204,PAYMENT,4740.97,C1000052,0.0,0.0,M4889721,0,0,0,2026-01-08T12:36:46.478924,
TXN-00017133,204,TRANSFER,4982.5,C1000025,0.0,0.0,M2431654,0,0,0,2026-01-08T12:36:46.478982,
TXN-00017134,204,TRANSFER,10.0,C1000068,60660.89,60650.89,M2079280,0,0,0,2026-01-08T12:36:46.479040,
TXN-00017135,204,PAYMENT,1568.55,C1000038,0.0,0.0,M3994303,0,0,0,2026-01-08T12:36:46.479098,
TXN-00017136,204,CASH_OUT,1963.39,C1000090,128458.35,126494.95,M5045369,0,0,0,2026-01-08T12:36:46.479159,
TXN-00017137,204,TRANSFER,6798.04,C1000088,0.0,0.0,M7399133,0,0,0,2026-01-08T12:36:46.479218,
TXN-00017138,204,TRANSFER,10.0,C1000042,0.0,0.0,M6018611,0,0,0,2026-01-08T12:36:46.479275,
TXN-00017139,204,CASH_OUT,3774.53,C1000043,0.0,0.0,M2600401,0,0,0,2026-01-08T12:36:46.479330,
TXN-00017140,204,CASH_OUT,686.42,C1000057,0.0,0.0,M8662689,0,0,0,2026-01-08T12:36:46.479386,
TXN-00017141,204,PAYMENT,9956.75,C1000054,0.0,0.0,M6167106,0,0,0,2026-01-08T12:36:46.479441,
TXN-00017142,204,PAYMENT,613.36,C1000009,119156.95,118543.59,M7459312,0,0,0,2026-01-08T12:36:46.479497,
TXN-00017143,204,PAYMENT,568.08,C1000009,118543.59,117975.51,M8876614,0,0,0,2026-01-08T12:36:46.479555,
TXN-00017144,204,PAYMENT,6708.9,C1000059,0.0,0.0,M3580575,0,0,0,2026-01-08T12:36:46.479614,
TXN-00017145,204,PAYMENT,10.0,C1000098,155098.74,155088.74,M5859734,0,0,0,2026-01-08T12:36:46.479670,
TXN-00017146,204,TRANSFER,10.0,C1000075,430178.73,430168.73,M9118270,0,0,0,2026-01-08T12:36:46.479727,
TXN-00017147,204,CASH_OUT,20312.62,C1000024,0.0,0.0,M9336710,0,0,0,2026-01-08T12:36:46.479783,
TXN-00017148,204,PAYMENT,15436.66,C1000024,0.0,0.0,M5544722,0,0,0,2026-01-08T12:36:46.479838,
TXN-00017149,196,TRANSFER,37657.06,C1000003,0.0,0.0,M1009931,0,0,1,2026-01-08T12:36:46.479875,night_transaction
TXN-00017150,204,PAYMENT,96309.52,C1000064,10.0,0.0,M1103041,0,0,0,2026-01-08T12:36:46.479954,
TXN-00017151,204,CASH_OUT,26011.83,C1000056,0.0,0.0,M4991991,0,0,0,2026-01-08T12:36:46.480034,
TXN-00017152,204,PAYMENT,173168.64,C1000050,0.0,0.0,M7054936,0,0,0,2026-01-08T12:36:46.480087,
TXN-00017153,204,PAYMENT,952.14,C1000094,150832.78,149880.63,M4090576,0,0,0,2026-01-08T12:36:46.480155,
TXN-00017154,205,TRANSFER,41779.02,C1000064,0.0,0.0,M7613073,0,0,1,2026-01-08T12:36:46.480208,rapid_succession
TXN-00017155,204,TRANSFER,4094.51,C1000096,92535.8,88441.29,M5630836,0,0,0,2026-01-08T12:36:46.480289,
TXN-00017156,204,PAYMENT,1103.38,C1000008,166043.31,164939.94,M1935066,0,0,0,2026-01-08T12:36:46.480374,
TXN-00017157,204,PAYMENT,4850.96,C1000085,0.0,0.0,M3198432,0,0,0,2026-01-08T12:36:46.480459,
TXN-00017158,204,PAYMENT,1393.19,C1000022,0.0,0.0,M3873090,0,0,0,2026-01-08T12:36:46.480532,
TXN-00017159,204,PAYMENT,34776.63,C1000073,0.0,0.0,M5803441,0,0,0,2026-01-08T12:36:46.480608,
TXN-00017160,204,TRANSFER,2613.59,C1000026,65634.32,63020.72,M1262274,0,0,0,2026-01-08T12:36:46.480710,
TXN-00017161,204,PAYMENT,3477.37,C1000045,0.0,0.0,M3982237,0,0,0,2026-01-08T12:36:46.480774,
TXN-00017162,204,CASH_IN,3341.24,C1000089,80796.78,84138.03,M7221392,0,0,0,2026-01-08T12:36:46.480835,
TXN-00017163,204,PAYMENT,2133.02,C1000061,198856.31,196723.29,M3806588,0,0,0,2026-01-08T12:36:46.480913,
TXN-00017164,204,CASH_IN,6044.53,C1000003,0.0,6044.53,M3558191,0,0,0,2026-01-08T12:36:46.480980,
TXN-00017165,204,PAYMENT,336.02,C1000081,57177.45,56841.42,M1843176,0,0,0,2026-01-08T12:36:46.481043,
TXN-00017166,204,CASH_OUT,1749.54,C1000071,118272.68,116523.14,M3576645,0,0,0,2026-01-08T12:36:46.481107,
TXN-00017167,204,TRANSFER,1542.7,C1000070,0.0,0.0,M3832050,0,0,0,2026-01-08T12:36:46.481177,
TXN-00017168,204,PAYMENT,817.09,C1000077,44752.38,43935.29,M7366635,0,0,0,2026-01-08T12:36:46.481239,
TXN-00017169,204,PAYMENT,4614.37,C1000032,0.0,0.0,M9803264,0,0,0,2026-01-08T12:36:46.481301,
TXN-00017170,204,DEBIT,3858.32,C1000010,0.0,0.0,M9725855,0,0,0,2026-01-08T12:36:46.481363,
TXN-00017171,204,CASH_OUT,12718.75,C1000005,0.0,0.0,M2052809,0,0,0,2026-01-08T12:36:46.481424,
TXN-00017172,204,CASH_OUT,3206.59,C1000069,0.0,0.0,M2614701,0,0,0,2026-01-08T12:36:46.481485,
TXN-00017173,204,CASH_OUT,42611.39,C1000032,0.0,0.0,M4693613,0,0,1,2026-01-08T12:36:46.481520,rapid_succession
TXN-00017174,204,PAYMENT,25.81,C1000034,51598.18,51572.37,M6129448,0,0,0,2026-01-08T12:36:46.481582,
TXN-00017175,204,TRANSFER,2453.01,C1000044,0.0,0.0,M5264609,0,0,0,2026-01-08T12:36:46.481645,
TXN-00017176,204,PAYMENT,1678.95,C1000090,126494.95,124816.0,M6138960,0,0,0,2026-01-08T12:36:46.481707,
TXN-00017177,204,TRANSFER,1834.63,C1000077,43935.29,42100.66,M6656737,0,0,0,2026-01-08T12:36:46.481777,
TXN-00017178,204,TRANSFER,10.0,C1000022,0.0,0.0,M9236174,0,0,0,2026-01-08T12:36:46.481840,
TXN-00017179,204,PAYMENT,481.07,C1000082,0.0,0.0,M5897044,0,0,0,2026-01-08T12:36:46.481899,
TXN-00017180,204,DEBIT,1362.02,C1000044,0.0,0.0,M1798884,0,0,0,2026-01-08T12:36:46.481960,
TXN-00017181,192,TRANSFER,137331.59,C1000005,0.0,-139588.92,M1354510,0,0,1,2026-01-08T12:36:46.481991,balance_mismatch
TXN-00017182,204,TRANSFER,1818.81,C1000089,84138.03,82319.22,M6716773,0,0,0,2026-01-08T12:36:46.482057,
TXN-00017183,204,CASH_OUT,176.0,C1000066,0.0,0.0,M6814348,0,0,0,2026-01-08T12:36:46.482125,
TXN-00017184,204,TRANSFER,568.06,C1000075,430168.73,429600.67,M3315861,0,0,0,2026-01-08T12:36:46.482188,
TXN-00017185,204,CASH_OUT,3996.74,C1000030,0.0,0.0,M3815915,0,0,0,2026-01-08T12:36:46.482250,
TXN-00017186,204,DEBIT,7490.27,C1000099,0.0,0.0,M2444032,0,0,0,2026-01-08T12:36:46.482311,
TXN-00017187,200,CASH_OUT,100277.17,C1000051,7210.22,0.0,M5776468,0,0,1,2026-01-08T12:36:46.482343,unusual_type
TXN-00017188,204,PAYMENT,21462.9,C1000095,0.0,0.0,M9278385,0,0,0,2026-01-08T12:36:46.482405,
TXN-00017189,204,CASH_OUT,5831.55,C1000005,0.0,0.0,M3644702,0,0,0,2026-01-08T12:36:46.482466,
TXN-00017190,204,PAYMENT,14111.81,C1000074,0.0,0.0,M3138344,0,0,0,2026-01-08T12:36:46.482528,
TXN-00017191,197,CASH_OUT,73411.74,C1000028,0.0,0.0,M6236926,0,0,1,2026-01-08T12:36:46.482559,night_transaction
TXN-00017192,206,CASH_OUT,137017.41,C1000099,0.0,0.0,M2064223,0,0,1,2026-01-08T12:36:46.482589,large_amount
TXN-00017193,204,PAYMENT,1998.0,C1000023,1490.32,0.0,M1777187,0,0,0,2026-01-08T12:36:46.482649,
TXN-00017194,204,PAYMENT,8509.07,C1000039,0.0,0.0,M7580652,0,0,0,2026-01-08T12:36:46.482711,
TXN-00017195,204,PAYMENT,4668.04,C1000003,6044.53,1376.5,M5296638,0,0,0,2026-01-08T12:36:46.482773,
TXN-00017196,204,PAYMENT,6220.8,C1000059,0.0,0.0,M6616513,0,0,0,2026-01-08T12:36:46.482844,
TXN-00017197,204,PAYMENT,2989.1,C1000030,0.0,0.0,M4505318,0,0,0,2026-01-08T12:36:46.482905,
TXN-00017198,204,DEBIT,2913.49,C1000085,0.0,0.0,M6201878,0,0,0,2026-01-08T12:36:46.482966,
TXN-00017199,204,CASH_OUT,3308.6,C1000045,0.0,0.0,M6319676,0,0,0,2026-01-08T12:36:46.483027,
TXN-00017200,204,TRANSFER,10209.88,C1000092,0.0,0.0,M2001119,0,0,0,2026-01-08T12:36:46.483088,
TXN-00017201,204,PAYMENT,310.76,C1000060,51205.91,50895.14,M2718692,0,0,0,2026-01-08T12:36:46.483154,
TXN-00017202,204,CASH_IN,10.0,C1000042,0.0,10.0,M9623327,0,0,0,2026-01-08T12:36:46.483217,
TXN-00017203,204,CASH_OUT,1828.33,C1000008,164939.94,163111.6,M8591274,0,0,0,2026-01-08T12:36:46.483277,
TXN-00017204,204,TRANSFER,1644.36,C1000030,0.0,0.0,M8567061,0,0,0,2026-01-08T12:36:46.483340,
TXN-00017205,204,PAYMENT,3482.12,C1000045,0.0,0.0,M7522608,0,0,0,2026-01-08T12:36:46.483401,
TXN-00017206,204,PAYMENT,10.0,C1000029,0.0,0.0,M2654497,0,0,0,2026-01-08T12:36:46.483461,
TXN-00017207,204,PAYMENT,3680.34,C1000002,178427.07,174746.73,M2454107,0,0,0,2026-01-08T12:36:46.483520,
TXN-00017208,204,TRANSFER,2015.59,C1000017,1854.1,0.0,M4447137,0,0,0,2026-01-08T12:36:46.483581,
TXN-00017209,208,CASH_OUT,49989.73,C1000018,105520.42,55530.69,M2572099,0,0,1,2026-01-08T12:36:46.483613,unusual_type
TXN-00017210,204,TRANSFER,1368.71,C1000055,141076.95,139708.24,M7122734,0,0,0,2026-01-08T12:36:46.483674,
TXN-00017211,204,TRANSFER,16477.74,C1000074,0.0,0.0,M9884611,0,0,0,2026-01-08T12:36:46.483736,
TXN-00017212,204,DEBIT,2275.33,C1000001,41695.59,39420.27,M5369853,0,0,0,2026-01-08T12:36:46.483797,
TXN-00017213,201,CASH_OUT,131709.43,C1000088,0.0,0.0,M9253862,0,0,1,2026-01-08T12:36:46.483828,large_amount
TXN-00017214,204,PAYMENT,1105.77,C1000083,157987.46,156881.69,M5311323,0,0,0,2026-01-08T12:36:46.483888,
TXN-00017215,204,TRANSFER,22166.81,C1000042,10.0,0.0,M6941438,0,0,0,2026-01-08T12:36:46.483952,
TXN-00017216,204,PAYMENT,4486.94,C1000047,0.0,0.0,M2716273,0,0,0,2026-01-08T12:36:46.484012,
TXN-00017217,204,TRANSFER,46706.49,C1000053,0.0,0.0,M4409845,0,0,0,2026-01-08T12:36:46.484073,
TXN-00017218,211,CASH_OUT,32016.36,C1000050,0.0,0.0,M5897021,0,0,1,2026-01-08T12:36:46.484106,rapid_succession
TXN-00017219,204,PAYMENT,9589.09,C1000015,0.0,0.0,M4741449,0,0,0,2026-01-08T12:36:46.484166,
TXN-00017220,204,TRANSFER,5990.94,C1000052,0.0,0.0,M6136078,0,0,0,2026-01-08T12:36:46.484226,
TXN-00017221,194,CASH_OUT,67610.3,C1000093,0.0,0.0,M5245461,0,0,1,2026-01-08T12:36:46.484255,unusual_type
TXN-00017222,204,TRANSFER,39.13,C1000004,174138.5,174099.37,M8648207,0,0,0,2026-01-08T12:36:46.484315,
TXN-00017223,204,CASH_OUT,7393.85,C1000014,100525.22,93131.37,M2399445,0,0,0,2026-01-08T12:36:46.484378,
TXN-00017224,204,TRANSFER,10.0,C1000014,93131.37,93121.37,M3474048,0,0,0,2026-01-08T12:36:46.484439,
TXN-00017225,204,PAYMENT,1960.73,C1000071,116523.14,114562.41,M4367383,0,0,0,2026-01-08T12:36:46.484500,
TXN-00017226,204,CASH_OUT,5365.74,C1000025,0.0,0.0,M3259934,0,0,0,2026-01-08T12:36:46.484561,
TXN-00017227,204,CASH_OUT,40627.43,C1000012,0.0,0.0,M8751828,0,0,0,2026-01-08T12:36:46.484622,
TXN-00017228,193,TRANSFER,106193.32,C1000008,163111.6,57198.56,M6130112,0,0,1,2026-01-08T12:36:46.484651,balance_mismatch
TXN-00017229,204,PAYMENT,403.99,C1000075,429600.67,429196.68,M3489206,0,0,0,2026-01-08T12:36:46.484718,
TXN-00017230,209,CASH_OUT,138387.3,C1000086,61891.17,0.0,M4088541,0,0,1,2026-01-08T12:36:46.484748,large_amount
TXN-00017231,204,PAYMENT,10.0,C1000048,176828.02,176818.02,M4407025,0,0,0,2026-01-08T12:36:46.484807,
TXN-00017232,215,CASH_OUT,118685.03,C1000037,0.0,0.0,M9727298,0,0,1,2026-01-08T12:36:46.484838,unusual_type
TXN-00017233,204,TRANSFER,21281.88,C1000019,0.0,0.0,M6700310,0,0,0,2026-01-08T12:36:46.484898,
TXN-00017234,204,TRANSFER,354.07,C1000007,0.0,0.0,M4508221,0,0,0,2026-01-08T12:36:46.484959,
TXN-00017235,204,CASH_OUT,1409.12,C1000069,0.0,0.0,M1061621,0,0,0,2026-01-08T12:36:46.485021,
TXN-00017236,194,CASH_OUT,189347.92,C1000075,429196.68,239848.76,M2041720,0,0,1,2026-01-08T12:36:46.485050,large_amount
TXN-00017237,204,PAYMENT,368.31,C1000066,0.0,0.0,M1628507,0,0,0,2026-01-08T12:36:46.485112,
TXN-00017238,192,TRANSFER,112283.98,C1000071,114562.41,5414.32,M9230102,0,0,1,2026-01-08T12:36:46.485142,balance_mismatch
TXN-00017239,204,CASH_OUT,9527.52,C1000031,0.0,0.0,M8864177,0,0,0,2026-01-08T12:36:46.485209,
TXN-00017240,204,CASH_OUT,7442.64,C1000091,0.0,0.0,M6587028,0,0,0,2026-01-08T12:36:46.485269,
TXN-00017241,204,PAYMENT,1103.2,C1000008,163111.6,162008.41,M9266727,0,0,0,2026-01-08T12:36:46.485329,
TXN-00017242,204,DEBIT,7178.08,C1000099,0.0,0.0,M8114349,0,0,0,2026-01-08T12:36:46.485391,
TXN-00017243,204,TRANSFER,54698.56,C1000000,54465.75,0.0,M6934870,0,0,0,2026-01-08T12:36:46.485455,
TXN-00017244,204,PAYMENT,4948.12,C1000010,0.0,0.0,M4170709,0,0,0,2026-01-08T12:36:46.485520,
TXN-00017245,207,TRANSFER,114524.81,C1000094,149880.63,33786.59,M5269266,0,0,1,2026-01-08T12:36:46.485558,balance_mismatch
TXN-00017246,204,TRANSFER,12386.52,C1000005,0.0,0.0,M6112286,0,0,0,2026-01-08T12:36:46.485623,
TXN-00017247,204,PAYMENT,1858.29,C1000017,0.0,0.0,M3936198,0,0,0,2026-01-08T12:36:46.485693,
TXN-00017248,204,PAYMENT,11180.67,C1000054,0.0,0.0,M6763080,0,0,0,2026-01-08T12:36:46.485771,
TXN-00017249,204,PAYMENT,19145.31,C1000035,0.0,0.0,M6192515,0,0,0,2026-01-08T12:36:46.485835,
TXN-00017250,204,PAYMENT,9096.67,C1000080,10.0,0.0,M8475164,0,0,0,2026-01-08T12:36:46.485894,
TXN-00017251,204,CASH_IN,10055.4,C1000092,0.0,10055.4,M3888345,0,0,0,2026-01-08T12:36:46.485952,
TXN-00017252,204,PAYMENT,976.97,C1000022,0.0,0.0,M5167104,0,0,0,2026-01-08T12:36:46.486014,
TXN-00017253,204,TRANSFER,1075.14,C1000041,171168.23,170093.08,M6949417,0,0,0,2026-01-08T12:36:46.486084,
TXN-00017254,211,CASH_OUT,65333.19,C1000035,0.0,0.0,M7734157,0,0,1,2026-01-08T12:36:46.486123,unusual_type
TXN-00017255,204,PAYMENT,2783.56,C1000069,0.0,0.0,M5575287,0,0,0,2026-01-08T12:36:46.486183,
TXN-00017256,204,PAYMENT,38190.44,C1000012,0.0,0.0,M1775074,0,0,0,2026-01-08T12:36:46.486241,
TXN-00017257,204,DEBIT,25026.38,C1000095,0.0,0.0,M7909969,0,0,0,2026-01-08T12:36:46.486299,
TXN-00017258,204,TRANSFER,4101.54,C1000003,1376.5,0.0,M4064036,0,0,0,2026-01-08T12:36:46.486357,
TXN-00017259,204,PAYMENT,337.28,C1000021,0.0,0.0,M2826450,0,0,0,2026-01-08T12:36:46.486416,
TXN-00017260,204,PAYMENT,7303.55,C1000078,0.0,0.0,M1113278,0,0,0,2026-01-08T12:36:46.486473,
TXN-00017261,204,CASH_OUT,8557.81,C1000039,0.0,0.0,M2329139,0,0,0,2026-01-08T12:36:46.486530,
TXN-00017262,204,CASH_OUT,1651.02,C1000068,60650.89,58999.87,M2165085,0,0,0,2026-01-08T12:36:46.486586,
TXN-00017263,206,CASH_OUT,31993.8,C1000081,56841.42,24847.62,M9570708,0,0,1,2026-01-08T12:36:46.486619,rapid_succession
TXN-00017264,204,TRANSFER,55051.48,C1000000,0.0,0.0,M3179684,0,0,0,2026-01-08T12:36:46.486675,
TXN-00017265,204,CASH_IN,55.67,C1000060,50895.14,50950.81,M4996369,0,0,0,2026-01-08T12:36:46.486732,
TXN-00017266,204,TRANSFER,658.97,C1000040,0.0,0.0,M5043743,0,0,0,2026-01-08T12:36:46.486789,
TXN-00017267,204,PAYMENT,1455.99,C1000081,56841.42,55385.44,M1882431,0,0,0,2026-01-08T12:36:46.486845,
TXN-00017268,202,TRANSFER,79048.48,C1000019,0.0,-74648.65,M5197618,0,0,1,2026-01-08T12:36:46.486875,balance_mismatch
TXN-00017269,204,PAYMENT,50143.27,C1000053,0.0,0.0,M9659953,0,0,0,2026-01-08T12:36:46.486936,
TXN-00017270,204,CASH_IN,2786.52,C1000043,0.0,2786.52,M2143714,0,0,0,2026-01-08T12:36:46.486994,
TXN-00017271,202,CASH_OUT,34032.05,C1000093,0.0,0.0,M2102091,0,0,1,2026-01-08T12:36:46.487023,rapid_succession
TXN-00017272,204,TRANSFER,7392.66,C1000099,0.0,0.0,M1134377,0,0,0,2026-01-08T12:36:46.487078,
TXN-00017273,204,TRANSFER,3598.9,C1000026,63020.72,59421.82,M6561984,0,0,0,2026-01-08T12:36:46.487138,
TXN-00017274,215,TRANSFER,24765.41,C1000038,0.0,0.0,M8172787,0,0,1,2026-01-08T12:36:46.487169,rapid_succession
TXN-00017275,204,PAYMENT,8342.89,C1000039,0.0,0.0,M6047720,0,0,0,2026-01-08T12:36:46.487225,
TXN-00017276,204,TRANSFER,335.63,C1000094,149880.63,149545.0,M4335749,0,0,0,2026-01-08T12:36:46.487281,
TXN-00017277,204,TRANSFER,7645.25,C1000099,0.0,0.0,M1894108,0,0,0,2026-01-08T12:36:46.487338,
TXN-00017278,204,CASH_OUT,8958.62,C1000039,0.0,0.0,M6574281,0,0,0,2026-01-08T12:36:46.487394,
TXN-00017279,204,PAYMENT,10.0,C1000048,176818.02,176808.02,M1315309,0,0,0,2026-01-08T12:36:46.487450,
TXN-00017280,204,PAYMENT,15638.66,C1000095,0.0,0.0,M8852892,0,0,0,2026-01-08T12:36:46.487507,
TXN-00017281,204,PAYMENT,4390.8,C1000097,0.0,0.0,M5188000,0,0,0,2026-01-08T12:36:46.487564,
TXN-00017282,204,PAYMENT,1034.3,C1000034,51572.37,50538.07,M8887758,0,0,0,2026-01-08T12:36:46.487620,
TXN-00017283,200,TRANSFER,86975.69,C1000042,0.0,-90614.6,M1172357,0,0,1,2026-01-08T12:36:46.487649,balance_mismatch
TXN-00017284,204,PAYMENT,4436.24,C1000065,0.0,0.0,M7579509,0,0,0,2026-01-08T12:36:46.487706,
TXN-00017285,204,PAYMENT,25524.41,C1000064,0.0,0.0,M3839907,0,0,0,2026-01-08T12:36:46.487762,
TXN-00017286,204,DEBIT,18218.64,C1000005,0.0,0.0,M5050082,0,0,0,2026-01-08T12:36:46.487818,
TXN-00017287,204,TRANSFER,1151.13,C1000061,196723.29,195572.16,M3610212,0,0,0,2026-01-08T12:36:46.487873,
TXN-00017288,199,CASH_OUT,49631.45,C1000040,0.0,0.0,M3253687,0,0,1,2026-01-08T12:36:46.487905,rapid_succession
TXN-00017289,204,DEBIT,2776.84,C1000070,0.0,0.0,M1878712,0,0,0,2026-01-08T12:36:46.487957,
TXN-00017290,204,TRANSFER,2855.8,C1000098,155088.74,152232.94,M1679862,0,0,0,2026-01-08T12:36:46.488012,
TXN-00017291,204,PAYMENT,161.07,C1000077,42100.66,41939.59,M1479597,0,0,0,2026-01-08T12:36:46.488068,
TXN-00017292,203,TRANSFER,38184.19,C1000032,0.0,-40988.96,M8313643,0,0,1,2026-01-08T12:36:46.488103,balance_mismatch
TXN-00017293,204,TRANSFER,8665.63,C1000058,0.0,0.0,M8048429,0,0,0,2026-01-08T12:36:46.488170,
TXN-00017294,204,PAYMENT,12647.27,C1000054,0.0,0.0,M2004225,0,0,0,2026-01-08T12:36:46.488240,
TXN-00017295,204,PAYMENT,32.49,C1000020,232399.43,232366.94,M4911405,0,0,0,2026-01-08T12:36:46.488304,
TXN-00017296,204,PAYMENT,1768.06,C1000086,61891.17,60123.11,M8468287,0,0,0,2026-01-08T12:36:46.488358,
TXN-00017297,204,TRANSFER,595.43,C1000060,50950.81,50355.38,M6331558,0,0,0,2026-01-08T12:36:46.488413,
TXN-00017298,204,CASH_OUT,22986.59,C1000095,0.0,0.0,M8072134,0,0,0,2026-01-08T12:36:46.488476,
TXN-00017299,204,TRANSFER,10.0,C1000038,0.0,0.0,M2594312,0,0,0,2026-01-08T12:36:46.488534,
TXN-00017300,204,TRANSFER,6624.29,C1000052,0.0,0.0,M2023774,0,0,0,2026-01-08T12:36:46.488590,
TXN-00017301,204,PAYMENT,26251.33,C1000056,0.0,0.0,M8362495,0,0,0,2026-01-08T12:36:46.488648,
TXN-00017302,204,TRANSFER,13674.33,C1000063,0.0,0.0,M3389027,0,0,0,2026-01-08T12:36:46.488701,
TXN-00017303,204,PAYMENT,2081.4,C1000081,55385.44,53304.03,M6097338,0,0,0,2026-01-08T12:36:46.488757,
TXN-00017304,194,CASH_OUT,89500.01,C1000001,39420.27,0.0,M7797735,0,0,1,2026-01-08T12:36:46.488787,night_transaction
TXN-00017305,204,CASH_IN,24196.15,C1000095,0.0,24196.15,M9973509,0,0,0,2026-01-08T12:36:46.488843,
TXN-00017306,204,CASH_OUT,12621.06,C1000015,0.0,0.0,M5156781,0,0,0,2026-01-08T12:36:46.488901,
TXN-00017307,204,DEBIT,4686.04,C1000049,0.0,0.0,M5364623,0,0,0,2026-01-08T12:36:46.488958,
TXN-00017308,209,CASH_OUT,58476.31,C1000016,92240.44,33764.13,M3680683,0,0,1,2026-01-08T12:36:46.488986,unusual_type
TXN-00017309,204,TRANSFER,833.07,C1000055,139708.24,138875.18,M8128663,0,0,0,2026-01-08T12:36:46.489040,
TXN-00017310,204,PAYMENT,5530.1,C1000010,0.0,0.0,M3829717,0,0,0,2026-01-08T12:36:46.489097,
TXN-00017311,204,TRANSFER,13244.74,C1000054,0.0,0.0,M8590935,0,0,0,2026-01-08T12:36:46.489163,
TXN-00017312,204,TRANSFER,4545.23,C1000065,0.0,0.0,M1130183,0,0,0,2026-01-08T12:36:46.489224,
TXN-00017313,204,TRANSFER,4338.75,C1000065,0.0,0.0,M9672526,0,0,0,2026-01-08T12:36:46.489282,
TXN-00017314,204,DEBIT,30826.21,C1000067,0.0,0.0,M3568114,0,0,0,2026-01-08T12:36:46.489364,
TXN-00017315,204,TRANSFER,811.52,C1000070,0.0,0.0,M1118518,0,0,0,2026-01-08T12:36:46.489418,
TXN-00017316,204,TRANSFER,331.86,C1000029,0.0,0.0,M8450823,0,0,0,2026-01-08T12:36:46.489473,
TXN-00017317,204,PAYMENT,170.88,C1000040,0.0,0.0,M3367259,0,0,0,2026-01-08T12:36:46.489527,
TXN-00017318,204,CASH_OUT,2502.05,C1000026,59421.82,56919.77,M8781609,0,0,0,2026-01-08T12:36:46.489576,
TXN-00017319,204,TRANSFER,1498.11,C1000083,156881.69,155383.58,M7683514,0,0,0,2026-01-08T12:36:46.489634,
TXN-00017320,204,PAYMENT,2930.09,C1000062,0.0,0.0,M1671811,0,0,0,2026-01-08T12:36:46.489690,
TXN-00017321,204,CASH_IN,13452.86,C1000042,0.0,13452.86,M9250918,0,0,0,2026-01-08T12:36:46.489744,
TXN-00017322,212,CASH_OUT,57119.99,C1000000,0.0,0.0,M2393394,0,0,1,2026-01-08T12:36:46.489775,unusual_type
TXN-00017323,204,TRANSFER,17993.86,C1000076,0.0,0.0,M6802943,0,0,0,2026-01-08T12:36:46.489829,
TXN-00017324,204,TRANSFER,33805.81,C1000073,0.0,0.0,M4069867,0,0,0,2026-01-08T12:36:46.489884,
TXN-00017325,204,CASH_OUT,2670.9,C1000029,0.0,0.0,M5759918,0,0,0,2026-01-08T12:36:46.489938,
TXN-00017326,204,CASH_OUT,3232.97,C1000084,0.0,0.0,M1050606,0,0,0,2026-01-08T12:36:46.489994,
TXN-00017327,204,PAYMENT,673.8,C1000094,149545.0,148871.21,M8341477,0,0,0,2026-01-08T12:36:46.490049,
TXN-00017328,211,CASH_OUT,167607.71,C1000019,0.0,0.0,M3708355,0,0,1,2026-01-08T12:36:46.490079,large_amount
TXN-00017329,197,TRANSFER,66902.37,C1000063,0.0,0.0,M8801427,0,0,1,2026-01-08T12:36:46.490110,night_transaction
TXN-00017330,204,PAYMENT,3148.5,C1000045,0.0,0.0,M7072077,0,0,0,2026-01-08T12:36:46.490165,
TXN-00017331,204,PAYMENT,2180.21,C1000068,58999.87,56819.66,M5435302,0,0,0,2026-01-08T12:36:46.490220,
TXN-00017332,204,TRANSFER,536.04,C1000060,50355.38,49819.35,M2843320,0,0,0,2026-01-08T12:36:46.490277,
TXN-00017333,204,DEBIT,4351.66,C1000027,0.0,0.0,M4562458,0,0,0,2026-01-08T12:36:46.490333,
TXN-00017334,204,PAYMENT,12236.32,C1000054,0.0,0.0,M5672290,0,0,0,2026-01-08T12:36:46.490389,
TXN-00017335,204,TRANSFER,10.0,C1000034,50538.07,50528.07,M7781642,0,0,0,2026-01-08T12:36:46.490445,
TXN-00017336,204,TRANSFER,18615.61,C1000093,0.0,0.0,M1288299,0,0,0,2026-01-08T12:36:46.490501,
TXN-00017337,195,CASH_OUT,84230.52,C1000012,0.0,0.0,M1894046,0,0,1,2026-01-08T12:36:46.490530,night_transaction
TXN-00017338,204,CASH_IN,656.35,C1000009,117975.51,118631.86,M6241948,0,0,0,2026-01-08T12:36:46.490584,
TXN-00017339,204,TRANSFER,3687.29,C1000082,0.0,0.0,M9909750,0,0,0,2026-01-08T12:36:46.490641,
TXN-00017340,204,DEBIT,2872.89,C1000044,0.0,0.0,M2950747,0,0,0,2026-01-08T12:36:46.490697,
TXN-00017341,204,TRANSFER,1234.36,C1000089,82319.22,81084.86,M3669547,0,0,0,2026-01-08T12:36:46.490752,
TXN-00017342,200,CASH_OUT,177690.43,C1000006,0.0,0.0,M9800995,0,0,1,2026-01-08T12:36:46.490782,large_amount
TXN-00017343,204,TRANSFER,2971.0,C1000002,174746.73,171775.73,M1000653,0,0,0,2026-01-08T12:36:46.490836,
TXN-00017344,204,CASH_OUT,10.0,C1000075,429196.68,429186.68,M7780248,0,0,0,2026-01-08T12:36:46.490893,
TXN-00017345,204,PAYMENT,2750.32,C1000044,0.0,0.0,M7510878,0,0,0,2026-01-08T12:36:46.490949,
TXN-00017346,204,CASH_OUT,321.59,C1000029,0.0,0.0,M1467971,0,0,0,2026-01-08T12:36:46.491004,
TXN-00017347,204,DEBIT,173378.1,C1000050,0.0,0.0,M8695333,0,0,0,2026-01-08T12:36:46.491059,
TXN-00017348,204,TRANSFER,992.55,C1000034,50528.07,49535.52,M6669602,0,0,0,2026-01-08T12:36:46.491138,
TXN-00017349,204,TRANSFER,1524.28,C1000097,0.0,0.0,M3006387,0,0,0,2026-01-08T12:36:46.491202,
TXN-00017350,204,DEBIT,2177.01,C1000082,0.0,0.0,M1803779,0,0,0,2026-01-08T12:36:46.491280,
TXN-00017351,204,PAYMENT,26714.28,C1000056,0.0,0.0,M4599034,0,0,0,2026-01-08T12:36:46.491353,
TXN-00017352,204,PAYMENT,1222.8,C1000098,152232.94,151010.14,M8398869,0,0,0,2026-01-08T12:36:46.491435,
TXN-00017353,204,CASH_IN,6036.17,C1000046,0.0,6036.17,M9120393,0,0,0,2026-01-08T12:36:46.491519,
TXN-00017354,207,CASH_OUT,17205.05,C1000048,176808.02,159602.98,M9636213,0,0,1,2026-01-08T12:36:46.491556,rapid_succession
TXN-00017355,204,DEBIT,37712.42,C1000012,0.0,0.0,M2413804,0,0,0,2026-01-08T12:36:46.491627,
TXN-00017356,204,TRANSFER,935.19,C1000049,0.0,0.0,M9560723,0,0,0,2026-01-08T12:36:46.491699,
TXN-00017357,204,PAYMENT,6477.07,C1000088,0.0,0.0,M7954546,0,0,0,2026-01-08T12:36:46.491783,
TXN-00017358,204,PAYMENT,18580.01,C1000019,0.0,0.0,M3553316,0,0,0,2026-01-08T12:36:46.491868,
TXN-00017359,197,CASH_OUT,10701.33,C1000072,0.0,0.0,M8813785,0,0,1,2026-01-08T12:36:46.491904,rapid_succession
TXN-00017360,204,CASH_OUT,17315.25,C1000093,0.0,0.0,M8193744,0,0,0,2026-01-08T12:36:46.491976,
TXN-00017361,204,PAYMENT,11354.59,C1000042,13452.86,2098.26,M1542599,0,0,0,2026-01-08T12:36:46.492045,
TXN-00017362,204,PAYMENT,3592.24,C1000045,0.0,0.0,M6459264,0,0,0,2026-01-08T12:36:46.492160,
TXN-00017363,204,PAYMENT,954.09,C1000081,53304.03,52349.94,M8992334,0,0,0,2026-01-08T12:36:46.492233,
TXN-00017364,204,TRANSFER,10.0,C1000061,195572.16,195562.16,M2174727,0,0,0,2026-01-08T12:36:46.492300,
TXN-00017365,204,PAYMENT,4028.68,C1000058,0.0,0.0,M8374737,0,0,0,2026-01-08T12:36:46.492367,
TXN-00017366,204,TRANSFER,237.92,C1000023,0.0,0.0,M4491620,0,0,0,2026-01-08T12:36:46.492434,
TXN-00017367,204,CASH_OUT,56744.55,C1000000,0.0,0.0,M6554830,0,0,0,2026-01-08T12:36:46.492501,
TXN-00017368,204,CASH_OUT,4717.72,C1000052,0.0,0.0,M7398462,0,0,0,2026-01-08T12:36:46.492583,
TXN-00017369,204,TRANSFER,5315.7,C1000059,0.0,0.0,M8229579,0,0,0,2026-01-08T12:36:46.492658,
TXN-00017370,206,CASH_OUT,97224.84,C1000041,170093.08,72868.25,M2100297,0,0,1,2026-01-08T12:36:46.492863,unusual_type
TXN-00017371,204,CASH_OUT,18789.72,C1000093,0.0,0.0,M4551416,0,0,0,2026-01-08T12:36:46.493270,
TXN-00017372,196,TRANSFER,84566.63,C1000075,429186.68,344620.05,M4772741,0,0,1,2026-01-08T12:36:46.493346,night_transaction
TXN-00017373,204,TRANSFER,10.0,C1000040,0.0,0.0,M5720228,0,0,0,2026-01-08T12:36:46.493436,
TXN-00017374,204,TRANSFER,2213.08,C1000098,151010.14,148797.06,M5285311,0,0,0,2026-01-08T12:36:46.493515,
TXN-00017375,204,CASH_IN,1461.57,C1000026,56919.77,58381.34,M7740055,0,0,0,2026-01-08T12:36:46.493585,
TXN-00017376,204,CASH_IN,2184.59,C1000086,60123.11,62307.7,M5721257,0,0,0,2026-01-08T12:36:46.493649,
TXN-00017377,204,CASH_OUT,1799.72,C1000017,0.0,0.0,M6812220,0,0,0,2026-01-08T12:36:46.493708,
TXN-00017378,204,PAYMENT,4661.78,C1000032,0.0,0.0,M9349864,0,0,0,2026-01-08T12:36:46.493789,
TXN-00017379,206,CASH_OUT,99141.81,C1000024,0.0,0.0,M3891259,0,0,1,2026-01-08T12:36:46.493824,unusual_type
TXN-00017380,204,TRANSFER,1811.46,C1000040,0.0,0.0,M9658457,0,0,0,2026-01-08T12:36:46.493958,
TXN-00017381,204,CASH_OUT,4481.89,C1000062,0.0,0.0,M1572972,0,0,0,2026-01-08T12:36:46.494095,
TXN-00017382,204,DEBIT,10.0,C1000080,0.0,0.0,M5696026,0,0,0,2026-01-08T12:36:46.494193,
TXN-00017383,204,PAYMENT,1003.83,C1000069,0.0,0.0,M1773854,0,0,0,2026-01-08T12:36:46.494348,
TXN-00017384,204,PAYMENT,8429.45,C1000013,0.0,0.0,M1935713,0,0,0,2026-01-08T12:36:46.494463,
TXN-00017385,204,CASH_IN,10.0,C1000081,52349.94,52359.94,M5905801,0,0,0,2026-01-08T12:36:46.494552,
TXN-00017386,200,CASH_OUT,117570.68,C1000073,0.0,0.0,M7947797,0,0,1,2026-01-08T12:36:46.494589,unusual_type
TXN-00017387,204,PAYMENT,4975.32,C1000027,0.0,0.0,M4549360,0,0,0,2026-01-08T12:36:46.494661,
TXN-00017388,209,CASH_OUT,89882.27,C1000054,0.0,0.0,M6430998,0,0,1,2026-01-08T12:36:46.494697,unusual_type
TXN-00017389,204,TRANSFER,547.3,C1000066,0.0,0.0,M9163290,0,0,0,2026-01-08T12:36:46.494768,
TXN-00017390,204,TRANSFER,1376.48,C1000047,0.0,0.0,M7233974,0,0,0,2026-01-08T12:36:46.494868,
TXN-00017391,204,DEBIT,4423.96,C1000065,0.0,0.0,M6205647,0,0,0,2026-01-08T12:36:46.494953,
TXN-00017392,204,PAYMENT,6894.61,C1000088,0.0,0.0,M2120635,0,0,0,2026-01-08T12:36:46.495025,
TXN-00017393,192,CASH_OUT,33316.79,C1000036,0.0,0.0,M1269841,0,0,1,2026-01-08T12:36:46.495061,rapid_succession
TXN-00017394,204,TRANSFER,10.0,C1000068,56819.66,56809.66,M7214343,0,0,0,2026-01-08T12:36:46.495129,
TXN-00017395,204,PAYMENT,728.27,C1000071,114562.41,113834.13,M9439880,0,0,0,2026-01-08T12:36:46.495216,
TXN-00017396,204,TRANSFER,6005.28,C1000058,0.0,0.0,M2116511,0,0,0,2026-01-08T12:36:46.495287,
TXN-00017397,204,CASH_OUT,40772.62,C1000009,118631.86,77859.24,M4057879,0,0,1,2026-01-08T12:36:46.495327,unusual_type
TXN-00017398,204,PAYMENT,10.0,C1000033,0.0,0.0,M1437292,0,0,0,2026-01-08T12:36:46.495487,
TXN-00017399,204,PAYMENT,20796.58,C1000035,0.0,0.0,M9200068,0,0,0,2026-01-08T12:36:46.495647,
TXN-00017400,204,PAYMENT,8542.0,C1000039,0.0,0.0,M1323402,0,0,0,2026-01-08T12:36:46.495727,
TXN-00017401,204,PAYMENT,2233.41,C1000084,0.0,0.0,M2482859,0,0,0,2026-01-08T12:36:46.495791,
TXN-00017402,197,CASH_OUT,189598.24,C1000027,0.0,0.0,M1088818,0,0,1,2026-01-08T12:36:46.495822,large_amount
TXN-00017403,204,CASH_OUT,717.33,C1000098,148797.06,148079.73,M9309457,0,0,0,2026-01-08T12:36:46.495882,
TXN-00017404,204,TRANSFER,1786.51,C1000014,93121.37,91334.86,M3320868,0,0,0,2026-01-08T12:36:46.495946,
TXN-00017405,204,TRANSFER,10.0,C1000022,0.0,0.0,M6105196,0,0,0,2026-01-08T12:36:46.496011,
TXN-00017406,204,PAYMENT,26613.19,C1000056,0.0,0.0,M1925237,0,0,0,2026-01-08T12:36:46.496069,
TXN-00017407,204,DEBIT,7825.11,C1000052,0.0,0.0,M3232669,0,0,0,2026-01-08T12:36:46.496127,
TXN-00017408,210,TRANSFER,137025.94,C1000059,0.0,-141043.16,M7393129,0,0,1,2026-01-08T12:36:46.496157,balance_mismatch
TXN-00017409,204,PAYMENT,5865.7,C1000091,0.0,0.0,M2486582,0,0,0,2026-01-08T12:36:46.496223,
TXN-00017410,204,TRANSFER,8572.86,C1000039,0.0,0.0,M5112751,0,0,0,2026-01-08T12:36:46.496284,
TXN-00017411,211,CASH_OUT,19694.95,C1000068,56809.66,37114.71,M9656688,0,0,1,2026-01-08T12:36:46.496319,rapid_succession
TXN-00017412,204,PAYMENT,10.0,C1000082,0.0,0.0,M6718512,0,0,0,2026-01-08T12:36:46.496381,
TXN-00017413,204,CASH_OUT,34966.24,C1000073,0.0,0.0,M6527198,0,0,0,2026-01-08T12:36:46.496439,
TXN-00017414,204,PAYMENT,10701.85,C1000015,0.0,0.0,M9733992,0,0,0,2026-01-08T12:36:46.496496,
TXN-00017415,204,PAYMENT,1570.46,C1000077,41939.59,40369.13,M8021187,0,0,0,2026-01-08T12:36:46.496553,
TXN-00017416,204,CASH_OUT,1243.02,C1000002,171775.73,170532.71,M4741710,0,0,0,2026-01-08T12:36:46.496612,
TXN-00017417,204,TRANSFER,396.64,C1000061,195562.16,195165.52,M1227556,0,0,0,2026-01-08T12:36:46.496672,
TXN-00017418,204,PAYMENT,6113.77,C1000097,0.0,0.0,M3786417,0,0,0,2026-01-08T12:36:46.496734,
TXN-00017419,204,PAYMENT,10.0,C1000071,113834.13,113824.13,M9089952,0,0,0,2026-01-08T12:36:46.496798,
TXN-00017420,204,PAYMENT,989.08,C1000083,155383.58,154394.5,M2355207,0,0,0,2026-01-08T12:36:46.496859,
TXN-00017421,204,CASH_OUT,1865.3,C1000066,0.0,0.0,M8572093,0,0,0,2026-01-08T12:36:46.496918,
TXN-00017422,204,PAYMENT,10217.08,C1000092,10055.4,0.0,M9177200,0,0,0,2026-01-08T12:36:46.496973,
TXN-00017423,204,TRANSFER,7502.3,C1000013,0.0,0.0,M3254089,0,0,0,2026-01-08T12:36:46.497032,
TXN-00017424,204,CASH_OUT,784.69,C1000083,154394.5,153609.81,M8489606,0,0,0,2026-01-08T12:36:46.497091,
TXN-00017425,204,TRANSFER,6815.48,C1000088,0.0,0.0,M5433225,0,0,0,2026-01-08T12:36:46.497146,
TXN-00017426,204,CASH_OUT,4101.28,C1000098,148079.73,143978.46,M5101834,0,0,0,2026-01-08T12:36:46.497198,
TXN-00017427,204,CASH_IN,10.0,C1000040,0.0,10.0,M2648363,0,0,0,2026-01-08T12:36:46.497257,
TXN-00017428,195,CASH_OUT,125266.12,C1000067,0.0,0.0,M5927333,0,0,1,2026-01-08T12:36:46.497292,large_amount
TXN-00017429,204,DEBIT,7667.37,C1000099,0.0,0.0,M7863845,0,0,0,2026-01-08T12:36:46.497427,
TXN-00017430,204,PAYMENT,368.46,C1000051,7210.22,6841.75,M8960747,0,0,0,2026-01-08T12:36:46.497507,
TXN-00017431,204,PAYMENT,91.3,C1000009,118631.86,118540.56,M9065715,0,0,0,2026-01-08T12:36:46.497580,
TXN-00017432,204,PAYMENT,3235.48,C1000071,113824.13,110588.66,M3663878,0,0,0,2026-01-08T12:36:46.497628,
TXN-00017433,204,PAYMENT,4517.75,C1000065,0.0,0.0,M7645638,0,0,0,2026-01-08T12:36:46.497670,
TXN-00017434,204,PAYMENT,10.0,C1000061,195165.52,195155.52,M5509942,0,0,0,2026-01-08T12:36:46.497727,
TXN-00017435,204,DEBIT,2096.95,C1000026,58381.34,56284.39,M8150867,0,0,0,2026-01-08T12:36:46.497769,
TXN-00017436,208,TRANSFER,104115.7,C1000032,0.0,-104266.26,M2404366,0,0,1,2026-01-08T12:36:46.497791,balance_mismatch
TXN-00017437,204,CASH_OUT,10.0,C1000014,91334.86,91324.86,M5349528,0,0,0,2026-01-08T12:36:46.497842,
TXN-00017438,204,PAYMENT,909.43,C1000085,0.0,0.0,M5555618,0,0,0,2026-01-08T12:36:46.497885,
TXN-00017439,204,TRANSFER,2359.33,C1000055,138875.18,136515.84,M9218863,0,0,0,2026-01-08T12:36:46.497925,
TXN-00017440,209,CASH_OUT,103819.58,C1000011,0.0,0.0,M4809814,0,0,1,2026-01-08T12:36:46.497945,large_amount
TXN-00017441,204,PAYMENT,10.0,C1000064,0.0,0.0,M5683177,0,0,0,2026-01-08T12:36:46.497982,
TXN-00017442,204,PAYMENT,1037.19,C1000008,162008.41,160971.22,M8341843,0,0,0,2026-01-08T12:36:46.498018,
TXN-00017443,204,CASH_OUT,643.32,C1000077,40369.13,39725.82,M7901391,0,0,0,2026-01-08T12:36:46.498056,
TXN-00017444,214,CASH_OUT,176032.9,C1000032,0.0,0.0,M9918822,0,0,1,2026-01-08T12:36:46.498076,large_amount
TXN-00017445,204,TRANSFER,172994.36,C1000050,0.0,0.0,M8214729,0,0,0,2026-01-08T12:36:46.498112,
TXN-00017446,204,TRANSFER,1773.51,C1000008,160971.22,159197.71,M3424522,0,0,0,2026-01-08T12:36:46.498150,
TXN-00017447,204,PAYMENT,2102.12,C1000017,0.0,0.0,M3302532,0,0,0,2026-01-08T12:36:46.498198,
TXN-00017448,204,PAYMENT,785.21,C1000016,92240.44,91455.23,M8607220,0,0,0,2026-01-08T12:36:46.498244,
TXN-00017449,204,PAYMENT,4904.97,C1000027,0.0,0.0,M8134063,0,0,0,2026-01-08T12:36:46.498295,
TXN-00017450,204,CASH_OUT,1284.87,C1000070,0.0,0.0,M1869239,0,0,0,2026-01-08T12:36:46.498347,
TXN-00017451,204,PAYMENT,1765.81,C1000068,56809.66,55043.85,M2739508,0,0,0,2026-01-08T12:36:46.498400,
TXN-00017452,206,TRANSFER,17446.57,C1000043,2786.52,0.0,M3870169,0,0,1,2026-01-08T12:36:46.498436,rapid_succession
TXN-00017453,204,TRANSFER,5905.49,C1000003,0.0,0.0,M5047814,0,0,0,2026-01-08T12:36:46.498489,
TXN-00017454,204,PAYMENT,10111.25,C1000092,0.0,0.0,M8988341,0,0,0,2026-01-08T12:36:46.498542,
TXN-00017455,204,TRANSFER,1488.11,C1000004,174099.37,172611.26,M4004107,0,0,0,2026-01-08T12:36:46.498600,
TXN-00017456,204,CASH_OUT,4668.07,C1000027,0.0,0.0,M3992633,0,0,0,2026-01-08T12:36:46.498654,
TXN-00017457,204,CASH_OUT,5492.24,C1000003,0.0,0.0,M2227647,0,0,0,2026-01-08T12:36:46.498706,
TXN-00017458,204,CASH_OUT,9500.41,C1000042,2098.26,0.0,M4847826,0,0,0,2026-01-08T12:36:46.498761,
TXN-00017459,204,PAYMENT,19178.53,C1000079,0.0,0.0,M8587986,0,0,0,2026-01-08T12:36:46.498817,
TXN-00017460,207,CASH_OUT,53584.48,C1000084,0.0,0.0,M8570476,0,0,1,2026-01-08T12:36:46.498846,unusual_type
TXN-00017461,204,PAYMENT,4406.56,C1000096,88441.29,84034.73,M5691793,0,0,0,2026-01-08T12:36:46.498900,
TXN-00017462,204,PAYMENT,10.0,C1000023,0.0,0.0,M6123351,0,0,0,2026-01-08T12:36:46.498961,
TXN-00017463,211,CASH_OUT,61649.73,C1000002,170532.71,108882.98,M1857586,0,0,1,2026-01-08T12:36:46.498988,large_amount
TXN-00017464,204,CASH_OUT,20372.09,C1000024,0.0,0.0,M3070388,0,0,0,2026-01-08T12:36:46.499045,
TXN-00017465,204,CASH_OUT,10.0,C1000075,429186.68,429176.68,M8527363,0,0,0,2026-01-08T12:36:46.499102,
TXN-00017466,204,PAYMENT,17700.88,C1000095,24196.15,6495.27,M1346419,0,0,0,2026-01-08T12:36:46.499158,
TXN-00017467,204,DEBIT,10.0,C1000002,170532.71,170522.71,M9931972,0,0,0,2026-01-08T12:36:46.499216,
TXN-00017468,204,TRANSFER,1177.11,C1000072,0.0,0.0,M6695606,0,0,0,2026-01-08T12:36:46.499272,
TXN-00017469,194,TRANSFER,49094.69,C1000019,0.0,0.0,M5880564,0,0,1,2026-01-08T12:36:46.499307,night_transaction
TXN-00017470,204,PAYMENT,1884.0,C1000040,10.0,0.0,M4892010,0,0,0,2026-01-08T12:36:46.499362,
TXN-00017471,204,DEBIT,1277.35,C1000066,0.0,0.0,M9720090,0,0,0,2026-01-08T12:36:46.499417,
TXN-00017472,204,TRANSFER,6768.8,C1000011,0.0,0.0,M8854422,0,0,0,2026-01-08T12:36:46.499473,
TXN-00017473,204,CASH_OUT,1919.04,C1000029,0.0,0.0,M2831620,0,0,0,2026-01-08T12:36:46.499529,
TXN-00017474,204,PAYMENT,6008.12,C1000010,0.0,0.0,M5688074,0,0,0,2026-01-08T12:36:46.499584,
TXN-00017475,204,PAYMENT,45610.58,C1000053,0.0,0.0,M3099396,0,0,0,2026-01-08T12:36:46.499638,
TXN-00017476,204,DEBIT,1692.8,C1000090,124816.0,123123.2,M9896904,0,0,0,2026-01-08T12:36:46.499693,
TXN-00017477,204,CASH_IN,10245.45,C1000005,0.0,10245.45,M8206654,0,0,0,2026-01-08T12:36:46.499750,
TXN-00017478,204,TRANSFER,7962.14,C1000052,0.0,0.0,M1793388,0,0,0,2026-01-08T12:36:46.499806,
TXN-00017479,204,TRANSFER,1280.87,C1000066,0.0,0.0,M4443359,0,0,0,2026-01-08T12:36:46.499860,
TXN-00017480,213,TRANSFER,143558.33,C1000021,0.0,-140718.47,M2363673,0,0,1,2026-01-08T12:36:46.499888,balance_mismatch
TXN-00017481,204,PAYMENT,2582.17,C1000096,84034.73,81452.56,M6044399,0,0,0,2026-01-08T12:36:46.499949,
TXN-00017482,204,PAYMENT,10.0,C1000085,0.0,0.0,M8734381,0,0,0,2026-01-08T12:36:46.500006,
TXN-00017483,204,TRANSFER,1697.34,C1000080,0.0,0.0,M5893269,0,0,0,2026-01-08T12:36:46.500060,
TXN-00017484,204,PAYMENT,798.48,C1000094,148871.21,148072.73,M3545949,0,0,0,2026-01-08T12:36:46.500116,
TXN-00017485,204,DEBIT,6216.67,C1000046,6036.17,0.0,M6196795,0,0,0,2026-01-08T12:36:46.500177,
TXN-00017486,198,TRANSFER,54477.74,C1000050,0.0,-55414.39,M3658414,0,0,1,2026-01-08T12:36:46.500206,balance_mismatch
TXN-00017487,199,CASH_OUT,69001.87,C1000021,0.0,0.0,M5859877,0,0,1,2026-01-08T12:36:46.500238,unusual_type
TXN-00017488,195,TRANSFER,40910.7,C1000089,81084.86,40174.16,M7648424,0,0,1,2026-01-08T12:36:46.500264,night_transaction
TXN-00017489,204,TRANSFER,5833.69,C1000003,0.0,0.0,M3673952,0,0,0,2026-01-08T12:36:46.500320,
TXN-00017490,204,PAYMENT,48668.62,C1000053,0.0,0.0,M5096646,0,0,0,2026-01-08T12:36:46.500377,
TXN-00017491,204,CASH_OUT,3454.81,C1000069,0.0,0.0,M3244974,0,0,0,2026-01-08T12:36:46.500432,
TXN-00017492,204,CASH_OUT,809.42,C1000075,429176.68,428367.26,M3971431,0,0,0,2026-01-08T12:36:46.500488,
TXN-00017493,195,CASH_OUT,92421.75,C1000097,0.0,0.0,M5903010,0,0,1,2026-01-08T12:36:46.500517,night_transaction
TXN-00017494,201,CASH_OUT,100210.41,C1000018,105520.42,5310.01,M9097512,0,0,1,2026-01-08T12:36:46.500542,unusual_type
TXN-00017495,204,TRANSFER,10.0,C1000082,0.0,0.0,M2063309,0,0,0,2026-01-08T12:36:46.500602,
TXN-00017496,204,PAYMENT,1231.5,C1000097,0.0,0.0,M6127059,0,0,0,2026-01-08T12:36:46.500657,
TXN-00017497,204,CASH_OUT,15061.14,C1000095,6495.27,0.0,M2035270,0,0,0,2026-01-08T12:36:46.500714,
TXN-00017498,204,PAYMENT,30918.52,C1000067,0.0,0.0,M9056536,0,0,0,2026-01-08T12:36:46.500772,
TXN-00017499,204,PAYMENT,8525.96,C1000039,0.0,0.0,M2190413,0,0,0,2026-01-08T12:36:46.500827,
TXN-00017500,212,CASH_OUT,65045.16,C1000055,136515.84,71470.69,M8327034,0,0,1,2026-01-08T12:36:46.500855,large_amount
TXN-00017501,204,CASH_IN,8865.7,C1000039,0.0,8865.7,M8738096,0,0,0,2026-01-08T12:36:46.500912,
TXN-00017502,204,PAYMENT,25450.28,C1000067,0.0,0.0,M1639275,0,0,0,2026-01-08T12:36:46.500968,
TXN-00017503,204,PAYMENT,30.12,C1000022,0.0,0.0,M5890564,0,0,0,2026-01-08T12:36:46.501024,
TXN-00017504,204,DEBIT,10.0,C1000075,428367.26,428357.26,M1422270,0,0,0,2026-01-08T12:36:46.501079,
TXN-00017505,204,PAYMENT,5649.68,C1000052,0.0,0.0,M4563869,0,0,0,2026-01-08T12:36:46.501135,
TXN-00017506,204,PAYMENT,5822.62,C1000054,0.0,0.0,M5009170,0,0,0,2026-01-08T12:36:46.501190,
TXN-00017507,204,PAYMENT,10.0,C1000071,110588.66,110578.66,M9258563,0,0,0,2026-01-08T12:36:46.501249,
TXN-00017508,192,TRANSFER,23897.65,C1000068,55043.85,31146.2,M1104906,0,0,1,2026-01-08T12:36:46.501281,rapid_succession
TXN-00017509,204,DEBIT,107.47,C1000072,0.0,0.0,M9053767,0,0,0,2026-01-08T12:36:46.501339,
TXN-00017510,204,PAYMENT,3611.53,C1000030,0.0,0.0,M6440363,0,0,0,2026-01-08T12:36:46.501394,
TXN-00017511,204,DEBIT,3513.86,C1000087,0.0,0.0,M2761862,0,0,0,2026-01-08T12:36:46.501448,
TXN-00017512,204,PAYMENT,3692.29,C1000087,0.0,0.0,M6961576,0,0,0,2026-01-08T12:36:46.501502,
TXN-00017513,204,PAYMENT,2597.45,C1000044,0.0,0.0,M8095148,0,0,0,2026-01-08T12:36:46.501556,
TXN-00017514,204,PAYMENT,1588.5,C1000083,153609.81,152021.31,M5251236,0,0,0,2026-01-08T12:36:46.501611,
TXN-00017515,204,PAYMENT,3068.18,C1000020,232366.94,229298.76,M1385442,0,0,0,2026-01-08T12:36:46.501670,
TXN-00017516,204,TRANSFER,6870.99,C1000059,0.0,0.0,M8903102,0,0,0,2026-01-08T12:36:46.501725,
TXN-00017517,194,CASH_OUT,32487.21,C1000013,0.0,0.0,M1829510,0,0,1,2026-01-08T12:36:46.501755,night_transaction
TXN-00017518,204,DEBIT,6851.36,C1000054,0.0,0.0,M6674393,0,0,0,2026-01-08T12:36:46.501808,
TXN-00017519,204,PAYMENT,4632.81,C1000006,0.0,0.0,M9325013,0,0,0,2026-01-08T12:36:46.501862,
TXN-00017520,204,DEBIT,5552.69,C1000003,0.0,0.0,M2806472,0,0,0,2026-01-08T12:36:46.501916,
TXN-00017521,204,TRANSFER,1852.51,C1000070,0.0,0.0,M8496268,0,0,0,2026-01-08T12:36:46.501970,
TXN-00017522,204,CASH_IN,11572.48,C1000054,0.0,11572.48,M1531051,0,0,0,2026-01-08T12:36:46.502024,
TXN-00017523,204,CASH_OUT,2033.06,C1000068,55043.85,53010.78,M4966439,0,0,0,2026-01-08T12:36:46.502079,
TXN-00017524,204,CASH_OUT,8419.43,C1000039,8865.7,446.27,M1930899,0,0,0,2026-01-08T12:36:46.502134,
TXN-00017525,204,CASH_OUT,6684.57,C1000052,0.0,0.0,M9810365,0,0,0,2026-01-08T12:36:46.502189,
TXN-00017526,204,TRANSFER,707.78,C1000081,52359.94,51652.16,M8330731,0,0,0,2026-01-08T12:36:46.502246,
TXN-00017527,192,TRANSFER,31252.31,C1000050,0.0,-34289.67,M9313083,0,0,1,2026-01-08T12:36:46.502274,balance_mismatch
TXN-00017528,204,PAYMENT,4207.33,C1000065,0.0,0.0,M1470015,0,0,0,2026-01-08T12:36:46.502340,
TXN-00017529,204,TRANSFER,5011.65,C1000040,0.0,0.0,M6776424,0,0,0,2026-01-08T12:36:46.502395,
TXN-00017530,204,PAYMENT,4452.06,C1000065,0.0,0.0,M6519833,0,0,0,2026-01-08T12:36:46.502451,
TXN-00017531,204,CASH_OUT,743.89,C1000021,0.0,0.0,M2517052,0,0,0,2026-01-08T12:36:46.502508,
TXN-00017532,211,CASH_OUT,52146.51,C1000071,110578.66,58432.15,M3294288,0,0,1,2026-01-08T12:36:46.502538,unusual_type
TXN-00017533,204,PAYMENT,4036.05,C1000027,0.0,0.0,M4751214,0,0,0,2026-01-08T12:36:46.502603,
TXN-00017534,204,PAYMENT,3789.45,C1000084,0.0,0.0,M9550465,0,0,0,2026-01-08T12:36:46.502669,
TXN-00017535,204,PAYMENT,20044.31,C1000079,0.0,0.0,M9612535,0,0,0,2026-01-08T12:36:46.502734,
TXN-00017536,204,TRANSFER,3932.06,C1000062,0.0,0.0,M4917630,0,0,0,2026-01-08T12:36:46.502806,
TXN-00017537,204,CASH_IN,10.0,C1000047,0.0,10.0,M9702244,0,0,0,2026-01-08T12:36:46.502865,
TXN-00017538,204,TRANSFER,24227.15,C1000037,0.0,0.0,M4678202,0,0,0,2026-01-08T12:36:46.502925,
TXN-00017539,204,CASH_OUT,23016.68,C1000024,0.0,0.0,M1132038,0,0,0,2026-01-08T12:36:46.502987,
TXN-00017540,204,PAYMENT,2391.7,C1000038,0.0,0.0,M3659897,0,0,0,2026-01-08T12:36:46.503056,
TXN-00017541,204,PAYMENT,622.09,C1000021,0.0,0.0,M1707475,0,0,0,2026-01-08T12:36:46.503118,
TXN-00017542,204,CASH_OUT,676.95,C1000060,49819.35,49142.4,M4320646,0,0,0,2026-01-08T12:36:46.503175,
TXN-00017543,197,TRANSFER,29331.77,C1000035,0.0,0.0,M5865611,0,0,1,2026-01-08T12:36:46.503211,rapid_succession
TXN-00017544,204,CASH_OUT,9158.49,C1000013,0.0,0.0,M5100735,0,0,0,2026-01-08T12:36:46.503267,
TXN-00017545,204,PAYMENT,38907.76,C1000012,0.0,0.0,M3923779,0,0,0,2026-01-08T12:36:46.503323,
TXN-00017546,204,PAYMENT,30650.67,C1000067,0.0,0.0,M1795569,0,0,0,2026-01-08T12:36:46.503379,
TXN-00017547,203,CASH_OUT,132024.91,C1000054,11572.48,0.0,M1225572,0,0,1,2026-01-08T12:36:46.503407,large_amount
TXN-00017548,204,DEBIT,229.47,C1000022,0.0,0.0,M8162865,0,0,0,2026-01-08T12:36:46.503468,
TXN-00017549,204,PAYMENT,3133.86,C1000091,0.0,0.0,M9987792,0,0,0,2026-01-08T12:36:46.503525,
TXN-00017550,204,PAYMENT,19857.87,C1000078,0.0,0.0,M8346174,0,0,0,2026-01-08T12:36:46.503580,
TXN-00017551,204,PAYMENT,72041.19,C1000064,0.0,0.0,M2875764,0,0,0,2026-01-08T12:36:46.503635,
TXN-00017552,204,PAYMENT,10.0,C1000097,0.0,0.0,M9458228,0,0,0,2026-01-08T12:36:46.503690,
TXN-00017553,197,TRANSFER,148220.85,C1000001,39420.27,-113331.17,M6473259,0,0,1,2026-01-08T12:36:46.503717,balance_mismatch
TXN-00017554,204,CASH_OUT,371.85,C1000040,0.0,0.0,M6677393,0,0,0,2026-01-08T12:36:46.503779,
TXN-00017555,195,TRANSFER,88374.57,C1000035,0.0,0.0,M7318114,0,0,1,2026-01-08T12:36:46.503807,night_transaction
TXN-00017556,204,PAYMENT,17157.37,C1000076,0.0,0.0,M6734742,0,0,0,2026-01-08T12:36:46.503863,
TXN-00017557,204,CASH_OUT,29401.39,C1000067,0.0,0.0,M4912921,0,0,0,2026-01-08T12:36:46.503919,
TXN-00017558,204,TRANSFER,23952.76,C1000024,0.0,0.0,M2271405,0,0,0,2026-01-08T12:36:46.503976,
TXN-00017559,204,PAYMENT,5029.15,C1000029,0.0,0.0,M6941591,0,0,0,2026-01-08T12:36:46.504036,
TXN-00017560,204,PAYMENT,10.0,C1000009,118540.56,118530.56,M8536459,0,0,0,2026-01-08T12:36:46.504091,
TXN-00017561,208,TRANSFER,137702.97,C1000027,0.0,-139602.84,M1498281,0,0,1,2026-01-08T12:36:46.504120,balance_mismatch
TXN-00017562,204,PAYMENT,10.0,C1000061,195155.52,195145.52,M1594412,0,0,0,2026-01-08T12:36:46.504184,
TXN-00017563,204,DEBIT,589.81,C1000022,0.0,0.0,M8111723,0,0,0,2026-01-08T12:36:46.504243,
TXN-00017564,204,CASH_IN,1747.31,C1000085,0.0,1747.31,M7713860,0,0,0,2026-01-08T12:36:46.504300,
TXN-00017565,204,PAYMENT,25139.36,C1000095,0.0,0.0,M5155335,0,0,0,2026-01-08T12:36:46.504359,
TXN-00017566,204,DEBIT,1952.18,C1000086,62307.7,60355.52,M3177034,0,0,0,2026-01-08T12:36:46.504415,
TXN-00017567,198,CASH_OUT,190538.76,C1000030,0.0,0.0,M8876924,0,0,1,2026-01-08T12:36:46.504445,large_amount
TXN-00017568,204,PAYMENT,9082.87,C1000013,0.0,0.0,M1512590,0,0,0,2026-01-08T12:36:46.504504,
TXN-00017569,204,PAYMENT,173478.0,C1000050,0.0,0.0,M8565841,0,0,0,2026-01-08T12:36:46.504565,
TXN-00017570,204,PAYMENT,295.34,C1000043,2786.52,2491.17,M4029267,0,0,0,2026-01-08T12:36:46.504623,
TXN-00017571,204,CASH_OUT,5633.1,C1000010,0.0,0.0,M4155817,0,0,0,2026-01-08T12:36:46.504681,
TXN-00017572,204,CASH_OUT,2698.73,C1000038,0.0,0.0,M3485850,0,0,0,2026-01-08T12:36:46.504737,
TXN-00017573,204,PAYMENT,55057.37,C1000000,0.0,0.0,M1437801,0,0,0,2026-01-08T12:36:46.504793,
TXN-00017574,204,PAYMENT,2167.07,C1000017,0.0,0.0,M2602240,0,0,0,2026-01-08T12:36:46.504848,
TXN-00017575,204,CASH_IN,5672.44,C1000003,0.0,5672.44,M1870707,0,0,0,2026-01-08T12:36:46.504906,
TXN-00017576,204,TRANSFER,5734.56,C1000025,0.0,0.0,M7219795,0,0,0,2026-01-08T12:36:46.504962,
TXN-00017577,204,CASH_OUT,17999.44,C1000095,0.0,0.0,M2157034,0,0,0,2026-01-08T12:36:46.505018,
TXN-00017578,204,PAYMENT,13593.13,C1000063,0.0,0.0,M6418243,0,0,0,2026-01-08T12:36:46.505079,
TXN-00017579,204,PAYMENT,8884.93,C1000039,446.27,0.0,M2627751,0,0,0,2026-01-08T12:36:46.505136,
TXN-00017580,204,CASH_OUT,55002.6,C1000000,0.0,0.0,M8128078,0,0,0,2026-01-08T12:36:46.505192,
TXN-00017581,204,PAYMENT,10.0,C1000075,428357.26,428347.26,M9151778,0,0,0,2026-01-08T12:36:46.505248,
TXN-00017582,204,TRANSFER,10.0,C1000097,0.0,0.0,M3681593,0,0,0,2026-01-08T12:36:46.505309,
TXN-00017583,204,TRANSFER,33406.01,C1000073,0.0,0.0,M7951781,0,0,0,2026-01-08T12:36:46.505373,
TXN-00017584,204,PAYMENT,6630.68,C1000046,0.0,0.0,M4498413,0,0,0,2026-01-08T12:36:46.505436,
TXN-00017585,204,DEBIT,1420.38,C1000057,0.0,0.0,M9673669,0,0,0,2026-01-08T12:36:46.505496,
TXN-00017586,204,PAYMENT,19359.13,C1000024,0.0,0.0,M3000939,0,0,0,2026-01-08T12:36:46.505555,
TXN-00017587,204,PAYMENT,9803.83,C1000051,6841.75,0.0,M6643376,0,0,0,2026-01-08T12:36:46.505611,
TXN-00017588,204,DEBIT,7439.85,C1000036,0.0,0.0,M6598722,0,0,0,2026-01-08T12:36:46.505667,
TXN-00017589,204,DEBIT,21208.12,C1000024,0.0,0.0,M5055556,0,0,0,2026-01-08T12:36:46.505722,
TXN-00017590,204,DEBIT,11375.94,C1000078,0.0,0.0,M1334110,0,0,0,2026-01-08T12:36:46.505777,
TXN-00017591,204,TRANSFER,2905.23,C1000057,0.0,0.0,M1512556,0,0,0,2026-01-08T12:36:46.505831,
TXN-00017592,204,TRANSFER,2415.29,C1000089,81084.86,78669.57,M2609193,0,0,0,2026-01-08T12:36:46.505886,
TXN-00017593,204,PAYMENT,12606.93,C1000015,0.0,0.0,M5492238,0,0,0,2026-01-08T12:36:46.505943,
TXN-00017594,204,PAYMENT,1621.45,C1000061,195145.52,193524.07,M8375160,0,0,0,2026-01-08T12:36:46.506002,
TXN-00017595,204,PAYMENT,7580.58,C1000099,0.0,0.0,M3525264,0,0,0,2026-01-08T12:36:46.506056,
TXN-00017596,204,DEBIT,13474.21,C1000042,0.0,0.0,M1136510,0,0,0,2026-01-08T12:36:46.506114,
TXN-00017597,211,TRANSFER,104257.94,C1000079,0.0,-108647.61,M4053857,0,0,1,2026-01-08T12:36:46.506146,balance_mismatch
TXN-00017598,204,CASH_OUT,3748.0,C1000084,0.0,0.0,M8053388,0,0,0,2026-01-08T12:36:46.506207,
TXN-00017599,204,PAYMENT,173470.74,C1000050,0.0,0.0,M9090041,0,0,0,2026-01-08T12:36:46.506261,
TXN-00017600,204,PAYMENT,18724.74,C1000024,0.0,0.0,M8257270,0,0,0,2026-01-08T12:36:46.506313,
TXN-00017601,204,PAYMENT,4488.6,C1000043,2491.17,0.0,M2609414,0,0,0,2026-01-08T12:36:46.506365,
TXN-00017602,204,TRANSFER,11736.99,C1000005,10245.45,0.0,M3933739,0,0,0,2026-01-08T12:36:46.506417,
TXN-00017603,198,CASH_OUT,50101.58,C1000043,0.0,0.0,M4633184,0,0,1,2026-01-08T12:36:46.506446,large_amount
TXN-00017604,204,PAYMENT,453.03,C1000055,136515.84,136062.82,M9662345,0,0,0,2026-01-08T12:36:46.506500,
TXN-00017605,204,PAYMENT,7672.74,C1000099,0.0,0.0,M7880162,0,0,0,2026-01-08T12:36:46.506556,
TXN-00017606,204,TRANSFER,601.76,C1000008,159197.71,158595.95,M2818400,0,0,0,2026-01-08T12:36:46.506897,
TXN-00017607,204,PAYMENT,3358.49,C1000051,0.0,0.0,M4991363,0,0,0,2026-01-08T12:36:46.507050,
TXN-00017608,199,CASH_OUT,55485.78,C1000034,49535.52,0.0,M6746921,0,0,1,2026-01-08T12:36:46.507122,unusual_type
TXN-00017609,204,PAYMENT,2001.96,C1000044,0.0,0.0,M9916795,0,0,0,2026-01-08T12:36:46.507206,
TXN-00017610,204,CASH_OUT,12736.14,C1000015,0.0,0.0,M4459802,0,0,0,2026-01-08T12:36:46.507283,
TXN-00017611,212,CASH_OUT,104298.3,C1000061,193524.07,89225.77,M1597514,0,0,1,2026-01-08T12:36:46.507324,unusual_type
TXN-00017612,204,DEBIT,7955.85,C1000014,91324.86,83369.01,M1724769,0,0,0,2026-01-08T12:36:46.507417,
TXN-00017613,212,CASH_OUT,72658.12,C1000050,0.0,0.0,M5812368,0,0,1,2026-01-08T12:36:46.507464,unusual_type
TXN-00017614,204,CASH_OUT,13260.21,C1000054,11572.48,0.0,M9373344,0,0,0,2026-01-08T12:36:46.507541,
TXN-00017615,195,CASH_OUT,33864.04,C1000022,0.0,0.0,M2416692,0,0,1,2026-01-08T12:36:46.507576,night_transaction
TXN-00017616,199,TRANSFER,44194.1,C1000041,170093.08,124522.03,M4123712,0,0,1,2026-01-08T12:36:46.507608,balance_mismatch
TXN-00017617,204,PAYMENT,1416.36,C1000043,0.0,0.0,M9347443,0,0,0,2026-01-08T12:36:46.507684,
TXN-00017618,204,CASH_OUT,3066.47,C1000028,0.0,0.0,M7743620,0,0,0,2026-01-08T12:36:46.507751,
TXN-00017619,204,CASH_OUT,2809.37,C1000051,0.0,0.0,M4506074,0,0,0,2026-01-08T12:36:46.507813,
TXN-00017620,204,TRANSFER,10457.46,C1000005,0.0,0.0,M7141566,0,0,0,2026-01-08T12:36:46.507875,
TXN-00017621,204,TRANSFER,6521.05,C1000088,0.0,0.0,M5843357,0,0,0,2026-01-08T12:36:46.507939,
TXN-00017622,204,TRANSFER,2076.46,C1000071,110578.66,108502.2,M8834650,0,0,0,2026-01-08T12:36:46.508001,
TXN-00017623,204,DEBIT,1863.61,C1000090,123123.2,121259.59,M8353007,0,0,0,2026-01-08T12:36:46.508064,
TXN-00017624,204,TRANSFER,10.0,C1000089,78669.57,78659.57,M1217892,0,0,0,2026-01-08T12:36:46.508126,
TXN-00017625,204,CASH_IN,2563.42,C1000041,170093.08,172656.5,M4324350,0,0,0,2026-01-08T12:36:46.508189,
TXN-00017626,204,DEBIT,2366.43,C1000045,0.0,0.0,M3171973,0,0,0,2026-01-08T12:36:46.508245,
TXN-00017627,204,CASH_OUT,5701.64,C1000052,0.0,0.0,M9766049,0,0,0,2026-01-08T12:36:46.508301,
TXN-00017628,204,TRANSFER,3610.91,C1000020,229298.76,225687.85,M3699451,0,0,0,2026-01-08T12:36:46.508366,
TXN-00017629,204,TRANSFER,17356.59,C1000019,0.0,0.0,M6664729,0,0,0,2026-01-08T12:36:46.508427,
TXN-00017630,204,PAYMENT,10.0,C1000061,193524.07,193514.07,M7621543,0,0,0,2026-01-08T12:36:46.508487,
TXN-00017631,195,TRANSFER,94161.81,C1000075,428347.26,334185.45,M1831188,0,0,1,2026-01-08T12:36:46.508522,night_transaction
TXN-00017632,204,CASH_IN,10.0,C1000042,0.0,10.0,M2942036,0,0,0,2026-01-08T12:36:46.508584,
TXN-00017633,204,CASH_OUT,172746.44,C1000050,0.0,0.0,M5228300,0,0,0,2026-01-08T12:36:46.508644,
TXN-00017634,204,TRANSFER,863.93,C1000008,158595.95,157732.02,M9414590,0,0,0,2026-01-08T12:36:46.508705,
TXN-00017635,204,CASH_OUT,1255.52,C1000061,193514.07,192258.54,M5891563,0,0,0,2026-01-08T12:36:46.508769,
TXN-00017636,204,CASH_OUT,5720.45,C1000010,0.0,0.0,M2313305,0,0,0,2026-01-08T12:36:46.508839,
TXN-00017637,204,CASH_OUT,8705.23,C1000039,0.0,0.0,M3030655,0,0,0,2026-01-08T12:36:46.508900,
TXN-00017638,204,TRANSFER,1182.36,C1000094,148072.73,146890.37,M6508666,0,0,0,2026-01-08T12:36:46.508963,
TXN-00017639,204,DEBIT,10.0,C1000048,176808.02,176798.02,M6763246,0,0,0,2026-01-08T12:36:46.509027,
TXN-00017640,204,TRANSFER,21811.82,C1000035,0.0,0.0,M6704014,0,0,0,2026-01-08T12:36:46.509092,
TXN-00017641,204,PAYMENT,5967.49,C1000003,5672.44,0.0,M5337475,0,0,0,2026-01-08T12:36:46.509154,
TXN-00017642,204,DEBIT,566.56,C1000094,146890.37,146323.81,M8429565,0,0,0,2026-01-08T12:36:46.509215,
TXN-00017643,204,PAYMENT,1967.3,C1000084,0.0,0.0,M8478551,0,0,0,2026-01-08T12:36:46.509290,
TXN-00017644,204,CASH_OUT,2859.04,C1000021,0.0,0.0,M7555267,0,0,0,2026-01-08T12:36:46.509733,
TXN-00017645,204,CASH_IN,1566.18,C1000007,0.0,1566.18,M6079483,0,0,0,2026-01-08T12:36:46.509997,
TXN-00017646,204,PAYMENT,1202.54,C1000038,0.0,0.0,M3258149,0,0,0,2026-01-08T12:36:46.510095,
TXN-00017647,204,DEBIT,17987.61,C1000076,0.0,0.0,M3937992,0,0,0,2026-01-08T12:36:46.510164,
TXN-00017648,204,DEBIT,4218.42,C1000025,0.0,0.0,M1956724,0,0,0,2026-01-08T12:36:46.510231,
TXN-00017649,204,CASH_OUT,9992.52,C1000082,0.0,0.0,M8892973,0,0,0,2026-01-08T12:36:46.510294,
TXN-00017650,204,TRANSFER,6177.84,C1000003,0.0,0.0,M9592035,0,0,0,2026-01-08T12:36:46.510354,
TXN-00017651,204,PAYMENT,6211.56,C1000046,0.0,0.0,M1554698,0,0,0,2026-01-08T12:36:46.510414,
TXN-00017652,207,TRANSFER,121968.27,C1000078,0.0,-118149.82,M5243100,0,0,1,2026-01-08T12:36:46.510448,balance_mismatch
TXN-00017653,204,CASH_IN,2103.87,C1000004,172611.26,174715.13,M7161501,0,0,0,2026-01-08T12:36:46.510523,
TXN-00017654,192,TRANSFER,75889.36,C1000037,0.0,-79886.01,M7544687,0,0,1,2026-01-08T12:36:46.510560,balance_mismatch
TXN-00017655,194,TRANSFER,12084.62,C1000086,60355.52,48270.9,M3545932,0,0,1,2026-01-08T12:36:46.510599,rapid_succession
TXN-00017656,194,CASH_OUT,98193.27,C1000042,10.0,0.0,M5983907,0,0,1,2026-01-08T12:36:46.510633,large_amount
TXN-00017657,204,DEBIT,1633.67,C1000090,121259.59,119625.92,M9165719,0,0,0,2026-01-08T12:36:46.510713,
TXN-00017658,204,DEBIT,417.07,C1000081,51652.16,51235.09,M3157235,0,0,0,2026-01-08T12:36:46.510803,
TXN-00017659,194,CASH_OUT,91811.15,C1000050,0.0,0.0,M3435500,0,0,1,2026-01-08T12:36:46.510843,night_transaction
TXN-00017660,204,TRANSFER,1245.9,C1000022,0.0,0.0,M4986268,0,0,0,2026-01-08T12:36:46.510916,
TXN-00017661,204,PAYMENT,2111.64,C1000023,0.0,0.0,M4871169,0,0,0,2026-01-08T12:36:46.510989,
TXN-00017662,204,CASH_OUT,5200.0,C1000040,0.0,0.0,M2856912,0,0,0,2026-01-08T12:36:46.511057,
TXN-00017663,204,TRANSFER,18758.31,C1000095,0.0,0.0,M9346037,0,0,0,2026-01-08T12:36:46.511124,
TXN-00017664,204,TRANSFER,127.81,C1000001,39420.27,39292.46,M8818707,0,0,0,2026-01-08T12:36:46.511190,
TXN-00017665,204,CASH_OUT,745.03,C1000072,0.0,0.0,M5973677,0,0,0,2026-01-08T12:36:46.511259,
TXN-00017666,204,TRANSFER,3170.89,C1000043,0.0,0.0,M6662219,0,0,0,2026-01-08T12:36:46.511330,
TXN-00017667,204,DEBIT,1190.88,C1000016,91455.23,90264.35,M3057332,0,0,0,2026-01-08T12:36:46.511400,
TXN-00017668,204,PAYMENT,10.0,C1000078,0.0,0.0,M4071896,0,0,0,2026-01-08T12:36:46.511472,
TXN-00017669,204,PAYMENT,24536.6,C1000037,0.0,0.0,M6034924,0,0,0,2026-01-08T12:36:46.511548,
TXN-00017670,204,PAYMENT,9710.13,C1000031,0.0,0.0,M4262862,0,0,0,2026-01-08T12:36:46.511620,
TXN-00017671,204,TRANSFER,950.23,C1000066,0.0,0.0,M6682171,0,0,0,2026-01-08T12:36:46.511689,
TXN-00017672,204,PAYMENT,38323.59,C1000012,0.0,0.0,M8501748,0,0,0,2026-01-08T12:36:46.511760,
TXN-00017673,207,CASH_OUT,87581.49,C1000063,0.0,0.0,M4153150,0,0,1,2026-01-08T12:36:46.511799,unusual_type
TXN-00017674,204,TRANSFER,144.07,C1000098,143978.46,143834.38,M1409145,0,0,0,2026-01-08T12:36:46.511877,
TXN-00017675,204,CASH_OUT,652.14,C1000080,0.0,0.0,M5942682,0,0,0,2026-01-08T12:36:46.511951,
TXN-00017676,204,TRANSFER,10172.43,C1000092,0.0,0.0,M3395752,0,0,0,2026-01-08T12:36:46.512025,
TXN-00017677,204,PAYMENT,1929.49,C1000008,157732.02,155802.53,M3703777,0,0,0,2026-01-08T12:36:46.512099,
TXN-00017678,197,CASH_OUT,24522.72,C1000031,0.0,0.0,M7481454,0,0,1,2026-01-08T12:36:46.512141,rapid_succession
TXN-00017679,204,TRANSFER,2442.74,C1000030,0.0,0.0,M2629639,0,0,0,2026-01-08T12:36:46.512216,
TXN-00017680,204,TRANSFER,10.0,C1000048,176798.02,176788.02,M3106389,0,0,0,2026-01-08T12:36:46.512292,
TXN-00017681,192,TRANSFER,46551.05,C1000063,0.0,-49258.25,M5396770,0,0,1,2026-01-08T12:36:46.512332,balance_mismatch
TXN-00017682,204,TRANSFER,14885.33,C1000005,0.0,0.0,M4270058,0,0,0,2026-01-08T12:36:46.512413,
TXN-00017683,204,DEBIT,10.0,C1000018,105520.42,105510.42,M5373003,0,0,0,2026-01-08T12:36:46.512485,
TXN-00017684,204,PAYMENT,2257.06,C1000057,0.0,0.0,M6067401,0,0,0,2026-01-08T12:36:46.512566,
TXN-00017685,204,CASH_IN,29152.63,C1000067,0.0,29152.63,M4862451,0,0,0,2026-01-08T12:36:46.512643,
TXN-00017686,204,PAYMENT,6171.81,C1000013,0.0,0.0,M6344813,0,0,0,2026-01-08T12:36:46.512713,
TXN-00017687,204,CASH_IN,1296.5,C1000083,152021.31,153317.81,M7235920,0,0,0,2026-01-08T12:36:46.512785,
TXN-00017688,204,PAYMENT,1616.47,C1000029,0.0,0.0,M4728545,0,0,0,2026-01-08T12:36:46.512859,
TXN-00017689,204,DEBIT,11333.37,C1000054,0.0,0.0,M7684480,0,0,0,2026-01-08T12:36:46.512933,
TXN-00017690,204,TRANSFER,10468.71,C1000005,0.0,0.0,M5785796,0,0,0,2026-01-08T12:36:46.513008,
TXN-00017691,204,CASH_IN,10.0,C1000081,51235.09,51245.09,M1488563,0,0,0,2026-01-08T12:36:46.513079,
TXN-00017692,200,TRANSFER,119342.79,C1000091,0.0,-120876.92,M1507941,0,0,1,2026-01-08T12:36:46.513116,balance_mismatch
TXN-00017693,204,PAYMENT,3585.59,C1000038,0.0,0.0,M5366851,0,0,0,2026-01-08T12:36:46.513198,
TXN-00017694,204,CASH_OUT,8454.5,C1000005,0.0,0.0,M6140400,0,0,0,2026-01-08T12:36:46.513271,
TXN-00017695,204,TRANSFER,628.54,C1000061,192258.54,191630.01,M6594026,0,0,0,2026-01-08T12:36:46.513343,
TXN-00017696,204,TRANSFER,833.27,C1000068,53010.78,52177.51,M6051553,0,0,0,2026-01-08T12:36:46.513419,
TXN-00017697,204,TRANSFER,2071.36,C1000096,81452.56,79381.2,M5126702,0,0,0,2026-01-08T12:36:46.513497,
TXN-00017698,199,CASH_OUT,71286.9,C1000000,0.0,0.0,M6270077,0,0,1,2026-01-08T12:36:46.513542,unusual_type
TXN-00017699,204,TRANSFER,20038.23,C1000019,0.0,0.0,M8930352,0,0,0,2026-01-08T12:36:46.513617,
TXN-00017700,204,PAYMENT,11034.27,C1000074,0.0,0.0,M1843861,0,0,0,2026-01-08T12:36:46.513693,
TXN-00017701,204,CASH_IN,6563.32,C1000011,0.0,6563.32,M7134715,0,0,0,2026-01-08T12:36:46.513766,
TXN-00017702,204,TRANSFER,3387.14,C1000010,0.0,0.0,M8659763,0,0,0,2026-01-08T12:36:46.513841,
TXN-00017703,209,CASH_OUT,75380.64,C1000088,0.0,0.0,M5345013,0,0,1,2026-01-08T12:36:46.513878,unusual_type
TXN-00017704,198,TRANSFER,143768.2,C1000018,105510.42,-40680.42,M4657543,0,0,1,2026-01-08T12:36:46.513911,balance_mismatch
TXN-00017705,209,CASH_OUT,79923.86,C1000068,52177.51,0.0,M8240271,0,0,1,2026-01-08T12:36:46.513952,unusual_type
TXN-00017706,196,TRANSFER,28974.57,C1000031,0.0,0.0,M7537976,0,0,1,2026-01-08T12:36:46.513986,night_transaction
TXN-00017707,204,TRANSFER,4514.89,C1000032,0.0,0.0,M5264508,0,0,0,2026-01-08T12:36:46.514072,
TXN-00017708,204,DEBIT,270.84,C1000049,0.0,0.0,M4962505,0,0,0,2026-01-08T12:36:46.514148,
TXN-00017709,193,CASH_OUT,172827.55,C1000068,52177.51,0.0,M5485163,0,0,1,2026-01-08T12:36:46.514184,large_amount
TXN-00017710,204,CASH_OUT,2705.81,C1000049,0.0,0.0,M2707409,0,0,0,2026-01-08T12:36:46.514259,
TXN-00017711,211,TRANSFER,94734.64,C1000011,6563.32,-87097.39,M3242842,0,0,1,2026-01-08T12:36:46.514294,balance_mismatch
TXN-00017712,212,TRANSFER,41767.61,C1000037,0.0,-39761.93,M4807388,0,0,1,2026-01-08T12:36:46.514335,balance_mismatch
TXN-00017713,204,CASH_OUT,3855.97,C1000087,0.0,0.0,M8526286,0,0,0,2026-01-08T12:36:46.514418,
TXN-00017714,204,TRANSFER,76.97,C1000060,49142.4,49065.43,M8736292,0,0,0,2026-01-08T12:36:46.514495,
TXN-00017715,204,PAYMENT,8214.89,C1000036,0.0,0.0,M7820648,0,0,0,2026-01-08T12:36:46.514578,
TXN-00017716,204,DEBIT,3869.69,C1000043,0.0,0.0,M4390684,0,0,0,2026-01-08T12:36:46.514655,
TXN-00017717,204,CASH_OUT,1080.12,C1000008,155802.53,154722.41,M7836781,0,0,0,2026-01-08T12:36:46.514731,
TXN-00017718,204,TRANSFER,1077.83,C1000083,153317.81,152239.99,M6305820,0,0,0,2026-01-08T12:36:46.514810,
TXN-00017719,204,PAYMENT,7477.61,C1000036,0.0,0.0,M3220817,0,0,0,2026-01-08T12:36:46.514888,
TXN-00017720,204,PAYMENT,10.0,C1000033,0.0,0.0,M9941531,0,0,0,2026-01-08T12:36:46.514963,
TXN-00017721,204,CASH_IN,10.0,C1000040,0.0,10.0,M8759537,0,0,0,2026-01-08T12:36:46.515036,
TXN-00017722,204,PAYMENT,3222.32,C1000078,0.0,0.0,M7528180,0,0,0,2026-01-08T12:36:46.515114,
TXN-00017723,204,CASH_OUT,1524.41,C1000041,172656.5,171132.09,M5382565,0,0,0,2026-01-08T12:36:46.515185,
TXN-00017724,204,TRANSFER,27629.95,C1000067,29152.63,1522.68,M9299044,0,0,0,2026-01-08T12:36:46.515260,
TXN-00017725,204,CASH_OUT,3257.65,C1000087,0.0,0.0,M3938103,0,0,0,2026-01-08T12:36:46.515333,
TXN-00017726,204,CASH_OUT,3437.95,C1000030,0.0,0.0,M5466625,0,0,0,2026-01-08T12:36:46.515404,
TXN-00017727,204,CASH_OUT,34853.87,C1000067,1522.68,0.0,M4843911,0,0,0,2026-01-08T12:36:46.515475,
TXN-00017728,204,PAYMENT,13222.33,C1000054,0.0,0.0,M3060514,0,0,0,2026-01-08T12:36:46.515551,
TXN-00017729,204,DEBIT,4860.03,C1000010,0.0,0.0,M3412000,0,0,0,2026-01-08T12:36:46.515622,
TXN-00017730,204,TRANSFER,10.0,C1000078,0.0,0.0,M5936338,0,0,0,2026-01-08T12:36:46.515692,
TXN-00017731,204,TRANSFER,2787.75,C1000020,225687.85,222900.1,M3182130,0,0,0,2026-01-08T12:36:46.515759,
TXN-00017732,204,TRANSFER,24993.12,C1000037,0.0,0.0,M6928952,0,0,0,2026-01-08T12:36:46.515830,
TXN-00017733,204,PAYMENT,26413.34,C1000056,0.0,0.0,M3165072,0,0,0,2026-01-08T12:36:46.515902,
TXN-00017734,204,TRANSFER,386.71,C1000016,90264.35,89877.64,M6539217,0,0,0,2026-01-08T12:36:46.515973,
TXN-00017735,197,CASH_OUT,117160.19,C1000053,0.0,0.0,M7356735,0,0,1,2026-01-08T12:36:46.516012,large_amount
TXN-00017736,204,TRANSFER,764.12,C1000077,39725.82,38961.7,M7921900,0,0,0,2026-01-08T12:36:46.516080,
TXN-00017737,204,CASH_OUT,6613.26,C1000098,143834.38,137221.12,M8656330,0,0,0,2026-01-08T12:36:46.516154,
TXN-00017738,204,PAYMENT,858.88,C1000022,0.0,0.0,M2900023,0,0,0,2026-01-08T12:36:46.516225,
TXN-00017739,204,PAYMENT,13334.32,C1000063,0.0,0.0,M2537073,0,0,0,2026-01-08T12:36:46.516292,
TXN-00017740,204,PAYMENT,2457.53,C1000016,89877.64,87420.11,M9567058,0,0,0,2026-01-08T12:36:46.516360,
TXN-00017741,204,TRANSFER,10.0,C1000029,0.0,0.0,M3876781,0,0,0,2026-01-08T12:36:46.516431,
TXN-00017742,204,PAYMENT,10.0,C1000040,10.0,0.0,M9790033,0,0,0,2026-01-08T12:36:46.516496,
TXN-00017743,204,PAYMENT,1275.95,C1000077,38961.7,37685.75,M8557315,0,0,0,2026-01-08T12:36:46.516567,
TXN-00017744,204,PAYMENT,6562.35,C1000088,0.0,0.0,M2050976,0,0,0,2026-01-08T12:36:46.516636,
TXN-00017745,204,PAYMENT,1635.97,C1000089,78659.57,77023.6,M8568281,0,0,0,2026-01-08T12:36:46.516706,
TXN-00017746,204,PAYMENT,1629.9,C1000069,0.0,0.0,M1561500,0,0,0,2026-01-08T12:36:46.516777,
TXN-00017747,204,TRANSFER,6784.36,C1000088,0.0,0.0,M1387842,0,0,0,2026-01-08T12:36:46.516848,
TXN-00017748,204,CASH_IN,705.97,C1000021,0.0,705.97,M4332192,0,0,0,2026-01-08T12:36:46.516916,
TXN-00017749,204,CASH_OUT,7700.57,C1000099,0.0,0.0,M6634642,0,0,0,2026-01-08T12:36:46.516989,
TXN-00017750,204,TRANSFER,176.56,C1000009,118530.56,118354.0,M5412319,0,0,0,2026-01-08T12:36:46.517059,
TXN-00017751,197,TRANSFER,51088.99,C1000060,49065.43,0.0,M1637989,0,0,1,2026-01-08T12:36:46.517100,night_transaction
TXN-00017752,204,TRANSFER,3183.21,C1000002,170522.71,167339.5,M2291396,0,0,0,2026-01-08T12:36:46.517171,
TXN-00017753,198,TRANSFER,38158.34,C1000016,87420.11,49261.77,M8823392,0,0,1,2026-01-08T12:36:46.517212,rapid_succession
TXN-00017754,204,TRANSFER,4628.42,C1000065,0.0,0.0,M4623338,0,0,0,2026-01-08T12:36:46.517290,
TXN-00017755,204,PAYMENT,10.0,C1000060,49065.43,49055.43,M2811573,0,0,0,2026-01-08T12:36:46.517361,
TXN-00017756,204,CASH_IN,10.0,C1000042,10.0,20.0,M2405126,0,0,0,2026-01-08T12:36:46.517433,
TXN-00017757,215,CASH_OUT,87191.86,C1000093,0.0,0.0,M2680288,0,0,1,2026-01-08T12:36:46.517469,unusual_type
TXN-00017758,204,PAYMENT,4166.34,C1000027,0.0,0.0,M8143560,0,0,0,2026-01-08T12:36:46.517547,
TXN-00017759,204,PAYMENT,7831.4,C1000099,0.0,0.0,M1454112,0,0,0,2026-01-08T12:36:46.517619,
TXN-00017760,204,CASH_OUT,11412.91,C1000015,0.0,0.0,M1895756,0,0,0,2026-01-08T12:36:46.517689,
TXN-00017761,202,CASH_OUT,190402.17,C1000092,0.0,0.0,M4529889,0,0,1,2026-01-08T12:36:46.517724,large_amount
TXN-00017762,198,CASH_OUT,147869.69,C1000056,0.0,0.0,M3590262,0,0,1,2026-01-08T12:36:46.517756,large_amount
TXN-00017763,204,DEBIT,11943.22,C1000005,0.0,0.0,M8932376,0,0,0,2026-01-08T12:36:46.517827,
TXN-00017764,204,TRANSFER,9219.21,C1000074,0.0,0.0,M5023362,0,0,0,2026-01-08T12:36:46.517899,
TXN-00017765,204,PAYMENT,2289.55,C1000043,0.0,0.0,M7765819,0,0,0,2026-01-08T12:36:46.517969,
TXN-00017766,204,TRANSFER,1451.69,C1000071,108502.2,107050.51,M6677151,0,0,0,2026-01-08T12:36:46.518041,
TXN-00017767,200,TRANSFER,127230.83,C1000041,171132.09,44891.39,M3109971,0,0,1,2026-01-08T12:36:46.518079,balance_mismatch
TXN-00017768,204,TRANSFER,9232.79,C1000013,0.0,0.0,M3363052,0,0,0,2026-01-08T12:36:46.518158,
TXN-00017769,204,PAYMENT,55193.41,C1000000,0.0,0.0,M3283957,0,0,0,2026-01-08T12:36:46.518228,
TXN-00017770,204,PAYMENT,74.28,C1000043,0.0,0.0,M2757537,0,0,0,2026-01-08T12:36:46.518298,
TXN-00017771,204,TRANSFER,2198.34,C1000017,0.0,0.0,M4983028,0,0,0,2026-01-08T12:36:46.518375,
TXN-00017772,204,PAYMENT,36313.04,C1000012,0.0,0.0,M3661475,0,0,0,2026-01-08T12:36:46.518445,
TXN-00017773,204,CASH_OUT,10.0,C1000098,137221.12,137211.12,M7349849,0,0,0,2026-01-08T12:36:46.518522,
TXN-00017774,204,DEBIT,8221.41,C1000036,0.0,0.0,M7479814,0,0,0,2026-01-08T12:36:46.518596,
TXN-00017775,206,TRANSFER,148914.21,C1000035,0.0,-148579.77,M6510739,0,0,1,2026-01-08T12:36:46.518634,balance_mismatch
TXN-00017776,204,PAYMENT,50673.05,C1000053,0.0,0.0,M4642592,0,0,0,2026-01-08T12:36:46.518714,
TXN-00017777,204,DEBIT,544.64,C1000069,0.0,0.0,M1966359,0,0,0,2026-01-08T12:36:46.518787,
TXN-00017778,204,TRANSFER,270.64,C1000001,39292.46,39021.82,M3363679,0,0,0,2026-01-08T12:36:46.518860,
TXN-00017779,204,CASH_OUT,1958.59,C1000072,0.0,0.0,M3501777,0,0,0,2026-01-08T12:36:46.518933,
TXN-00017780,208,TRANSFER,84099.19,C1000046,0.0,-82431.85,M5767933,0,0,1,2026-01-08T12:36:46.518969,balance_mismatch
TXN-00017781,204,PAYMENT,2859.93,C1000084,0.0,0.0,M8260319,0,0,0,2026-01-08T12:36:46.519046,
TXN-00017782,204,TRANSFER,2218.77,C1000043,0.0,0.0,M1101725,0,0,0,2026-01-08T12:36:46.519116,
TXN-00017783,204,PAYMENT,1493.05,C1000075,428347.26,426854.21,M6041025,0,0,0,2026-01-08T12:36:46.519186,
TXN-00017784,204,TRANSFER,5957.42,C1000062,0.0,0.0,M2026987,0,0,0,2026-01-08T12:36:46.519258,
TXN-00017785,204,PAYMENT,5035.96,C1000032,0.0,0.0,M3161477,0,0,0,2026-01-08T12:36:46.519328,
TXN-00017786,193,CASH_OUT,88190.24,C1000051,0.0,0.0,M8518924,0,0,1,2026-01-08T12:36:46.519364,large_amount
TXN-00017787,204,TRANSFER,20397.07,C1000035,0.0,0.0,M5639771,0,0,0,2026-01-08T12:36:46.519436,
TXN-00017788,204,PAYMENT,6404.98,C1000088,0.0,0.0,M1292185,0,0,0,2026-01-08T12:36:46.519512,
TXN-00017789,204,CASH_OUT,5990.93,C1000010,0.0,0.0,M7868862,0,0,0,2026-01-08T12:36:46.519594,
TXN-00017790,204,CASH_IN,8721.82,C1000039,0.0,8721.82,M9951378,0,0,0,2026-01-08T12:36:46.519666,
TXN-00017791,207,CASH_OUT,97242.92,C1000003,0.0,0.0,M6658395,0,0,1,2026-01-08T12:36:46.519705,large_amount
TXN-00017792,204,TRANSFER,5203.18,C1000033,0.0,0.0,M9781387,0,0,0,2026-01-08T12:36:46.519772,
TXN-00017793,204,TRANSFER,2676.63,C1000030,0.0,0.0,M4714213,0,0,0,2026-01-08T12:36:46.519839,
TXN-00017794,204,PAYMENT,4678.48,C1000051,0.0,0.0,M3145090,0,0,0,2026-01-08T12:36:46.519908,
TXN-00017795,212,CASH_OUT,60194.47,C1000051,0.0,0.0,M1813312,0,0,1,2026-01-08T12:36:46.519945,large_amount
TXN-00017796,204,PAYMENT,10.0,C1000007,1566.18,1556.18,M9547153,0,0,0,2026-01-08T12:36:46.520014,
TXN-00017797,197,CASH_OUT,100667.0,C1000099,0.0,0.0,M8141789,0,0,1,2026-01-08T12:36:46.520050,large_amount
TXN-00017798,204,TRANSFER,5659.61,C1000091,0.0,0.0,M9789332,0,0,0,2026-01-08T12:36:46.520121,
TXN-00017799,204,PAYMENT,2035.31,C1000021,705.97,0.0,M7065001,0,0,0,2026-01-08T12:36:46.520194,
TXN-00017800,204,TRANSFER,505.77,C1000094,146323.81,145818.04,M2192295,0,0,0,2026-01-08T12:36:46.520265,
TXN-00017801,204,PAYMENT,1177.06,C1000083,152239.99,151062.93,M7415593,0,0,0,2026-01-08T12:36:46.520339,
TXN-00017802,204,PAYMENT,3688.94,C1000045,0.0,0.0,M3978004,0,0,0,2026-01-08T12:36:46.520410,
TXN-00017803,204,PAYMENT,2637.0,C1000029,0.0,0.0,M6959875,0,0,0,2026-01-08T12:36:46.520481,
TXN-00017804,204,CASH_OUT,8659.83,C1000039,8721.82,61.99,M9105238,0,0,0,2026-01-08T12:36:46.520575,
TXN-00017805,204,TRANSFER,37838.93,C1000012,0.0,0.0,M3200851,0,0,0,2026-01-08T12:36:46.520649,
TXN-00017806,204,CASH_IN,10005.29,C1000074,0.0,10005.29,M2704908,0,0,0,2026-01-08T12:36:46.520720,
TXN-00017807,204,CASH_OUT,4334.27,C1000087,0.0,0.0,M9422317,0,0,0,2026-01-08T12:36:46.520788,
TXN-00017808,204,PAYMENT,10498.39,C1000054,0.0,0.0,M7681019,0,0,0,2026-01-08T12:36:46.520856,
TXN-00017809,204,PAYMENT,2818.88,C1000038,0.0,0.0,M6255689,0,0,0,2026-01-08T12:36:46.520923,
TXN-00017810,209,CASH_OUT,105602.56,C1000007,1556.18,0.0,M4721544,0,0,1,2026-01-08T12:36:46.520962,unusual_type
TXN-00017811,204,PAYMENT,10.0,C1000021,0.0,0.0,M7452430,0,0,0,2026-01-08T12:36:46.521033,
TXN-00017812,204,PAYMENT,748.97,C1000034,49535.52,48786.56,M8112273,0,0,0,2026-01-08T12:36:46.521100,
TXN-00017813,204,TRANSFER,234.61,C1000004,174715.13,174480.52,M4151621,0,0,0,2026-01-08T12:36:46.521173,
TXN-00017814,204,TRANSFER,13467.28,C1000063,0.0,0.0,M6427473,0,0,0,2026-01-08T12:36:46.521246,
TXN-00017815,204,DEBIT,13553.07,C1000063,0.0,0.0,M7704383,0,0,0,2026-01-08T12:36:46.521314,
TXN-00017816,204,DEBIT,20172.05,C1000024,0.0,0.0,M7242853,0,0,0,2026-01-08T12:36:46.521382,
TXN-00017817,204,PAYMENT,1811.85,C1000044,0.0,0.0,M6787448,0,0,0,2026-01-08T12:36:46.521450,
TXN-00017818,204,PAYMENT,2370.58,C1000090,119625.92,117255.34,M2510769,0,0,0,2026-01-08T12:36:46.521535,
TXN-00017819,204,PAYMENT,26380.1,C1000056,0.0,0.0,M9957936,0,0,0,2026-01-08T12:36:46.521619,
TXN-00017820,204,PAYMENT,861.86,C1000016,87420.11,86558.26,M2266506,0,0,0,2026-01-08T12:36:46.521741,
TXN-00017821,204,TRANSFER,1672.11,C1000081,51245.09,49572.98,M8736869,0,0,0,2026-01-08T12:36:46.521851,
TXN-00017822,204,PAYMENT,10.0,C1000051,0.0,0.0,M6040472,0,0,0,2026-01-08T12:36:46.521965,
TXN-00017823,204,PAYMENT,62.32,C1000060,49055.43,48993.1,M5830567,0,0,0,2026-01-08T12:36:46.522046,
TXN-00017824,211,TRANSFER,49837.0,C1000097,0.0,-49012.33,M6992342,0,0,1,2026-01-08T12:36:46.522177,balance_mismatch
TXN-00017825,204,PAYMENT,2572.86,C1000028,0.0,0.0,M4943353,0,0,0,2026-01-08T12:36:46.522300,
TXN-00017826,204,CASH_OUT,5320.86,C1000025,0.0,0.0,M6648225,0,0,0,2026-01-08T12:36:46.522393,
TXN-00017827,204,CASH_IN,15340.1,C1000024,0.0,15340.1,M2339422,0,0,0,2026-01-08T12:36:46.522474,
TXN-00017828,195,TRANSFER,64951.08,C1000077,37685.75,0.0,M1760194,0,0,1,2026-01-08T12:36:46.522701,night_transaction
TXN-00017829,204,CASH_IN,10.0,C1000089,77023.6,77033.6,M1801022,0,0,0,2026-01-08T12:36:46.523121,
TXN-00017830,204,PAYMENT,2735.16,C1000044,0.0,0.0,M4959448,0,0,0,2026-01-08T12:36:46.523360,
TXN-00017831,204,PAYMENT,18404.97,C1000067,0.0,0.0,M7053427,0,0,0,2026-01-08T12:36:46.523446,
TXN-00017832,204,TRANSFER,9811.04,C1000092,0.0,0.0,M7659117,0,0,0,2026-01-08T12:36:46.523515,
TXN-00017833,204,PAYMENT,6842.69,C1000013,0.0,0.0,M4863452,0,0,0,2026-01-08T12:36:46.523591,
TXN-00017834,204,CASH_OUT,1213.4,C1000094,145818.04,144604.64,M6964985,0,0,0,2026-01-08T12:36:46.523655,
TXN-00017835,204,TRANSFER,7620.96,C1000099,0.0,0.0,M4405168,0,0,0,2026-01-08T12:36:46.523728,
TXN-00017836,204,PAYMENT,7276.2,C1000036,0.0,0.0,M2298252,0,0,0,2026-01-08T12:36:46.523797,
TXN-00017837,204,CASH_OUT,3291.21,C1000058,0.0,0.0,M9913847,0,0,0,2026-01-08T12:36:46.523854,
TXN-00017838,208,TRANSFER,45492.97,C1000084,0.0,0.0,M5748797,0,0,1,2026-01-08T12:36:46.523888,rapid_succession
TXN-00017839,207,CASH_OUT,130499.19,C1000028,0.0,0.0,M7502842,0,0,1,2026-01-08T12:36:46.523915,large_amount
TXN-00017840,204,PAYMENT,1666.34,C1000086,60355.52,58689.18,M4504879,0,0,0,2026-01-08T12:36:46.523969,
TXN-00017841,204,TRANSFER,9735.36,C1000031,0.0,0.0,M8631946,0,0,0,2026-01-08T12:36:46.524022,
TXN-00017842,204,CASH_OUT,448.32,C1000004,174480.52,174032.21,M2240750,0,0,0,2026-01-08T12:36:46.524087,
TXN-00017843,196,TRANSFER,56117.66,C1000039,61.99,0.0,M2995428,0,0,1,2026-01-08T12:36:46.524120,night_transaction
TXN-00017844,204,PAYMENT,47411.42,C1000053,0.0,0.0,M4540475,0,0,0,2026-01-08T12:36:46.524180,
TXN-00017845,204,TRANSFER,9325.32,C1000054,0.0,0.0,M7230584,0,0,0,2026-01-08T12:36:46.524237,
TXN-00017846,204,TRANSFER,4097.61,C1000025,0.0,0.0,M5278809,0,0,0,2026-01-08T12:36:46.524294,
TXN-00017847,204,DEBIT,5954.67,C1000059,0.0,0.0,M7028145,0,0,0,2026-01-08T12:36:46.524348,
TXN-00017848,211,TRANSFER,40627.03,C1000068,52177.51,11550.48,M7897986,0,0,1,2026-01-08T12:36:46.524376,rapid_succession
TXN-00017849,204,TRANSFER,4507.67,C1000062,0.0,0.0,M1529780,0,0,0,2026-01-08T12:36:46.524440,
TXN-00017850,209,CASH_OUT,104588.15,C1000050,0.0,0.0,M4777195,0,0,1,2026-01-08T12:36:46.524469,large_amount
TXN-00017851,204,PAYMENT,10.0,C1000014,83369.01,83359.01,M1208771,0,0,0,2026-01-08T12:36:46.524525,
TXN-00017852,204,PAYMENT,1399.57,C1000034,48786.56,47386.99,M3123026,0,0,0,2026-01-08T12:36:46.524580,
TXN-00017853,204,TRANSFER,3312.71,C1000045,0.0,0.0,M9390366,0,0,0,2026-01-08T12:36:46.524636,
TXN-00017854,204,TRANSFER,2263.78,C1000026,56284.39,54020.61,M4801183,0,0,0,2026-01-08T12:36:46.524688,
TXN-00017855,204,CASH_OUT,3590.13,C1000062,0.0,0.0,M5625144,0,0,0,2026-01-08T12:36:46.524741,
TXN-00017856,204,CASH_IN,8036.09,C1000049,0.0,8036.09,M4321266,0,0,0,2026-01-08T12:36:46.524792,
TXN-00017857,194,CASH_OUT,53076.51,C1000082,0.0,0.0,M5464788,0,0,1,2026-01-08T12:36:46.524830,night_transaction
TXN-00017858,204,PAYMENT,5285.28,C1000096,79381.2,74095.92,M9473303,0,0,0,2026-01-08T12:36:46.524883,
TXN-00017859,204,PAYMENT,7442.44,C1000014,83359.01,75916.57,M2306573,0,0,0,2026-01-08T12:36:46.524939,
TXN-00017860,195,CASH_OUT,98455.48,C1000026,54020.61,0.0,M2879995,0,0,1,2026-01-08T12:36:46.524967,large_amount
TXN-00017861,204,CASH_OUT,2627.12,C1000045,0.0,0.0,M3315231,0,0,0,2026-01-08T12:36:46.525020,
TXN-00017862,204,CASH_OUT,10254.09,C1000092,0.0,0.0,M4759851,0,0,0,2026-01-08T12:36:46.525072,
TXN-00017863,204,CASH_OUT,17162.52,C1000093,0.0,0.0,M9922015,0,0,0,2026-01-08T12:36:46.525126,
TXN-00017864,213,CASH_OUT,45446.81,C1000065,0.0,0.0,M5792286,0,0,1,2026-01-08T12:36:46.525155,rapid_succession
TXN-00017865,204,TRANSFER,1198.26,C1000097,0.0,0.0,M5565396,0,0,0,2026-01-08T12:36:46.525207,
TXN-00017866,204,CASH_OUT,4672.41,C1000031,0.0,0.0,M5287785,0,0,0,2026-01-08T12:36:46.525259,
TXN-00017867,204,TRANSFER,2293.54,C1000062,0.0,0.0,M5375840,0,0,0,2026-01-08T12:36:46.525319,
TXN-00017868,194,CASH_OUT,98325.42,C1000009,118354.0,20028.58,M3519051,0,0,1,2026-01-08T12:36:46.525349,night_transaction
TXN-00017869,204,CASH_OUT,6548.49,C1000046,0.0,0.0,M7465966,0,0,0,2026-01-08T12:36:46.525405,
TXN-00017870,204,CASH_OUT,1315.4,C1000023,0.0,0.0,M2590662,0,0,0,2026-01-08T12:36:46.525458,
TXN-00017871,204,DEBIT,1016.97,C1000083,151062.93,150045.96,M5340067,0,0,0,2026-01-08T12:36:46.525513,
TXN-00017872,204,CASH_OUT,1286.51,C1000016,86558.26,85271.75,M1913399,0,0,0,2026-01-08T12:36:46.525568,
TXN-00017873,204,DEBIT,9896.33,C1000092,0.0,0.0,M1201037,0,0,0,2026-01-08T12:36:46.525620,
TXN-00017874,204,TRANSFER,3842.54,C1000049,8036.09,4193.55,M8161212,0,0,0,2026-01-08T12:36:46.525686,
TXN-00017875,204,CASH_OUT,10.0,C1000057,0.0,0.0,M6101315,0,0,0,2026-01-08T12:36:46.525741,
TXN-00017876,204,CASH_IN,19486.13,C1000095,0.0,19486.13,M3802209,0,0,0,2026-01-08T12:36:46.525794,
TXN-00017877,204,CASH_OUT,2575.71,C1000069,0.0,0.0,M9530729,0,0,0,2026-01-08T12:36:46.525850,
TXN-00017878,204,PAYMENT,2117.32,C1000017,0.0,0.0,M8680634,0,0,0,2026-01-08T12:36:46.526342,
TXN-00017879,204,PAYMENT,7319.78,C1000099,0.0,0.0,M4797432,0,0,0,2026-01-08T12:36:46.526499,
TXN-00017880,204,PAYMENT,7005.26,C1000046,0.0,0.0,M6188029,0,0,0,2026-01-08T12:36:46.526710,
TXN-00017881,204,CASH_OUT,360.06,C1000060,48993.1,48633.05,M1453731,0,0,0,2026-01-08T12:36:46.526860,
TXN-00017882,201,CASH_OUT,92836.17,C1000086,58689.18,0.0,M8133497,0,0,1,2026-01-08T12:36:46.526914,large_amount
TXN-00017883,204,PAYMENT,4860.62,C1000032,0.0,0.0,M1847817,0,0,0,2026-01-08T12:36:46.527013,
TXN-00017884,204,PAYMENT,7117.43,C1000031,0.0,0.0,M8300588,0,0,0,2026-01-08T12:36:46.527102,
TXN-00017885,204,TRANSFER,4855.49,C1000098,137211.12,132355.63,M5043882,0,0,0,2026-01-08T12:36:46.527179,
TXN-00017886,204,TRANSFER,3820.17,C1000006,0.0,0.0,M8470775,0,0,0,2026-01-08T12:36:46.527253,
TXN-00017887,204,CASH_IN,5907.23,C1000003,0.0,5907.23,M3047297,0,0,0,2026-01-08T12:36:46.527328,
TXN-00017888,197,TRANSFER,39547.6,C1000019,0.0,0.0,M6836029,0,0,1,2026-01-08T12:36:46.527364,night_transaction
TXN-00017889,196,CASH_OUT,29243.4,C1000012,0.0,0.0,M4844873,0,0,1,2026-01-08T12:36:46.527391,rapid_succession
TXN-00017890,204,PAYMENT,10.0,C1000040,0.0,0.0,M7638698,0,0,0,2026-01-08T12:36:46.527477,
TXN-00017891,204,TRANSFER,587.85,C1000085,1747.31,1159.46,M3144860,0,0,0,2026-01-08T12:36:46.527541,
TXN-00017892,204,CASH_OUT,6479.2,C1000046,0.0,0.0,M3546178,0,0,0,2026-01-08T12:36:46.527625,
TXN-00017893,204,TRANSFER,1454.41,C1000066,0.0,0.0,M2439611,0,0,0,2026-01-08T12:36:46.527690,
TXN-00017894,204,TRANSFER,3543.67,C1000078,0.0,0.0,M9631577,0,0,0,2026-01-08T12:36:46.527754,
TXN-00017895,204,CASH_IN,1623.43,C1000086,58689.18,60312.61,M6245975,0,0,0,2026-01-08T12:36:46.527910,
TXN-00017896,204,TRANSFER,10.0,C1000055,136062.82,136052.82,M9640158,0,0,0,2026-01-08T12:36:46.528119,
TXN-00017897,204,PAYMENT,276.74,C1000034,47386.99,47110.25,M2858675,0,0,0,2026-01-08T12:36:46.528218,
TXN-00017898,204,TRANSFER,10.0,C1000018,105510.42,105500.42,M8307269,0,0,0,2026-01-08T12:36:46.528284,
TXN-00017899,204,CASH_OUT,7704.58,C1000082,0.0,0.0,M6568207,0,0,0,2026-01-08T12:36:46.528349,
TXN-00017900,202,TRANSFER,32530.67,C1000087,0.0,-30599.49,M7434953,0,0,1,2026-01-08T12:36:46.528383,balance_mismatch
TXN-00017901,204,CASH_IN,3130.1,C1000038,0.0,3130.1,M2567509,0,0,0,2026-01-08T12:36:46.528447,
TXN-00017902,204,DEBIT,1569.45,C1000055,136052.82,134483.36,M1589885,0,0,0,2026-01-08T12:36:46.528503,
TXN-00017903,202,CASH_OUT,37533.4,C1000088,0.0,0.0,M8498911,0,0,1,2026-01-08T12:36:46.528538,rapid_succession
TXN-00017904,204,DEBIT,5818.21,C1000025,0.0,0.0,M9206287,0,0,0,2026-01-08T12:36:46.528592,
TXN-00017905,209,CASH_OUT,87584.94,C1000026,54020.61,0.0,M5937414,0,0,1,2026-01-08T12:36:46.528619,unusual_type
TXN-00017906,194,TRANSFER,46038.32,C1000099,0.0,0.0,M4893395,0,0,1,2026-01-08T12:36:46.528645,night_transaction
TXN-00017907,200,TRANSFER,127740.66,C1000097,0.0,-130619.75,M4903009,0,0,1,2026-01-08T12:36:46.528669,balance_mismatch
TXN-00017908,204,CASH_OUT,25016.79,C1000067,0.0,0.0,M2775854,0,0,0,2026-01-08T12:36:46.528733,
TXN-00017909,210,TRANSFER,120311.85,C1000006,0.0,-122204.02,M9519000,0,0,1,2026-01-08T12:36:46.528760,balance_mismatch
TXN-00017910,204,PAYMENT,3304.82,C1000045,0.0,0.0,M5571260,0,0,0,2026-01-08T12:36:46.528825,
TXN-00017911,204,PAYMENT,7484.06,C1000058,0.0,0.0,M4603279,0,0,0,2026-01-08T12:36:46.528885,
TXN-00017912,204,CASH_OUT,7320.41,C1000011,6563.32,0.0,M5241391,0,0,0,2026-01-08T12:36:46.528944,
TXN-00017913,204,PAYMENT,24937.96,C1000037,0.0,0.0,M5664440,0,0,0,2026-01-08T12:36:46.529003,
TXN-00017914,204,TRANSFER,5982.46,C1000003,5907.23,0.0,M4352779,0,0,0,2026-01-08T12:36:46.529061,
TXN-00017915,204,CASH_IN,10.0,C1000071,107050.51,107060.51,M2722349,0,0,0,2026-01-08T12:36:46.529120,
TXN-00017916,210,TRANSFER,138597.73,C1000072,0.0,-142396.87,M1217455,0,0,1,2026-01-08T12:36:46.529149,balance_mismatch
TXN-00017917,204,TRANSFER,1074.04,C1000022,0.0,0.0,M6830277,0,0,0,2026-01-08T12:36:46.529221,
TXN-00017918,204,PAYMENT,6740.03,C1000058,0.0,0.0,M2027825,0,0,0,2026-01-08T12:36:46.529281,
TXN-00017919,204,TRANSFER,9787.04,C1000015,0.0,0.0,M3855282,0,0,0,2026-01-08T12:36:46.529339,
TXN-00017920,204,CASH_OUT,9991.49,C1000074,10005.29,13.8,M3858255,0,0,0,2026-01-08T12:36:46.529396,
TXN-00017921,202,TRANSFER,45475.04,C1000089,77033.6,30859.07,M6655367,0,0,1,2026-01-08T12:36:46.529426,balance_mismatch
TXN-00017922,210,CASH_OUT,42338.54,C1000080,0.0,0.0,M2737959,0,0,1,2026-01-08T12:36:46.529458,rapid_succession
TXN-00017923,204,PAYMENT,3900.52,C1000052,0.0,0.0,M3029890,0,0,0,2026-01-08T12:36:46.529516,
TXN-00017924,204,TRANSFER,10.0,C1000029,0.0,0.0,M9903900,0,0,0,2026-01-08T12:36:46.529575,
TXN-00017925,204,PAYMENT,21568.15,C1000024,15340.1,0.0,M5689651,0,0,0,2026-01-08T12:36:46.529639,
TXN-00017926,204,CASH_OUT,11933.13,C1000015,0.0,0.0,M7743909,0,0,0,2026-01-08T12:36:46.529698,
TXN-00017927,204,CASH_IN,108.43,C1000060,48633.05,48741.48,M9693222,0,0,0,2026-01-08T12:36:46.529755,
TXN-00017928,204,PAYMENT,3624.5,C1000002,167339.5,163715.0,M1321216,0,0,0,2026-01-08T12:36:46.529812,
TXN-00017929,204,TRANSFER,6689.19,C1000088,0.0,0.0,M2978907,0,0,0,2026-01-08T12:36:46.529871,
TXN-00017930,204,PAYMENT,1481.35,C1000034,47110.25,45628.91,M2214075,0,0,0,2026-01-08T12:36:46.529928,
TXN-00017931,204,PAYMENT,218.9,C1000072,0.0,0.0,M7808122,0,0,0,2026-01-08T12:36:46.529985,
TXN-00017932,212,CASH_OUT,176419.76,C1000076,0.0,0.0,M4863265,0,0,1,2026-01-08T12:36:46.530013,large_amount
TXN-00017933,201,CASH_OUT,81668.16,C1000080,0.0,0.0,M1641738,0,0,1,2026-01-08T12:36:46.530038,unusual_type
TXN-00017934,204,PAYMENT,9585.9,C1000031,0.0,0.0,M9950577,0,0,0,2026-01-08T12:36:46.530093,
TXN-00017935,204,PAYMENT,9864.01,C1000092,0.0,0.0,M7016953,0,0,0,2026-01-08T12:36:46.530150,
TXN-00017936,204,CASH_OUT,11483.49,C1000054,0.0,0.0,M5762425,0,0,0,2026-01-08T12:36:46.530207,
TXN-00017937,194,TRANSFER,123288.4,C1000073,0.0,-123847.87,M5422287,0,0,1,2026-01-08T12:36:46.530235,balance_mismatch
TXN-00017938,204,PAYMENT,54404.1,C1000000,0.0,0.0,M5199257,0,0,0,2026-01-08T12:36:46.530297,
TXN-00017939,204,PAYMENT,10.0,C1000002,163715.0,163705.0,M3332814,0,0,0,2026-01-08T12:36:46.530355,
TXN-00017940,204,PAYMENT,17262.9,C1000093,0.0,0.0,M6148203,0,0,0,2026-01-08T12:36:46.530413,
TXN-00017941,204,TRANSFER,10.0,C1000060,48741.48,48731.48,M9210146,0,0,0,2026-01-08T12:36:46.530470,
TXN-00017942,204,PAYMENT,1018.82,C1000043,0.0,0.0,M8939352,0,0,0,2026-01-08T12:36:46.530528,
TXN-00017943,195,CASH_OUT,63253.66,C1000046,0.0,0.0,M9643077,0,0,1,2026-01-08T12:36:46.530557,night_transaction
TXN-00017944,204,PAYMENT,3868.0,C1000033,0.0,0.0,M3005063,0,0,0,2026-01-08T12:36:46.530612,
TXN-00017945,204,TRANSFER,876.75,C1000004,174032.21,173155.46,M9866425,0,0,0,2026-01-08T12:36:46.530667,
TXN-00017946,204,CASH_OUT,1173.76,C1000090,117255.34,116081.57,M1575469,0,0,0,2026-01-08T12:36:46.530725,
TXN-00017947,204,CASH_IN,990.21,C1000004,173155.46,174145.67,M7750346,0,0,0,2026-01-08T12:36:46.530783,
TXN-00017948,204,DEBIT,2048.25,C1000041,171132.09,169083.84,M5581053,0,0,0,2026-01-08T12:36:46.530840,
TXN-00017949,195,TRANSFER,64886.83,C1000069,0.0,0.0,M6673920,0,0,1,2026-01-08T12:36:46.530869,night_transaction
TXN-00017950,197,CASH_OUT,89263.7,C1000058,0.0,0.0,M5215243,0,0,1,2026-01-08T12:36:46.530895,night_transaction
TXN-00017951,204,TRANSFER,337.81,C1000021,0.0,0.0,M3395689,0,0,0,2026-01-08T12:36:46.530952,
TXN-00017952,204,CASH_IN,172867.05,C1000050,0.0,172867.05,M1407259,0,0,0,2026-01-08T12:36:46.531009,
TXN-00017953,204,CASH_OUT,10.0,C1000051,0.0,0.0,M6989975,0,0,0,2026-01-08T12:36:46.531065,
TXN-00017954,194,TRANSFER,48787.21,C1000023,0.0,0.0,M9911092,0,0,1,2026-01-08T12:36:46.531094,night_transaction
TXN-00017955,204,CASH_OUT,660.73,C1000077,37685.75,37025.01,M3619361,0,0,0,2026-01-08T12:36:46.531148,
TXN-00017956,204,TRANSFER,1630.9,C1000062,0.0,0.0,M5009120,0,0,0,2026-01-08T12:36:46.531205,
TXN-00017957,204,CASH_IN,30.74,C1000055,134483.36,134514.1,M2137883,0,0,0,2026-01-08T12:36:46.531270,
TXN-00017958,204,PAYMENT,10.0,C1000085,1159.46,1149.46,M9151775,0,0,0,2026-01-08T12:36:46.531336,
TXN-00017959,204,DEBIT,2322.47,C1000020,222900.1,220577.63,M5853650,0,0,0,2026-01-08T12:36:46.531397,
TXN-00017960,194,TRANSFER,85860.64,C1000028,0.0,-84536.85,M1355237,0,0,1,2026-01-08T12:36:46.531430,balance_mismatch
TXN-00017961,194,TRANSFER,43216.62,C1000074,13.8,0.0,M4747727,0,0,1,2026-01-08T12:36:46.531465,rapid_succession
TXN-00017962,204,TRANSFER,1734.69,C1000094,144604.64,142869.95,M6255080,0,0,0,2026-01-08T12:36:46.531527,
TXN-00017963,204,TRANSFER,3979.93,C1000085,1149.46,0.0,M7484084,0,0,0,2026-01-08T12:36:46.531590,
TXN-00017964,204,CASH_OUT,4448.49,C1000045,0.0,0.0,M5149329,0,0,0,2026-01-08T12:36:46.531654,
TXN-00017965,204,CASH_OUT,34075.17,C1000073,0.0,0.0,M1659633,0,0,0,2026-01-08T12:36:46.531715,
TXN-00017966,204,TRANSFER,1516.5,C1000008,154722.41,153205.91,M2172132,0,0,0,2026-01-08T12:36:46.531788,
TXN-00017967,204,PAYMENT,268.07,C1000081,49572.98,49304.91,M2222299,0,0,0,2026-01-08T12:36:46.531853,
TXN-00017968,204,TRANSFER,9009.43,C1000078,0.0,0.0,M2067865,0,0,0,2026-01-08T12:36:46.531912,
TXN-00017969,204,CASH_OUT,4960.22,C1000025,0.0,0.0,M3479068,0,0,0,2026-01-08T12:36:46.531969,
TXN-00017970,204,PAYMENT,6895.26,C1000049,4193.55,0.0,M4675935,0,0,0,2026-01-08T12:36:46.532026,
TXN-00017971,204,TRANSFER,3168.23,C1000044,0.0,0.0,M1478906,0,0,0,2026-01-08T12:36:46.532082,
TXN-00017972,204,CASH_OUT,376.26,C1000072,0.0,0.0,M6453796,0,0,0,2026-01-08T12:36:46.532139,
TXN-00017973,204,CASH_OUT,15712.76,C1000074,13.8,0.0,M6105156,0,0,0,2026-01-08T12:36:46.532194,
TXN-00017974,204,PAYMENT,26956.32,C1000056,0.0,0.0,M1430040,0,0,0,2026-01-08T12:36:46.532252,
TXN-00017975,204,CASH_OUT,2436.37,C1000002,163705.0,161268.63,M6864909,0,0,0,2026-01-08T12:36:46.532307,
TXN-00017976,204,PAYMENT,1126.6,C1000007,1556.18,429.58,M7748172,0,0,0,2026-01-08T12:36:46.532364,
TXN-00017977,204,PAYMENT,4703.73,C1000080,0.0,0.0,M2453821,0,0,0,2026-01-08T12:36:46.532420,
TXN-00017978,204,PAYMENT,3872.62,C1000080,0.0,0.0,M5635387,0,0,0,2026-01-08T12:36:46.532475,
TXN-00017979,204,PAYMENT,569.69,C1000085,0.0,0.0,M2825586,0,0,0,2026-01-08T12:36:46.532529,
TXN-00017980,197,TRANSFER,67776.27,C1000074,0.0,0.0,M9760430,0,0,1,2026-01-08T12:36:46.532559,night_transaction
TXN-00017981,204,CASH_OUT,21893.46,C1000095,19486.13,0.0,M4627925,0,0,0,2026-01-08T12:36:46.532613,
TXN-00017982,204,TRANSFER,16849.83,C1000093,0.0,0.0,M1325778,0,0,0,2026-01-08T12:36:46.532669,
TXN-00017983,204,PAYMENT,2595.74,C1000021,0.0,0.0,M6857169,0,0,0,2026-01-08T12:36:46.532724,
TXN-00017984,204,CASH_OUT,5487.16,C1000059,0.0,0.0,M6809979,0,0,0,2026-01-08T12:36:46.532779,
TXN-00017985,204,CASH_OUT,10.0,C1000082,0.0,0.0,M4006176,0,0,0,2026-01-08T12:36:46.532834,
TXN-00017986,193,CASH_OUT,22177.24,C1000059,0.0,0.0,M5883939,0,0,1,2026-01-08T12:36:46.532863,rapid_succession
TXN-00017987,204,CASH_OUT,2041.96,C1000044,0.0,0.0,M7957099,0,0,0,2026-01-08T12:36:46.532917,
TXN-00017988,204,DEBIT,2253.87,C1000041,169083.84,166829.96,M9943114,0,0,0,2026-01-08T12:36:46.532972,
TXN-00017989,204,PAYMENT,635.08,C1000085,0.0,0.0,M7072094,0,0,0,2026-01-08T12:36:46.533028,
TXN-00017990,204,DEBIT,3734.36,C1000082,0.0,0.0,M3375839,0,0,0,2026-01-08T12:36:46.533083,
TXN-00017991,204,CASH_OUT,7598.54,C1000099,0.0,0.0,M6996740,0,0,0,2026-01-08T12:36:46.533138,
TXN-00017992,204,TRANSFER,6636.05,C1000046,0.0,0.0,M7166157,0,0,0,2026-01-08T12:36:46.533193,
TXN-00017993,208,TRANSFER,34175.23,C1000000,0.0,0.0,M1539898,0,0,1,2026-01-08T12:36:46.533221,rapid_succession
TXN-00017994,204,PAYMENT,3632.6,C1000006,0.0,0.0,M9168861,0,0,0,2026-01-08T12:36:46.533275,
TXN-00017995,204,DEBIT,89.71,C1000094,142869.95,142780.23,M1079005,0,0,0,2026-01-08T12:36:46.533331,
TXN-00017996,204,TRANSFER,3135.25,C1000091,0.0,0.0,M1301377,0,0,0,2026-01-08T12:36:46.533387,
TXN-00017997,204,CASH_OUT,5694.44,C1000049,0.0,0.0,M8935594,0,0,0,2026-01-08T12:36:46.533441,
TXN-00017998,207,CASH_OUT,147808.27,C1000007,429.58,0.0,M6812129,0,0,1,2026-01-08T12:36:46.533469,large_amount
TXN-00017999,204,TRANSFER,6750.41,C1000023,0.0,0.0,M6174702,0,0,0,2026-01-08T12:36:46.533522,
