transaction_id,step,type,amount,nameOrig,oldbalanceOrg,newbalanceOrig,nameDest,oldbalanceDest,newbalanceDest,isFraud,timestamp,fraud_pattern
TXN-00018000,204,DEBIT,4642.22,C1000032,0.0,0.0,M8183977,0,0,0,2026-01-08T12:36:46.570855,
TXN-00018001,204,PAYMENT,27048.53,C1000056,0.0,0.0,M8921509,0,0,0,2026-01-08T12:36:46.570967,
TXN-00018002,204,PAYMENT,13620.27,C1000063,0.0,0.0,M6947836,0,0,0,2026-01-08T12:36:46.571042,
TXN-00018003,204,PAYMENT,357.61,C1000048,176788.02,176430.41,M1072705,0,0,0,2026-01-08T12:36:46.571111,
TXN-00018004,204,PAYMENT,8665.77,C1000039,61.99,0.0,M4172570,0,0,0,2026-01-08T12:36:46.571176,
TXN-00018005,204,CASH_IN,26747.73,C1000056,0.0,26747.73,M5187791,0,0,0,2026-01-08T12:36:46.571236,
TXN-00018006,211,CASH_OUT,2087.238236440244,C1000025,0.0,-2087.238236440244,M7297906,0,0,1,2026-01-08T12:36:46.571270,stealth
TXN-00018007,204,PAYMENT,3855.58,C1000082,0.0,0.0,M8255969,0,0,0,2026-01-08T12:36:46.571333,
TXN-00018008,202,CASH_OUT,2026.8918835477539,C1000036,0.0,-2026.8918835477539,M7912342,0,0,1,2026-01-08T12:36:46.571362,stealth
TXN-00018009,204,PAYMENT,3176.97,C1000043,0.0,0.0,M3471289,0,0,0,2026-01-08T12:36:46.571423,
TXN-00018010,204,PAYMENT,7716.88,C1000099,0.0,0.0,M3100904,0,0,0,2026-01-08T12:36:46.571478,
TXN-00018011,204,TRANSFER,13587.63,C1000063,0.0,0.0,M2273027,0,0,0,2026-01-08T12:36:46.571531,
TXN-00018012,204,TRANSFER,10.0,C1000021,0.0,0.0,M5492778,0,0,0,2026-01-08T12:36:46.571587,
TXN-00018013,204,TRANSFER,722.48,C1000008,153205.91,152483.42,M7213642,0,0,0,2026-01-08T12:36:46.571646,
TXN-00018014,204,DEBIT,1290.49,C1000080,0.0,0.0,M7740281,0,0,0,2026-01-08T12:36:46.571707,
TXN-00018015,197,CASH_OUT,4548.776814059915,C1000091,0.0,-4548.776814059915,M9474526,0,0,1,2026-01-08T12:36:46.571737,stealth
TXN-00018016,204,CASH_IN,11381.02,C1000054,0.0,11381.02,M7918322,0,0,0,2026-01-08T12:36:46.571804,
TXN-00018017,206,CASH_OUT,3962.316144705054,C1000032,0.0,-3962.316144705054,M3211506,0,0,1,2026-01-08T12:36:46.571834,stealth
TXN-00018018,204,CASH_OUT,531.1222956864231,C1000026,54020.61,53489.48770431358,M4313192,0,0,1,2026-01-08T12:36:46.571866,stealth
TXN-00018019,204,TRANSFER,809.23,C1000077,37025.01,36215.79,M2763234,0,0,0,2026-01-08T12:36:46.571937,
TXN-00018020,204,TRANSFER,10.0,C1000081,49304.91,49294.91,M3207997,0,0,0,2026-01-08T12:36:46.572003,
TXN-00018021,204,TRANSFER,2402.0,C1000084,0.0,0.0,M7556980,0,0,0,2026-01-08T12:36:46.572066,
TXN-00018022,204,PAYMENT,18339.51,C1000079,0.0,0.0,M2192457,0,0,0,2026-01-08T12:36:46.572127,
TXN-00018023,204,CASH_OUT,4624.52,C1000025,0.0,0.0,M6128307,0,0,0,2026-01-08T12:36:46.572188,
TXN-00018024,204,PAYMENT,1413.57,C1000043,0.0,0.0,M3159799,0,0,0,2026-01-08T12:36:46.572250,
TXN-00018025,204,PAYMENT,3202.86,C1000080,0.0,0.0,M7461593,0,0,0,2026-01-08T12:36:46.572312,
TXN-00018026,204,TRANSFER,4641.14,C1000027,0.0,0.0,M8610869,0,0,0,2026-01-08T12:36:46.572372,
TXN-00018027,204,PAYMENT,10.0,C1000048,176430.41,176420.41,M9582804,0,0,0,2026-01-08T12:36:46.572431,
TXN-00018028,204,DEBIT,905.2,C1000043,0.0,0.0,M5799708,0,0,0,2026-01-08T12:36:46.572492,
TXN-00018029,204,PAYMENT,10648.54,C1000042,20.0,0.0,M4496608,0,0,0,2026-01-08T12:36:46.572552,
TXN-00018030,204,PAYMENT,54213.78,C1000000,0.0,0.0,M8060279,0,0,0,2026-01-08T12:36:46.572613,
TXN-00018031,204,TRANSFER,3423.94,C1000087,0.0,0.0,M9147746,0,0,0,2026-01-08T12:36:46.572676,
TXN-00018032,204,TRANSFER,54262.96,C1000000,0.0,0.0,M1099153,0,0,0,2026-01-08T12:36:46.572733,
TXN-00018033,204,PAYMENT,15988.48,C1000005,0.0,0.0,M9267449,0,0,0,2026-01-08T12:36:46.572790,
TXN-00018034,204,TRANSFER,1900.41,C1000017,0.0,0.0,M5054170,0,0,0,2026-01-08T12:36:46.572845,
TXN-00018035,204,PAYMENT,381.11,C1000004,174145.67,173764.56,M3556047,0,0,0,2026-01-08T12:36:46.572898,
TXN-00018036,204,TRANSFER,525.82,C1000021,0.0,0.0,M1079974,0,0,0,2026-01-08T12:36:46.572947,
TXN-00018037,204,TRANSFER,232.59,C1000055,134514.1,134281.51,M2431760,0,0,0,2026-01-08T12:36:46.573004,
TXN-00018038,204,PAYMENT,4416.35,C1000065,0.0,0.0,M9336938,0,0,0,2026-01-08T12:36:46.573064,
TXN-00018039,204,CASH_OUT,4986.68,C1000010,0.0,0.0,M1004615,0,0,0,2026-01-08T12:36:46.573117,
TXN-00018040,204,TRANSFER,372.33,C1000018,105500.42,105128.09,M7572243,0,0,0,2026-01-08T12:36:46.573173,
TXN-00018041,204,TRANSFER,669.76,C1000066,0.0,0.0,M4517440,0,0,0,2026-01-08T12:36:46.573229,
TXN-00018042,204,PAYMENT,3490.93,C1000058,0.0,0.0,M9402538,0,0,0,2026-01-08T12:36:46.573284,
TXN-00018043,204,PAYMENT,20073.14,C1000024,0.0,0.0,M2933048,0,0,0,2026-01-08T12:36:46.573338,
TXN-00018044,204,CASH_OUT,8670.34,C1000057,0.0,0.0,M9528197,0,0,0,2026-01-08T12:36:46.573391,
TXN-00018045,204,CASH_OUT,34207.44,C1000073,0.0,0.0,M3254435,0,0,0,2026-01-08T12:36:46.573447,
TXN-00018046,204,DEBIT,10.0,C1000068,52177.51,52167.51,M5630701,0,0,0,2026-01-08T12:36:46.573501,
TXN-00018047,204,CASH_OUT,118.88,C1000077,36215.79,36096.9,M2696629,0,0,0,2026-01-08T12:36:46.573557,
TXN-00018048,204,PAYMENT,10751.33,C1000015,0.0,0.0,M5199935,0,0,0,2026-01-08T12:36:46.573613,
TXN-00018049,204,TRANSFER,203.75,C1000077,36096.9,35893.16,M4500255,0,0,0,2026-01-08T12:36:46.573666,
TXN-00018050,204,PAYMENT,6372.97,C1000046,0.0,0.0,M9254259,0,0,0,2026-01-08T12:36:46.573721,
TXN-00018051,204,TRANSFER,5999.84,C1000059,0.0,0.0,M5330276,0,0,0,2026-01-08T12:36:46.573779,
TXN-00018052,204,PAYMENT,10142.25,C1000092,0.0,0.0,M4500707,0,0,0,2026-01-08T12:36:46.573832,
TXN-00018053,204,TRANSFER,1132.54,C1000083,150045.96,148913.42,M3030293,0,0,0,2026-01-08T12:36:46.573886,
TXN-00018054,204,PAYMENT,1521.95,C1000022,0.0,0.0,M3059810,0,0,0,2026-01-08T12:36:46.573942,
TXN-00018055,204,PAYMENT,10.0,C1000072,0.0,0.0,M8209671,0,0,0,2026-01-08T12:36:46.573995,
TXN-00018056,204,PAYMENT,3823.87,C1000062,0.0,0.0,M3977340,0,0,0,2026-01-08T12:36:46.574048,
TXN-00018057,204,DEBIT,402.29,C1000061,191630.01,191227.72,M3387565,0,0,0,2026-01-08T12:36:46.574102,
TXN-00018058,204,CASH_OUT,5695.75,C1000052,0.0,0.0,M7609275,0,0,0,2026-01-08T12:36:46.574158,
TXN-00018059,209,CASH_OUT,4023.4306861325267,C1000099,0.0,-4023.4306861325267,M1156628,0,0,1,2026-01-08T12:36:46.574188,stealth
TXN-00018060,204,TRANSFER,448.1,C1000098,132355.63,131907.52,M7913100,0,0,0,2026-01-08T12:36:46.574249,
TXN-00018061,204,CASH_IN,2233.14,C1000023,0.0,2233.14,M4013150,0,0,0,2026-01-08T12:36:46.574306,
TXN-00018062,204,DEBIT,5051.27,C1000032,0.0,0.0,M2012278,0,0,0,2026-01-08T12:36:46.574361,
TXN-00018063,204,DEBIT,8615.27,C1000013,0.0,0.0,M1327420,0,0,0,2026-01-08T12:36:46.574415,
TXN-00018064,204,PAYMENT,76813.95,C1000064,0.0,0.0,M4189187,0,0,0,2026-01-08T12:36:46.574469,
TXN-00018065,204,PAYMENT,7504.38,C1000036,0.0,0.0,M7205811,0,0,0,2026-01-08T12:36:46.574523,
TXN-00018066,204,PAYMENT,8634.21,C1000039,0.0,0.0,M7028981,0,0,0,2026-01-08T12:36:46.574576,
TXN-00018067,204,TRANSFER,10363.51,C1000015,0.0,0.0,M9298733,0,0,0,2026-01-08T12:36:46.574630,
TXN-00018068,204,CASH_OUT,1004.26,C1000094,142780.23,141775.97,M7679642,0,0,0,2026-01-08T12:36:46.574684,
TXN-00018069,204,PAYMENT,2584.81,C1000006,0.0,0.0,M9159463,0,0,0,2026-01-08T12:36:46.574740,
TXN-00018070,204,PAYMENT,18860.91,C1000019,0.0,0.0,M5430201,0,0,0,2026-01-08T12:36:46.574794,
TXN-00018071,200,TRANSFER,4040.8321506454813,C1000069,0.0,-4040.8321506454813,M7485311,0,0,1,2026-01-08T12:36:46.574825,stealth
TXN-00018072,196,CASH_OUT,822.2617501069169,C1000028,0.0,-822.2617501069169,M9702176,0,0,1,2026-01-08T12:36:46.574858,stealth
TXN-00018073,204,DEBIT,11392.18,C1000005,0.0,0.0,M8573879,0,0,0,2026-01-08T12:36:46.574917,
TXN-00018074,204,DEBIT,1922.33,C1000017,0.0,0.0,M7082250,0,0,0,2026-01-08T12:36:46.574972,
TXN-00018075,204,PAYMENT,929.31,C1000001,39021.82,38092.51,M7433857,0,0,0,2026-01-08T12:36:46.575027,
TXN-00018076,204,TRANSFER,10344.9,C1000092,0.0,0.0,M3886728,0,0,0,2026-01-08T12:36:46.575084,
TXN-00018077,204,PAYMENT,463.93,C1000022,0.0,0.0,M1775483,0,0,0,2026-01-08T12:36:46.575141,
TXN-00018078,204,PAYMENT,1111.28,C1000022,0.0,0.0,M1108446,0,0,0,2026-01-08T12:36:46.575195,
TXN-00018079,204,CASH_OUT,4294.5,C1000025,0.0,0.0,M7473638,0,0,0,2026-01-08T12:36:46.575352,
TXN-00018080,204,PAYMENT,13896.69,C1000063,0.0,0.0,M5784949,0,0,0,2026-01-08T12:36:46.575452,
TXN-00018081,204,TRANSFER,2212.15,C1000048,176420.41,174208.26,M7971439,0,0,0,2026-01-08T12:36:46.575527,
TXN-00018082,204,TRANSFER,3035.43,C1000049,0.0,0.0,M6864332,0,0,0,2026-01-08T12:36:46.575668,
TXN-00018083,204,PAYMENT,3901.96,C1000048,174208.26,170306.3,M7639362,0,0,0,2026-01-08T12:36:46.575762,
TXN-00018084,204,DEBIT,1061.06,C1000089,77033.6,75972.54,M5899743,0,0,0,2026-01-08T12:36:46.575841,
TXN-00018085,204,TRANSFER,1715.13,C1000026,54020.61,52305.48,M4962339,0,0,0,2026-01-08T12:36:46.575908,
TXN-00018086,204,TRANSFER,11515.43,C1000015,0.0,0.0,M6636668,0,0,0,2026-01-08T12:36:46.575978,
TXN-00018087,204,PAYMENT,24522.35,C1000037,0.0,0.0,M4207316,0,0,0,2026-01-08T12:36:46.576288,
TXN-00018088,204,TRANSFER,1940.57,C1000017,0.0,0.0,M7410957,0,0,0,2026-01-08T12:36:46.576388,
TXN-00018089,204,PAYMENT,3360.98,C1000084,0.0,0.0,M1865757,0,0,0,2026-01-08T12:36:46.576534,
TXN-00018090,204,PAYMENT,173688.48,C1000050,172867.05,0.0,M5742711,0,0,0,2026-01-08T12:36:46.576851,
TXN-00018091,204,CASH_OUT,25947.89,C1000037,0.0,0.0,M1905940,0,0,0,2026-01-08T12:36:46.576974,
TXN-00018092,204,PAYMENT,3459.03,C1000087,0.0,0.0,M2801587,0,0,0,2026-01-08T12:36:46.577073,
TXN-00018093,199,TRANSFER,1785.218372890349,C1000082,0.0,-1785.218372890349,M3620181,0,0,1,2026-01-08T12:36:46.577123,stealth
TXN-00018094,204,CASH_OUT,6131.6,C1000046,0.0,0.0,M6028598,0,0,0,2026-01-08T12:36:46.577262,
TXN-00018095,205,TRANSFER,3031.3813333201097,C1000037,0.0,-3031.3813333201097,M6699592,0,0,1,2026-01-08T12:36:46.577318,stealth
TXN-00018096,195,TRANSFER,3459.526326979339,C1000010,0.0,-3459.526326979339,M9782519,0,0,1,2026-01-08T12:36:46.577363,stealth
TXN-00018097,215,TRANSFER,731.8946284095614,C1000061,191227.72,190495.82537159044,M7457527,0,0,1,2026-01-08T12:36:46.577406,stealth
TXN-00018098,204,PAYMENT,2397.72,C1000006,0.0,0.0,M2306205,0,0,0,2026-01-08T12:36:46.577554,
TXN-00018099,201,TRANSFER,2581.0820926345173,C1000092,0.0,-2581.0820926345173,M8582240,0,0,1,2026-01-08T12:36:46.577597,stealth
TXN-00018100,204,CASH_OUT,7709.25,C1000074,0.0,0.0,M1008366,0,0,0,2026-01-08T12:36:46.577714,
TXN-00018101,209,TRANSFER,3813.2182161802084,C1000064,0.0,-3813.2182161802084,M9154380,0,0,1,2026-01-08T12:36:46.577775,stealth
TXN-00018102,204,PAYMENT,2172.13,C1000072,0.0,0.0,M4064792,0,0,0,2026-01-08T12:36:46.578104,
TXN-00018103,204,PAYMENT,703.34,C1000021,0.0,0.0,M5714077,0,0,0,2026-01-08T12:36:46.578187,
TXN-00018104,200,CASH_OUT,2935.2282951838524,C1000059,0.0,-2935.2282951838524,M2185537,0,0,1,2026-01-08T12:36:46.578222,stealth
TXN-00018105,204,CASH_OUT,3960.73,C1000097,0.0,0.0,M3906156,0,0,0,2026-01-08T12:36:46.578297,
TXN-00018106,204,DEBIT,10.0,C1000047,10.0,0.0,M3853944,0,0,0,2026-01-08T12:36:46.578362,
TXN-00018107,204,CASH_OUT,2888.66,C1000040,0.0,0.0,M5725071,0,0,0,2026-01-08T12:36:46.578421,
TXN-00018108,204,TRANSFER,9595.54,C1000015,0.0,0.0,M5784690,0,0,0,2026-01-08T12:36:46.578479,
TXN-00018109,204,TRANSFER,5910.84,C1000003,0.0,0.0,M5994985,0,0,0,2026-01-08T12:36:46.578544,
TXN-00018110,204,PAYMENT,10.0,C1000048,170306.3,170296.3,M4219315,0,0,0,2026-01-08T12:36:46.578604,
TXN-00018111,204,PAYMENT,2799.0,C1000084,0.0,0.0,M5479666,0,0,0,2026-01-08T12:36:46.578659,
TXN-00018112,204,TRANSFER,18248.76,C1000076,0.0,0.0,M4790615,0,0,0,2026-01-08T12:36:46.578712,
TXN-00018113,204,CASH_IN,1559.55,C1000081,49294.91,50854.46,M1198106,0,0,0,2026-01-08T12:36:46.578796,
TXN-00018114,204,CASH_OUT,6314.63,C1000096,74095.92,67781.29,M3518138,0,0,0,2026-01-08T12:36:46.578867,
TXN-00018115,196,TRANSFER,1314.7871925466727,C1000064,0.0,-1314.7871925466727,M9053509,0,0,1,2026-01-08T12:36:46.578902,stealth
TXN-00018116,204,TRANSFER,5922.18,C1000005,0.0,0.0,M2076000,0,0,0,2026-01-08T12:36:46.578972,
TXN-00018117,204,PAYMENT,2239.4,C1000082,0.0,0.0,M2158459,0,0,0,2026-01-08T12:36:46.579034,
TXN-00018118,197,TRANSFER,4072.784299381398,C1000071,107060.51,102987.7257006186,M3979103,0,0,1,2026-01-08T12:36:46.579066,stealth
TXN-00018119,204,PAYMENT,21856.48,C1000095,0.0,0.0,M9073938,0,0,0,2026-01-08T12:36:46.579149,
TXN-00018120,204,CASH_IN,4475.19,C1000078,0.0,4475.19,M7843290,0,0,0,2026-01-08T12:36:46.579212,
TXN-00018121,204,PAYMENT,6603.31,C1000074,0.0,0.0,M5044078,0,0,0,2026-01-08T12:36:46.579306,
TXN-00018122,197,TRANSFER,373.28376252787785,C1000043,0.0,-373.28376252787785,M2128722,0,0,1,2026-01-08T12:36:46.579346,stealth
TXN-00018123,204,CASH_OUT,1550.95,C1000057,0.0,0.0,M5081179,0,0,0,2026-01-08T12:36:46.579421,
TXN-00018124,204,CASH_IN,19778.87,C1000093,0.0,19778.87,M3219868,0,0,0,2026-01-08T12:36:46.579489,
TXN-00018125,204,PAYMENT,1749.82,C1000038,3130.1,1380.28,M9718237,0,0,0,2026-01-08T12:36:46.579554,
TXN-00018126,204,CASH_OUT,4731.93,C1000051,0.0,0.0,M7549420,0,0,0,2026-01-08T12:36:46.579624,
TXN-00018127,204,PAYMENT,6809.02,C1000036,0.0,0.0,M6212766,0,0,0,2026-01-08T12:36:46.579690,
TXN-00018128,204,PAYMENT,1806.34,C1000071,107060.51,105254.18,M4684452,0,0,0,2026-01-08T12:36:46.579751,
TXN-00018129,204,CASH_OUT,4604.84,C1000078,4475.19,0.0,M1453696,0,0,0,2026-01-08T12:36:46.579817,
TXN-00018130,204,CASH_IN,7031.12,C1000088,0.0,7031.12,M6148989,0,0,0,2026-01-08T12:36:46.579878,
TXN-00018131,204,PAYMENT,7428.81,C1000010,0.0,0.0,M7159271,0,0,0,2026-01-08T12:36:46.579948,
TXN-00018132,204,CASH_OUT,1915.23,C1000071,105254.18,103338.94,M5842016,0,0,0,2026-01-08T12:36:46.580028,
TXN-00018133,204,PAYMENT,6034.06,C1000046,0.0,0.0,M5584536,0,0,0,2026-01-08T12:36:46.580099,
TXN-00018134,204,TRANSFER,172860.28,C1000050,0.0,0.0,M1848804,0,0,0,2026-01-08T12:36:46.580166,
TXN-00018135,204,PAYMENT,34910.88,C1000067,0.0,0.0,M6576786,0,0,0,2026-01-08T12:36:46.580227,
TXN-00018136,204,PAYMENT,498.86,C1000083,148913.42,148414.56,M6808241,0,0,0,2026-01-08T12:36:46.580295,
TXN-00018137,204,CASH_OUT,7514.19,C1000059,0.0,0.0,M8147768,0,0,0,2026-01-08T12:36:46.580358,
TXN-00018138,204,PAYMENT,18314.55,C1000078,0.0,0.0,M8236157,0,0,0,2026-01-08T12:36:46.580421,
TXN-00018139,204,CASH_OUT,1632.39,C1000022,0.0,0.0,M5636318,0,0,0,2026-01-08T12:36:46.580481,
TXN-00018140,215,TRANSFER,190.37546528570314,C1000012,0.0,-190.37546528570314,M8715650,0,0,1,2026-01-08T12:36:46.580515,stealth
TXN-00018141,214,CASH_OUT,4867.229216372352,C1000063,0.0,-4867.229216372352,M7747829,0,0,1,2026-01-08T12:36:46.580554,stealth
TXN-00018142,204,CASH_OUT,18121.46,C1000024,0.0,0.0,M7451173,0,0,0,2026-01-08T12:36:46.580622,
TXN-00018143,204,PAYMENT,4535.83,C1000065,0.0,0.0,M2096168,0,0,0,2026-01-08T12:36:46.580685,
TXN-00018144,204,TRANSFER,5197.12,C1000080,0.0,0.0,M9419089,0,0,0,2026-01-08T12:36:46.580747,
TXN-00018145,204,TRANSFER,17500.98,C1000076,0.0,0.0,M9112772,0,0,0,2026-01-08T12:36:46.580806,
TXN-00018146,204,PAYMENT,1025.89,C1000007,429.58,0.0,M6695074,0,0,0,2026-01-08T12:36:46.580864,
TXN-00018147,204,PAYMENT,20.46,C1000001,38092.51,38072.04,M1929066,0,0,0,2026-01-08T12:36:46.580924,
TXN-00018148,204,DEBIT,5422.36,C1000062,0.0,0.0,M1950806,0,0,0,2026-01-08T12:36:46.580984,
TXN-00018149,204,PAYMENT,2259.89,C1000026,52305.48,50045.59,M5442525,0,0,0,2026-01-08T12:36:46.581044,
TXN-00018150,204,PAYMENT,18397.01,C1000019,0.0,0.0,M9862316,0,0,0,2026-01-08T12:36:46.581102,
TXN-00018151,204,PAYMENT,1194.69,C1000070,0.0,0.0,M1252709,0,0,0,2026-01-08T12:36:46.581158,
TXN-00018152,204,DEBIT,18055.91,C1000079,0.0,0.0,M5009729,0,0,0,2026-01-08T12:36:46.581214,
TXN-00018153,204,CASH_OUT,5535.69,C1000059,0.0,0.0,M4424116,0,0,0,2026-01-08T12:36:46.581275,
TXN-00018154,204,TRANSFER,2432.99,C1000028,0.0,0.0,M9829890,0,0,0,2026-01-08T12:36:46.581336,
TXN-00018155,193,TRANSFER,2293.585802741921,C1000025,0.0,-2293.585802741921,M3737111,0,0,1,2026-01-08T12:36:46.581369,stealth
TXN-00018156,204,PAYMENT,6488.59,C1000049,0.0,0.0,M7871947,0,0,0,2026-01-08T12:36:46.581442,
TXN-00018157,204,PAYMENT,21114.66,C1000035,0.0,0.0,M1557320,0,0,0,2026-01-08T12:36:46.581503,
TXN-00018158,204,TRANSFER,4282.89,C1000006,0.0,0.0,M7265879,0,0,0,2026-01-08T12:36:46.581563,
TXN-00018159,204,PAYMENT,958.0,C1000077,35893.16,34935.16,M5945038,0,0,0,2026-01-08T12:36:46.581623,
TXN-00018160,204,CASH_OUT,781.01,C1000022,0.0,0.0,M3035412,0,0,0,2026-01-08T12:36:46.581686,
TXN-00018161,204,CASH_OUT,173164.79,C1000050,0.0,0.0,M7054717,0,0,0,2026-01-08T12:36:46.581747,
TXN-00018162,204,DEBIT,4886.43,C1000065,0.0,0.0,M6035428,0,0,0,2026-01-08T12:36:46.581807,
TXN-00018163,204,PAYMENT,4270.22,C1000043,0.0,0.0,M5656967,0,0,0,2026-01-08T12:36:46.581862,
TXN-00018164,204,CASH_OUT,2596.97,C1000069,0.0,0.0,M1811437,0,0,0,2026-01-08T12:36:46.581915,
TXN-00018165,204,DEBIT,54392.64,C1000000,0.0,0.0,M8980688,0,0,0,2026-01-08T12:36:46.581968,
TXN-00018166,204,PAYMENT,1958.51,C1000017,0.0,0.0,M8555382,0,0,0,2026-01-08T12:36:46.582021,
TXN-00018167,204,CASH_OUT,19282.16,C1000019,0.0,0.0,M1773427,0,0,0,2026-01-08T12:36:46.582073,
TXN-00018168,213,TRANSFER,1833.1995896625938,C1000085,0.0,-1833.1995896625938,M4725055,0,0,1,2026-01-08T12:36:46.582103,stealth
TXN-00018169,204,PAYMENT,5690.73,C1000058,0.0,0.0,M8999242,0,0,0,2026-01-08T12:36:46.582171,
TXN-00018170,204,TRANSFER,650.85,C1000055,134281.51,133630.66,M7004463,0,0,0,2026-01-08T12:36:46.582230,
TXN-00018171,210,CASH_OUT,1276.2378616654603,C1000053,0.0,-1276.2378616654603,M8745927,0,0,1,2026-01-08T12:36:46.582265,stealth
TXN-00018172,204,PAYMENT,10.0,C1000075,426854.21,426844.21,M3399753,0,0,0,2026-01-08T12:36:46.582357,
TXN-00018173,204,TRANSFER,5171.69,C1000025,0.0,0.0,M8346596,0,0,0,2026-01-08T12:36:46.582426,
TXN-00018174,204,PAYMENT,172934.18,C1000050,0.0,0.0,M5105072,0,0,0,2026-01-08T12:36:46.582488,
TXN-00018175,204,PAYMENT,25282.0,C1000037,0.0,0.0,M8822256,0,0,0,2026-01-08T12:36:46.582549,
TXN-00018176,204,PAYMENT,5938.23,C1000033,0.0,0.0,M9270741,0,0,0,2026-01-08T12:36:46.582609,
TXN-00018177,204,TRANSFER,173550.59,C1000050,0.0,0.0,M2065154,0,0,0,2026-01-08T12:36:46.582669,
TXN-00018178,204,DEBIT,10.0,C1000080,0.0,0.0,M1101044,0,0,0,2026-01-08T12:36:46.582729,
TXN-00018179,204,PAYMENT,1539.54,C1000022,0.0,0.0,M4819689,0,0,0,2026-01-08T12:36:46.582789,
TXN-00018180,204,PAYMENT,5557.2,C1000025,0.0,0.0,M6467858,0,0,0,2026-01-08T12:36:46.582850,
TXN-00018181,204,PAYMENT,10.0,C1000021,0.0,0.0,M5443540,0,0,0,2026-01-08T12:36:46.582914,
TXN-00018182,204,PAYMENT,37849.99,C1000012,0.0,0.0,M6122274,0,0,0,2026-01-08T12:36:46.582971,
TXN-00018183,204,PAYMENT,3058.24,C1000070,0.0,0.0,M8637685,0,0,0,2026-01-08T12:36:46.583031,
TXN-00018184,204,CASH_IN,4128.2,C1000065,0.0,4128.2,M1002886,0,0,0,2026-01-08T12:36:46.583089,
TXN-00018185,204,CASH_IN,1734.71,C1000086,60312.61,62047.32,M2345070,0,0,0,2026-01-08T12:36:46.583150,
TXN-00018186,197,CASH_OUT,198.75375874863278,C1000096,67781.29,67582.53624125136,M3049377,0,0,1,2026-01-08T12:36:46.583182,stealth
TXN-00018187,204,TRANSFER,15583.23,C1000005,0.0,0.0,M3925044,0,0,0,2026-01-08T12:36:46.583245,
TXN-00018188,204,PAYMENT,894.35,C1000061,191227.72,190333.37,M4502160,0,0,0,2026-01-08T12:36:46.583305,
TXN-00018189,204,DEBIT,18198.76,C1000076,0.0,0.0,M9648536,0,0,0,2026-01-08T12:36:46.583360,
TXN-00018190,198,TRANSFER,413.07998230575635,C1000066,0.0,-413.07998230575635,M7322634,0,0,1,2026-01-08T12:36:46.583388,stealth
TXN-00018191,203,CASH_OUT,1626.9166157944414,C1000007,0.0,-1626.9166157944414,M5256840,0,0,1,2026-01-08T12:36:46.583423,stealth
TXN-00018192,204,PAYMENT,53514.3,C1000000,0.0,0.0,M7495914,0,0,0,2026-01-08T12:36:46.583482,
TXN-00018193,204,PAYMENT,17859.23,C1000005,0.0,0.0,M5210802,0,0,0,2026-01-08T12:36:46.583537,
TXN-00018194,204,TRANSFER,2731.19,C1000069,0.0,0.0,M2060027,0,0,0,2026-01-08T12:36:46.583594,
TXN-00018195,204,PAYMENT,7162.46,C1000047,0.0,0.0,M6322273,0,0,0,2026-01-08T12:36:46.583651,
TXN-00018196,204,PAYMENT,1252.06,C1000016,85271.75,84019.69,M9367681,0,0,0,2026-01-08T12:36:46.583712,
TXN-00018197,204,CASH_OUT,10.0,C1000098,131907.52,131897.52,M3548727,0,0,0,2026-01-08T12:36:46.583772,
TXN-00018198,204,CASH_OUT,4713.12,C1000096,67781.29,63068.17,M7477376,0,0,0,2026-01-08T12:36:46.583832,
TXN-00018199,204,PAYMENT,2609.22,C1000028,0.0,0.0,M7836865,0,0,0,2026-01-08T12:36:46.583894,
TXN-00018200,204,PAYMENT,11152.66,C1000074,0.0,0.0,M5666139,0,0,0,2026-01-08T12:36:46.583956,
TXN-00018201,204,PAYMENT,2973.26,C1000028,0.0,0.0,M4085177,0,0,0,2026-01-08T12:36:46.584018,
TXN-00018202,204,CASH_OUT,3397.5,C1000087,0.0,0.0,M2477832,0,0,0,2026-01-08T12:36:46.584077,
TXN-00018203,204,TRANSFER,10.0,C1000071,103338.94,103328.94,M1904730,0,0,0,2026-01-08T12:36:46.584136,
TXN-00018204,204,PAYMENT,1885.56,C1000090,116081.57,114196.01,M5087719,0,0,0,2026-01-08T12:36:46.584197,
TXN-00018205,204,DEBIT,1167.3,C1000089,75972.54,74805.23,M5062014,0,0,0,2026-01-08T12:36:46.584262,
TXN-00018206,204,TRANSFER,981.78,C1000022,0.0,0.0,M7123208,0,0,0,2026-01-08T12:36:46.584323,
TXN-00018207,204,CASH_OUT,7221.36,C1000078,0.0,0.0,M4238750,0,0,0,2026-01-08T12:36:46.584383,
TXN-00018208,204,PAYMENT,10.0,C1000048,170296.3,170286.3,M8289751,0,0,0,2026-01-08T12:36:46.584442,
TXN-00018209,204,PAYMENT,49464.01,C1000053,0.0,0.0,M9446360,0,0,0,2026-01-08T12:36:46.584502,
TXN-00018210,204,PAYMENT,822.94,C1000077,34935.16,34112.22,M6188120,0,0,0,2026-01-08T12:36:46.584559,
TXN-00018211,204,TRANSFER,17094.58,C1000093,19778.87,2684.29,M4609882,0,0,0,2026-01-08T12:36:46.584616,
TXN-00018212,204,TRANSFER,10.0,C1000023,2233.14,2223.14,M5217256,0,0,0,2026-01-08T12:36:46.584670,
TXN-00018213,204,DEBIT,21232.98,C1000095,0.0,0.0,M2918385,0,0,0,2026-01-08T12:36:46.584724,
TXN-00018214,204,CASH_OUT,1494.12,C1000085,0.0,0.0,M4620416,0,0,0,2026-01-08T12:36:46.584777,
TXN-00018215,204,PAYMENT,5186.55,C1000025,0.0,0.0,M7990423,0,0,0,2026-01-08T12:36:46.584829,
TXN-00018216,204,PAYMENT,7286.56,C1000099,0.0,0.0,M2461609,0,0,0,2026-01-08T12:36:46.584883,
TXN-00018217,204,CASH_OUT,26524.99,C1000056,26747.73,222.74,M6809358,0,0,0,2026-01-08T12:36:46.584940,
TXN-00018218,204,PAYMENT,567.86,C1000016,84019.69,83451.83,M5601294,0,0,0,2026-01-08T12:36:46.584999,
TXN-00018219,204,CASH_OUT,10.0,C1000080,0.0,0.0,M7927038,0,0,0,2026-01-08T12:36:46.585061,
TXN-00018220,204,CASH_OUT,10.0,C1000033,0.0,0.0,M4287458,0,0,0,2026-01-08T12:36:46.585120,
TXN-00018221,204,PAYMENT,10.0,C1000048,170286.3,170276.3,M5803227,0,0,0,2026-01-08T12:36:46.585177,
TXN-00018222,204,PAYMENT,1653.92,C1000030,0.0,0.0,M2061285,0,0,0,2026-01-08T12:36:46.585237,
TXN-00018223,204,TRANSFER,6345.46,C1000003,0.0,0.0,M6281154,0,0,0,2026-01-08T12:36:46.585297,
TXN-00018224,204,CASH_OUT,119.36,C1000060,48731.48,48612.11,M7883525,0,0,0,2026-01-08T12:36:46.585353,
TXN-00018225,204,PAYMENT,2576.75,C1000028,0.0,0.0,M9498831,0,0,0,2026-01-08T12:36:46.585409,
TXN-00018226,204,TRANSFER,1589.02,C1000089,74805.23,73216.21,M2202197,0,0,0,2026-01-08T12:36:46.585463,
TXN-00018227,204,DEBIT,3785.31,C1000087,0.0,0.0,M1182844,0,0,0,2026-01-08T12:36:46.585516,
TXN-00018228,204,DEBIT,8816.37,C1000051,0.0,0.0,M8602659,0,0,0,2026-01-08T12:36:46.585567,
TXN-00018229,204,TRANSFER,7414.1,C1000011,0.0,0.0,M1555279,0,0,0,2026-01-08T12:36:46.585624,
TXN-00018230,204,TRANSFER,23206.17,C1000095,0.0,0.0,M5556587,0,0,0,2026-01-08T12:36:46.585684,
TXN-00018231,204,PAYMENT,8090.03,C1000013,0.0,0.0,M6561985,0,0,0,2026-01-08T12:36:46.585743,
TXN-00018232,204,CASH_OUT,1022.06,C1000061,190333.37,189311.31,M9797802,0,0,0,2026-01-08T12:36:46.585801,
TXN-00018233,204,PAYMENT,4752.82,C1000032,0.0,0.0,M7379242,0,0,0,2026-01-08T12:36:46.585864,
TXN-00018234,204,DEBIT,15737.49,C1000019,0.0,0.0,M2983947,0,0,0,2026-01-08T12:36:46.585923,
TXN-00018235,198,TRANSFER,1154.5210226538416,C1000039,0.0,-1154.5210226538416,M8727775,0,0,1,2026-01-08T12:36:46.585959,stealth
TXN-00018236,204,DEBIT,795.68,C1000083,148414.56,147618.88,M7197529,0,0,0,2026-01-08T12:36:46.586029,
TXN-00018237,204,TRANSFER,1731.87,C1000066,0.0,0.0,M2670081,0,0,0,2026-01-08T12:36:46.586090,
TXN-00018238,204,TRANSFER,2161.28,C1000070,0.0,0.0,M8753183,0,0,0,2026-01-08T12:36:46.586145,
TXN-00018239,204,PAYMENT,4687.2,C1000065,4128.2,0.0,M5528075,0,0,0,2026-01-08T12:36:46.586199,
TXN-00018240,204,PAYMENT,40224.85,C1000012,0.0,0.0,M1017067,0,0,0,2026-01-08T12:36:46.586258,
TXN-00018241,204,PAYMENT,20211.74,C1000079,0.0,0.0,M4103802,0,0,0,2026-01-08T12:36:46.586311,
TXN-00018242,204,TRANSFER,5071.65,C1000033,0.0,0.0,M5909188,0,0,0,2026-01-08T12:36:46.586364,
TXN-00018243,204,TRANSFER,8540.76,C1000039,0.0,0.0,M5852933,0,0,0,2026-01-08T12:36:46.586421,
TXN-00018244,204,PAYMENT,6156.7,C1000096,63068.17,56911.46,M9364259,0,0,0,2026-01-08T12:36:46.586477,
TXN-00018245,204,CASH_OUT,10.0,C1000009,118354.0,118344.0,M3517158,0,0,0,2026-01-08T12:36:46.586540,
TXN-00018246,195,CASH_OUT,3618.61381970751,C1000046,0.0,-3618.61381970751,M6947159,0,0,1,2026-01-08T12:36:46.586573,stealth
TXN-00018247,204,PAYMENT,1790.59,C1000026,50045.59,48255.0,M3174664,0,0,0,2026-01-08T12:36:46.586641,
TXN-00018248,204,PAYMENT,105.22,C1000055,133630.66,133525.44,M8234000,0,0,0,2026-01-08T12:36:46.586703,
TXN-00018249,204,DEBIT,35142.91,C1000067,0.0,0.0,M4273293,0,0,0,2026-01-08T12:36:46.586765,
TXN-00018250,204,CASH_OUT,835.39,C1000094,141775.97,140940.59,M4760905,0,0,0,2026-01-08T12:36:46.586828,
TXN-00018251,204,PAYMENT,141.77,C1000075,426844.21,426702.44,M6805022,0,0,0,2026-01-08T12:36:46.586890,
TXN-00018252,204,PAYMENT,172656.57,C1000050,0.0,0.0,M9783979,0,0,0,2026-01-08T12:36:46.587034,
TXN-00018253,204,CASH_OUT,1174.59,C1000016,83451.83,82277.24,M3319145,0,0,0,2026-01-08T12:36:46.587731,
TXN-00018254,204,PAYMENT,18158.5,C1000093,2684.29,0.0,M3902250,0,0,0,2026-01-08T12:36:46.588018,
TXN-00018255,204,DEBIT,8060.48,C1000036,0.0,0.0,M7591820,0,0,0,2026-01-08T12:36:46.588149,
TXN-00018256,204,CASH_OUT,1043.09,C1000004,173764.56,172721.47,M6088905,0,0,0,2026-01-08T12:36:46.588254,
TXN-00018257,204,CASH_OUT,3506.75,C1000028,0.0,0.0,M2536891,0,0,0,2026-01-08T12:36:46.588354,
TXN-00018258,204,DEBIT,5733.89,C1000059,0.0,0.0,M2723962,0,0,0,2026-01-08T12:36:46.588433,
TXN-00018259,204,PAYMENT,4833.5,C1000027,0.0,0.0,M8034972,0,0,0,2026-01-08T12:36:46.588510,
TXN-00018260,204,PAYMENT,19315.93,C1000093,0.0,0.0,M4732893,0,0,0,2026-01-08T12:36:46.588581,
TXN-00018261,204,PAYMENT,10.0,C1000033,0.0,0.0,M5592460,0,0,0,2026-01-08T12:36:46.588693,
TXN-00018262,204,PAYMENT,16568.48,C1000054,11381.02,0.0,M4636980,0,0,0,2026-01-08T12:36:46.588755,
TXN-00018263,204,TRANSFER,283.28,C1000004,172721.47,172438.19,M3619834,0,0,0,2026-01-08T12:36:46.588819,
TXN-00018264,204,CASH_OUT,10.0,C1000033,0.0,0.0,M4787708,0,0,0,2026-01-08T12:36:46.588882,
TXN-00018265,204,PAYMENT,3229.77,C1000029,0.0,0.0,M7973958,0,0,0,2026-01-08T12:36:46.588938,
TXN-00018266,204,PAYMENT,18917.64,C1000079,0.0,0.0,M4962704,0,0,0,2026-01-08T12:36:46.588994,
TXN-00018267,204,PAYMENT,2722.56,C1000014,75916.57,73194.01,M6751996,0,0,0,2026-01-08T12:36:46.589048,
TXN-00018268,204,CASH_OUT,4265.19,C1000065,0.0,0.0,M1419144,0,0,0,2026-01-08T12:36:46.589103,
TXN-00018269,204,DEBIT,4714.31,C1000065,0.0,0.0,M9931852,0,0,0,2026-01-08T12:36:46.589159,
TXN-00018270,211,CASH_OUT,2367.1781363304626,C1000002,161268.63,158901.45186366953,M4203311,0,0,1,2026-01-08T12:36:46.589188,stealth
TXN-00018271,204,CASH_OUT,50883.36,C1000053,0.0,0.0,M5657937,0,0,0,2026-01-08T12:36:46.589256,
TXN-00018272,204,CASH_IN,1455.07,C1000068,52167.51,53622.58,M3996463,0,0,0,2026-01-08T12:36:46.589313,
TXN-00018273,204,DEBIT,1701.89,C1000086,62047.32,60345.43,M8696979,0,0,0,2026-01-08T12:36:46.589372,
TXN-00018274,192,CASH_OUT,2597.7986261840347,C1000039,0.0,-2597.7986261840347,M8908268,0,0,1,2026-01-08T12:36:46.589403,stealth
TXN-00018275,194,CASH_OUT,528.3653562809578,C1000057,0.0,-528.3653562809578,M5592170,0,0,1,2026-01-08T12:36:46.589435,stealth
TXN-00018276,204,CASH_OUT,10.0,C1000060,48612.11,48602.11,M6546125,0,0,0,2026-01-08T12:36:46.589501,
TXN-00018277,204,CASH_OUT,17344.81,C1000079,0.0,0.0,M9965936,0,0,0,2026-01-08T12:36:46.589563,
TXN-00018278,204,PAYMENT,1388.41,C1000078,0.0,0.0,M6954319,0,0,0,2026-01-08T12:36:46.589624,
TXN-00018279,204,CASH_OUT,3064.85,C1000062,0.0,0.0,M3724662,0,0,0,2026-01-08T12:36:46.589684,
TXN-00018280,204,CASH_OUT,19162.32,C1000079,0.0,0.0,M8667527,0,0,0,2026-01-08T12:36:46.589744,
TXN-00018281,204,PAYMENT,2218.23,C1000086,60345.43,58127.21,M8845504,0,0,0,2026-01-08T12:36:46.589804,
TXN-00018282,204,TRANSFER,472.48,C1000034,45628.91,45156.43,M8750720,0,0,0,2026-01-08T12:36:46.589866,
TXN-00018283,204,CASH_OUT,3888.98,C1000002,161268.63,157379.65,M9602598,0,0,0,2026-01-08T12:36:46.589925,
TXN-00018284,204,PAYMENT,1246.48,C1000018,105128.09,103881.61,M2291722,0,0,0,2026-01-08T12:36:46.589987,
TXN-00018285,204,DEBIT,7664.86,C1000036,0.0,0.0,M5158607,0,0,0,2026-01-08T12:36:46.590047,
TXN-00018286,204,PAYMENT,4550.5,C1000032,0.0,0.0,M7296717,0,0,0,2026-01-08T12:36:46.590107,
TXN-00018287,204,TRANSFER,8718.89,C1000013,0.0,0.0,M3918009,0,0,0,2026-01-08T12:36:46.590167,
TXN-00018288,204,PAYMENT,10.0,C1000002,157379.65,157369.65,M5266263,0,0,0,2026-01-08T12:36:46.590226,
TXN-00018289,204,PAYMENT,2393.52,C1000069,0.0,0.0,M6338636,0,0,0,2026-01-08T12:36:46.590291,
TXN-00018290,204,PAYMENT,2157.5,C1000090,114196.01,112038.51,M2256554,0,0,0,2026-01-08T12:36:46.590348,
TXN-00018291,204,PAYMENT,6474.6,C1000052,0.0,0.0,M1635918,0,0,0,2026-01-08T12:36:46.590403,
TXN-00018292,204,CASH_OUT,425.54,C1000060,48602.11,48176.57,M7948321,0,0,0,2026-01-08T12:36:46.590458,
TXN-00018293,215,TRANSFER,1724.7441710161825,C1000060,48176.57,46451.82582898382,M9861038,0,0,1,2026-01-08T12:36:46.590488,stealth
TXN-00018294,204,CASH_IN,10.0,C1000047,0.0,10.0,M3826200,0,0,0,2026-01-08T12:36:46.590552,
TXN-00018295,204,DEBIT,2448.57,C1000044,0.0,0.0,M9271112,0,0,0,2026-01-08T12:36:46.590604,
TXN-00018296,204,PAYMENT,10.0,C1000066,0.0,0.0,M7312785,0,0,0,2026-01-08T12:36:46.590660,
TXN-00018297,204,PAYMENT,18474.57,C1000079,0.0,0.0,M4135164,0,0,0,2026-01-08T12:36:46.590714,
TXN-00018298,204,CASH_OUT,10.0,C1000081,50854.46,50844.46,M8887226,0,0,0,2026-01-08T12:36:46.590773,
TXN-00018299,204,TRANSFER,8282.61,C1000074,0.0,0.0,M4014484,0,0,0,2026-01-08T12:36:46.590836,
TXN-00018300,204,TRANSFER,1166.46,C1000098,131897.52,130731.07,M6212162,0,0,0,2026-01-08T12:36:46.590896,
TXN-00018301,204,DEBIT,5104.79,C1000003,0.0,0.0,M8701068,0,0,0,2026-01-08T12:36:46.590958,
TXN-00018302,204,PAYMENT,2429.45,C1000040,0.0,0.0,M1955811,0,0,0,2026-01-08T12:36:46.591018,
TXN-00018303,204,DEBIT,2450.82,C1000071,103328.94,100878.12,M9211868,0,0,0,2026-01-08T12:36:46.591077,
TXN-00018304,204,PAYMENT,20586.49,C1000035,0.0,0.0,M6546711,0,0,0,2026-01-08T12:36:46.591141,
TXN-00018305,204,DEBIT,4397.82,C1000027,0.0,0.0,M8020908,0,0,0,2026-01-08T12:36:46.591202,
TXN-00018306,204,CASH_OUT,1699.61,C1000044,0.0,0.0,M9593972,0,0,0,2026-01-08T12:36:46.591262,
TXN-00018307,204,CASH_OUT,10.0,C1000048,170276.3,170266.3,M7006403,0,0,0,2026-01-08T12:36:46.591320,
TXN-00018308,204,TRANSFER,1917.7,C1000017,0.0,0.0,M6436987,0,0,0,2026-01-08T12:36:46.591380,
TXN-00018309,196,CASH_OUT,844.5822971415064,C1000061,189311.31,188466.72770285848,M2563628,0,0,1,2026-01-08T12:36:46.591416,stealth
TXN-00018310,204,TRANSFER,10.0,C1000040,0.0,0.0,M9326467,0,0,0,2026-01-08T12:36:46.591488,
TXN-00018311,204,TRANSFER,90.49,C1000026,48255.0,48164.51,M4193138,0,0,0,2026-01-08T12:36:46.591552,
TXN-00018312,204,TRANSFER,111.67,C1000097,0.0,0.0,M1172586,0,0,0,2026-01-08T12:36:46.591615,
TXN-00018313,204,PAYMENT,2840.74,C1000045,0.0,0.0,M6189999,0,0,0,2026-01-08T12:36:46.591739,
TXN-00018314,214,TRANSFER,2360.7529724736814,C1000086,58127.21,55766.45702752632,M5875838,0,0,1,2026-01-08T12:36:46.591778,stealth
TXN-00018315,204,PAYMENT,143.55,C1000048,170266.3,170122.75,M2418619,0,0,0,2026-01-08T12:36:46.591915,
TXN-00018316,204,TRANSFER,26946.47,C1000056,222.74,0.0,M7871403,0,0,0,2026-01-08T12:36:46.592035,
TXN-00018317,204,CASH_OUT,10.0,C1000029,0.0,0.0,M3486471,0,0,0,2026-01-08T12:36:46.592155,
TXN-00018318,211,CASH_OUT,3720.864834696261,C1000033,0.0,-3720.864834696261,M5466230,0,0,1,2026-01-08T12:36:46.592194,stealth
TXN-00018319,204,TRANSFER,19473.03,C1000079,0.0,0.0,M9128449,0,0,0,2026-01-08T12:36:46.592274,
TXN-00018320,204,TRANSFER,2182.83,C1000028,0.0,0.0,M5845377,0,0,0,2026-01-08T12:36:46.592346,
TXN-00018321,204,PAYMENT,3752.06,C1000052,0.0,0.0,M1804827,0,0,0,2026-01-08T12:36:46.592412,
TXN-00018322,204,TRANSFER,2052.53,C1000017,0.0,0.0,M6598226,0,0,0,2026-01-08T12:36:46.592472,
TXN-00018323,204,CASH_IN,2830.94,C1000097,0.0,2830.94,M6256296,0,0,0,2026-01-08T12:36:46.592532,
TXN-00018324,204,PAYMENT,54915.57,C1000000,0.0,0.0,M1666212,0,0,0,2026-01-08T12:36:46.592591,
TXN-00018325,204,PAYMENT,480.82,C1000041,166829.96,166349.15,M2938338,0,0,0,2026-01-08T12:36:46.592654,
TXN-00018326,204,PAYMENT,1254.63,C1000075,426702.44,425447.81,M4885607,0,0,0,2026-01-08T12:36:46.593087,
TXN-00018327,204,TRANSFER,21750.15,C1000095,0.0,0.0,M5468259,0,0,0,2026-01-08T12:36:46.593211,
TXN-00018328,204,TRANSFER,334.88,C1000004,172438.19,172103.31,M6727241,0,0,0,2026-01-08T12:36:46.593503,
TXN-00018329,204,CASH_OUT,173299.95,C1000050,0.0,0.0,M5339177,0,0,0,2026-01-08T12:36:46.593610,
TXN-00018330,204,TRANSFER,3641.85,C1000045,0.0,0.0,M9980661,0,0,0,2026-01-08T12:36:46.593693,
TXN-00018331,204,DEBIT,10.0,C1000078,0.0,0.0,M5867560,0,0,0,2026-01-08T12:36:46.593766,
TXN-00018332,204,PAYMENT,10.0,C1000051,0.0,0.0,M4063201,0,0,0,2026-01-08T12:36:46.593831,
TXN-00018333,204,PAYMENT,10.0,C1000001,38072.04,38062.04,M6605311,0,0,0,2026-01-08T12:36:46.593897,
TXN-00018334,204,CASH_OUT,2958.81,C1000028,0.0,0.0,M2574512,0,0,0,2026-01-08T12:36:46.593963,
TXN-00018335,204,PAYMENT,10.0,C1000057,0.0,0.0,M6739131,0,0,0,2026-01-08T12:36:46.594025,
TXN-00018336,204,CASH_OUT,1620.11,C1000016,82277.24,80657.13,M8468806,0,0,0,2026-01-08T12:36:46.594084,
TXN-00018337,205,CASH_OUT,4046.8939178460664,C1000063,0.0,-4046.8939178460664,M2535938,0,0,1,2026-01-08T12:36:46.594127,stealth
TXN-00018338,204,CASH_OUT,13339.71,C1000063,0.0,0.0,M4663281,0,0,0,2026-01-08T12:36:46.594203,
TXN-00018339,204,PAYMENT,2376.57,C1000085,0.0,0.0,M8438573,0,0,0,2026-01-08T12:36:46.594264,
TXN-00018340,204,CASH_OUT,5923.74,C1000025,0.0,0.0,M6970032,0,0,0,2026-01-08T12:36:46.594326,
TXN-00018341,204,TRANSFER,20130.81,C1000035,0.0,0.0,M8025137,0,0,0,2026-01-08T12:36:46.594388,
TXN-00018342,204,TRANSFER,562.97,C1000077,34112.22,33549.25,M2638593,0,0,0,2026-01-08T12:36:46.594449,
TXN-00018343,204,PAYMENT,1607.8,C1000094,140940.59,139332.79,M4634613,0,0,0,2026-01-08T12:36:46.594512,
TXN-00018344,204,TRANSFER,9338.97,C1000074,0.0,0.0,M1320119,0,0,0,2026-01-08T12:36:46.594573,
TXN-00018345,208,TRANSFER,4910.493411634181,C1000003,0.0,-4910.493411634181,M4868519,0,0,1,2026-01-08T12:36:46.594604,stealth
TXN-00018346,204,PAYMENT,5763.58,C1000054,0.0,0.0,M4344111,0,0,0,2026-01-08T12:36:46.594675,
TXN-00018347,204,PAYMENT,1439.93,C1000086,58127.21,56687.28,M2618308,0,0,0,2026-01-08T12:36:46.594733,
TXN-00018348,204,TRANSFER,3934.42,C1000040,0.0,0.0,M8612538,0,0,0,2026-01-08T12:36:46.594789,
TXN-00018349,204,CASH_IN,4406.93,C1000032,0.0,4406.93,M4400615,0,0,0,2026-01-08T12:36:46.594844,
TXN-00018350,204,PAYMENT,2001.58,C1000038,1380.28,0.0,M8387330,0,0,0,2026-01-08T12:36:46.594904,
TXN-00018351,204,CASH_OUT,10.0,C1000081,50844.46,50834.46,M6062666,0,0,0,2026-01-08T12:36:46.594961,
TXN-00018352,204,CASH_OUT,10.0,C1000002,157369.65,157359.65,M2778099,0,0,0,2026-01-08T12:36:46.595018,
TXN-00018353,204,PAYMENT,1408.77,C1000026,48164.51,46755.74,M9805958,0,0,0,2026-01-08T12:36:46.595079,
TXN-00018354,204,PAYMENT,3686.71,C1000096,56911.46,53224.75,M3734860,0,0,0,2026-01-08T12:36:46.595138,
TXN-00018355,204,CASH_OUT,1597.21,C1000022,0.0,0.0,M5435612,0,0,0,2026-01-08T12:36:46.595199,
TXN-00018356,204,TRANSFER,2905.37,C1000072,0.0,0.0,M7034928,0,0,0,2026-01-08T12:36:46.595264,
TXN-00018357,204,PAYMENT,10.0,C1000014,73194.01,73184.01,M9476697,0,0,0,2026-01-08T12:36:46.595326,
TXN-00018358,204,CASH_OUT,3971.67,C1000026,46755.74,42784.07,M4961669,0,0,0,2026-01-08T12:36:46.595386,
TXN-00018359,204,TRANSFER,1242.97,C1000077,33549.25,32306.28,M9691647,0,0,0,2026-01-08T12:36:46.595448,
TXN-00018360,204,PAYMENT,4213.82,C1000065,0.0,0.0,M4370888,0,0,0,2026-01-08T12:36:46.595510,
TXN-00018361,204,TRANSFER,18987.06,C1000074,0.0,0.0,M7949048,0,0,0,2026-01-08T12:36:46.595570,
TXN-00018362,215,CASH_OUT,498.5356110827729,C1000088,7031.12,6532.5843889172265,M6623282,0,0,1,2026-01-08T12:36:46.595602,stealth
TXN-00018363,204,DEBIT,18638.96,C1000093,0.0,0.0,M9915738,0,0,0,2026-01-08T12:36:46.595668,
TXN-00018364,204,PAYMENT,7680.92,C1000036,0.0,0.0,M9602305,0,0,0,2026-01-08T12:36:46.595729,
TXN-00018365,204,PAYMENT,7034.83,C1000036,0.0,0.0,M3034051,0,0,0,2026-01-08T12:36:46.595788,
TXN-00018366,204,PAYMENT,586.78,C1000029,0.0,0.0,M7157027,0,0,0,2026-01-08T12:36:46.595847,
TXN-00018367,204,CASH_OUT,2620.72,C1000026,42784.07,40163.35,M2047905,0,0,0,2026-01-08T12:36:46.595912,
TXN-00018368,204,CASH_OUT,5605.42,C1000025,0.0,0.0,M6854678,0,0,0,2026-01-08T12:36:46.595973,
TXN-00018369,204,PAYMENT,8393.02,C1000039,0.0,0.0,M4159369,0,0,0,2026-01-08T12:36:46.596031,
TXN-00018370,204,PAYMENT,10.0,C1000023,2223.14,2213.14,M5527051,0,0,0,2026-01-08T12:36:46.596087,
TXN-00018371,204,PAYMENT,476.79,C1000042,0.0,0.0,M9011856,0,0,0,2026-01-08T12:36:46.596142,
TXN-00018372,194,CASH_OUT,2738.381903772848,C1000023,2213.14,-525.2419037728482,M1297762,0,0,1,2026-01-08T12:36:46.596171,stealth
TXN-00018373,204,CASH_OUT,173455.9,C1000050,0.0,0.0,M8079219,0,0,0,2026-01-08T12:36:46.596232,
TXN-00018374,204,TRANSFER,25998.48,C1000024,0.0,0.0,M1336863,0,0,0,2026-01-08T12:36:46.596286,
TXN-00018375,204,CASH_OUT,9162.55,C1000031,0.0,0.0,M2962674,0,0,0,2026-01-08T12:36:46.596338,
TXN-00018376,204,CASH_OUT,10.0,C1000047,10.0,0.0,M5740880,0,0,0,2026-01-08T12:36:46.596395,
TXN-00018377,204,PAYMENT,3152.93,C1000045,0.0,0.0,M9459611,0,0,0,2026-01-08T12:36:46.596456,
TXN-00018378,204,PAYMENT,2506.39,C1000069,0.0,0.0,M3740677,0,0,0,2026-01-08T12:36:46.596512,
TXN-00018379,204,TRANSFER,14645.99,C1000005,0.0,0.0,M7327791,0,0,0,2026-01-08T12:36:46.596568,
TXN-00018380,204,PAYMENT,13428.83,C1000063,0.0,0.0,M4555084,0,0,0,2026-01-08T12:36:46.596624,
TXN-00018381,192,TRANSFER,3029.1475145766985,C1000029,0.0,-3029.1475145766985,M7331142,0,0,1,2026-01-08T12:36:46.596654,stealth
TXN-00018382,204,TRANSFER,1384.11,C1000083,147618.88,146234.76,M3171996,0,0,0,2026-01-08T12:36:46.596721,
TXN-00018383,204,TRANSFER,1404.35,C1000023,2213.14,808.78,M1517801,0,0,0,2026-01-08T12:36:46.596780,
TXN-00018384,204,CASH_OUT,5999.68,C1000091,0.0,0.0,M9551721,0,0,0,2026-01-08T12:36:46.596838,
TXN-00018385,204,PAYMENT,10.0,C1000014,73184.01,73174.01,M2426235,0,0,0,2026-01-08T12:36:46.596906,
TXN-00018386,204,PAYMENT,1482.9,C1000026,40163.35,38680.45,M1256074,0,0,0,2026-01-08T12:36:46.596982,
TXN-00018387,204,TRANSFER,41111.07,C1000012,0.0,0.0,M8962908,0,0,0,2026-01-08T12:36:46.597047,
TXN-00018388,204,TRANSFER,6252.32,C1000052,0.0,0.0,M8222669,0,0,0,2026-01-08T12:36:46.597107,
TXN-00018389,204,PAYMENT,1251.63,C1000026,38680.45,37428.82,M9604187,0,0,0,2026-01-08T12:36:46.597166,
TXN-00018390,204,PAYMENT,2480.56,C1000029,0.0,0.0,M5437100,0,0,0,2026-01-08T12:36:46.597226,
TXN-00018391,204,CASH_OUT,10.0,C1000007,0.0,0.0,M7417961,0,0,0,2026-01-08T12:36:46.597281,
TXN-00018392,204,TRANSFER,19041.37,C1000024,0.0,0.0,M1401951,0,0,0,2026-01-08T12:36:46.597363,
TXN-00018393,208,CASH_OUT,3792.443089561418,C1000018,103881.61,100089.16691043858,M6913707,0,0,1,2026-01-08T12:36:46.597415,stealth
TXN-00018394,204,CASH_IN,10.0,C1000042,0.0,10.0,M5604142,0,0,0,2026-01-08T12:36:46.597485,
TXN-00018395,204,CASH_OUT,19921.42,C1000078,0.0,0.0,M9221676,0,0,0,2026-01-08T12:36:46.597543,
TXN-00018396,204,TRANSFER,3223.2,C1000085,0.0,0.0,M2957515,0,0,0,2026-01-08T12:36:46.597602,
TXN-00018397,204,CASH_OUT,2178.05,C1000008,152483.42,150305.37,M2152397,0,0,0,2026-01-08T12:36:46.597659,
TXN-00018398,204,DEBIT,3154.24,C1000096,53224.75,50070.51,M3840287,0,0,0,2026-01-08T12:36:46.597716,
TXN-00018399,204,CASH_OUT,2327.97,C1000074,0.0,0.0,M2108880,0,0,0,2026-01-08T12:36:46.597796,
TXN-00018400,204,TRANSFER,13283.96,C1000063,0.0,0.0,M2186178,0,0,0,2026-01-08T12:36:46.597865,
TXN-00018401,213,TRANSFER,2019.4336886104707,C1000010,0.0,-2019.4336886104707,M3940994,0,0,1,2026-01-08T12:36:46.597898,stealth
TXN-00018402,204,TRANSFER,10.0,C1000081,50834.46,50824.46,M4263900,0,0,0,2026-01-08T12:36:46.597971,
TXN-00018403,214,CASH_OUT,1541.2103436988853,C1000046,0.0,-1541.2103436988853,M3218029,0,0,1,2026-01-08T12:36:46.598000,stealth
TXN-00018404,194,CASH_OUT,461.00847277455875,C1000006,0.0,-461.00847277455875,M6573852,0,0,1,2026-01-08T12:36:46.598031,stealth
TXN-00018405,204,PAYMENT,5531.56,C1000059,0.0,0.0,M3279927,0,0,0,2026-01-08T12:36:46.598107,
TXN-00018406,205,CASH_OUT,2376.641597873226,C1000089,73216.21,70839.56840212678,M2255527,0,0,1,2026-01-08T12:36:46.598145,stealth
TXN-00018407,204,PAYMENT,10.0,C1000098,130731.07,130721.07,M9026177,0,0,0,2026-01-08T12:36:46.598219,
TXN-00018408,204,CASH_OUT,1865.36,C1000097,2830.94,965.58,M5114196,0,0,0,2026-01-08T12:36:46.598280,
TXN-00018409,204,PAYMENT,4515.57,C1000057,0.0,0.0,M8835386,0,0,0,2026-01-08T12:36:46.598340,
TXN-00018410,204,PAYMENT,501.12,C1000008,150305.37,149804.25,M4526315,0,0,0,2026-01-08T12:36:46.598402,
TXN-00018411,204,TRANSFER,1443.79,C1000001,38062.04,36618.25,M7268839,0,0,0,2026-01-08T12:36:46.598469,
TXN-00018412,204,CASH_OUT,26348.41,C1000056,0.0,0.0,M5464242,0,0,0,2026-01-08T12:36:46.598528,
TXN-00018413,204,TRANSFER,10617.92,C1000013,0.0,0.0,M5080763,0,0,0,2026-01-08T12:36:46.598584,
TXN-00018414,204,CASH_OUT,3366.4,C1000072,0.0,0.0,M3439629,0,0,0,2026-01-08T12:36:46.598639,
TXN-00018415,195,CASH_OUT,3232.3346894905058,C1000036,0.0,-3232.3346894905058,M6735520,0,0,1,2026-01-08T12:36:46.598672,stealth
TXN-00018416,204,CASH_OUT,6772.53,C1000013,0.0,0.0,M2560868,0,0,0,2026-01-08T12:36:46.598736,
TXN-00018417,204,TRANSFER,18980.82,C1000079,0.0,0.0,M1266591,0,0,0,2026-01-08T12:36:46.598793,
TXN-00018418,204,DEBIT,5634.68,C1000046,0.0,0.0,M6517769,0,0,0,2026-01-08T12:36:46.598848,
TXN-00018419,204,TRANSFER,7610.35,C1000099,0.0,0.0,M7383875,0,0,0,2026-01-08T12:36:46.598902,
TXN-00018420,204,DEBIT,853.14,C1000085,0.0,0.0,M3870273,0,0,0,2026-01-08T12:36:46.598956,
TXN-00018421,199,CASH_OUT,179.52900489463627,C1000061,189311.31,189131.78099510536,M5228601,0,0,1,2026-01-08T12:36:46.598985,stealth
TXN-00018422,204,DEBIT,18630.89,C1000019,0.0,0.0,M3841214,0,0,0,2026-01-08T12:36:46.599043,
TXN-00018423,204,TRANSFER,10.0,C1000009,118344.0,118334.0,M3247774,0,0,0,2026-01-08T12:36:46.599093,
TXN-00018424,192,TRANSFER,4593.130860671342,C1000014,73174.01,68580.87913932865,M5302660,0,0,1,2026-01-08T12:36:46.599119,stealth
TXN-00018425,204,CASH_OUT,11751.35,C1000015,0.0,0.0,M7014303,0,0,0,2026-01-08T12:36:46.599184,
TXN-00018426,204,DEBIT,19080.1,C1000079,0.0,0.0,M4284483,0,0,0,2026-01-08T12:36:46.599239,
TXN-00018427,204,PAYMENT,10.0,C1000009,118334.0,118324.0,M9567214,0,0,0,2026-01-08T12:36:46.599294,
TXN-00018428,204,TRANSFER,26120.64,C1000056,0.0,0.0,M7283558,0,0,0,2026-01-08T12:36:46.599351,
TXN-00018429,204,TRANSFER,3428.5,C1000048,170122.75,166694.25,M9606500,0,0,0,2026-01-08T12:36:46.599410,
TXN-00018430,202,TRANSFER,3808.913045914911,C1000065,0.0,-3808.913045914911,M5788190,0,0,1,2026-01-08T12:36:46.599441,stealth
TXN-00018431,204,CASH_OUT,1386.38,C1000070,0.0,0.0,M4863793,0,0,0,2026-01-08T12:36:46.599508,
TXN-00018432,204,PAYMENT,970.78,C1000020,220577.63,219606.85,M9855203,0,0,0,2026-01-08T12:36:46.599564,
TXN-00018433,204,PAYMENT,1462.11,C1000089,73216.21,71754.1,M3441838,0,0,0,2026-01-08T12:36:46.599622,
TXN-00018434,204,DEBIT,1289.41,C1000016,80657.13,79367.72,M8009617,0,0,0,2026-01-08T12:36:46.599678,
TXN-00018435,204,CASH_OUT,1072.96,C1000068,53622.58,52549.62,M5587955,0,0,0,2026-01-08T12:36:46.599735,
TXN-00018436,204,CASH_IN,34328.06,C1000073,0.0,34328.06,M5154041,0,0,0,2026-01-08T12:36:46.599792,
TXN-00018437,196,CASH_OUT,2427.3738570539645,C1000094,139332.79,136905.41614294605,M8046048,0,0,1,2026-01-08T12:36:46.599823,stealth
TXN-00018438,204,CASH_OUT,10.0,C1000072,0.0,0.0,M1083943,0,0,0,2026-01-08T12:36:46.600049,
TXN-00018439,204,CASH_OUT,138.37,C1000022,0.0,0.0,M4147921,0,0,0,2026-01-08T12:36:46.600149,
TXN-00018440,204,DEBIT,10.0,C1000042,10.0,0.0,M2829135,0,0,0,2026-01-08T12:36:46.600360,
TXN-00018441,204,TRANSFER,4237.74,C1000065,0.0,0.0,M9840532,0,0,0,2026-01-08T12:36:46.600491,
TXN-00018442,202,CASH_OUT,3601.9378856730073,C1000077,32306.28,28704.34211432699,M1769042,0,0,1,2026-01-08T12:36:46.600569,stealth
TXN-00018443,204,PAYMENT,3537.38,C1000020,219606.85,216069.48,M3819055,0,0,0,2026-01-08T12:36:46.600798,
TXN-00018444,204,TRANSFER,4715.04,C1000027,0.0,0.0,M6242944,0,0,0,2026-01-08T12:36:46.600920,
TXN-00018445,204,CASH_OUT,5711.23,C1000046,0.0,0.0,M4614107,0,0,0,2026-01-08T12:36:46.601036,
TXN-00018446,211,TRANSFER,4374.300653048238,C1000063,0.0,-4374.300653048238,M3262904,0,0,1,2026-01-08T12:36:46.601078,stealth
TXN-00018447,204,CASH_OUT,5053.47,C1000054,0.0,0.0,M8288431,0,0,0,2026-01-08T12:36:46.601167,
TXN-00018448,204,PAYMENT,53752.85,C1000000,0.0,0.0,M9633504,0,0,0,2026-01-08T12:36:46.601242,
TXN-00018449,204,TRANSFER,584.83,C1000023,808.78,223.95,M3082592,0,0,0,2026-01-08T12:36:46.601306,
TXN-00018450,196,CASH_OUT,3525.5269837715946,C1000065,0.0,-3525.5269837715946,M8716836,0,0,1,2026-01-08T12:36:46.601339,stealth
TXN-00018451,204,CASH_IN,4925.2,C1000006,0.0,4925.2,M9510147,0,0,0,2026-01-08T12:36:46.601412,
TXN-00018452,204,TRANSFER,10.0,C1000023,223.95,213.95,M3473133,0,0,0,2026-01-08T12:36:46.601476,
TXN-00018453,204,TRANSFER,13788.4,C1000063,0.0,0.0,M6834660,0,0,0,2026-01-08T12:36:46.601564,
TXN-00018454,204,PAYMENT,23809.19,C1000024,0.0,0.0,M1698849,0,0,0,2026-01-08T12:36:46.601624,
TXN-00018455,204,PAYMENT,37885.22,C1000012,0.0,0.0,M6438516,0,0,0,2026-01-08T12:36:46.601681,
TXN-00018456,208,TRANSFER,3334.2356990540266,C1000050,0.0,-3334.2356990540266,M4270667,0,0,1,2026-01-08T12:36:46.601716,stealth
TXN-00018457,204,CASH_IN,7207.22,C1000011,0.0,7207.22,M3141291,0,0,0,2026-01-08T12:36:46.601786,
TXN-00018458,204,DEBIT,20233.09,C1000024,0.0,0.0,M8948761,0,0,0,2026-01-08T12:36:46.601844,
TXN-00018459,204,DEBIT,172934.24,C1000050,0.0,0.0,M8080142,0,0,0,2026-01-08T12:36:46.601901,
TXN-00018460,204,PAYMENT,10.0,C1000082,0.0,0.0,M2440963,0,0,0,2026-01-08T12:36:46.601959,
TXN-00018461,204,CASH_IN,4208.17,C1000058,0.0,4208.17,M4025014,0,0,0,2026-01-08T12:36:46.602017,
TXN-00018462,204,PAYMENT,7652.97,C1000099,0.0,0.0,M3890584,0,0,0,2026-01-08T12:36:46.602077,
TXN-00018463,204,PAYMENT,772.85,C1000097,965.58,192.74,M6499725,0,0,0,2026-01-08T12:36:46.602137,
TXN-00018464,204,CASH_OUT,11572.55,C1000074,0.0,0.0,M6450536,0,0,0,2026-01-08T12:36:46.602198,
TXN-00018465,204,CASH_OUT,1272.73,C1000072,0.0,0.0,M1653190,0,0,0,2026-01-08T12:36:46.602257,
TXN-00018466,204,CASH_OUT,1217.19,C1000061,189311.31,188094.12,M9422068,0,0,0,2026-01-08T12:36:46.602315,
TXN-00018467,204,PAYMENT,173388.46,C1000050,0.0,0.0,M8304280,0,0,0,2026-01-08T12:36:46.602379,
TXN-00018468,204,CASH_OUT,10826.25,C1000015,0.0,0.0,M9010498,0,0,0,2026-01-08T12:36:46.602440,
TXN-00018469,204,CASH_OUT,10.0,C1000080,0.0,0.0,M5508247,0,0,0,2026-01-08T12:36:46.602499,
TXN-00018470,204,PAYMENT,3902.18,C1000010,0.0,0.0,M7597927,0,0,0,2026-01-08T12:36:46.602558,
TXN-00018471,204,TRANSFER,4725.79,C1000062,0.0,0.0,M1991137,0,0,0,2026-01-08T12:36:46.602616,
TXN-00018472,204,TRANSFER,8433.61,C1000005,0.0,0.0,M3269826,0,0,0,2026-01-08T12:36:46.602675,
TXN-00018473,204,TRANSFER,2159.01,C1000089,71754.1,69595.09,M7733028,0,0,0,2026-01-08T12:36:46.602733,
TXN-00018474,204,TRANSFER,33999.6,C1000073,34328.06,328.46,M5259892,0,0,0,2026-01-08T12:36:46.602795,
TXN-00018475,204,PAYMENT,53504.81,C1000000,0.0,0.0,M2889112,0,0,0,2026-01-08T12:36:46.602855,
TXN-00018476,204,PAYMENT,17998.85,C1000076,0.0,0.0,M5772265,0,0,0,2026-01-08T12:36:46.602911,
TXN-00018477,204,PAYMENT,1965.3,C1000086,56687.28,54721.97,M3119458,0,0,0,2026-01-08T12:36:46.602964,
TXN-00018478,204,CASH_OUT,2562.11,C1000047,0.0,0.0,M8854863,0,0,0,2026-01-08T12:36:46.603019,
TXN-00018479,204,PAYMENT,1187.88,C1000051,0.0,0.0,M3391957,0,0,0,2026-01-08T12:36:46.603073,
TXN-00018480,204,PAYMENT,498.27,C1000004,172103.31,171605.04,M7110801,0,0,0,2026-01-08T12:36:46.603125,
TXN-00018481,204,CASH_OUT,2743.91,C1000089,69595.09,66851.18,M8588740,0,0,0,2026-01-08T12:36:46.603179,
TXN-00018482,200,TRANSFER,1568.2979455151512,C1000039,0.0,-1568.2979455151512,M6492844,0,0,1,2026-01-08T12:36:46.603211,stealth
TXN-00018483,204,PAYMENT,4057.88,C1000084,0.0,0.0,M5702256,0,0,0,2026-01-08T12:36:46.603281,
TXN-00018484,204,TRANSFER,48710.77,C1000053,0.0,0.0,M4245215,0,0,0,2026-01-08T12:36:46.603341,
TXN-00018485,204,PAYMENT,804.02,C1000061,188094.12,187290.11,M2050680,0,0,0,2026-01-08T12:36:46.603407,
TXN-00018486,204,PAYMENT,7081.58,C1000074,0.0,0.0,M7855932,0,0,0,2026-01-08T12:36:46.603470,
TXN-00018487,204,TRANSFER,10.0,C1000072,0.0,0.0,M5689365,0,0,0,2026-01-08T12:36:46.603532,
TXN-00018488,204,CASH_OUT,598.39,C1000068,52549.62,51951.23,M1458975,0,0,0,2026-01-08T12:36:46.603590,
TXN-00018489,204,TRANSFER,3404.06,C1000087,0.0,0.0,M3365491,0,0,0,2026-01-08T12:36:46.603653,
TXN-00018490,204,TRANSFER,7054.83,C1000033,0.0,0.0,M5647339,0,0,0,2026-01-08T12:36:46.603713,
TXN-00018491,204,PAYMENT,4738.49,C1000032,4406.93,0.0,M1324463,0,0,0,2026-01-08T12:36:46.603772,
TXN-00018492,204,PAYMENT,8605.11,C1000039,0.0,0.0,M9509132,0,0,0,2026-01-08T12:36:46.603832,
TXN-00018493,204,CASH_OUT,20192.81,C1000024,0.0,0.0,M3820287,0,0,0,2026-01-08T12:36:46.603894,
TXN-00018494,204,PAYMENT,2845.28,C1000044,0.0,0.0,M1943547,0,0,0,2026-01-08T12:36:46.603953,
TXN-00018495,204,PAYMENT,1370.04,C1000055,133525.44,132155.4,M9800254,0,0,0,2026-01-08T12:36:46.604013,
TXN-00018496,204,PAYMENT,7732.98,C1000052,0.0,0.0,M5971488,0,0,0,2026-01-08T12:36:46.604075,
TXN-00018497,204,DEBIT,17655.99,C1000079,0.0,0.0,M6040140,0,0,0,2026-01-08T12:36:46.604135,
TXN-00018498,204,PAYMENT,7839.08,C1000013,0.0,0.0,M3751058,0,0,0,2026-01-08T12:36:46.604195,
TXN-00018499,204,CASH_OUT,10.0,C1000064,0.0,0.0,M6170725,0,0,0,2026-01-08T12:36:46.604254,
TXN-00018500,204,CASH_OUT,317.81,C1000069,0.0,0.0,M5446647,0,0,0,2026-01-08T12:36:46.604309,
TXN-00018501,198,CASH_OUT,3247.968623100215,C1000058,4208.17,960.2013768997849,M3873515,0,0,1,2026-01-08T12:36:46.604338,stealth
TXN-00018502,204,CASH_OUT,10.0,C1000066,0.0,0.0,M1231070,0,0,0,2026-01-08T12:36:46.604404,
TXN-00018503,204,TRANSFER,1367.12,C1000026,37428.82,36061.7,M5927568,0,0,0,2026-01-08T12:36:46.604461,
TXN-00018504,204,DEBIT,8370.7,C1000036,0.0,0.0,M4970188,0,0,0,2026-01-08T12:36:46.604549,
TXN-00018505,204,TRANSFER,10.0,C1000047,0.0,0.0,M7336805,0,0,0,2026-01-08T12:36:46.604620,
TXN-00018506,204,TRANSFER,5955.33,C1000058,4208.17,0.0,M8189617,0,0,0,2026-01-08T12:36:46.604680,
TXN-00018507,204,PAYMENT,19210.2,C1000078,0.0,0.0,M6513718,0,0,0,2026-01-08T12:36:46.604742,
TXN-00018508,204,PAYMENT,47788.52,C1000053,0.0,0.0,M4912132,0,0,0,2026-01-08T12:36:46.604803,
TXN-00018509,204,PAYMENT,26990.85,C1000056,0.0,0.0,M9502739,0,0,0,2026-01-08T12:36:46.604885,
TXN-00018510,204,CASH_OUT,2779.29,C1000021,0.0,0.0,M2420307,0,0,0,2026-01-08T12:36:46.604967,
TXN-00018511,204,TRANSFER,8243.15,C1000036,0.0,0.0,M5753339,0,0,0,2026-01-08T12:36:46.605030,
TXN-00018512,204,TRANSFER,2729.63,C1000052,0.0,0.0,M9495916,0,0,0,2026-01-08T12:36:46.605092,
TXN-00018513,204,DEBIT,47755.74,C1000053,0.0,0.0,M6648201,0,0,0,2026-01-08T12:36:46.605153,
TXN-00018514,204,PAYMENT,6583.17,C1000088,7031.12,447.95,M8643953,0,0,0,2026-01-08T12:36:46.605214,
TXN-00018515,204,CASH_OUT,2655.26,C1000006,4925.2,2269.95,M9224117,0,0,0,2026-01-08T12:36:46.605278,
TXN-00018516,204,DEBIT,6580.63,C1000052,0.0,0.0,M3479003,0,0,0,2026-01-08T12:36:46.605349,
TXN-00018517,204,PAYMENT,10.0,C1000077,32306.28,32296.28,M8777955,0,0,0,2026-01-08T12:36:46.605521,
TXN-00018518,204,DEBIT,988.37,C1000070,0.0,0.0,M7967565,0,0,0,2026-01-08T12:36:46.605696,
TXN-00018519,204,CASH_IN,6340.04,C1000046,0.0,6340.04,M7161648,0,0,0,2026-01-08T12:36:46.605761,
TXN-00018520,204,PAYMENT,811.38,C1000001,36618.25,35806.87,M7709085,0,0,0,2026-01-08T12:36:46.605823,
TXN-00018521,204,TRANSFER,10.0,C1000078,0.0,0.0,M8344690,0,0,0,2026-01-08T12:36:46.605889,
TXN-00018522,204,PAYMENT,16155.99,C1000024,0.0,0.0,M8878605,0,0,0,2026-01-08T12:36:46.605949,
TXN-00018523,204,CASH_OUT,10.0,C1000096,50070.51,50060.51,M5657702,0,0,0,2026-01-08T12:36:46.606010,
TXN-00018524,204,TRANSFER,7623.37,C1000051,0.0,0.0,M1257342,0,0,0,2026-01-08T12:36:46.606076,
TXN-00018525,204,CASH_OUT,14534.14,C1000074,0.0,0.0,M3263314,0,0,0,2026-01-08T12:36:46.606134,
TXN-00018526,204,PAYMENT,88.42,C1000018,103881.61,103793.19,M5676914,0,0,0,2026-01-08T12:36:46.606189,
TXN-00018527,204,PAYMENT,1406.43,C1000081,50824.46,49418.03,M1987119,0,0,0,2026-01-08T12:36:46.606245,
TXN-00018528,204,TRANSFER,539.68,C1000048,166694.25,166154.57,M8849142,0,0,0,2026-01-08T12:36:46.606299,
TXN-00018529,204,PAYMENT,1507.99,C1000055,132155.4,130647.41,M8638750,0,0,0,2026-01-08T12:36:46.606358,
TXN-00018530,204,CASH_OUT,1617.47,C1000097,192.74,0.0,M4347639,0,0,0,2026-01-08T12:36:46.606415,
TXN-00018531,204,CASH_OUT,680.65,C1000041,166349.15,165668.49,M3374947,0,0,0,2026-01-08T12:36:46.606472,
TXN-00018532,204,CASH_OUT,7733.91,C1000054,0.0,0.0,M6742975,0,0,0,2026-01-08T12:36:46.606529,
TXN-00018533,204,PAYMENT,5763.99,C1000059,0.0,0.0,M2115628,0,0,0,2026-01-08T12:36:46.606584,
TXN-00018534,204,TRANSFER,24846.23,C1000037,0.0,0.0,M5180666,0,0,0,2026-01-08T12:36:46.606639,
TXN-00018535,204,PAYMENT,729.21,C1000094,139332.79,138603.58,M5437036,0,0,0,2026-01-08T12:36:46.606694,
TXN-00018536,206,TRANSFER,614.2366661749583,C1000048,166154.57,165540.33333382505,M8191215,0,0,1,2026-01-08T12:36:46.606728,stealth
TXN-00018537,204,CASH_OUT,15892.44,C1000095,0.0,0.0,M2130085,0,0,0,2026-01-08T12:36:46.606794,
TXN-00018538,204,TRANSFER,10808.32,C1000054,0.0,0.0,M7502847,0,0,0,2026-01-08T12:36:46.606851,
TXN-00018539,204,CASH_OUT,8910.58,C1000058,0.0,0.0,M6040165,0,0,0,2026-01-08T12:36:46.606983,
TXN-00018540,200,TRANSFER,4052.8058415892533,C1000051,0.0,-4052.8058415892533,M6614097,0,0,1,2026-01-08T12:36:46.607021,stealth
TXN-00018541,204,TRANSFER,4739.3,C1000033,0.0,0.0,M1372710,0,0,0,2026-01-08T12:36:46.607093,
TXN-00018542,204,CASH_OUT,16959.81,C1000093,0.0,0.0,M9558392,0,0,0,2026-01-08T12:36:46.607159,
TXN-00018543,204,TRANSFER,1351.51,C1000008,149804.25,148452.75,M8352178,0,0,0,2026-01-08T12:36:46.607281,
TXN-00018544,204,PAYMENT,53861.9,C1000000,0.0,0.0,M2210473,0,0,0,2026-01-08T12:36:46.607401,
TXN-00018545,204,TRANSFER,1503.08,C1000028,0.0,0.0,M3044067,0,0,0,2026-01-08T12:36:46.607488,
TXN-00018546,204,PAYMENT,1914.23,C1000017,0.0,0.0,M3403841,0,0,0,2026-01-08T12:36:46.607555,
TXN-00018547,204,PAYMENT,386.58,C1000009,118324.0,117937.42,M9445399,0,0,0,2026-01-08T12:36:46.607627,
TXN-00018548,204,CASH_OUT,10.0,C1000064,0.0,0.0,M8522246,0,0,0,2026-01-08T12:36:46.607704,
TXN-00018549,201,CASH_OUT,1024.7956928145052,C1000028,0.0,-1024.7956928145052,M4634662,0,0,1,2026-01-08T12:36:46.607738,stealth
TXN-00018550,204,TRANSFER,4680.42,C1000082,0.0,0.0,M6583059,0,0,0,2026-01-08T12:36:46.607811,
TXN-00018551,204,PAYMENT,3016.74,C1000062,0.0,0.0,M7561987,0,0,0,2026-01-08T12:36:46.607876,
TXN-00018552,204,PAYMENT,4802.67,C1000010,0.0,0.0,M1549241,0,0,0,2026-01-08T12:36:46.607940,
TXN-00018553,204,TRANSFER,7498.49,C1000099,0.0,0.0,M1717025,0,0,0,2026-01-08T12:36:46.608007,
TXN-00018554,204,TRANSFER,4537.34,C1000051,0.0,0.0,M3497975,0,0,0,2026-01-08T12:36:46.608066,
TXN-00018555,204,PAYMENT,173346.66,C1000050,0.0,0.0,M3372370,0,0,0,2026-01-08T12:36:46.608122,
TXN-00018556,204,PAYMENT,704.7,C1000004,171605.04,170900.34,M2804228,0,0,0,2026-01-08T12:36:46.608182,
TXN-00018557,204,DEBIT,1043.44,C1000016,79367.72,78324.28,M4097915,0,0,0,2026-01-08T12:36:46.608281,
TXN-00018558,204,TRANSFER,2242.25,C1000006,2269.95,27.69,M2797302,0,0,0,2026-01-08T12:36:46.608356,
TXN-00018559,204,CASH_IN,4239.05,C1000087,0.0,4239.05,M6187918,0,0,0,2026-01-08T12:36:46.608423,
TXN-00018560,204,TRANSFER,18810.17,C1000095,0.0,0.0,M7679867,0,0,0,2026-01-08T12:36:46.608486,
TXN-00018561,204,PAYMENT,429.22,C1000026,36061.7,35632.48,M3209215,0,0,0,2026-01-08T12:36:46.608545,
TXN-00018562,204,PAYMENT,8261.88,C1000036,0.0,0.0,M2855783,0,0,0,2026-01-08T12:36:46.608607,
TXN-00018563,204,DEBIT,49496.23,C1000053,0.0,0.0,M9244965,0,0,0,2026-01-08T12:36:46.608692,
TXN-00018564,204,CASH_OUT,684.25,C1000077,32296.28,31612.03,M1750820,0,0,0,2026-01-08T12:36:46.608758,
TXN-00018565,204,TRANSFER,18667.45,C1000093,0.0,0.0,M9457254,0,0,0,2026-01-08T12:36:46.608825,
TXN-00018566,204,PAYMENT,512.27,C1000038,0.0,0.0,M8058077,0,0,0,2026-01-08T12:36:46.608888,
TXN-00018567,204,PAYMENT,4905.48,C1000058,0.0,0.0,M4216539,0,0,0,2026-01-08T12:36:46.608954,
TXN-00018568,204,PAYMENT,10.0,C1000080,0.0,0.0,M8220068,0,0,0,2026-01-08T12:36:46.609017,
TXN-00018569,204,PAYMENT,1308.1,C1000008,148452.75,147144.64,M1587493,0,0,0,2026-01-08T12:36:46.609080,
TXN-00018570,211,TRANSFER,3643.328484924078,C1000095,0.0,-3643.328484924078,M2751002,0,0,1,2026-01-08T12:36:46.609116,stealth
TXN-00018571,204,PAYMENT,7321.81,C1000011,7207.22,0.0,M6960334,0,0,0,2026-01-08T12:36:46.609194,
TXN-00018572,204,PAYMENT,10.0,C1000023,213.95,203.95,M9187776,0,0,0,2026-01-08T12:36:46.609256,
TXN-00018573,195,TRANSFER,1517.6860355720464,C1000021,0.0,-1517.6860355720464,M8654561,0,0,1,2026-01-08T12:36:46.609294,stealth
TXN-00018574,204,PAYMENT,5784.45,C1000046,6340.04,555.6,M3856045,0,0,0,2026-01-08T12:36:46.609746,
TXN-00018575,204,PAYMENT,3206.7,C1000074,0.0,0.0,M7085115,0,0,0,2026-01-08T12:36:46.610202,
TXN-00018576,204,TRANSFER,4671.67,C1000062,0.0,0.0,M8772726,0,0,0,2026-01-08T12:36:46.610446,
TXN-00018577,204,PAYMENT,6689.41,C1000059,0.0,0.0,M9280556,0,0,0,2026-01-08T12:36:46.610557,
TXN-00018578,204,PAYMENT,6833.78,C1000011,0.0,0.0,M2313358,0,0,0,2026-01-08T12:36:46.610651,
TXN-00018579,204,TRANSFER,2203.31,C1000055,130647.41,128444.1,M5230764,0,0,0,2026-01-08T12:36:46.610733,
TXN-00018580,204,TRANSFER,982.6,C1000016,78324.28,77341.68,M6494733,0,0,0,2026-01-08T12:36:46.610821,
TXN-00018581,204,TRANSFER,3096.33,C1000043,0.0,0.0,M5544281,0,0,0,2026-01-08T12:36:46.610911,
TXN-00018582,204,DEBIT,2888.49,C1000030,0.0,0.0,M3992655,0,0,0,2026-01-08T12:36:46.610984,
TXN-00018583,209,CASH_OUT,1940.6110344088136,C1000021,0.0,-1940.6110344088136,M1834744,0,0,1,2026-01-08T12:36:46.611032,stealth
TXN-00018584,204,CASH_IN,70.4,C1000085,0.0,70.4,M8667769,0,0,0,2026-01-08T12:36:46.611130,
TXN-00018585,204,CASH_OUT,7676.85,C1000036,0.0,0.0,M1840622,0,0,0,2026-01-08T12:36:46.611234,
TXN-00018586,204,DEBIT,6131.14,C1000059,0.0,0.0,M6634966,0,0,0,2026-01-08T12:36:46.611434,
TXN-00018587,204,PAYMENT,12164.38,C1000005,0.0,0.0,M5691046,0,0,0,2026-01-08T12:36:46.611583,
TXN-00018588,204,PAYMENT,495.75,C1000023,203.95,0.0,M4794516,0,0,0,2026-01-08T12:36:46.611649,
TXN-00018589,204,PAYMENT,5042.17,C1000025,0.0,0.0,M9040796,0,0,0,2026-01-08T12:36:46.611717,
TXN-00018590,204,CASH_OUT,2785.26,C1000038,0.0,0.0,M7214863,0,0,0,2026-01-08T12:36:46.611783,
TXN-00018591,204,CASH_OUT,10188.31,C1000092,0.0,0.0,M5130840,0,0,0,2026-01-08T12:36:46.611845,
TXN-00018592,204,CASH_OUT,37425.77,C1000012,0.0,0.0,M8970260,0,0,0,2026-01-08T12:36:46.611937,
TXN-00018593,204,PAYMENT,3955.72,C1000052,0.0,0.0,M4047447,0,0,0,2026-01-08T12:36:46.612007,
TXN-00018594,204,PAYMENT,4711.84,C1000052,0.0,0.0,M1435196,0,0,0,2026-01-08T12:36:46.612071,
TXN-00018595,204,DEBIT,1314.75,C1000038,0.0,0.0,M1476921,0,0,0,2026-01-08T12:36:46.612132,
TXN-00018596,204,CASH_OUT,10.0,C1000071,100878.12,100868.12,M6640552,0,0,0,2026-01-08T12:36:46.612192,
TXN-00018597,204,TRANSFER,34405.29,C1000073,328.46,0.0,M2269505,0,0,0,2026-01-08T12:36:46.612254,
TXN-00018598,204,CASH_IN,147.93,C1000009,117937.42,118085.35,M1478925,0,0,0,2026-01-08T12:36:46.612316,
TXN-00018599,204,PAYMENT,48338.84,C1000053,0.0,0.0,M6384853,0,0,0,2026-01-08T12:36:46.612379,
TXN-00018600,204,TRANSFER,1813.71,C1000038,0.0,0.0,M6310404,0,0,0,2026-01-08T12:36:46.612439,
TXN-00018601,204,PAYMENT,4740.63,C1000032,0.0,0.0,M6308704,0,0,0,2026-01-08T12:36:46.612499,
TXN-00018602,204,DEBIT,9629.57,C1000057,0.0,0.0,M6870168,0,0,0,2026-01-08T12:36:46.612559,
TXN-00018603,204,DEBIT,5466.85,C1000003,0.0,0.0,M3126743,0,0,0,2026-01-08T12:36:46.612618,
TXN-00018604,204,TRANSFER,5104.14,C1000062,0.0,0.0,M3215676,0,0,0,2026-01-08T12:36:46.612677,
TXN-00018605,204,PAYMENT,10.0,C1000061,187290.11,187280.11,M3522941,0,0,0,2026-01-08T12:36:46.612733,
TXN-00018606,204,DEBIT,2143.22,C1000094,138603.58,136460.36,M2369587,0,0,0,2026-01-08T12:36:46.612789,
TXN-00018607,204,TRANSFER,4365.18,C1000029,0.0,0.0,M6852344,0,0,0,2026-01-08T12:36:46.612845,
TXN-00018608,204,PAYMENT,3443.81,C1000045,0.0,0.0,M3385704,0,0,0,2026-01-08T12:36:46.612899,
TXN-00018609,204,PAYMENT,1507.59,C1000068,51951.23,50443.64,M4286436,0,0,0,2026-01-08T12:36:46.612954,
TXN-00018610,204,DEBIT,4373.94,C1000091,0.0,0.0,M7738509,0,0,0,2026-01-08T12:36:46.613017,
TXN-00018611,204,DEBIT,1796.81,C1000007,0.0,0.0,M8221672,0,0,0,2026-01-08T12:36:46.613074,
TXN-00018612,204,CASH_OUT,6613.82,C1000011,0.0,0.0,M5777750,0,0,0,2026-01-08T12:36:46.613131,
TXN-00018613,204,CASH_OUT,2181.33,C1000026,35632.48,33451.16,M8160741,0,0,0,2026-01-08T12:36:46.613190,
TXN-00018614,204,CASH_OUT,26087.43,C1000056,0.0,0.0,M2446312,0,0,0,2026-01-08T12:36:46.613253,
TXN-00018615,204,CASH_OUT,10329.29,C1000082,0.0,0.0,M1410381,0,0,0,2026-01-08T12:36:46.613314,
TXN-00018616,204,DEBIT,13752.59,C1000063,0.0,0.0,M6815052,0,0,0,2026-01-08T12:36:46.613373,
TXN-00018617,204,TRANSFER,10427.6,C1000051,0.0,0.0,M5748559,0,0,0,2026-01-08T12:36:46.613432,
TXN-00018618,204,DEBIT,19548.02,C1000019,0.0,0.0,M6596752,0,0,0,2026-01-08T12:36:46.613496,
TXN-00018619,204,CASH_OUT,3444.35,C1000051,0.0,0.0,M3175281,0,0,0,2026-01-08T12:36:46.613564,
TXN-00018620,204,PAYMENT,2434.37,C1000030,0.0,0.0,M5533954,0,0,0,2026-01-08T12:36:46.613626,
TXN-00018621,204,PAYMENT,2368.82,C1000044,0.0,0.0,M2920985,0,0,0,2026-01-08T12:36:46.613686,
TXN-00018622,201,CASH_OUT,1725.5401166127247,C1000006,27.69,-1697.8501166127246,M8228298,0,0,1,2026-01-08T12:36:46.613720,stealth
TXN-00018623,196,CASH_OUT,3929.1127654548477,C1000089,66851.18,62922.067234545146,M7030156,0,0,1,2026-01-08T12:36:46.613756,stealth
TXN-00018624,204,CASH_OUT,38852.43,C1000012,0.0,0.0,M2071566,0,0,0,2026-01-08T12:36:46.613824,
TXN-00018625,204,PAYMENT,7304.52,C1000098,130721.07,123416.55,M3303577,0,0,0,2026-01-08T12:36:46.613885,
TXN-00018626,204,PAYMENT,3612.75,C1000043,0.0,0.0,M3502888,0,0,0,2026-01-08T12:36:46.613948,
TXN-00018627,204,TRANSFER,13589.01,C1000005,0.0,0.0,M3821080,0,0,0,2026-01-08T12:36:46.614007,
TXN-00018628,204,CASH_OUT,1265.27,C1000020,216069.48,214804.2,M6436010,0,0,0,2026-01-08T12:36:46.614075,
TXN-00018629,198,CASH_OUT,2354.1853695810173,C1000015,0.0,-2354.1853695810173,M8805284,0,0,1,2026-01-08T12:36:46.614108,stealth
TXN-00018630,204,CASH_OUT,1089.88,C1000001,35806.87,34716.99,M2649827,0,0,0,2026-01-08T12:36:46.614172,
TXN-00018631,204,TRANSFER,10148.09,C1000080,0.0,0.0,M1432835,0,0,0,2026-01-08T12:36:46.614232,
TXN-00018632,204,CASH_OUT,1589.29,C1000020,214804.2,213214.91,M9700733,0,0,0,2026-01-08T12:36:46.614287,
TXN-00018633,204,TRANSFER,453.33,C1000060,48176.57,47723.24,M9910870,0,0,0,2026-01-08T12:36:46.614343,
TXN-00018634,195,TRANSFER,3181.935686135274,C1000090,112038.51,108856.57431386472,M9211371,0,0,1,2026-01-08T12:36:46.614373,stealth
TXN-00018635,204,TRANSFER,7385.83,C1000099,0.0,0.0,M4539941,0,0,0,2026-01-08T12:36:46.614433,
TXN-00018636,204,TRANSFER,700.68,C1000077,31612.03,30911.35,M4784115,0,0,0,2026-01-08T12:36:46.614486,
TXN-00018637,204,CASH_OUT,3635.46,C1000087,4239.05,603.59,M3162768,0,0,0,2026-01-08T12:36:46.614541,
TXN-00018638,204,TRANSFER,36891.18,C1000012,0.0,0.0,M1740431,0,0,0,2026-01-08T12:36:46.614598,
TXN-00018639,204,PAYMENT,5972.28,C1000003,0.0,0.0,M9127775,0,0,0,2026-01-08T12:36:46.614655,
TXN-00018640,204,CASH_OUT,7081.44,C1000082,0.0,0.0,M6484114,0,0,0,2026-01-08T12:36:46.614715,
TXN-00018641,204,DEBIT,55835.24,C1000000,0.0,0.0,M5641031,0,0,0,2026-01-08T12:36:46.614775,
TXN-00018642,204,TRANSFER,246.45,C1000020,213214.91,212968.47,M3139270,0,0,0,2026-01-08T12:36:46.614835,
TXN-00018643,204,PAYMENT,32908.72,C1000067,0.0,0.0,M2711773,0,0,0,2026-01-08T12:36:46.614898,
TXN-00018644,204,PAYMENT,10.0,C1000001,34716.99,34706.99,M1460659,0,0,0,2026-01-08T12:36:46.614959,
TXN-00018645,204,PAYMENT,3894.0,C1000030,0.0,0.0,M2497431,0,0,0,2026-01-08T12:36:46.615021,
TXN-00018646,204,PAYMENT,34524.07,C1000073,0.0,0.0,M2880616,0,0,0,2026-01-08T12:36:46.615081,
TXN-00018647,204,PAYMENT,10.0,C1000061,187280.11,187270.11,M6614692,0,0,0,2026-01-08T12:36:46.615144,
TXN-00018648,204,CASH_OUT,716.06,C1000066,0.0,0.0,M6566065,0,0,0,2026-01-08T12:36:46.615208,
TXN-00018649,204,TRANSFER,3128.54,C1000084,0.0,0.0,M4713469,0,0,0,2026-01-08T12:36:46.615267,
TXN-00018650,204,DEBIT,10.0,C1000023,0.0,0.0,M2157495,0,0,0,2026-01-08T12:36:46.615326,
TXN-00018651,204,CASH_OUT,14387.96,C1000074,0.0,0.0,M5513329,0,0,0,2026-01-08T12:36:46.615385,
TXN-00018652,204,CASH_OUT,7467.09,C1000099,0.0,0.0,M6448328,0,0,0,2026-01-08T12:36:46.615444,
TXN-00018653,204,PAYMENT,3435.24,C1000058,0.0,0.0,M7338872,0,0,0,2026-01-08T12:36:46.615502,
TXN-00018654,204,CASH_IN,10.0,C1000097,0.0,10.0,M4491151,0,0,0,2026-01-08T12:36:46.615562,
TXN-00018655,204,CASH_OUT,2244.77,C1000021,0.0,0.0,M9499596,0,0,0,2026-01-08T12:36:46.615621,
TXN-00018656,204,CASH_OUT,2546.13,C1000090,112038.51,109492.38,M5954023,0,0,0,2026-01-08T12:36:46.615678,
TXN-00018657,204,PAYMENT,2735.59,C1000049,0.0,0.0,M5309120,0,0,0,2026-01-08T12:36:46.615734,
TXN-00018658,204,TRANSFER,7708.96,C1000036,0.0,0.0,M5481000,0,0,0,2026-01-08T12:36:46.615789,
TXN-00018659,204,PAYMENT,40282.25,C1000012,0.0,0.0,M6773294,0,0,0,2026-01-08T12:36:46.615842,
TXN-00018660,204,CASH_OUT,10.0,C1000022,0.0,0.0,M6099284,0,0,0,2026-01-08T12:36:46.615896,
TXN-00018661,204,CASH_OUT,4846.55,C1000025,0.0,0.0,M2368414,0,0,0,2026-01-08T12:36:46.615948,
TXN-00018662,197,TRANSFER,2645.3788336921175,C1000087,603.59,-2041.7888336921174,M2294285,0,0,1,2026-01-08T12:36:46.615979,stealth
TXN-00018663,204,PAYMENT,3388.16,C1000069,0.0,0.0,M6934435,0,0,0,2026-01-08T12:36:46.616044,
TXN-00018664,204,PAYMENT,10.0,C1000082,0.0,0.0,M3224238,0,0,0,2026-01-08T12:36:46.616102,
TXN-00018665,204,TRANSFER,24184.64,C1000037,0.0,0.0,M9046230,0,0,0,2026-01-08T12:36:46.616161,
TXN-00018666,204,CASH_IN,1969.59,C1000089,66851.18,68820.77,M9391245,0,0,0,2026-01-08T12:36:46.616229,
TXN-00018667,204,PAYMENT,24077.97,C1000037,0.0,0.0,M8130097,0,0,0,2026-01-08T12:36:46.616294,
TXN-00018668,204,TRANSFER,10.0,C1000068,50443.64,50433.64,M2238577,0,0,0,2026-01-08T12:36:46.616353,
TXN-00018669,204,TRANSFER,1782.96,C1000086,54721.97,52939.01,M2789007,0,0,0,2026-01-08T12:36:46.616415,
TXN-00018670,204,CASH_IN,3903.13,C1000087,603.59,4506.72,M1625659,0,0,0,2026-01-08T12:36:46.616477,
TXN-00018671,204,PAYMENT,3368.33,C1000030,0.0,0.0,M4697380,0,0,0,2026-01-08T12:36:46.616537,
TXN-00018672,204,TRANSFER,2488.74,C1000026,33451.16,30962.42,M9742836,0,0,0,2026-01-08T12:36:46.616599,
TXN-00018673,204,CASH_IN,934.62,C1000077,30911.35,31845.96,M1637020,0,0,0,2026-01-08T12:36:46.616665,
TXN-00018674,204,CASH_IN,8516.33,C1000005,0.0,8516.33,M8109254,0,0,0,2026-01-08T12:36:46.616727,
TXN-00018675,204,PAYMENT,110.2,C1000004,170900.34,170790.14,M1583040,0,0,0,2026-01-08T12:36:46.616787,
TXN-00018676,204,CASH_IN,14215.43,C1000042,0.0,14215.43,M2970111,0,0,0,2026-01-08T12:36:46.616848,
TXN-00018677,204,TRANSFER,4432.78,C1000065,0.0,0.0,M5314069,0,0,0,2026-01-08T12:36:46.616910,
TXN-00018678,204,PAYMENT,6940.58,C1000088,447.95,0.0,M1165280,0,0,0,2026-01-08T12:36:46.616969,
TXN-00018679,204,TRANSFER,13569.77,C1000063,0.0,0.0,M6148386,0,0,0,2026-01-08T12:36:46.617034,
TXN-00018680,204,CASH_OUT,8456.73,C1000047,0.0,0.0,M5174623,0,0,0,2026-01-08T12:36:46.617092,
TXN-00018681,204,TRANSFER,1297.85,C1000061,187270.11,185972.26,M3891644,0,0,0,2026-01-08T12:36:46.617153,
TXN-00018682,204,PAYMENT,10.0,C1000040,0.0,0.0,M2073608,0,0,0,2026-01-08T12:36:46.617209,
TXN-00018683,204,PAYMENT,4182.98,C1000010,0.0,0.0,M1783111,0,0,0,2026-01-08T12:36:46.617262,
TXN-00018684,195,CASH_OUT,2471.223067019198,C1000031,0.0,-2471.223067019198,M6717026,0,0,1,2026-01-08T12:36:46.617313,stealth
TXN-00018685,204,PAYMENT,54061.42,C1000000,0.0,0.0,M4413848,0,0,0,2026-01-08T12:36:46.617373,
TXN-00018686,204,PAYMENT,3007.36,C1000045,0.0,0.0,M3756776,0,0,0,2026-01-08T12:36:46.617430,
TXN-00018687,204,TRANSFER,173629.36,C1000050,0.0,0.0,M5655542,0,0,0,2026-01-08T12:36:46.617486,
TXN-00018688,204,PAYMENT,1548.03,C1000002,157359.65,155811.62,M6535588,0,0,0,2026-01-08T12:36:46.617543,
TXN-00018689,196,TRANSFER,3398.5853762427664,C1000061,185972.26,182573.67462375725,M7741613,0,0,1,2026-01-08T12:36:46.617575,stealth
TXN-00018690,204,PAYMENT,5734.37,C1000046,555.6,0.0,M5739240,0,0,0,2026-01-08T12:36:46.617644,
TXN-00018691,204,CASH_OUT,6312.08,C1000010,0.0,0.0,M5235600,0,0,0,2026-01-08T12:36:46.617710,
TXN-00018692,204,PAYMENT,17840.72,C1000095,0.0,0.0,M2836046,0,0,0,2026-01-08T12:36:46.617772,
TXN-00018693,204,TRANSFER,1889.710658446679,C1000075,425447.81,423558.09934155334,M9165098,0,0,1,2026-01-08T12:36:46.617801,stealth
TXN-00018694,204,PAYMENT,1546.92,C1000066,0.0,0.0,M7108520,0,0,0,2026-01-08T12:36:46.617873,
TXN-00018695,204,TRANSFER,850.4,C1000094,136460.36,135609.96,M9890588,0,0,0,2026-01-08T12:36:46.617934,
TXN-00018696,204,TRANSFER,5294.48,C1000003,0.0,0.0,M7431454,0,0,0,2026-01-08T12:36:46.617995,
TXN-00018697,204,CASH_OUT,1688.11,C1000008,147144.64,145456.54,M5745912,0,0,0,2026-01-08T12:36:46.618054,
TXN-00018698,204,CASH_OUT,2167.21,C1000044,0.0,0.0,M7476443,0,0,0,2026-01-08T12:36:46.618114,
TXN-00018699,204,CASH_OUT,834.53,C1000083,146234.76,145400.23,M9455309,0,0,0,2026-01-08T12:36:46.618174,
TXN-00018700,204,PAYMENT,10.0,C1000078,0.0,0.0,M3133105,0,0,0,2026-01-08T12:36:46.618240,
TXN-00018701,204,DEBIT,1610.81,C1000086,52939.01,51328.2,M4062944,0,0,0,2026-01-08T12:36:46.618300,
TXN-00018702,204,DEBIT,10.0,C1000009,118085.35,118075.35,M3555915,0,0,0,2026-01-08T12:36:46.618363,
TXN-00018703,204,PAYMENT,2386.14,C1000028,0.0,0.0,M3145114,0,0,0,2026-01-08T12:36:46.618427,
TXN-00018704,204,PAYMENT,26473.99,C1000056,0.0,0.0,M6730873,0,0,0,2026-01-08T12:36:46.618488,
TXN-00018705,214,CASH_OUT,2248.764173320932,C1000081,49418.03,47169.26582667907,M6969357,0,0,1,2026-01-08T12:36:46.618518,stealth
TXN-00018706,204,PAYMENT,1247.04,C1000097,10.0,0.0,M2592627,0,0,0,2026-01-08T12:36:46.618584,
TXN-00018707,204,TRANSFER,2243.44,C1000030,0.0,0.0,M4750291,0,0,0,2026-01-08T12:36:46.618645,
TXN-00018708,204,TRANSFER,3857.44,C1000087,4506.72,649.28,M3766237,0,0,0,2026-01-08T12:36:46.618702,
TXN-00018709,204,PAYMENT,2348.82,C1000040,0.0,0.0,M7683249,0,0,0,2026-01-08T12:36:46.618758,
TXN-00018710,204,PAYMENT,5353.66,C1000021,0.0,0.0,M7699397,0,0,0,2026-01-08T12:36:46.618811,
TXN-00018711,204,CASH_IN,11469.96,C1000031,0.0,11469.96,M9204611,0,0,0,2026-01-08T12:36:46.618864,
TXN-00018712,204,TRANSFER,69.6,C1000021,0.0,0.0,M3820491,0,0,0,2026-01-08T12:36:46.618917,
TXN-00018713,204,TRANSFER,8009.54,C1000011,0.0,0.0,M3790770,0,0,0,2026-01-08T12:36:46.618970,
TXN-00018714,204,CASH_OUT,16818.64,C1000093,0.0,0.0,M4696872,0,0,0,2026-01-08T12:36:46.619026,
TXN-00018715,204,PAYMENT,9890.3,C1000015,0.0,0.0,M3836495,0,0,0,2026-01-08T12:36:46.619084,
TXN-00018716,204,TRANSFER,2983.0,C1000057,0.0,0.0,M6296363,0,0,0,2026-01-08T12:36:46.619144,
TXN-00018717,204,TRANSFER,3512.7,C1000048,166154.57,162641.87,M3147166,0,0,0,2026-01-08T12:36:46.619202,
TXN-00018718,204,TRANSFER,290.88,C1000075,425447.81,425156.93,M5708289,0,0,0,2026-01-08T12:36:46.619266,
TXN-00018719,204,CASH_OUT,10.0,C1000077,31845.96,31835.96,M4892171,0,0,0,2026-01-08T12:36:46.619328,
TXN-00018720,204,TRANSFER,9444.69,C1000013,0.0,0.0,M1684672,0,0,0,2026-01-08T12:36:46.619388,
TXN-00018721,204,CASH_OUT,7627.82,C1000011,0.0,0.0,M1814144,0,0,0,2026-01-08T12:36:46.619449,
TXN-00018722,204,TRANSFER,4862.93,C1000010,0.0,0.0,M9793428,0,0,0,2026-01-08T12:36:46.619511,
TXN-00018723,204,CASH_OUT,666.87,C1000077,31835.96,31169.09,M6890401,0,0,0,2026-01-08T12:36:46.619569,
TXN-00018724,204,PAYMENT,1658.16,C1000083,145400.23,143742.07,M7429750,0,0,0,2026-01-08T12:36:46.619629,
TXN-00018725,204,DEBIT,6081.11,C1000088,0.0,0.0,M7585939,0,0,0,2026-01-08T12:36:46.619690,
TXN-00018726,204,TRANSFER,604.69,C1000034,45156.43,44551.74,M2581289,0,0,0,2026-01-08T12:36:46.619749,
TXN-00018727,193,TRANSFER,2659.2621636756144,C1000058,0.0,-2659.2621636756144,M3854431,0,0,1,2026-01-08T12:36:46.619782,stealth
TXN-00018728,204,TRANSFER,1130.77,C1000061,185972.26,184841.49,M8876797,0,0,0,2026-01-08T12:36:46.619856,
TXN-00018729,204,PAYMENT,1260.67,C1000007,0.0,0.0,M8468038,0,0,0,2026-01-08T12:36:46.619917,
TXN-00018730,204,TRANSFER,4197.72,C1000065,0.0,0.0,M6413868,0,0,0,2026-01-08T12:36:46.619978,
TXN-00018731,204,CASH_OUT,13609.52,C1000063,0.0,0.0,M7472871,0,0,0,2026-01-08T12:36:46.620038,
TXN-00018732,204,CASH_OUT,10.0,C1000060,47723.24,47713.24,M7418606,0,0,0,2026-01-08T12:36:46.620096,
TXN-00018733,204,TRANSFER,3460.42,C1000052,0.0,0.0,M2796201,0,0,0,2026-01-08T12:36:46.620988,
TXN-00018734,210,CASH_OUT,1845.357473912435,C1000070,0.0,-1845.357473912435,M1480436,0,0,1,2026-01-08T12:36:46.621487,stealth
TXN-00018735,204,TRANSFER,175.08,C1000080,0.0,0.0,M3032294,0,0,0,2026-01-08T12:36:46.621745,
TXN-00018736,204,TRANSFER,1977.43,C1000017,0.0,0.0,M2123390,0,0,0,2026-01-08T12:36:46.621840,
TXN-00018737,204,TRANSFER,2319.98,C1000051,0.0,0.0,M2668762,0,0,0,2026-01-08T12:36:46.621915,
TXN-00018738,204,TRANSFER,1233.29,C1000071,100868.12,99634.84,M1504659,0,0,0,2026-01-08T12:36:46.621985,
TXN-00018739,204,CASH_OUT,10583.71,C1000015,0.0,0.0,M8715966,0,0,0,2026-01-08T12:36:46.622055,
TXN-00018740,204,CASH_OUT,4418.83,C1000010,0.0,0.0,M6810177,0,0,0,2026-01-08T12:36:46.622121,
TXN-00018741,204,PAYMENT,39519.24,C1000012,0.0,0.0,M5136096,0,0,0,2026-01-08T12:36:46.622235,
TXN-00018742,204,PAYMENT,2367.04,C1000026,30962.42,28595.38,M7269879,0,0,0,2026-01-08T12:36:46.622349,
TXN-00018743,204,PAYMENT,493.13,C1000072,0.0,0.0,M6572210,0,0,0,2026-01-08T12:36:46.622436,
TXN-00018744,204,PAYMENT,6341.94,C1000059,0.0,0.0,M8397825,0,0,0,2026-01-08T12:36:46.622506,
TXN-00018745,204,PAYMENT,34531.72,C1000073,0.0,0.0,M3709931,0,0,0,2026-01-08T12:36:46.622576,
TXN-00018746,204,TRANSFER,1425.74,C1000086,51328.2,49902.46,M6025123,0,0,0,2026-01-08T12:36:46.622641,
TXN-00018747,204,TRANSFER,34904.9,C1000073,0.0,0.0,M8993435,0,0,0,2026-01-08T12:36:46.622711,
TXN-00018748,204,CASH_OUT,173.33,C1000022,0.0,0.0,M3509858,0,0,0,2026-01-08T12:36:46.622774,
TXN-00018749,204,PAYMENT,12856.58,C1000054,0.0,0.0,M8274180,0,0,0,2026-01-08T12:36:46.622834,
TXN-00018750,204,CASH_IN,1191.93,C1000086,49902.46,51094.39,M1683905,0,0,0,2026-01-08T12:36:46.622892,
TXN-00018751,204,CASH_OUT,3522.27,C1000029,0.0,0.0,M1859279,0,0,0,2026-01-08T12:36:46.622952,
TXN-00018752,204,CASH_OUT,4036.9,C1000047,0.0,0.0,M9389513,0,0,0,2026-01-08T12:36:46.623023,
TXN-00018753,204,CASH_IN,2158.39,C1000069,0.0,2158.39,M6309194,0,0,0,2026-01-08T12:36:46.623091,
TXN-00018754,204,CASH_OUT,173463.25,C1000050,0.0,0.0,M8886698,0,0,0,2026-01-08T12:36:46.623155,
TXN-00018755,204,PAYMENT,3726.31,C1000098,123416.55,119690.24,M5276677,0,0,0,2026-01-08T12:36:46.623214,
TXN-00018756,204,TRANSFER,623.65,C1000075,425156.93,424533.28,M3790622,0,0,0,2026-01-08T12:36:46.623275,
TXN-00018757,204,PAYMENT,1214.38,C1000040,0.0,0.0,M3927575,0,0,0,2026-01-08T12:36:46.623336,
TXN-00018758,204,PAYMENT,37155.6,C1000012,0.0,0.0,M7602856,0,0,0,2026-01-08T12:36:46.623394,
TXN-00018759,201,CASH_OUT,1652.935298620921,C1000099,0.0,-1652.935298620921,M2171575,0,0,1,2026-01-08T12:36:46.623425,stealth
TXN-00018760,204,PAYMENT,1537.66,C1000090,109492.38,107954.72,M8823652,0,0,0,2026-01-08T12:36:46.623487,
TXN-00018761,204,PAYMENT,172473.74,C1000050,0.0,0.0,M4304380,0,0,0,2026-01-08T12:36:46.623547,
TXN-00018762,204,TRANSFER,10.0,C1000082,0.0,0.0,M7532730,0,0,0,2026-01-08T12:36:46.623602,
TXN-00018763,204,PAYMENT,10.0,C1000042,14215.43,14205.43,M6709523,0,0,0,2026-01-08T12:36:46.623655,
TXN-00018764,196,CASH_OUT,2913.966548397918,C1000080,0.0,-2913.966548397918,M3917966,0,0,1,2026-01-08T12:36:46.623685,stealth
TXN-00018765,204,TRANSFER,1262.64,C1000066,0.0,0.0,M6521579,0,0,0,2026-01-08T12:36:46.623744,
TXN-00018766,204,PAYMENT,2016.82,C1000017,0.0,0.0,M7689264,0,0,0,2026-01-08T12:36:46.623809,
TXN-00018767,204,TRANSFER,24581.89,C1000037,0.0,0.0,M4749806,0,0,0,2026-01-08T12:36:46.623867,
TXN-00018768,196,TRANSFER,2288.8440451897177,C1000057,0.0,-2288.8440451897177,M9254764,0,0,1,2026-01-08T12:36:46.623897,stealth
TXN-00018769,204,TRANSFER,4638.81,C1000032,0.0,0.0,M4884789,0,0,0,2026-01-08T12:36:46.623962,
TXN-00018770,204,TRANSFER,4392.45,C1000065,0.0,0.0,M3412317,0,0,0,2026-01-08T12:36:46.624022,
TXN-00018771,204,TRANSFER,186.15,C1000001,34706.99,34520.84,M8277485,0,0,0,2026-01-08T12:36:46.624083,
TXN-00018772,204,PAYMENT,10.0,C1000047,0.0,0.0,M7484688,0,0,0,2026-01-08T12:36:46.624142,
TXN-00018773,207,CASH_OUT,504.04151319320596,C1000039,0.0,-504.04151319320596,M5090075,0,0,1,2026-01-08T12:36:46.624168,stealth
TXN-00018774,204,PAYMENT,25357.26,C1000037,0.0,0.0,M9752307,0,0,0,2026-01-08T12:36:46.624228,
TXN-00018775,204,PAYMENT,10.0,C1000002,155811.62,155801.62,M9762085,0,0,0,2026-01-08T12:36:46.624283,
TXN-00018776,204,TRANSFER,2546.93,C1000006,27.69,0.0,M8804020,0,0,0,2026-01-08T12:36:46.624339,
TXN-00018777,204,CASH_IN,4937.75,C1000049,0.0,4937.75,M8507952,0,0,0,2026-01-08T12:36:46.624396,
TXN-00018778,204,TRANSFER,10.0,C1000051,0.0,0.0,M2626074,0,0,0,2026-01-08T12:36:46.624447,
TXN-00018779,207,CASH_OUT,3764.969073684791,C1000027,0.0,-3764.969073684791,M1788481,0,0,1,2026-01-08T12:36:46.624489,stealth
TXN-00018780,204,PAYMENT,6831.09,C1000011,0.0,0.0,M5496210,0,0,0,2026-01-08T12:36:46.624564,
TXN-00018781,204,TRANSFER,8094.65,C1000011,0.0,0.0,M2128375,0,0,0,2026-01-08T12:36:46.624635,
TXN-00018782,204,PAYMENT,10310.56,C1000092,0.0,0.0,M4669215,0,0,0,2026-01-08T12:36:46.624703,
TXN-00018783,204,PAYMENT,20852.93,C1000095,0.0,0.0,M9021772,0,0,0,2026-01-08T12:36:46.624771,
TXN-00018784,204,PAYMENT,54031.13,C1000000,0.0,0.0,M1309043,0,0,0,2026-01-08T12:36:46.624845,
TXN-00018785,204,PAYMENT,10.0,C1000075,424533.28,424523.28,M1399216,0,0,0,2026-01-08T12:36:46.624909,
TXN-00018786,204,PAYMENT,8308.53,C1000082,0.0,0.0,M5432241,0,0,0,2026-01-08T12:36:46.624982,
TXN-00018787,204,DEBIT,2426.75,C1000043,0.0,0.0,M8440021,0,0,0,2026-01-08T12:36:46.625048,
TXN-00018788,204,PAYMENT,4196.48,C1000048,162641.87,158445.39,M5387716,0,0,0,2026-01-08T12:36:46.625224,
TXN-00018789,204,TRANSFER,2479.01,C1000045,0.0,0.0,M7021021,0,0,0,2026-01-08T12:36:46.625336,
TXN-00018790,204,DEBIT,6197.23,C1000046,0.0,0.0,M6936852,0,0,0,2026-01-08T12:36:46.625421,
TXN-00018791,204,PAYMENT,717.71,C1000009,118075.35,117357.64,M8068978,0,0,0,2026-01-08T12:36:46.625500,
TXN-00018792,204,CASH_OUT,11707.02,C1000078,0.0,0.0,M2105898,0,0,0,2026-01-08T12:36:46.625578,
TXN-00018793,204,DEBIT,15768.54,C1000095,0.0,0.0,M7724585,0,0,0,2026-01-08T12:36:46.625653,
TXN-00018794,204,CASH_OUT,11410.67,C1000015,0.0,0.0,M1384241,0,0,0,2026-01-08T12:36:46.625720,
TXN-00018795,204,TRANSFER,972.61,C1000034,44551.74,43579.13,M1657526,0,0,0,2026-01-08T12:36:46.625786,
TXN-00018796,204,TRANSFER,8796.75,C1000057,0.0,0.0,M3026709,0,0,0,2026-01-08T12:36:46.625854,
TXN-00018797,204,CASH_OUT,5420.39,C1000051,0.0,0.0,M3770790,0,0,0,2026-01-08T12:36:46.625920,
TXN-00018798,204,PAYMENT,1744.84,C1000016,77341.68,75596.84,M1569628,0,0,0,2026-01-08T12:36:46.625991,
TXN-00018799,204,CASH_OUT,10.0,C1000002,155801.62,155791.62,M6350649,0,0,0,2026-01-08T12:36:46.627229,
TXN-00018800,204,PAYMENT,34292.01,C1000012,0.0,0.0,M3616179,0,0,0,2026-01-08T12:36:46.627547,
TXN-00018801,204,CASH_IN,10.0,C1000078,0.0,10.0,M8705897,0,0,0,2026-01-08T12:36:46.627676,
TXN-00018802,204,PAYMENT,1674.84,C1000090,107954.72,106279.87,M4318548,0,0,0,2026-01-08T12:36:46.627765,
TXN-00018803,204,PAYMENT,10.0,C1000034,43579.13,43569.13,M2674342,0,0,0,2026-01-08T12:36:46.628275,
TXN-00018804,204,PAYMENT,2863.23,C1000084,0.0,0.0,M2889074,0,0,0,2026-01-08T12:36:46.628659,
TXN-00018805,204,TRANSFER,172811.72,C1000050,0.0,0.0,M1561403,0,0,0,2026-01-08T12:36:46.628780,
TXN-00018806,204,CASH_OUT,11935.29,C1000015,0.0,0.0,M9796146,0,0,0,2026-01-08T12:36:46.628856,
TXN-00018807,204,CASH_OUT,7366.82,C1000099,0.0,0.0,M7196529,0,0,0,2026-01-08T12:36:46.628926,
TXN-00018808,204,PAYMENT,3277.14,C1000010,0.0,0.0,M7118639,0,0,0,2026-01-08T12:36:46.628994,
TXN-00018809,204,PAYMENT,10409.9,C1000015,0.0,0.0,M2188303,0,0,0,2026-01-08T12:36:46.629061,
TXN-00018810,204,CASH_OUT,800.42,C1000021,0.0,0.0,M2310108,0,0,0,2026-01-08T12:36:46.629127,
TXN-00018811,204,PAYMENT,4209.02,C1000045,0.0,0.0,M5848659,0,0,0,2026-01-08T12:36:46.629203,
TXN-00018812,204,PAYMENT,4381.46,C1000084,0.0,0.0,M3298689,0,0,0,2026-01-08T12:36:46.629275,
TXN-00018813,204,CASH_OUT,5945.09,C1000013,0.0,0.0,M7015736,0,0,0,2026-01-08T12:36:46.629341,
TXN-00018814,204,CASH_OUT,48471.36,C1000053,0.0,0.0,M9006028,0,0,0,2026-01-08T12:36:46.629404,
TXN-00018815,204,TRANSFER,7539.06,C1000011,0.0,0.0,M3916384,0,0,0,2026-01-08T12:36:46.629464,
TXN-00018816,198,CASH_OUT,216.39643606911793,C1000022,0.0,-216.39643606911793,M1275288,0,0,1,2026-01-08T12:36:46.629496,stealth
TXN-00018817,204,PAYMENT,3135.79,C1000006,0.0,0.0,M8775162,0,0,0,2026-01-08T12:36:46.629562,
TXN-00018818,204,CASH_OUT,10.0,C1000009,117357.64,117347.64,M5631151,0,0,0,2026-01-08T12:36:46.629619,
TXN-00018819,204,CASH_OUT,1769.45,C1000090,106279.87,104510.42,M8052345,0,0,0,2026-01-08T12:36:46.629680,
TXN-00018820,204,PAYMENT,836.31,C1000078,10.0,0.0,M1270491,0,0,0,2026-01-08T12:36:46.629736,
TXN-00018821,204,PAYMENT,26006.98,C1000056,0.0,0.0,M6017820,0,0,0,2026-01-08T12:36:46.629792,
TXN-00018822,204,PAYMENT,192.53,C1000023,0.0,0.0,M3069918,0,0,0,2026-01-08T12:36:46.629849,
TXN-00018823,204,TRANSFER,10176.18,C1000033,0.0,0.0,M8532891,0,0,0,2026-01-08T12:36:46.629906,
TXN-00018824,204,PAYMENT,4728.16,C1000096,50060.51,45332.36,M2060222,0,0,0,2026-01-08T12:36:46.629966,
TXN-00018825,204,PAYMENT,10405.37,C1000005,8516.33,0.0,M3492716,0,0,0,2026-01-08T12:36:46.630030,
TXN-00018826,204,CASH_IN,6691.51,C1000011,0.0,6691.51,M2607346,0,0,0,2026-01-08T12:36:46.630091,
TXN-00018827,204,CASH_OUT,1227.9,C1000044,0.0,0.0,M2482926,0,0,0,2026-01-08T12:36:46.630152,
TXN-00018828,204,TRANSFER,10.0,C1000014,73174.01,73164.01,M4001847,0,0,0,2026-01-08T12:36:46.630213,
TXN-00018829,204,TRANSFER,1208.61,C1000008,145456.54,144247.92,M2023559,0,0,0,2026-01-08T12:36:46.630274,
TXN-00018830,204,PAYMENT,7429.23,C1000011,6691.51,0.0,M1014044,0,0,0,2026-01-08T12:36:46.630334,
TXN-00018831,204,PAYMENT,962.04,C1000083,143742.07,142780.03,M4154137,0,0,0,2026-01-08T12:36:46.630394,
TXN-00018832,204,DEBIT,2673.46,C1000026,28595.38,25921.92,M6060413,0,0,0,2026-01-08T12:36:46.630456,
TXN-00018833,204,DEBIT,1839.5,C1000017,0.0,0.0,M4873063,0,0,0,2026-01-08T12:36:46.630516,
TXN-00018834,204,PAYMENT,724.86,C1000077,31169.09,30444.24,M5315296,0,0,0,2026-01-08T12:36:46.630577,
TXN-00018835,204,CASH_IN,6127.66,C1000088,0.0,6127.66,M3955095,0,0,0,2026-01-08T12:36:46.630638,
TXN-00018836,204,DEBIT,401.13,C1000075,424523.28,424122.14,M2653349,0,0,0,2026-01-08T12:36:46.630697,
TXN-00018837,204,CASH_OUT,6428.8,C1000088,6127.66,0.0,M9863141,0,0,0,2026-01-08T12:36:46.630761,
TXN-00018838,204,DEBIT,10.0,C1000060,47713.24,47703.24,M5099543,0,0,0,2026-01-08T12:36:46.630820,
TXN-00018839,204,PAYMENT,1120.03,C1000089,68820.77,67700.74,M7561900,0,0,0,2026-01-08T12:36:46.630878,
TXN-00018840,204,CASH_OUT,1787.58,C1000044,0.0,0.0,M1942886,0,0,0,2026-01-08T12:36:46.630935,
TXN-00018841,204,PAYMENT,366.69,C1000060,47703.24,47336.55,M4289025,0,0,0,2026-01-08T12:36:46.630989,
TXN-00018842,204,CASH_OUT,3848.63,C1000027,0.0,0.0,M7720721,0,0,0,2026-01-08T12:36:46.631043,
TXN-00018843,204,DEBIT,2929.68,C1000030,0.0,0.0,M8421263,0,0,0,2026-01-08T12:36:46.631096,
TXN-00018844,202,TRANSFER,3138.355833368876,C1000087,649.28,-2489.0758333688764,M4132182,0,0,1,2026-01-08T12:36:46.631125,stealth
TXN-00018845,204,PAYMENT,2241.2,C1000080,0.0,0.0,M3800613,0,0,0,2026-01-08T12:36:46.631191,
TXN-00018846,204,PAYMENT,23663.47,C1000095,0.0,0.0,M6119890,0,0,0,2026-01-08T12:36:46.631248,
TXN-00018847,203,TRANSFER,1788.6419439872773,C1000097,0.0,-1788.6419439872773,M5145274,0,0,1,2026-01-08T12:36:46.631292,stealth
TXN-00018848,204,PAYMENT,1720.78,C1000086,51094.39,49373.6,M1446841,0,0,0,2026-01-08T12:36:46.631363,
TXN-00018849,204,PAYMENT,326.91,C1000016,75596.84,75269.93,M1346286,0,0,0,2026-01-08T12:36:46.631426,
TXN-00018850,204,PAYMENT,5720.91,C1000046,0.0,0.0,M3951675,0,0,0,2026-01-08T12:36:46.631487,
TXN-00018851,204,CASH_IN,3611.77,C1000084,0.0,3611.77,M3871842,0,0,0,2026-01-08T12:36:46.631548,
TXN-00018852,204,PAYMENT,3304.71,C1000082,0.0,0.0,M4115968,0,0,0,2026-01-08T12:36:46.631607,
TXN-00018853,204,PAYMENT,6537.32,C1000088,0.0,0.0,M1647298,0,0,0,2026-01-08T12:36:46.631668,
TXN-00018854,204,PAYMENT,1473.42,C1000016,75269.93,73796.51,M8482640,0,0,0,2026-01-08T12:36:46.631726,
TXN-00018855,204,CASH_OUT,32546.84,C1000067,0.0,0.0,M7065203,0,0,0,2026-01-08T12:36:46.631788,
TXN-00018856,204,PAYMENT,8189.0,C1000058,0.0,0.0,M9628587,0,0,0,2026-01-08T12:36:46.631874,
TXN-00018857,204,PAYMENT,10067.5,C1000092,0.0,0.0,M2499233,0,0,0,2026-01-08T12:36:46.631936,
TXN-00018858,204,TRANSFER,1387.59,C1000091,0.0,0.0,M4648552,0,0,0,2026-01-08T12:36:46.631995,
TXN-00018859,204,PAYMENT,1550.97,C1000043,0.0,0.0,M3074190,0,0,0,2026-01-08T12:36:46.632055,
TXN-00018860,204,CASH_OUT,5260.17,C1000032,0.0,0.0,M6026195,0,0,0,2026-01-08T12:36:46.632115,
TXN-00018861,204,PAYMENT,3814.57,C1000003,0.0,0.0,M7496297,0,0,0,2026-01-08T12:36:46.632177,
TXN-00018862,204,CASH_OUT,2692.77,C1000044,0.0,0.0,M4933610,0,0,0,2026-01-08T12:36:46.632236,
TXN-00018863,204,TRANSFER,376.83,C1000001,34520.84,34144.01,M3410048,0,0,0,2026-01-08T12:36:46.632295,
TXN-00018864,204,PAYMENT,1650.97,C1000048,158445.39,156794.42,M5522643,0,0,0,2026-01-08T12:36:46.632352,
TXN-00018865,204,TRANSFER,173353.03,C1000050,0.0,0.0,M6621683,0,0,0,2026-01-08T12:36:46.632406,
TXN-00018866,204,CASH_IN,17.85,C1000004,170790.14,170807.99,M8864615,0,0,0,2026-01-08T12:36:46.632460,
TXN-00018867,204,CASH_OUT,4326.55,C1000065,0.0,0.0,M6210572,0,0,0,2026-01-08T12:36:46.632514,
TXN-00018868,204,TRANSFER,4369.19,C1000010,0.0,0.0,M6486653,0,0,0,2026-01-08T12:36:46.632567,
TXN-00018869,192,TRANSFER,811.1710260271021,C1000065,0.0,-811.1710260271021,M1455316,0,0,1,2026-01-08T12:36:46.632595,stealth
TXN-00018870,204,PAYMENT,24512.88,C1000095,0.0,0.0,M1243589,0,0,0,2026-01-08T12:36:46.632660,
TXN-00018871,204,CASH_OUT,4865.9,C1000032,0.0,0.0,M1455956,0,0,0,2026-01-08T12:36:46.632716,
TXN-00018872,204,PAYMENT,5269.58,C1000052,0.0,0.0,M9727992,0,0,0,2026-01-08T12:36:46.632775,
TXN-00018873,204,CASH_OUT,7287.35,C1000052,0.0,0.0,M5208763,0,0,0,2026-01-08T12:36:46.632834,
TXN-00018874,196,TRANSFER,4320.599278016715,C1000072,0.0,-4320.599278016715,M5441138,0,0,1,2026-01-08T12:36:46.632864,stealth
TXN-00018875,204,PAYMENT,5194.96,C1000052,0.0,0.0,M3980118,0,0,0,2026-01-08T12:36:46.632939,
TXN-00018876,204,CASH_OUT,3142.22,C1000041,165668.49,162526.28,M2129191,0,0,0,2026-01-08T12:36:46.632999,
TXN-00018877,204,CASH_OUT,3461.78,C1000045,0.0,0.0,M1056564,0,0,0,2026-01-08T12:36:46.633062,
TXN-00018878,204,TRANSFER,25435.94,C1000095,0.0,0.0,M8450325,0,0,0,2026-01-08T12:36:46.633121,
TXN-00018879,204,CASH_OUT,9928.39,C1000092,0.0,0.0,M6132993,0,0,0,2026-01-08T12:36:46.633180,
TXN-00018880,204,CASH_OUT,1088.62,C1000022,0.0,0.0,M2769130,0,0,0,2026-01-08T12:36:46.633240,
TXN-00018881,204,PAYMENT,614.98,C1000058,0.0,0.0,M3878034,0,0,0,2026-01-08T12:36:46.633298,
TXN-00018882,204,TRANSFER,18098.43,C1000093,0.0,0.0,M3191044,0,0,0,2026-01-08T12:36:46.633359,
TXN-00018883,203,CASH_OUT,3084.385962245967,C1000024,0.0,-3084.385962245967,M7616045,0,0,1,2026-01-08T12:36:46.633389,stealth
TXN-00018884,204,PAYMENT,13170.76,C1000005,0.0,0.0,M2514209,0,0,0,2026-01-08T12:36:46.633453,
TXN-00018885,204,PAYMENT,2850.16,C1000074,0.0,0.0,M3255324,0,0,0,2026-01-08T12:36:46.633515,
TXN-00018886,204,TRANSFER,19815.89,C1000019,0.0,0.0,M1806811,0,0,0,2026-01-08T12:36:46.633594,
TXN-00018887,204,PAYMENT,4416.47,C1000014,73164.01,68747.53,M1395681,0,0,0,2026-01-08T12:36:46.633669,
TXN-00018888,204,PAYMENT,5421.74,C1000058,0.0,0.0,M6243727,0,0,0,2026-01-08T12:36:46.633744,
TXN-00018889,204,CASH_IN,3002.32,C1000058,0.0,3002.32,M7488053,0,0,0,2026-01-08T12:36:46.633815,
TXN-00018890,204,TRANSFER,26314.73,C1000056,0.0,0.0,M3009237,0,0,0,2026-01-08T12:36:46.633884,
TXN-00018891,204,CASH_OUT,2934.7,C1000040,0.0,0.0,M7871294,0,0,0,2026-01-08T12:36:46.634023,
TXN-00018892,204,PAYMENT,16998.9,C1000079,0.0,0.0,M8301160,0,0,0,2026-01-08T12:36:46.634115,
TXN-00018893,204,PAYMENT,25707.7,C1000067,0.0,0.0,M4718902,0,0,0,2026-01-08T12:36:46.634185,
TXN-00018894,204,PAYMENT,207.67,C1000055,128444.1,128236.43,M1312461,0,0,0,2026-01-08T12:36:46.634249,
TXN-00018895,204,PAYMENT,10.0,C1000066,0.0,0.0,M9537539,0,0,0,2026-01-08T12:36:46.634454,
TXN-00018896,204,CASH_OUT,885.9,C1000014,68747.53,67861.63,M8305686,0,0,0,2026-01-08T12:36:46.634580,
TXN-00018897,204,CASH_OUT,7072.77,C1000013,0.0,0.0,M6298250,0,0,0,2026-01-08T12:36:46.634673,
TXN-00018898,204,TRANSFER,11655.12,C1000051,0.0,0.0,M6864619,0,0,0,2026-01-08T12:36:46.634768,
TXN-00018899,204,DEBIT,1062.32,C1000018,103793.19,102730.87,M9090883,0,0,0,2026-01-08T12:36:46.634852,
TXN-00018900,204,PAYMENT,539.54,C1000021,0.0,0.0,M8240838,0,0,0,2026-01-08T12:36:46.634935,
TXN-00018901,204,PAYMENT,3646.49,C1000085,70.4,0.0,M9331174,0,0,0,2026-01-08T12:36:46.635009,
TXN-00018902,204,TRANSFER,5082.67,C1000010,0.0,0.0,M3447827,0,0,0,2026-01-08T12:36:46.635127,
TXN-00018903,204,CASH_OUT,2129.45,C1000028,0.0,0.0,M9190617,0,0,0,2026-01-08T12:36:46.635205,
TXN-00018904,204,TRANSFER,24340.37,C1000037,0.0,0.0,M4861389,0,0,0,2026-01-08T12:36:46.635284,
TXN-00018905,204,DEBIT,483.55,C1000029,0.0,0.0,M1517227,0,0,0,2026-01-08T12:36:46.635362,
TXN-00018906,204,TRANSFER,56.89,C1000075,424122.14,424065.25,M1173346,0,0,0,2026-01-08T12:36:46.635574,
TXN-00018907,204,CASH_OUT,10.0,C1000018,102730.87,102720.87,M7888517,0,0,0,2026-01-08T12:36:46.635657,
TXN-00018908,204,TRANSFER,1971.64,C1000090,104510.42,102538.78,M8702716,0,0,0,2026-01-08T12:36:46.635728,
TXN-00018909,204,PAYMENT,10.0,C1000014,67861.63,67851.63,M8001465,0,0,0,2026-01-08T12:36:46.635788,
TXN-00018910,204,CASH_OUT,10.0,C1000082,0.0,0.0,M4867009,0,0,0,2026-01-08T12:36:46.635847,
TXN-00018911,204,DEBIT,12952.93,C1000054,0.0,0.0,M7078213,0,0,0,2026-01-08T12:36:46.635904,
TXN-00018912,204,DEBIT,4984.31,C1000032,0.0,0.0,M6238580,0,0,0,2026-01-08T12:36:46.635963,
TXN-00018913,204,CASH_OUT,7294.96,C1000011,0.0,0.0,M2359313,0,0,0,2026-01-08T12:36:46.636022,
TXN-00018914,204,PAYMENT,6064.05,C1000059,0.0,0.0,M7082894,0,0,0,2026-01-08T12:36:46.636078,
TXN-00018915,204,PAYMENT,10.0,C1000081,49418.03,49408.03,M6228179,0,0,0,2026-01-08T12:36:46.636138,
TXN-00018916,204,PAYMENT,4846.88,C1000032,0.0,0.0,M6917378,0,0,0,2026-01-08T12:36:46.636195,
TXN-00018917,204,PAYMENT,10.0,C1000014,67851.63,67841.63,M1451023,0,0,0,2026-01-08T12:36:46.636235,
TXN-00018918,204,TRANSFER,14524.96,C1000005,0.0,0.0,M6087491,0,0,0,2026-01-08T12:36:46.636275,
TXN-00018919,204,CASH_OUT,8610.58,C1000039,0.0,0.0,M4045963,0,0,0,2026-01-08T12:36:46.636313,
TXN-00018920,204,TRANSFER,10.0,C1000057,0.0,0.0,M4940274,0,0,0,2026-01-08T12:36:46.636355,
TXN-00018921,204,DEBIT,1042.33,C1000026,25921.92,24879.59,M4351070,0,0,0,2026-01-08T12:36:46.636404,
TXN-00018922,204,TRANSFER,8721.85,C1000039,0.0,0.0,M8167903,0,0,0,2026-01-08T12:36:46.636457,
TXN-00018923,204,PAYMENT,2016.92,C1000017,0.0,0.0,M2729520,0,0,0,2026-01-08T12:36:46.636509,
TXN-00018924,204,DEBIT,10.0,C1000060,47336.55,47326.55,M6195863,0,0,0,2026-01-08T12:36:46.636557,
TXN-00018925,209,CASH_OUT,785.6791809917729,C1000064,0.0,-785.6791809917729,M4650774,0,0,1,2026-01-08T12:36:46.636587,stealth
TXN-00018926,204,PAYMENT,2262.64,C1000049,4937.75,2675.12,M7712556,0,0,0,2026-01-08T12:36:46.636648,
TXN-00018927,204,PAYMENT,988.76,C1000068,50433.64,49444.88,M3786536,0,0,0,2026-01-08T12:36:46.636704,
TXN-00018928,204,PAYMENT,282.29,C1000007,0.0,0.0,M7547468,0,0,0,2026-01-08T12:36:46.636758,
TXN-00018929,200,CASH_OUT,3699.685027818537,C1000005,0.0,-3699.685027818537,M3598136,0,0,1,2026-01-08T12:36:46.636784,stealth
TXN-00018930,204,TRANSFER,1681.21,C1000026,24879.59,23198.38,M3580772,0,0,0,2026-01-08T12:36:46.636841,
TXN-00018931,204,CASH_OUT,14313.57,C1000005,0.0,0.0,M1323832,0,0,0,2026-01-08T12:36:46.636898,
TXN-00018932,204,TRANSFER,1799.56,C1000026,23198.38,21398.82,M3453443,0,0,0,2026-01-08T12:36:46.636952,
TXN-00018933,204,PAYMENT,10.0,C1000081,49408.03,49398.03,M4590378,0,0,0,2026-01-08T12:36:46.637009,
TXN-00018934,197,CASH_OUT,4115.7873681358315,C1000099,0.0,-4115.7873681358315,M6559348,0,0,1,2026-01-08T12:36:46.637039,stealth
TXN-00018935,204,TRANSFER,991.96,C1000004,170807.99,169816.03,M6996827,0,0,0,2026-01-08T12:36:46.637099,
TXN-00018936,204,TRANSFER,154.33,C1000077,30444.24,30289.91,M1841640,0,0,0,2026-01-08T12:36:46.637156,
TXN-00018937,204,CASH_OUT,34525.55,C1000073,0.0,0.0,M3438418,0,0,0,2026-01-08T12:36:46.637213,
TXN-00018938,204,CASH_OUT,4186.26,C1000010,0.0,0.0,M2634094,0,0,0,2026-01-08T12:36:46.637269,
TXN-00018939,204,CASH_OUT,10.0,C1000060,47326.55,47316.55,M4939639,0,0,0,2026-01-08T12:36:46.637324,
TXN-00018940,204,DEBIT,1923.82,C1000017,0.0,0.0,M9984591,0,0,0,2026-01-08T12:36:46.637379,
TXN-00018941,204,TRANSFER,173370.67,C1000050,0.0,0.0,M9955126,0,0,0,2026-01-08T12:36:46.637434,
TXN-00018942,204,PAYMENT,1988.43,C1000041,162526.28,160537.84,M7462481,0,0,0,2026-01-08T12:36:46.637488,
TXN-00018943,204,CASH_OUT,10.0,C1000081,49398.03,49388.03,M1142905,0,0,0,2026-01-08T12:36:46.637544,
TXN-00018944,204,TRANSFER,1136.03,C1000097,0.0,0.0,M8445263,0,0,0,2026-01-08T12:36:46.637600,
TXN-00018945,204,DEBIT,4389.88,C1000040,0.0,0.0,M3702875,0,0,0,2026-01-08T12:36:46.637655,
TXN-00018946,204,CASH_OUT,10.0,C1000071,99634.84,99624.84,M7846626,0,0,0,2026-01-08T12:36:46.637710,
TXN-00018947,204,CASH_OUT,25083.37,C1000037,0.0,0.0,M1780390,0,0,0,2026-01-08T12:36:46.637766,
TXN-00018948,195,TRANSFER,1863.6800456005387,C1000054,0.0,-1863.6800456005387,M2742731,0,0,1,2026-01-08T12:36:46.637794,stealth
TXN-00018949,206,CASH_OUT,2200.170120841993,C1000050,0.0,-2200.170120841993,M3993287,0,0,1,2026-01-08T12:36:46.637829,stealth
TXN-00018950,204,PAYMENT,10.0,C1000047,0.0,0.0,M6301540,0,0,0,2026-01-08T12:36:46.637890,
TXN-00018951,204,DEBIT,8062.36,C1000058,3002.32,0.0,M6535957,0,0,0,2026-01-08T12:36:46.637945,
TXN-00018952,197,TRANSFER,1853.1493671283706,C1000005,0.0,-1853.1493671283706,M7965103,0,0,1,2026-01-08T12:36:46.637974,stealth
TXN-00018953,204,TRANSFER,339.08,C1000066,0.0,0.0,M9525240,0,0,0,2026-01-08T12:36:46.638034,
TXN-00018954,204,PAYMENT,1636.02,C1000016,73796.51,72160.5,M1209164,0,0,0,2026-01-08T12:36:46.638091,
TXN-00018955,204,CASH_OUT,1048.25,C1000085,0.0,0.0,M3390895,0,0,0,2026-01-08T12:36:46.638149,
TXN-00018956,204,PAYMENT,10010.07,C1000015,0.0,0.0,M6561248,0,0,0,2026-01-08T12:36:46.638205,
TXN-00018957,204,CASH_OUT,8464.58,C1000031,11469.96,3005.38,M5117957,0,0,0,2026-01-08T12:36:46.638259,
TXN-00018958,195,TRANSFER,2863.7732693777284,C1000096,45332.36,42468.58673062227,M7111543,0,0,1,2026-01-08T12:36:46.638292,stealth
TXN-00018959,204,PAYMENT,1286.68,C1000026,21398.82,20112.14,M9022165,0,0,0,2026-01-08T12:36:46.638353,
TXN-00018960,204,TRANSFER,2409.25,C1000008,144247.92,141838.68,M5630676,0,0,0,2026-01-08T12:36:46.638411,
TXN-00018961,204,TRANSFER,6448.72,C1000091,0.0,0.0,M7184032,0,0,0,2026-01-08T12:36:46.638467,
TXN-00018962,204,TRANSFER,4077.34,C1000003,0.0,0.0,M3660225,0,0,0,2026-01-08T12:36:46.638522,
TXN-00018963,204,DEBIT,10.0,C1000048,156794.42,156784.42,M9035973,0,0,0,2026-01-08T12:36:46.638575,
TXN-00018964,204,CASH_OUT,10.0,C1000075,424065.25,424055.25,M3678536,0,0,0,2026-01-08T12:36:46.638626,
TXN-00018965,204,TRANSFER,10.0,C1000080,0.0,0.0,M3012721,0,0,0,2026-01-08T12:36:46.638694,
TXN-00018966,204,PAYMENT,394.58,C1000089,67700.74,67306.16,M9069344,0,0,0,2026-01-08T12:36:46.638734,
TXN-00018967,204,TRANSFER,7462.32,C1000052,0.0,0.0,M5946693,0,0,0,2026-01-08T12:36:46.638773,
TXN-00018968,204,PAYMENT,2820.12,C1000080,0.0,0.0,M1654527,0,0,0,2026-01-08T12:36:46.638811,
TXN-00018969,204,TRANSFER,4149.51,C1000010,0.0,0.0,M8015568,0,0,0,2026-01-08T12:36:46.638848,
TXN-00018970,204,CASH_OUT,697.26,C1000001,34144.01,33446.75,M9059041,0,0,0,2026-01-08T12:36:46.638885,
TXN-00018971,204,PAYMENT,17857.87,C1000093,0.0,0.0,M1833254,0,0,0,2026-01-08T12:36:46.638924,
TXN-00018972,194,CASH_OUT,2084.338225653689,C1000069,2158.39,74.05177434631105,M8406821,0,0,1,2026-01-08T12:36:46.638944,stealth
TXN-00018973,204,PAYMENT,19501.84,C1000035,0.0,0.0,M8652603,0,0,0,2026-01-08T12:36:46.638988,
TXN-00018974,204,TRANSFER,4916.08,C1000097,0.0,0.0,M3301893,0,0,0,2026-01-08T12:36:46.639029,
TXN-00018975,204,PAYMENT,17977.02,C1000093,0.0,0.0,M7970331,0,0,0,2026-01-08T12:36:46.639075,
TXN-00018976,204,DEBIT,2378.45,C1000045,0.0,0.0,M8983296,0,0,0,2026-01-08T12:36:46.639125,
TXN-00018977,197,CASH_OUT,3860.1568861202913,C1000030,0.0,-3860.1568861202913,M9833550,0,0,1,2026-01-08T12:36:46.639153,stealth
TXN-00018978,204,CASH_OUT,1935.77,C1000017,0.0,0.0,M1432708,0,0,0,2026-01-08T12:36:46.639211,
TXN-00018979,204,PAYMENT,10.0,C1000075,424055.25,424045.25,M1662564,0,0,0,2026-01-08T12:36:46.639265,
TXN-00018980,204,PAYMENT,4740.45,C1000084,3611.77,0.0,M4900168,0,0,0,2026-01-08T12:36:46.639321,
TXN-00018981,204,CASH_OUT,6268.74,C1000059,0.0,0.0,M7086312,0,0,0,2026-01-08T12:36:46.639380,
TXN-00018982,204,PAYMENT,691.89,C1000068,49444.88,48753.0,M8321164,0,0,0,2026-01-08T12:36:46.639429,
TXN-00018983,193,TRANSFER,3229.276959740972,C1000032,0.0,-3229.276959740972,M4734119,0,0,1,2026-01-08T12:36:46.639457,stealth
TXN-00018984,204,CASH_OUT,8263.87,C1000074,0.0,0.0,M1793753,0,0,0,2026-01-08T12:36:46.639512,
TXN-00018985,204,PAYMENT,1313.55,C1000077,30289.91,28976.35,M4179839,0,0,0,2026-01-08T12:36:46.639567,
TXN-00018986,204,CASH_OUT,264.77,C1000096,45332.36,45067.59,M2156976,0,0,0,2026-01-08T12:36:46.639622,
TXN-00018987,204,CASH_OUT,13895.51,C1000063,0.0,0.0,M9762839,0,0,0,2026-01-08T12:36:46.639676,
TXN-00018988,204,TRANSFER,7979.6,C1000078,0.0,0.0,M1613262,0,0,0,2026-01-08T12:36:46.639729,
TXN-00018989,204,CASH_IN,1792.94,C1000068,48753.0,50545.94,M8245956,0,0,0,2026-01-08T12:36:46.639780,
TXN-00018990,204,CASH_OUT,41789.87,C1000064,0.0,0.0,M2182529,0,0,0,2026-01-08T12:36:46.639832,
TXN-00018991,204,DEBIT,6366.46,C1000049,2675.12,0.0,M7678007,0,0,0,2026-01-08T12:36:46.639886,
TXN-00018992,204,CASH_OUT,1419.24,C1000071,99624.84,98205.6,M7883641,0,0,0,2026-01-08T12:36:46.639940,
TXN-00018993,204,PAYMENT,1329.85,C1000090,102538.78,101208.94,M9425888,0,0,0,2026-01-08T12:36:46.639994,
TXN-00018994,204,CASH_IN,10.0,C1000002,155791.62,155801.62,M3123558,0,0,0,2026-01-08T12:36:46.640049,
TXN-00018995,204,PAYMENT,13626.42,C1000063,0.0,0.0,M4821789,0,0,0,2026-01-08T12:36:46.640102,
TXN-00018996,204,DEBIT,6985.36,C1000011,0.0,0.0,M7079823,0,0,0,2026-01-08T12:36:46.640154,
TXN-00018997,204,CASH_OUT,6069.37,C1000091,0.0,0.0,M3408208,0,0,0,2026-01-08T12:36:46.640206,
TXN-00018998,204,TRANSFER,20099.98,C1000095,0.0,0.0,M5101374,0,0,0,2026-01-08T12:36:46.640262,
TXN-00018999,204,PAYMENT,5029.11,C1000032,0.0,0.0,M8001721,0,0,0,2026-01-08T12:36:46.640317,
TXN-00019000,204,CASH_OUT,140.87,C1000075,424045.25,423904.38,M6896607,0,0,0,2026-01-08T12:36:46.640375,
TXN-00019001,204,PAYMENT,10.0,C1000075,423904.38,423894.38,M3548309,0,0,0,2026-01-08T12:36:46.640437,
TXN-00019002,204,PAYMENT,36660.45,C1000012,0.0,0.0,M1723236,0,0,0,2026-01-08T12:36:46.640499,
TXN-00019003,204,CASH_OUT,4254.65,C1000027,0.0,0.0,M4990872,0,0,0,2026-01-08T12:36:46.640557,
TXN-00019004,204,CASH_IN,1495.18,C1000068,50545.94,52041.12,M8621392,0,0,0,2026-01-08T12:36:46.640615,
TXN-00019005,204,CASH_OUT,10.0,C1000034,43569.13,43559.13,M5466596,0,0,0,2026-01-08T12:36:46.640677,
TXN-00019006,204,TRANSFER,19374.8,C1000079,0.0,0.0,M2333629,0,0,0,2026-01-08T12:36:46.640737,
TXN-00019007,204,PAYMENT,1486.19,C1000043,0.0,0.0,M5205903,0,0,0,2026-01-08T12:36:46.640795,
TXN-00019008,204,TRANSFER,477.12,C1000075,423894.38,423417.26,M7888989,0,0,0,2026-01-08T12:36:46.640853,
TXN-00019009,204,TRANSFER,1290.2,C1000020,212968.47,211678.27,M5413839,0,0,0,2026-01-08T12:36:46.640912,
TXN-00019010,209,TRANSFER,2647.8616628157533,C1000039,0.0,-2647.8616628157533,M5946144,0,0,1,2026-01-08T12:36:46.640945,stealth
TXN-00019011,197,CASH_OUT,3455.6904380675437,C1000048,156784.42,153328.72956193247,M5568245,0,0,1,2026-01-08T12:36:46.640984,stealth
TXN-00019012,209,TRANSFER,3127.7552506890925,C1000011,0.0,-3127.7552506890925,M4983857,0,0,1,2026-01-08T12:36:46.641017,stealth
TXN-00019013,204,PAYMENT,30862.67,C1000067,0.0,0.0,M9802188,0,0,0,2026-01-08T12:36:46.641088,
TXN-00019014,204,CASH_OUT,7451.66,C1000013,0.0,0.0,M6476761,0,0,0,2026-01-08T12:36:46.641149,
TXN-00019015,204,PAYMENT,18080.07,C1000093,0.0,0.0,M3403638,0,0,0,2026-01-08T12:36:46.641210,
TXN-00019016,204,TRANSFER,587.07,C1000004,169816.03,169228.96,M9867636,0,0,0,2026-01-08T12:36:46.641270,
TXN-00019017,204,TRANSFER,3364.09,C1000028,0.0,0.0,M9633113,0,0,0,2026-01-08T12:36:46.641329,
TXN-00019018,204,CASH_OUT,17940.01,C1000093,0.0,0.0,M5626343,0,0,0,2026-01-08T12:36:46.641383,
TXN-00019019,202,TRANSFER,931.5248819153902,C1000047,0.0,-931.5248819153902,M8536807,0,0,1,2026-01-08T12:36:46.641410,stealth
TXN-00019020,204,DEBIT,3308.33,C1000080,0.0,0.0,M2998230,0,0,0,2026-01-08T12:36:46.641473,
TXN-00019021,204,PAYMENT,755.09,C1000034,43559.13,42804.04,M7682624,0,0,0,2026-01-08T12:36:46.641528,
TXN-00019022,204,PAYMENT,934.41,C1000007,0.0,0.0,M3607624,0,0,0,2026-01-08T12:36:46.641582,
TXN-00019023,204,PAYMENT,4652.08,C1000065,0.0,0.0,M5773585,0,0,0,2026-01-08T12:36:46.641637,
TXN-00019024,204,CASH_OUT,3449.81,C1000030,0.0,0.0,M8433765,0,0,0,2026-01-08T12:36:46.641692,
TXN-00019025,204,PAYMENT,8497.79,C1000039,0.0,0.0,M4320413,0,0,0,2026-01-08T12:36:46.641750,
TXN-00019026,204,PAYMENT,10.0,C1000060,47316.55,47306.55,M4299071,0,0,0,2026-01-08T12:36:46.641809,
TXN-00019027,204,TRANSFER,1162.08,C1000083,142780.03,141617.95,M9645431,0,0,0,2026-01-08T12:36:46.642088,
TXN-00019028,200,CASH_OUT,926.646907663502,C1000044,0.0,-926.646907663502,M9847558,0,0,1,2026-01-08T12:36:46.642132,stealth
TXN-00019029,204,TRANSFER,2303.2,C1000069,2158.39,0.0,M4824713,0,0,0,2026-01-08T12:36:46.642215,
TXN-00019030,204,CASH_OUT,1796.39,C1000057,0.0,0.0,M5952822,0,0,0,2026-01-08T12:36:46.642283,
TXN-00019031,204,TRANSFER,10.0,C1000075,423417.26,423407.26,M9023653,0,0,0,2026-01-08T12:36:46.642348,
TXN-00019032,204,CASH_OUT,3222.39,C1000081,49388.03,46165.64,M2783955,0,0,0,2026-01-08T12:36:46.642412,
TXN-00019033,204,CASH_OUT,6495.29,C1000078,0.0,0.0,M7331041,0,0,0,2026-01-08T12:36:46.642476,
TXN-00019034,204,CASH_OUT,10.0,C1000040,0.0,0.0,M5004167,0,0,0,2026-01-08T12:36:46.642534,
TXN-00019035,203,CASH_OUT,1115.5345046228929,C1000011,0.0,-1115.5345046228929,M7337594,0,0,1,2026-01-08T12:36:46.642561,stealth
TXN-00019036,204,CASH_IN,4930.44,C1000003,0.0,4930.44,M8883461,0,0,0,2026-01-08T12:36:46.642627,
TXN-00019037,204,DEBIT,18733.56,C1000019,0.0,0.0,M1880966,0,0,0,2026-01-08T12:36:46.643079,
TXN-00019038,204,PAYMENT,3499.8,C1000014,67841.63,64341.83,M9142751,0,0,0,2026-01-08T12:36:46.643465,
TXN-00019039,204,TRANSFER,346.32,C1000021,0.0,0.0,M9934456,0,0,0,2026-01-08T12:36:46.643634,
TXN-00019040,204,CASH_OUT,4144.07,C1000025,0.0,0.0,M7458099,0,0,0,2026-01-08T12:36:46.643732,
TXN-00019041,204,TRANSFER,26896.97,C1000056,0.0,0.0,M3481870,0,0,0,2026-01-08T12:36:46.643814,
TXN-00019042,204,TRANSFER,2929.05,C1000098,119690.24,116761.2,M1276908,0,0,0,2026-01-08T12:36:46.643890,
TXN-00019043,204,PAYMENT,26502.66,C1000056,0.0,0.0,M9637395,0,0,0,2026-01-08T12:36:46.643966,
TXN-00019044,204,PAYMENT,4880.89,C1000010,0.0,0.0,M7094948,0,0,0,2026-01-08T12:36:46.644039,
TXN-00019045,204,DEBIT,173.89,C1000075,423407.26,423233.37,M8058602,0,0,0,2026-01-08T12:36:46.644111,
TXN-00019046,204,CASH_IN,15008.03,C1000074,0.0,15008.03,M6036940,0,0,0,2026-01-08T12:36:46.644214,
TXN-00019047,204,TRANSFER,4142.82,C1000062,0.0,0.0,M1689649,0,0,0,2026-01-08T12:36:46.644287,
TXN-00019048,204,TRANSFER,841.48,C1000021,0.0,0.0,M1804468,0,0,0,2026-01-08T12:36:46.644360,
TXN-00019049,204,TRANSFER,1113.62,C1000089,67306.16,66192.54,M6558821,0,0,0,2026-01-08T12:36:46.644437,
TXN-00019050,204,TRANSFER,10.0,C1000008,141838.68,141828.68,M2853989,0,0,0,2026-01-08T12:36:46.644511,
TXN-00019051,204,DEBIT,54946.14,C1000000,0.0,0.0,M2343171,0,0,0,2026-01-08T12:36:46.644585,
TXN-00019052,204,TRANSFER,2395.26,C1000022,0.0,0.0,M7251367,0,0,0,2026-01-08T12:36:46.644656,
TXN-00019053,204,PAYMENT,2075.04,C1000069,0.0,0.0,M7507005,0,0,0,2026-01-08T12:36:46.644743,
TXN-00019054,204,PAYMENT,5715.07,C1000059,0.0,0.0,M9510739,0,0,0,2026-01-08T12:36:46.644813,
TXN-00019055,204,TRANSFER,2281.1,C1000045,0.0,0.0,M9432475,0,0,0,2026-01-08T12:36:46.644883,
TXN-00019056,204,CASH_OUT,24612.58,C1000037,0.0,0.0,M3203461,0,0,0,2026-01-08T12:36:46.644954,
TXN-00019057,204,TRANSFER,1480.17,C1000068,52041.12,50560.95,M1326571,0,0,0,2026-01-08T12:36:46.645024,
TXN-00019058,204,PAYMENT,10.0,C1000040,0.0,0.0,M7044910,0,0,0,2026-01-08T12:36:46.645097,
TXN-00019059,204,PAYMENT,10.0,C1000078,0.0,0.0,M8672244,0,0,0,2026-01-08T12:36:46.645165,
TXN-00019060,204,PAYMENT,8215.46,C1000074,15008.03,6792.58,M5047495,0,0,0,2026-01-08T12:36:46.645239,
TXN-00019061,204,PAYMENT,13734.36,C1000063,0.0,0.0,M2791911,0,0,0,2026-01-08T12:36:46.645311,
TXN-00019062,204,DEBIT,12050.55,C1000074,6792.58,0.0,M8652955,0,0,0,2026-01-08T12:36:46.645382,
TXN-00019063,204,TRANSFER,1944.3990471416403,C1000090,101208.94,99264.54095285836,M4873942,0,0,1,2026-01-08T12:36:46.645423,stealth
TXN-00019064,204,DEBIT,1822.42,C1000044,0.0,0.0,M9233179,0,0,0,2026-01-08T12:36:46.645501,
TXN-00019065,204,TRANSFER,253.35,C1000055,128236.43,127983.07,M9786986,0,0,0,2026-01-08T12:36:46.645565,
TXN-00019066,204,PAYMENT,10.0,C1000078,0.0,0.0,M1365999,0,0,0,2026-01-08T12:36:46.645628,
TXN-00019067,204,PAYMENT,70.28,C1000023,0.0,0.0,M8067954,0,0,0,2026-01-08T12:36:46.645685,
TXN-00019068,204,PAYMENT,19096.43,C1000019,0.0,0.0,M6339435,0,0,0,2026-01-08T12:36:46.645748,
TXN-00019069,204,TRANSFER,13757.28,C1000063,0.0,0.0,M3164034,0,0,0,2026-01-08T12:36:46.645809,
TXN-00019070,204,TRANSFER,4592.72,C1000025,0.0,0.0,M2012255,0,0,0,2026-01-08T12:36:46.645870,
TXN-00019071,204,PAYMENT,8138.98,C1000082,0.0,0.0,M6583125,0,0,0,2026-01-08T12:36:46.645930,
TXN-00019072,213,TRANSFER,3087.3280413243956,C1000088,0.0,-3087.3280413243956,M8982527,0,0,1,2026-01-08T12:36:46.645966,stealth
TXN-00019073,204,DEBIT,32963.28,C1000042,14205.43,0.0,M6187568,0,0,0,2026-01-08T12:36:46.646045,
TXN-00019074,204,TRANSFER,29303.23,C1000095,0.0,0.0,M8940508,0,0,0,2026-01-08T12:36:46.646110,
TXN-00019075,204,PAYMENT,25242.88,C1000037,0.0,0.0,M9376616,0,0,0,2026-01-08T12:36:46.646168,
TXN-00019076,202,CASH_OUT,728.7532952161919,C1000085,0.0,-728.7532952161919,M9082908,0,0,1,2026-01-08T12:36:46.646198,stealth
TXN-00019077,204,CASH_OUT,10.0,C1000061,184841.49,184831.49,M1391692,0,0,0,2026-01-08T12:36:46.646263,
TXN-00019078,202,CASH_OUT,3619.5052795154943,C1000093,0.0,-3619.5052795154943,M6193969,0,0,1,2026-01-08T12:36:46.646301,stealth
TXN-00019079,204,CASH_IN,6574.85,C1000088,0.0,6574.85,M7542610,0,0,0,2026-01-08T12:36:46.646373,
TXN-00019080,204,PAYMENT,19151.22,C1000024,0.0,0.0,M8488881,0,0,0,2026-01-08T12:36:46.646443,
TXN-00019081,204,PAYMENT,17915.05,C1000076,0.0,0.0,M7220599,0,0,0,2026-01-08T12:36:46.646505,
TXN-00019082,208,TRANSFER,1965.3121856243697,C1000082,0.0,-1965.3121856243697,M9384704,0,0,1,2026-01-08T12:36:46.646536,stealth
TXN-00019083,204,TRANSFER,5975.82,C1000046,0.0,0.0,M1107630,0,0,0,2026-01-08T12:36:46.646607,
TXN-00019084,204,CASH_IN,15884.08,C1000005,0.0,15884.08,M1500364,0,0,0,2026-01-08T12:36:46.646669,
TXN-00019085,204,PAYMENT,10.0,C1000047,0.0,0.0,M3168530,0,0,0,2026-01-08T12:36:46.646732,
TXN-00019086,204,CASH_IN,2108.08,C1000068,50560.95,52669.03,M7939070,0,0,0,2026-01-08T12:36:46.646792,
TXN-00019087,204,TRANSFER,1071.31,C1000081,46165.64,45094.33,M7117658,0,0,0,2026-01-08T12:36:46.646855,
TXN-00019088,204,PAYMENT,1286.19,C1000007,0.0,0.0,M1844438,0,0,0,2026-01-08T12:36:46.646918,
TXN-00019089,204,TRANSFER,13352.84,C1000063,0.0,0.0,M8259361,0,0,0,2026-01-08T12:36:46.646977,
TXN-00019090,204,PAYMENT,3898.81,C1000087,649.28,0.0,M8324248,0,0,0,2026-01-08T12:36:46.647037,
TXN-00019091,204,PAYMENT,32772.63,C1000073,0.0,0.0,M8251196,0,0,0,2026-01-08T12:36:46.647100,
TXN-00019092,204,CASH_OUT,23991.85,C1000037,0.0,0.0,M2300624,0,0,0,2026-01-08T12:36:46.647161,
TXN-00019093,204,CASH_OUT,10.0,C1000066,0.0,0.0,M3406062,0,0,0,2026-01-08T12:36:46.647222,
TXN-00019094,204,PAYMENT,3549.26,C1000048,156784.42,153235.16,M7954843,0,0,0,2026-01-08T12:36:46.647281,
TXN-00019095,204,CASH_OUT,14118.79,C1000005,15884.08,1765.29,M8820488,0,0,0,2026-01-08T12:36:46.647343,
TXN-00019096,204,PAYMENT,7508.18,C1000099,0.0,0.0,M2651427,0,0,0,2026-01-08T12:36:46.647423,
TXN-00019097,210,CASH_OUT,1816.4523992080435,C1000059,0.0,-1816.4523992080435,M2597761,0,0,1,2026-01-08T12:36:46.647457,stealth
TXN-00019098,204,TRANSFER,5450.04,C1000080,0.0,0.0,M1907433,0,0,0,2026-01-08T12:36:46.647525,
TXN-00019099,204,PAYMENT,10.0,C1000042,0.0,0.0,M8405273,0,0,0,2026-01-08T12:36:46.647588,
TXN-00019100,204,TRANSFER,10.0,C1000098,116761.2,116751.2,M4967582,0,0,0,2026-01-08T12:36:46.647648,
TXN-00019101,204,TRANSFER,942.4,C1000083,141617.95,140675.55,M2531430,0,0,0,2026-01-08T12:36:46.647715,
TXN-00019102,204,CASH_OUT,6836.87,C1000078,0.0,0.0,M5319956,0,0,0,2026-01-08T12:36:46.647779,
TXN-00019103,204,CASH_OUT,7662.82,C1000099,0.0,0.0,M1225827,0,0,0,2026-01-08T12:36:46.647842,
TXN-00019104,204,PAYMENT,2407.87,C1000008,141828.68,139420.81,M5092002,0,0,0,2026-01-08T12:36:46.647909,
TXN-00019105,209,CASH_OUT,698.829447480125,C1000085,0.0,-698.829447480125,M8227688,0,0,1,2026-01-08T12:36:46.647947,stealth
TXN-00019106,194,TRANSFER,175.32497707594035,C1000031,3005.38,2830.05502292406,M2112917,0,0,1,2026-01-08T12:36:46.647984,stealth
TXN-00019107,204,CASH_OUT,185.81,C1000001,33446.75,33260.94,M3854493,0,0,0,2026-01-08T12:36:46.648057,
TXN-00019108,204,CASH_OUT,6569.14,C1000029,0.0,0.0,M4046055,0,0,0,2026-01-08T12:36:46.648123,
TXN-00019109,204,DEBIT,7492.22,C1000011,0.0,0.0,M4498833,0,0,0,2026-01-08T12:36:46.648188,
TXN-00019110,204,DEBIT,7909.93,C1000036,0.0,0.0,M7775154,0,0,0,2026-01-08T12:36:46.648251,
TXN-00019111,204,PAYMENT,10.0,C1000047,0.0,0.0,M5045729,0,0,0,2026-01-08T12:36:46.648314,
TXN-00019112,204,CASH_IN,301.06,C1000089,66192.54,66493.6,M4647938,0,0,0,2026-01-08T12:36:46.648375,
TXN-00019113,204,PAYMENT,1182.23,C1000016,72160.5,70978.26,M2666597,0,0,0,2026-01-08T12:36:46.648439,
TXN-00019114,204,PAYMENT,3449.99,C1000082,0.0,0.0,M9762299,0,0,0,2026-01-08T12:36:46.648508,
TXN-00019115,204,TRANSFER,10.0,C1000023,0.0,0.0,M2224617,0,0,0,2026-01-08T12:36:46.648571,
TXN-00019116,204,PAYMENT,791.53,C1000001,33260.94,32469.41,M5200584,0,0,0,2026-01-08T12:36:46.648634,
TXN-00019117,204,PAYMENT,4379.99,C1000065,0.0,0.0,M6189436,0,0,0,2026-01-08T12:36:46.648698,
TXN-00019118,194,CASH_OUT,2677.785934658733,C1000061,184831.49,182153.70406534127,M4677391,0,0,1,2026-01-08T12:36:46.648730,stealth
TXN-00019119,201,CASH_OUT,2332.5209821579756,C1000051,0.0,-2332.5209821579756,M2284417,0,0,1,2026-01-08T12:36:46.648769,stealth
TXN-00019120,204,CASH_OUT,10061.84,C1000013,0.0,0.0,M3088446,0,0,0,2026-01-08T12:36:46.648840,
TXN-00019121,204,PAYMENT,10.0,C1000078,0.0,0.0,M4629513,0,0,0,2026-01-08T12:36:46.648908,
TXN-00019122,204,CASH_OUT,1016.34,C1000034,42804.04,41787.7,M8498523,0,0,0,2026-01-08T12:36:46.648971,
TXN-00019123,204,PAYMENT,1798.0,C1000017,0.0,0.0,M7190085,0,0,0,2026-01-08T12:36:46.649036,
TXN-00019124,204,PAYMENT,10.0,C1000018,102720.87,102710.87,M2631070,0,0,0,2026-01-08T12:36:46.649099,
TXN-00019125,212,CASH_OUT,4488.346912270792,C1000056,0.0,-4488.346912270792,M7831134,0,0,1,2026-01-08T12:36:46.649133,stealth
TXN-00019126,204,DEBIT,5042.81,C1000013,0.0,0.0,M4073752,0,0,0,2026-01-08T12:36:46.649202,
TXN-00019127,204,PAYMENT,10.0,C1000075,423233.37,423223.37,M5618284,0,0,0,2026-01-08T12:36:46.649268,
TXN-00019128,204,PAYMENT,8357.25,C1000078,0.0,0.0,M6841897,0,0,0,2026-01-08T12:36:46.649332,
TXN-00019129,204,CASH_OUT,1557.94,C1000082,0.0,0.0,M9273497,0,0,0,2026-01-08T12:36:46.649395,
TXN-00019130,204,CASH_OUT,1053.28,C1000091,0.0,0.0,M9195329,0,0,0,2026-01-08T12:36:46.649458,
TXN-00019131,204,TRANSFER,289.82,C1000018,102710.87,102421.05,M5795313,0,0,0,2026-01-08T12:36:46.649520,
TXN-00019132,204,PAYMENT,1899.16,C1000020,211678.27,209779.11,M4468658,0,0,0,2026-01-08T12:36:46.649587,
TXN-00019133,204,TRANSFER,999.98,C1000094,135609.96,134609.98,M1724101,0,0,0,2026-01-08T12:36:46.649649,
TXN-00019134,204,CASH_OUT,1771.66,C1000026,20112.14,18340.47,M7000965,0,0,0,2026-01-08T12:36:46.649712,
TXN-00019135,204,PAYMENT,618.74,C1000034,41787.7,41168.96,M7455610,0,0,0,2026-01-08T12:36:46.649776,
TXN-00019136,204,TRANSFER,4095.25,C1000065,0.0,0.0,M7720944,0,0,0,2026-01-08T12:36:46.649839,
TXN-00019137,204,TRANSFER,3879.94,C1000087,0.0,0.0,M8317843,0,0,0,2026-01-08T12:36:46.649903,
TXN-00019138,204,TRANSFER,2095.68,C1000082,0.0,0.0,M4878655,0,0,0,2026-01-08T12:36:46.649967,
TXN-00019139,204,PAYMENT,9562.78,C1000015,0.0,0.0,M6884887,0,0,0,2026-01-08T12:36:46.650025,
TXN-00019140,204,TRANSFER,4759.5,C1000047,0.0,0.0,M8397026,0,0,0,2026-01-08T12:36:46.650085,
TXN-00019141,204,CASH_OUT,6446.54,C1000046,0.0,0.0,M6354928,0,0,0,2026-01-08T12:36:46.650148,
TXN-00019142,204,CASH_OUT,2024.82,C1000026,18340.47,16315.65,M4171883,0,0,0,2026-01-08T12:36:46.650214,
TXN-00019143,204,PAYMENT,903.55,C1000060,47306.55,46403.0,M6262943,0,0,0,2026-01-08T12:36:46.650336,
TXN-00019144,204,TRANSFER,5248.48,C1000023,0.0,0.0,M7291310,0,0,0,2026-01-08T12:36:46.650431,
TXN-00019145,204,CASH_OUT,926.05,C1000038,0.0,0.0,M1073505,0,0,0,2026-01-08T12:36:46.650503,
TXN-00019146,204,PAYMENT,3416.21,C1000044,0.0,0.0,M8582028,0,0,0,2026-01-08T12:36:46.650573,
TXN-00019147,204,PAYMENT,4332.58,C1000025,0.0,0.0,M8547627,0,0,0,2026-01-08T12:36:46.650641,
TXN-00019148,204,PAYMENT,1595.41,C1000047,0.0,0.0,M1481659,0,0,0,2026-01-08T12:36:46.650707,
TXN-00019149,204,TRANSFER,10.0,C1000014,64341.83,64331.83,M3306094,0,0,0,2026-01-08T12:36:46.650771,
TXN-00019150,195,TRANSFER,153.28845655115217,C1000031,3005.38,2852.091543448848,M5810507,0,0,1,2026-01-08T12:36:46.650807,stealth
TXN-00019151,196,TRANSFER,2359.26147305655,C1000019,0.0,-2359.26147305655,M1822900,0,0,1,2026-01-08T12:36:46.650844,stealth
TXN-00019152,204,DEBIT,10133.86,C1000092,0.0,0.0,M6469784,0,0,0,2026-01-08T12:36:46.650923,
TXN-00019153,204,PAYMENT,1312.37,C1000001,32469.41,31157.04,M4542749,0,0,0,2026-01-08T12:36:46.650989,
TXN-00019154,204,TRANSFER,5098.79,C1000032,0.0,0.0,M2085080,0,0,0,2026-01-08T12:36:46.651054,
TXN-00019155,204,PAYMENT,9587.24,C1000015,0.0,0.0,M4028063,0,0,0,2026-01-08T12:36:46.651118,
TXN-00019156,204,TRANSFER,5911.78,C1000059,0.0,0.0,M5748514,0,0,0,2026-01-08T12:36:46.651180,
TXN-00019157,204,CASH_OUT,262.6,C1000004,169228.96,168966.36,M3449288,0,0,0,2026-01-08T12:36:46.651242,
TXN-00019158,204,TRANSFER,18143.67,C1000093,0.0,0.0,M4036737,0,0,0,2026-01-08T12:36:46.651306,
TXN-00019159,204,TRANSFER,9925.37,C1000080,0.0,0.0,M4011197,0,0,0,2026-01-08T12:36:46.651370,
TXN-00019160,204,CASH_OUT,13481.33,C1000051,0.0,0.0,M5453259,0,0,0,2026-01-08T12:36:46.651432,
TXN-00019161,204,PAYMENT,1683.05,C1000089,66493.6,64810.55,M5919923,0,0,0,2026-01-08T12:36:46.651494,
TXN-00019162,204,DEBIT,26433.04,C1000056,0.0,0.0,M4929932,0,0,0,2026-01-08T12:36:46.651557,
TXN-00019163,204,CASH_IN,8396.93,C1000049,0.0,8396.93,M4685456,0,0,0,2026-01-08T12:36:46.651618,
TXN-00019164,204,PAYMENT,10.0,C1000022,0.0,0.0,M5483338,0,0,0,2026-01-08T12:36:46.651680,
TXN-00019165,204,CASH_OUT,11010.87,C1000074,0.0,0.0,M2323296,0,0,0,2026-01-08T12:36:46.651744,
TXN-00019166,204,CASH_OUT,507.88,C1000034,41168.96,40661.08,M4842619,0,0,0,2026-01-08T12:36:46.651804,
TXN-00019167,204,TRANSFER,1601.77,C1000061,184831.49,183229.72,M1647014,0,0,0,2026-01-08T12:36:46.651867,
TXN-00019168,204,PAYMENT,2618.65,C1000010,0.0,0.0,M9901525,0,0,0,2026-01-08T12:36:46.651935,
TXN-00019169,204,PAYMENT,305.72,C1000066,0.0,0.0,M4730815,0,0,0,2026-01-08T12:36:46.651996,
TXN-00019170,204,PAYMENT,60.28,C1000007,0.0,0.0,M2034988,0,0,0,2026-01-08T12:36:46.652056,
TXN-00019171,204,PAYMENT,7885.56,C1000099,0.0,0.0,M3288172,0,0,0,2026-01-08T12:36:46.652116,
TXN-00019172,195,CASH_OUT,560.5920745016829,C1000077,28976.35,28415.757925498314,M9409893,0,0,1,2026-01-08T12:36:46.652149,stealth
TXN-00019173,204,TRANSFER,2209.47,C1000090,101208.94,98999.47,M7089855,0,0,0,2026-01-08T12:36:46.652216,
TXN-00019174,202,TRANSFER,3493.393270091271,C1000074,0.0,-3493.393270091271,M7370145,0,0,1,2026-01-08T12:36:46.652249,stealth
TXN-00019175,204,PAYMENT,10.0,C1000081,45094.33,45084.33,M6772112,0,0,0,2026-01-08T12:36:46.652315,
TXN-00019176,204,PAYMENT,10.0,C1000023,0.0,0.0,M1527919,0,0,0,2026-01-08T12:36:46.652376,
TXN-00019177,204,TRANSFER,6729.49,C1000052,0.0,0.0,M6281876,0,0,0,2026-01-08T12:36:46.652448,
TXN-00019178,204,CASH_OUT,11644.65,C1000005,1765.29,0.0,M2816791,0,0,0,2026-01-08T12:36:46.652510,
TXN-00019179,204,PAYMENT,6938.92,C1000011,0.0,0.0,M9544774,0,0,0,2026-01-08T12:36:46.652573,
TXN-00019180,204,TRANSFER,4084.81,C1000084,0.0,0.0,M9187522,0,0,0,2026-01-08T12:36:46.652633,
TXN-00019181,204,PAYMENT,8842.71,C1000039,0.0,0.0,M2707634,0,0,0,2026-01-08T12:36:46.652693,
TXN-00019182,204,DEBIT,8291.6,C1000011,0.0,0.0,M1411523,0,0,0,2026-01-08T12:36:46.652753,
TXN-00019183,204,TRANSFER,1588.37,C1000066,0.0,0.0,M5241240,0,0,0,2026-01-08T12:36:46.652814,
TXN-00019184,204,CASH_OUT,18838.51,C1000024,0.0,0.0,M8882168,0,0,0,2026-01-08T12:36:46.652872,
TXN-00019185,204,PAYMENT,2983.92,C1000091,0.0,0.0,M8292625,0,0,0,2026-01-08T12:36:46.652939,
TXN-00019186,204,CASH_OUT,956.68,C1000068,52669.03,51712.36,M2270141,0,0,0,2026-01-08T12:36:46.653013,
TXN-00019187,204,PAYMENT,3839.65,C1000087,0.0,0.0,M3852157,0,0,0,2026-01-08T12:36:46.653086,
TXN-00019188,204,DEBIT,792.96,C1000081,45084.33,44291.37,M7060259,0,0,0,2026-01-08T12:36:46.653205,
TXN-00019189,204,DEBIT,150.18,C1000018,102421.05,102270.87,M1010748,0,0,0,2026-01-08T12:36:46.653303,
TXN-00019190,204,TRANSFER,33704.61,C1000073,0.0,0.0,M4715712,0,0,0,2026-01-08T12:36:46.653398,
TXN-00019191,204,PAYMENT,10.0,C1000014,64331.83,64321.83,M1080240,0,0,0,2026-01-08T12:36:46.653483,
TXN-00019192,204,CASH_OUT,19766.5,C1000019,0.0,0.0,M2736002,0,0,0,2026-01-08T12:36:46.653557,
TXN-00019193,214,TRANSFER,239.6805780841225,C1000012,0.0,-239.6805780841225,M7540390,0,0,1,2026-01-08T12:36:46.653596,stealth
TXN-00019194,204,TRANSFER,18758.75,C1000095,0.0,0.0,M5363106,0,0,0,2026-01-08T12:36:46.653672,
TXN-00019195,196,TRANSFER,2476.5022074689527,C1000023,0.0,-2476.5022074689527,M7751927,0,0,1,2026-01-08T12:36:46.653712,stealth
TXN-00019196,204,CASH_OUT,4049.65,C1000065,0.0,0.0,M4995628,0,0,0,2026-01-08T12:36:46.653827,
TXN-00019197,204,PAYMENT,7800.25,C1000036,0.0,0.0,M9632790,0,0,0,2026-01-08T12:36:46.653920,
TXN-00019198,204,CASH_OUT,1332.41,C1000066,0.0,0.0,M5001714,0,0,0,2026-01-08T12:36:46.653988,
TXN-00019199,204,PAYMENT,173455.5,C1000050,0.0,0.0,M3533270,0,0,0,2026-01-08T12:36:46.654051,
TXN-00019200,204,PAYMENT,1954.4,C1000022,0.0,0.0,M4052865,0,0,0,2026-01-08T12:36:46.654112,
TXN-00019201,204,TRANSFER,888.43,C1000001,31157.04,30268.61,M6617599,0,0,0,2026-01-08T12:36:46.654173,
TXN-00019202,204,PAYMENT,49302.67,C1000053,0.0,0.0,M3243522,0,0,0,2026-01-08T12:36:46.654238,
TXN-00019203,204,TRANSFER,4098.67,C1000010,0.0,0.0,M7622877,0,0,0,2026-01-08T12:36:46.654300,
TXN-00019204,204,CASH_IN,701.12,C1000002,155801.62,156502.74,M1290082,0,0,0,2026-01-08T12:36:46.654475,
TXN-00019205,204,PAYMENT,1430.15,C1000083,140675.55,139245.4,M5236287,0,0,0,2026-01-08T12:36:46.654682,
TXN-00019206,204,CASH_IN,1067.39,C1000097,0.0,1067.39,M7606857,0,0,0,2026-01-08T12:36:46.654750,
TXN-00019207,204,CASH_IN,1725.84,C1000090,98999.47,100725.31,M9287658,0,0,0,2026-01-08T12:36:46.654811,
TXN-00019208,204,PAYMENT,10.0,C1000004,168966.36,168956.36,M4780285,0,0,0,2026-01-08T12:36:46.654868,
TXN-00019209,204,TRANSFER,239.09,C1000042,0.0,0.0,M5231484,0,0,0,2026-01-08T12:36:46.654922,
TXN-00019210,204,PAYMENT,1855.32,C1000086,49373.6,47518.29,M8721651,0,0,0,2026-01-08T12:36:46.654986,
TXN-00019211,204,PAYMENT,2090.88,C1000017,0.0,0.0,M8760806,0,0,0,2026-01-08T12:36:46.655053,
TXN-00019212,204,TRANSFER,3957.79,C1000074,0.0,0.0,M9736997,0,0,0,2026-01-08T12:36:46.655121,
TXN-00019213,204,PAYMENT,976.18,C1000022,0.0,0.0,M8669860,0,0,0,2026-01-08T12:36:46.655181,
TXN-00019214,204,PAYMENT,566.23,C1000081,44291.37,43725.14,M6680628,0,0,0,2026-01-08T12:36:46.655240,
TXN-00019215,204,PAYMENT,12217.56,C1000015,0.0,0.0,M8599004,0,0,0,2026-01-08T12:36:46.655302,
TXN-00019216,204,PAYMENT,20868.69,C1000024,0.0,0.0,M1606073,0,0,0,2026-01-08T12:36:46.655360,
TXN-00019217,204,DEBIT,10.0,C1000060,46403.0,46393.0,M9409264,0,0,0,2026-01-08T12:36:46.655418,
TXN-00019218,206,TRANSFER,539.463428112937,C1000057,0.0,-539.463428112937,M7020876,0,0,1,2026-01-08T12:36:46.655454,stealth
TXN-00019219,204,CASH_OUT,6539.31,C1000088,6574.85,35.54,M7407600,0,0,0,2026-01-08T12:36:46.655520,
TXN-00019220,204,CASH_OUT,4523.79,C1000049,8396.93,3873.14,M6517876,0,0,0,2026-01-08T12:36:46.655583,
TXN-00019221,204,DEBIT,5748.18,C1000003,4930.44,0.0,M2323920,0,0,0,2026-01-08T12:36:46.655645,
TXN-00019222,204,PAYMENT,4349.41,C1000027,0.0,0.0,M6053200,0,0,0,2026-01-08T12:36:46.655705,
TXN-00019223,199,CASH_OUT,2383.8306274171578,C1000060,46393.0,44009.169372582845,M2105402,0,0,1,2026-01-08T12:36:46.655737,stealth
TXN-00019224,204,CASH_OUT,10215.99,C1000015,0.0,0.0,M9322897,0,0,0,2026-01-08T12:36:46.655804,
TXN-00019225,204,CASH_OUT,18129.89,C1000093,0.0,0.0,M8380563,0,0,0,2026-01-08T12:36:46.655864,
TXN-00019226,206,TRANSFER,2632.590625243303,C1000060,46393.0,43760.409374756695,M6410033,0,0,1,2026-01-08T12:36:46.655898,stealth
TXN-00019227,204,CASH_OUT,49599.92,C1000053,0.0,0.0,M3011669,0,0,0,2026-01-08T12:36:46.655970,
TXN-00019228,204,CASH_OUT,2954.86,C1000068,51712.36,48757.5,M5660376,0,0,0,2026-01-08T12:36:46.656028,
TXN-00019229,204,PAYMENT,7310.34,C1000099,0.0,0.0,M1190360,0,0,0,2026-01-08T12:36:46.656084,
TXN-00019230,204,PAYMENT,2681.33,C1000062,0.0,0.0,M8186796,0,0,0,2026-01-08T12:36:46.656137,
TXN-00019231,204,TRANSFER,1240.27,C1000083,139245.4,138005.13,M5426696,0,0,0,2026-01-08T12:36:46.656189,
TXN-00019232,204,TRANSFER,10.0,C1000004,168956.36,168946.36,M4972839,0,0,0,2026-01-08T12:36:46.656243,
TXN-00019233,200,TRANSFER,181.96840020709737,C1000058,0.0,-181.96840020709737,M2137182,0,0,1,2026-01-08T12:36:46.656272,stealth
TXN-00019234,204,PAYMENT,58.56,C1000038,0.0,0.0,M8100929,0,0,0,2026-01-08T12:36:46.656335,
TXN-00019235,204,CASH_OUT,26585.18,C1000042,0.0,0.0,M7576684,0,0,0,2026-01-08T12:36:46.656392,
TXN-00019236,204,DEBIT,1881.64,C1000068,48757.5,46875.85,M5884657,0,0,0,2026-01-08T12:36:46.656451,
TXN-00019237,204,TRANSFER,4995.37,C1000032,0.0,0.0,M1574346,0,0,0,2026-01-08T12:36:46.656512,
TXN-00019238,204,CASH_OUT,10.0,C1000072,0.0,0.0,M2754454,0,0,0,2026-01-08T12:36:46.656572,
TXN-00019239,204,PAYMENT,5363.29,C1000003,0.0,0.0,M7911028,0,0,0,2026-01-08T12:36:46.656630,
TXN-00019240,204,PAYMENT,5616.1,C1000025,0.0,0.0,M7311868,0,0,0,2026-01-08T12:36:46.656688,
TXN-00019241,204,PAYMENT,17211.38,C1000076,0.0,0.0,M8197427,0,0,0,2026-01-08T12:36:46.656748,
TXN-00019242,204,PAYMENT,1275.34,C1000057,0.0,0.0,M2358833,0,0,0,2026-01-08T12:36:46.656807,
TXN-00019243,204,TRANSFER,784.26,C1000083,138005.13,137220.87,M7714990,0,0,0,2026-01-08T12:36:46.656864,
TXN-00019244,204,PAYMENT,18478.06,C1000019,0.0,0.0,M6295221,0,0,0,2026-01-08T12:36:46.656929,
TXN-00019245,204,PAYMENT,5010.3,C1000032,0.0,0.0,M3312711,0,0,0,2026-01-08T12:36:46.656993,
TXN-00019246,196,CASH_OUT,4786.155925569256,C1000080,0.0,-4786.155925569256,M9226887,0,0,1,2026-01-08T12:36:46.657023,stealth
TXN-00019247,204,DEBIT,18620.36,C1000093,0.0,0.0,M3324418,0,0,0,2026-01-08T12:36:46.657087,
TXN-00019248,212,CASH_OUT,1884.1485753621553,C1000081,43725.14,41840.99142463785,M5037498,0,0,1,2026-01-08T12:36:46.657116,stealth
TXN-00019249,204,TRANSFER,1962.49,C1000017,0.0,0.0,M7318390,0,0,0,2026-01-08T12:36:46.657181,
TXN-00019250,204,PAYMENT,995.32,C1000001,30268.61,29273.3,M2149236,0,0,0,2026-01-08T12:36:46.657240,
TXN-00019251,204,DEBIT,26753.14,C1000056,0.0,0.0,M5498431,0,0,0,2026-01-08T12:36:46.657301,
TXN-00019252,204,TRANSFER,3023.94,C1000084,0.0,0.0,M8759596,0,0,0,2026-01-08T12:36:46.657357,
TXN-00019253,204,TRANSFER,2067.94,C1000044,0.0,0.0,M5098536,0,0,0,2026-01-08T12:36:46.657411,
TXN-00019254,204,CASH_IN,2002.37,C1000017,0.0,2002.37,M3356451,0,0,0,2026-01-08T12:36:46.657463,
TXN-00019255,204,TRANSFER,6102.73,C1000046,0.0,0.0,M3334944,0,0,0,2026-01-08T12:36:46.657516,
TXN-00019256,193,TRANSFER,3800.0571212293803,C1000048,153235.16,149435.10287877062,M3975576,0,0,1,2026-01-08T12:36:46.657543,stealth
TXN-00019257,204,PAYMENT,530.15,C1000023,0.0,0.0,M7653747,0,0,0,2026-01-08T12:36:46.657606,
TXN-00019258,204,CASH_OUT,135.51,C1000007,0.0,0.0,M2075198,0,0,0,2026-01-08T12:36:46.657661,
TXN-00019259,204,DEBIT,17760.13,C1000079,0.0,0.0,M9020157,0,0,0,2026-01-08T12:36:46.657716,
TXN-00019260,204,TRANSFER,3956.94,C1000065,0.0,0.0,M9681136,0,0,0,2026-01-08T12:36:46.657774,
TXN-00019261,204,PAYMENT,17837.07,C1000024,0.0,0.0,M5546139,0,0,0,2026-01-08T12:36:46.657834,
TXN-00019262,204,TRANSFER,141.3,C1000060,46393.0,46251.7,M6513058,0,0,0,2026-01-08T12:36:46.657894,
TXN-00019263,204,TRANSFER,3525.55,C1000030,0.0,0.0,M2023494,0,0,0,2026-01-08T12:36:46.657959,
TXN-00019264,204,TRANSFER,6040.24,C1000003,0.0,0.0,M7022981,0,0,0,2026-01-08T12:36:46.658021,
TXN-00019265,204,PAYMENT,5948.95,C1000046,0.0,0.0,M3314916,0,0,0,2026-01-08T12:36:46.658082,
TXN-00019266,204,TRANSFER,1073.43,C1000055,127983.07,126909.64,M6115223,0,0,0,2026-01-08T12:36:46.658141,
TXN-00019267,204,PAYMENT,374.2,C1000001,29273.3,28899.1,M5342360,0,0,0,2026-01-08T12:36:46.658209,
TXN-00019268,204,CASH_IN,19287.28,C1000019,0.0,19287.28,M9854356,0,0,0,2026-01-08T12:36:46.658273,
TXN-00019269,204,CASH_IN,554.99,C1000071,98205.6,98760.59,M4040219,0,0,0,2026-01-08T12:36:46.658334,
TXN-00019270,204,PAYMENT,10.0,C1000061,183229.72,183219.72,M3923531,0,0,0,2026-01-08T12:36:46.658420,
TXN-00019271,204,TRANSFER,1333.64,C1000083,137220.87,135887.23,M5416556,0,0,0,2026-01-08T12:36:46.658500,
TXN-00019272,204,PAYMENT,10.0,C1000048,153235.16,153225.16,M3784678,0,0,0,2026-01-08T12:36:46.658574,
TXN-00019273,204,TRANSFER,10.0,C1000040,0.0,0.0,M9302785,0,0,0,2026-01-08T12:36:46.658645,
TXN-00019274,196,CASH_OUT,1293.0408665928105,C1000031,3005.38,1712.3391334071896,M7626582,0,0,1,2026-01-08T12:36:46.658682,stealth
TXN-00019275,204,PAYMENT,10.0,C1000060,46251.7,46241.7,M1781658,0,0,0,2026-01-08T12:36:46.658826,
TXN-00019276,204,CASH_OUT,4931.91,C1000032,0.0,0.0,M2705784,0,0,0,2026-01-08T12:36:46.658905,
TXN-00019277,204,TRANSFER,10.0,C1000081,43725.14,43715.14,M4330065,0,0,0,2026-01-08T12:36:46.658979,
TXN-00019278,204,TRANSFER,776.76,C1000083,135887.23,135110.47,M1491591,0,0,0,2026-01-08T12:36:46.659047,
TXN-00019279,204,PAYMENT,6941.59,C1000088,35.54,0.0,M4649867,0,0,0,2026-01-08T12:36:46.659115,
TXN-00019280,204,DEBIT,3192.92,C1000064,0.0,0.0,M6828636,0,0,0,2026-01-08T12:36:46.659188,
TXN-00019281,204,CASH_IN,135.38,C1000022,0.0,135.38,M4421046,0,0,0,2026-01-08T12:36:46.659255,
TXN-00019282,204,PAYMENT,1292.67,C1000089,64810.55,63517.88,M8792651,0,0,0,2026-01-08T12:36:46.659337,
TXN-00019283,204,DEBIT,3706.45,C1000078,0.0,0.0,M3831683,0,0,0,2026-01-08T12:36:46.659736,
TXN-00019284,204,TRANSFER,441.95,C1000061,183219.72,182777.77,M6114822,0,0,0,2026-01-08T12:36:46.659932,
TXN-00019285,204,TRANSFER,10.0,C1000064,0.0,0.0,M7586800,0,0,0,2026-01-08T12:36:46.660059,
TXN-00019286,204,TRANSFER,10.0,C1000042,0.0,0.0,M6325793,0,0,0,2026-01-08T12:36:46.660228,
TXN-00019287,204,PAYMENT,3659.31,C1000040,0.0,0.0,M9162537,0,0,0,2026-01-08T12:36:46.660333,
TXN-00019288,204,TRANSFER,885.72,C1000020,209779.11,208893.4,M4414069,0,0,0,2026-01-08T12:36:46.660430,
TXN-00019289,204,TRANSFER,10.0,C1000029,0.0,0.0,M6271911,0,0,0,2026-01-08T12:36:46.660511,
TXN-00019290,204,CASH_IN,8414.31,C1000031,3005.38,11419.69,M4641474,0,0,0,2026-01-08T12:36:46.660656,
TXN-00019291,204,PAYMENT,27331.48,C1000067,0.0,0.0,M7341935,0,0,0,2026-01-08T12:36:46.660730,
TXN-00019292,204,TRANSFER,1509.41,C1000029,0.0,0.0,M8887627,0,0,0,2026-01-08T12:36:46.660795,
TXN-00019293,204,PAYMENT,6368.41,C1000046,0.0,0.0,M4949524,0,0,0,2026-01-08T12:36:46.660863,
TXN-00019294,204,DEBIT,1915.0,C1000086,47518.29,45603.29,M8047068,0,0,0,2026-01-08T12:36:46.660921,
TXN-00019295,204,PAYMENT,3783.85,C1000002,156502.74,152718.89,M4002233,0,0,0,2026-01-08T12:36:46.661065,
TXN-00019296,204,TRANSFER,1813.15,C1000094,134609.98,132796.83,M9147031,0,0,0,2026-01-08T12:36:46.661288,
TXN-00019297,204,PAYMENT,10.0,C1000029,0.0,0.0,M6427410,0,0,0,2026-01-08T12:36:46.661477,
TXN-00019298,204,TRANSFER,25912.91,C1000037,0.0,0.0,M3978608,0,0,0,2026-01-08T12:36:46.661547,
TXN-00019299,204,PAYMENT,2085.11,C1000044,0.0,0.0,M2611553,0,0,0,2026-01-08T12:36:46.661614,
TXN-00019300,204,TRANSFER,1358.75,C1000022,135.38,0.0,M8416220,0,0,0,2026-01-08T12:36:46.661673,
TXN-00019301,204,CASH_OUT,4702.13,C1000062,0.0,0.0,M6711508,0,0,0,2026-01-08T12:36:46.661734,
TXN-00019302,204,PAYMENT,10.0,C1000021,0.0,0.0,M5582357,0,0,0,2026-01-08T12:36:46.661790,
TXN-00019303,204,TRANSFER,10.0,C1000055,126909.64,126899.64,M7043451,0,0,0,2026-01-08T12:36:46.661844,
TXN-00019304,207,TRANSFER,4340.054891087395,C1000048,153225.16,148885.1051089126,M1761102,0,0,1,2026-01-08T12:36:46.661877,stealth
TXN-00019305,204,PAYMENT,182.5,C1000066,0.0,0.0,M3152318,0,0,0,2026-01-08T12:36:46.661968,
TXN-00019306,204,PAYMENT,10.0,C1000002,152718.89,152708.89,M2487789,0,0,0,2026-01-08T12:36:46.662030,
TXN-00019307,204,CASH_OUT,21216.86,C1000079,0.0,0.0,M3492415,0,0,0,2026-01-08T12:36:46.662090,
TXN-00019308,197,CASH_OUT,4066.0137196330343,C1000057,0.0,-4066.0137196330343,M1790862,0,0,1,2026-01-08T12:36:46.662123,stealth
TXN-00019309,204,PAYMENT,1039.95,C1000030,0.0,0.0,M1016932,0,0,0,2026-01-08T12:36:46.662188,
TXN-00019310,204,TRANSFER,2443.38,C1000044,0.0,0.0,M7657693,0,0,0,2026-01-08T12:36:46.662250,
TXN-00019311,204,PAYMENT,19808.06,C1000035,0.0,0.0,M4166504,0,0,0,2026-01-08T12:36:46.662311,
TXN-00019312,204,PAYMENT,10.0,C1000014,64321.83,64311.83,M2023030,0,0,0,2026-01-08T12:36:46.662372,
TXN-00019313,204,PAYMENT,2133.14,C1000069,0.0,0.0,M9062763,0,0,0,2026-01-08T12:36:46.662433,
TXN-00019314,204,PAYMENT,795.76,C1000085,0.0,0.0,M5857470,0,0,0,2026-01-08T12:36:46.662494,
TXN-00019315,204,TRANSFER,1702.07,C1000040,0.0,0.0,M6814440,0,0,0,2026-01-08T12:36:46.662554,
TXN-00019316,198,TRANSFER,1007.0975718234364,C1000040,0.0,-1007.0975718234364,M5159578,0,0,1,2026-01-08T12:36:46.662586,stealth
TXN-00019317,204,TRANSFER,17831.14,C1000076,0.0,0.0,M1352441,0,0,0,2026-01-08T12:36:46.662660,
TXN-00019318,204,TRANSFER,10.0,C1000082,0.0,0.0,M8075943,0,0,0,2026-01-08T12:36:46.662721,
TXN-00019319,204,TRANSFER,4051.48,C1000065,0.0,0.0,M6873805,0,0,0,2026-01-08T12:36:46.662779,
TXN-00019320,204,PAYMENT,5382.64,C1000010,0.0,0.0,M2552723,0,0,0,2026-01-08T12:36:46.662839,
TXN-00019321,204,DEBIT,2812.8,C1000082,0.0,0.0,M5104014,0,0,0,2026-01-08T12:36:46.662899,
TXN-00019322,205,TRANSFER,3487.733523123764,C1000004,168946.36,165458.62647687623,M1611428,0,0,1,2026-01-08T12:36:46.662931,stealth
TXN-00019323,204,PAYMENT,369.88,C1000097,1067.39,697.5,M5995662,0,0,0,2026-01-08T12:36:46.663009,
TXN-00019324,204,DEBIT,7683.51,C1000036,0.0,0.0,M7131962,0,0,0,2026-01-08T12:36:46.663072,
TXN-00019325,204,CASH_OUT,26417.51,C1000056,0.0,0.0,M3894952,0,0,0,2026-01-08T12:36:46.663130,
TXN-00019326,204,CASH_IN,21794.65,C1000019,19287.28,41081.93,M8853595,0,0,0,2026-01-08T12:36:46.663184,
TXN-00019327,204,CASH_IN,8202.19,C1000036,0.0,8202.19,M5924302,0,0,0,2026-01-08T12:36:46.663239,
TXN-00019328,204,PAYMENT,24437.56,C1000037,0.0,0.0,M8173383,0,0,0,2026-01-08T12:36:46.663293,
TXN-00019329,204,CASH_OUT,1906.65,C1000066,0.0,0.0,M3893862,0,0,0,2026-01-08T12:36:46.663347,
TXN-00019330,204,PAYMENT,1886.12,C1000017,2002.37,116.25,M7668952,0,0,0,2026-01-08T12:36:46.663400,
TXN-00019331,204,CASH_OUT,3836.58,C1000028,0.0,0.0,M3330692,0,0,0,2026-01-08T12:36:46.663456,
TXN-00019332,204,CASH_OUT,1249.99,C1000001,28899.1,27649.11,M5807639,0,0,0,2026-01-08T12:36:46.663516,
TXN-00019333,204,CASH_IN,13697.51,C1000063,0.0,13697.51,M1130910,0,0,0,2026-01-08T12:36:46.663578,
TXN-00019334,196,CASH_OUT,1289.444157439652,C1000018,102270.87,100981.42584256035,M7348867,0,0,1,2026-01-08T12:36:46.663608,stealth
TXN-00019335,204,CASH_OUT,9759.39,C1000057,0.0,0.0,M3630190,0,0,0,2026-01-08T12:36:46.663672,
TXN-00019336,204,CASH_OUT,3438.47,C1000049,3873.14,434.67,M9036295,0,0,0,2026-01-08T12:36:46.663728,
TXN-00019337,204,CASH_OUT,8530.09,C1000057,0.0,0.0,M2645436,0,0,0,2026-01-08T12:36:46.663785,
TXN-00019338,204,PAYMENT,10.0,C1000033,0.0,0.0,M4565950,0,0,0,2026-01-08T12:36:46.663840,
TXN-00019339,204,CASH_OUT,8000.35,C1000011,0.0,0.0,M4968647,0,0,0,2026-01-08T12:36:46.663894,
TXN-00019340,204,CASH_OUT,54395.41,C1000000,0.0,0.0,M5799781,0,0,0,2026-01-08T12:36:46.663950,
TXN-00019341,204,PAYMENT,4651.72,C1000065,0.0,0.0,M1087069,0,0,0,2026-01-08T12:36:46.664005,
TXN-00019342,204,PAYMENT,10.0,C1000068,46875.85,46865.85,M7815035,0,0,0,2026-01-08T12:36:46.664064,
TXN-00019343,204,CASH_OUT,621.05,C1000080,0.0,0.0,M5638011,0,0,0,2026-01-08T12:36:46.664121,
TXN-00019344,204,PAYMENT,8881.28,C1000013,0.0,0.0,M1393791,0,0,0,2026-01-08T12:36:46.664176,
TXN-00019345,207,CASH_OUT,2026.8989011777392,C1000060,46241.7,44214.80109882226,M9160285,0,0,1,2026-01-08T12:36:46.664205,stealth
TXN-00019346,204,PAYMENT,701.89,C1000094,132796.83,132094.94,M2292395,0,0,0,2026-01-08T12:36:46.664267,
TXN-00019347,204,CASH_OUT,11218.14,C1000013,0.0,0.0,M9582534,0,0,0,2026-01-08T12:36:46.664325,
TXN-00019348,207,TRANSFER,4900.405248684626,C1000059,0.0,-4900.405248684626,M9127981,0,0,1,2026-01-08T12:36:46.664354,stealth
TXN-00019349,204,TRANSFER,5970.42,C1000052,0.0,0.0,M7516075,0,0,0,2026-01-08T12:36:46.664415,
TXN-00019350,204,CASH_OUT,7778.46,C1000011,0.0,0.0,M9195108,0,0,0,2026-01-08T12:36:46.664471,
TXN-00019351,204,TRANSFER,7076.9,C1000013,0.0,0.0,M3957261,0,0,0,2026-01-08T12:36:46.664527,
TXN-00019352,204,PAYMENT,10.0,C1000064,0.0,0.0,M4022493,0,0,0,2026-01-08T12:36:46.664582,
TXN-00019353,204,PAYMENT,5269.62,C1000052,0.0,0.0,M4455527,0,0,0,2026-01-08T12:36:46.664635,
TXN-00019354,204,CASH_IN,10.0,C1000075,423223.37,423233.37,M5718430,0,0,0,2026-01-08T12:36:46.664691,
TXN-00019355,204,CASH_OUT,1294.62,C1000089,63517.88,62223.25,M8019660,0,0,0,2026-01-08T12:36:46.664747,
TXN-00019356,204,PAYMENT,1607.13,C1000061,182777.77,181170.64,M9801077,0,0,0,2026-01-08T12:36:46.664803,
TXN-00019357,204,PAYMENT,9100.06,C1000005,0.0,0.0,M1796406,0,0,0,2026-01-08T12:36:46.664859,
TXN-00019358,204,TRANSFER,1167.44,C1000070,0.0,0.0,M1324417,0,0,0,2026-01-08T12:36:46.664914,
TXN-00019359,205,TRANSFER,1377.680450383043,C1000055,126899.64,125521.95954961695,M5716263,0,0,1,2026-01-08T12:36:46.664942,stealth
TXN-00019360,204,CASH_OUT,892.19,C1000071,98760.59,97868.39,M8630528,0,0,0,2026-01-08T12:36:46.665008,
TXN-00019361,204,CASH_OUT,1103.79,C1000001,27649.11,26545.31,M1054810,0,0,0,2026-01-08T12:36:46.665065,
TXN-00019362,204,PAYMENT,20166.85,C1000024,0.0,0.0,M4681824,0,0,0,2026-01-08T12:36:46.665122,
TXN-00019363,204,DEBIT,18021.28,C1000079,0.0,0.0,M5224928,0,0,0,2026-01-08T12:36:46.665181,
TXN-00019364,204,TRANSFER,5700.59,C1000058,0.0,0.0,M7634238,0,0,0,2026-01-08T12:36:46.665235,
TXN-00019365,204,TRANSFER,867.77,C1000057,0.0,0.0,M5382910,0,0,0,2026-01-08T12:36:46.665290,
TXN-00019366,204,TRANSFER,2817.35,C1000028,0.0,0.0,M9430907,0,0,0,2026-01-08T12:36:46.665345,
TXN-00019367,205,TRANSFER,2978.108410878142,C1000020,208893.4,205915.29158912186,M6178181,0,0,1,2026-01-08T12:36:46.665373,stealth
TXN-00019368,204,PAYMENT,25089.78,C1000037,0.0,0.0,M8176448,0,0,0,2026-01-08T12:36:46.665439,
TXN-00019369,204,CASH_OUT,6449.97,C1000046,0.0,0.0,M4011086,0,0,0,2026-01-08T12:36:46.665494,
TXN-00019370,204,CASH_IN,4387.9,C1000027,0.0,4387.9,M4948784,0,0,0,2026-01-08T12:36:46.665549,
TXN-00019371,204,PAYMENT,18261.17,C1000024,0.0,0.0,M9588689,0,0,0,2026-01-08T12:36:46.665604,
TXN-00019372,192,TRANSFER,350.93789056104885,C1000081,43715.14,43364.20210943895,M4059644,0,0,1,2026-01-08T12:36:46.665633,stealth
TXN-00019373,204,PAYMENT,3043.17,C1000049,434.67,0.0,M6269936,0,0,0,2026-01-08T12:36:46.665698,
TXN-00019374,204,DEBIT,1695.97,C1000068,46865.85,45169.88,M7239974,0,0,0,2026-01-08T12:36:46.665754,
TXN-00019375,204,DEBIT,2488.93,C1000070,0.0,0.0,M6823008,0,0,0,2026-01-08T12:36:46.665811,
TXN-00019376,204,PAYMENT,2209.37,C1000062,0.0,0.0,M4331296,0,0,0,2026-01-08T12:36:46.665866,
TXN-00019377,204,PAYMENT,2975.8,C1000084,0.0,0.0,M9236265,0,0,0,2026-01-08T12:36:46.665921,
TXN-00019378,204,CASH_IN,8536.92,C1000039,0.0,8536.92,M3735784,0,0,0,2026-01-08T12:36:46.665976,
TXN-00019379,204,CASH_OUT,1900.11,C1000016,70978.26,69078.16,M3629043,0,0,0,2026-01-08T12:36:46.666031,
TXN-00019380,204,TRANSFER,1267.59,C1000004,168946.36,167678.78,M4499557,0,0,0,2026-01-08T12:36:46.666089,
TXN-00019381,204,PAYMENT,4556.91,C1000013,0.0,0.0,M2929986,0,0,0,2026-01-08T12:36:46.666145,
TXN-00019382,204,TRANSFER,1048.56,C1000004,167678.78,166630.21,M6480056,0,0,0,2026-01-08T12:36:46.666200,
TXN-00019383,204,CASH_OUT,3440.3,C1000087,0.0,0.0,M3436720,0,0,0,2026-01-08T12:36:46.666260,
TXN-00019384,204,PAYMENT,1827.12,C1000070,0.0,0.0,M3815774,0,0,0,2026-01-08T12:36:46.666315,
TXN-00019385,204,TRANSFER,2985.66,C1000030,0.0,0.0,M9161379,0,0,0,2026-01-08T12:36:46.666370,
TXN-00019386,204,CASH_OUT,625.84,C1000071,97868.39,97242.56,M5361856,0,0,0,2026-01-08T12:36:46.666424,
TXN-00019387,204,DEBIT,675.97,C1000071,97242.56,96566.59,M4406701,0,0,0,2026-01-08T12:36:46.666480,
TXN-00019388,204,CASH_IN,5959.73,C1000002,152708.89,158668.62,M6410438,0,0,0,2026-01-08T12:36:46.666560,
TXN-00019389,204,DEBIT,2040.99,C1000017,116.25,0.0,M6505017,0,0,0,2026-01-08T12:36:46.666632,
TXN-00019390,204,PAYMENT,407.37,C1000030,0.0,0.0,M6615931,0,0,0,2026-01-08T12:36:46.666731,
TXN-00019391,204,TRANSFER,10.0,C1000008,139420.81,139410.81,M1797981,0,0,0,2026-01-08T12:36:46.666841,
TXN-00019392,204,PAYMENT,19357.79,C1000035,0.0,0.0,M5414545,0,0,0,2026-01-08T12:36:46.666919,
TXN-00019393,204,DEBIT,10.0,C1000033,0.0,0.0,M6514074,0,0,0,2026-01-08T12:36:46.666991,
TXN-00019394,194,TRANSFER,520.3928656080113,C1000072,0.0,-520.3928656080113,M3372730,0,0,1,2026-01-08T12:36:46.667027,stealth
TXN-00019395,204,PAYMENT,2029.58,C1000096,45067.59,43038.01,M9911963,0,0,0,2026-01-08T12:36:46.667108,
TXN-00019396,204,PAYMENT,19249.44,C1000035,0.0,0.0,M2502251,0,0,0,2026-01-08T12:36:46.667164,
TXN-00019397,204,TRANSFER,10.0,C1000081,43715.14,43705.14,M8323241,0,0,0,2026-01-08T12:36:46.667208,
TXN-00019398,204,PAYMENT,345.32,C1000020,208893.4,208548.08,M6038935,0,0,0,2026-01-08T12:36:46.667249,
TXN-00019399,204,PAYMENT,1337.46,C1000098,116751.2,115413.74,M8656586,0,0,0,2026-01-08T12:36:46.667293,
TXN-00019400,204,PAYMENT,7059.69,C1000036,8202.19,1142.5,M1405447,0,0,0,2026-01-08T12:36:46.667339,
TXN-00019401,204,PAYMENT,4047.83,C1000002,158668.62,154620.79,M6798392,0,0,0,2026-01-08T12:36:46.667378,
TXN-00019402,204,CASH_OUT,4469.37,C1000065,0.0,0.0,M4342290,0,0,0,2026-01-08T12:36:46.667417,
TXN-00019403,204,PAYMENT,53502.19,C1000053,0.0,0.0,M8929656,0,0,0,2026-01-08T12:36:46.667455,
TXN-00019404,206,CASH_OUT,2054.7481387719017,C1000069,0.0,-2054.7481387719017,M4328227,0,0,1,2026-01-08T12:36:46.667475,stealth
TXN-00019405,204,PAYMENT,327.55,C1000002,154620.79,154293.24,M7234453,0,0,0,2026-01-08T12:36:46.667521,
TXN-00019406,204,PAYMENT,10.0,C1000075,423233.37,423223.37,M3792028,0,0,0,2026-01-08T12:36:46.667562,
TXN-00019407,204,CASH_IN,965.86,C1000022,0.0,965.86,M2124107,0,0,0,2026-01-08T12:36:46.667622,
TXN-00019408,204,PAYMENT,17627.46,C1000079,0.0,0.0,M6742698,0,0,0,2026-01-08T12:36:46.667672,
TXN-00019409,214,CASH_OUT,2197.8832338051716,C1000036,1142.5,-1055.3832338051716,M6825300,0,0,1,2026-01-08T12:36:46.667694,stealth
TXN-00019410,204,TRANSFER,920.9,C1000009,117347.64,116426.75,M7130201,0,0,0,2026-01-08T12:36:46.667736,
TXN-00019411,204,CASH_OUT,3386.18,C1000087,0.0,0.0,M1524523,0,0,0,2026-01-08T12:36:46.667775,
TXN-00019412,204,PAYMENT,10.0,C1000061,181170.64,181160.64,M9052722,0,0,0,2026-01-08T12:36:46.667812,
TXN-00019413,204,PAYMENT,1235.67,C1000007,0.0,0.0,M6098141,0,0,0,2026-01-08T12:36:46.667850,
TXN-00019414,204,CASH_OUT,10.0,C1000057,0.0,0.0,M3815395,0,0,0,2026-01-08T12:36:46.667889,
TXN-00019415,204,PAYMENT,582.01,C1000022,965.86,383.85,M9520198,0,0,0,2026-01-08T12:36:46.667939,
TXN-00019416,204,CASH_OUT,1362.79,C1000083,135110.47,133747.69,M7050540,0,0,0,2026-01-08T12:36:46.667978,
TXN-00019417,204,PAYMENT,4243.67,C1000006,0.0,0.0,M9201619,0,0,0,2026-01-08T12:36:46.668023,
TXN-00019418,204,TRANSFER,641.91,C1000068,45169.88,44527.97,M6844009,0,0,0,2026-01-08T12:36:46.668074,
TXN-00019419,204,PAYMENT,3055.47,C1000070,0.0,0.0,M2632028,0,0,0,2026-01-08T12:36:46.668127,
TXN-00019420,204,TRANSFER,18365.41,C1000093,0.0,0.0,M7512960,0,0,0,2026-01-08T12:36:46.668181,
TXN-00019421,204,CASH_OUT,6764.74,C1000046,0.0,0.0,M2786802,0,0,0,2026-01-08T12:36:46.668231,
TXN-00019422,195,TRANSFER,3485.4618579365356,C1000024,0.0,-3485.4618579365356,M4677843,0,0,1,2026-01-08T12:36:46.668258,stealth
TXN-00019423,204,CASH_IN,519.39,C1000094,132094.94,132614.33,M9624999,0,0,0,2026-01-08T12:36:46.668327,
TXN-00019424,212,CASH_OUT,623.1837598147025,C1000068,44527.97,43904.7862401853,M8508398,0,0,1,2026-01-08T12:36:46.668355,stealth
TXN-00019425,204,CASH_IN,2892.13,C1000047,0.0,2892.13,M8156864,0,0,0,2026-01-08T12:36:46.668423,
TXN-00019426,204,PAYMENT,7645.41,C1000082,0.0,0.0,M6890029,0,0,0,2026-01-08T12:36:46.668478,
TXN-00019427,204,CASH_OUT,2573.12,C1000086,45603.29,43030.17,M4482405,0,0,0,2026-01-08T12:36:46.668533,
TXN-00019428,204,CASH_OUT,11453.2,C1000015,0.0,0.0,M9921140,0,0,0,2026-01-08T12:36:46.668591,
TXN-00019429,211,TRANSFER,1942.847528323657,C1000066,0.0,-1942.847528323657,M7779080,0,0,1,2026-01-08T12:36:46.668619,stealth
TXN-00019430,204,CASH_OUT,7205.16,C1000099,0.0,0.0,M1191832,0,0,0,2026-01-08T12:36:46.668684,
TXN-00019431,204,PAYMENT,1100.79,C1000033,0.0,0.0,M4737765,0,0,0,2026-01-08T12:36:46.668739,
TXN-00019432,201,CASH_OUT,3830.2808666451333,C1000046,0.0,-3830.2808666451333,M2037762,0,0,1,2026-01-08T12:36:46.668766,stealth
TXN-00019433,198,CASH_OUT,2372.1818083568687,C1000053,0.0,-2372.1818083568687,M8222409,0,0,1,2026-01-08T12:36:46.668796,stealth
TXN-00019434,198,TRANSFER,2865.5354532249485,C1000022,383.85,-2481.6854532249486,M4930943,0,0,1,2026-01-08T12:36:46.668827,stealth
TXN-00019435,204,PAYMENT,4420.44,C1000027,4387.9,0.0,M3958319,0,0,0,2026-01-08T12:36:46.668895,
TXN-00019436,204,TRANSFER,2440.31,C1000044,0.0,0.0,M9365102,0,0,0,2026-01-08T12:36:46.668954,
TXN-00019437,204,CASH_OUT,36834.31,C1000012,0.0,0.0,M4325813,0,0,0,2026-01-08T12:36:46.669011,
TXN-00019438,204,TRANSFER,10.0,C1000085,0.0,0.0,M5540964,0,0,0,2026-01-08T12:36:46.669068,
TXN-00019439,204,CASH_OUT,5276.54,C1000049,0.0,0.0,M2780523,0,0,0,2026-01-08T12:36:46.669122,
TXN-00019440,204,DEBIT,9369.38,C1000051,0.0,0.0,M5853423,0,0,0,2026-01-08T12:36:46.669178,
TXN-00019441,204,PAYMENT,13458.63,C1000015,0.0,0.0,M3593123,0,0,0,2026-01-08T12:36:46.669233,
TXN-00019442,204,PAYMENT,911.44,C1000069,0.0,0.0,M7614469,0,0,0,2026-01-08T12:36:46.669289,
TXN-00019443,204,CASH_OUT,9747.92,C1000082,0.0,0.0,M7089588,0,0,0,2026-01-08T12:36:46.669343,
TXN-00019444,204,CASH_OUT,10.0,C1000089,62223.25,62213.25,M4646950,0,0,0,2026-01-08T12:36:46.669398,
TXN-00019445,204,PAYMENT,25.22,C1000075,423223.37,423198.16,M4916006,0,0,0,2026-01-08T12:36:46.669454,
TXN-00019446,204,PAYMENT,10.0,C1000060,46241.7,46231.7,M9488829,0,0,0,2026-01-08T12:36:46.669513,
TXN-00019447,204,PAYMENT,2074.42,C1000017,0.0,0.0,M1917345,0,0,0,2026-01-08T12:36:46.669568,
TXN-00019448,204,CASH_OUT,173724.68,C1000050,0.0,0.0,M8795031,0,0,0,2026-01-08T12:36:46.669623,
TXN-00019449,204,PAYMENT,10.0,C1000048,153225.16,153215.16,M1327932,0,0,0,2026-01-08T12:36:46.669677,
TXN-00019450,204,PAYMENT,17634.76,C1000024,0.0,0.0,M6585625,0,0,0,2026-01-08T12:36:46.669733,
TXN-00019451,204,TRANSFER,855.46,C1000026,16315.65,15460.19,M3381527,0,0,0,2026-01-08T12:36:46.669787,
TXN-00019452,204,DEBIT,2805.75,C1000098,115413.74,112607.99,M4741066,0,0,0,2026-01-08T12:36:46.669843,
TXN-00019453,204,PAYMENT,3141.2,C1000047,2892.13,0.0,M9204877,0,0,0,2026-01-08T12:36:46.669900,
TXN-00019454,206,CASH_OUT,3916.424159825388,C1000015,0.0,-3916.424159825388,M1538510,0,0,1,2026-01-08T12:36:46.669928,stealth
TXN-00019455,204,PAYMENT,10.0,C1000055,126899.64,126889.64,M4968115,0,0,0,2026-01-08T12:36:46.669988,
TXN-00019456,204,CASH_OUT,26688.19,C1000056,0.0,0.0,M7843872,0,0,0,2026-01-08T12:36:46.670045,
TXN-00019457,204,CASH_OUT,3639.51,C1000087,0.0,0.0,M8739157,0,0,0,2026-01-08T12:36:46.670099,
TXN-00019458,204,CASH_OUT,6638.62,C1000025,0.0,0.0,M8876912,0,0,0,2026-01-08T12:36:46.670153,
TXN-00019459,204,CASH_OUT,1676.55,C1000086,43030.17,41353.62,M1039846,0,0,0,2026-01-08T12:36:46.670207,
TXN-00019460,204,CASH_OUT,7697.08,C1000011,0.0,0.0,M6255748,0,0,0,2026-01-08T12:36:46.670263,
TXN-00019461,204,TRANSFER,10.0,C1000082,0.0,0.0,M5454004,0,0,0,2026-01-08T12:36:46.670317,
TXN-00019462,204,CASH_OUT,649.64,C1000022,383.85,0.0,M4170493,0,0,0,2026-01-08T12:36:46.670369,
TXN-00019463,199,CASH_OUT,1700.7884042304656,C1000037,0.0,-1700.7884042304656,M6896217,0,0,1,2026-01-08T12:36:46.670398,stealth
TXN-00019464,204,DEBIT,13505.44,C1000063,13697.51,192.07,M1232830,0,0,0,2026-01-08T12:36:46.670457,
TXN-00019465,204,CASH_OUT,813.25,C1000038,0.0,0.0,M7734262,0,0,0,2026-01-08T12:36:46.670514,
TXN-00019466,204,PAYMENT,19207.85,C1000035,0.0,0.0,M3438324,0,0,0,2026-01-08T12:36:46.670569,
TXN-00019467,204,TRANSFER,19623.2,C1000019,41081.93,21458.72,M2846072,0,0,0,2026-01-08T12:36:46.670624,
TXN-00019468,204,PAYMENT,8924.25,C1000057,0.0,0.0,M4507843,0,0,0,2026-01-08T12:36:46.670685,
TXN-00019469,204,CASH_OUT,20.39,C1000004,166630.21,166609.82,M2972873,0,0,0,2026-01-08T12:36:46.670743,
TXN-00019470,204,TRANSFER,10852.22,C1000015,0.0,0.0,M6150353,0,0,0,2026-01-08T12:36:46.670800,
TXN-00019471,204,CASH_IN,6483.93,C1000046,0.0,6483.93,M7761424,0,0,0,2026-01-08T12:36:46.670855,
TXN-00019472,204,TRANSFER,24903.53,C1000037,0.0,0.0,M4868417,0,0,0,2026-01-08T12:36:46.670907,
TXN-00019473,204,PAYMENT,3978.54,C1000080,0.0,0.0,M1284409,0,0,0,2026-01-08T12:36:46.670954,
TXN-00019474,204,DEBIT,4142.8,C1000062,0.0,0.0,M9794454,0,0,0,2026-01-08T12:36:46.671008,
TXN-00019475,204,TRANSFER,6868.9,C1000091,0.0,0.0,M7333707,0,0,0,2026-01-08T12:36:46.671061,
TXN-00019476,204,PAYMENT,7206.38,C1000052,0.0,0.0,M9569953,0,0,0,2026-01-08T12:36:46.671115,
TXN-00019477,204,CASH_OUT,7046.7,C1000088,0.0,0.0,M5643339,0,0,0,2026-01-08T12:36:46.671168,
TXN-00019478,204,PAYMENT,10.0,C1000078,0.0,0.0,M3997603,0,0,0,2026-01-08T12:36:46.671221,
TXN-00019479,204,TRANSFER,8109.81,C1000058,0.0,0.0,M6636911,0,0,0,2026-01-08T12:36:46.671274,
TXN-00019480,207,TRANSFER,3565.043073988467,C1000033,0.0,-3565.043073988467,M4757123,0,0,1,2026-01-08T12:36:46.671296,stealth
TXN-00019481,204,PAYMENT,10.0,C1000048,153215.16,153205.16,M2290020,0,0,0,2026-01-08T12:36:46.671352,
TXN-00019482,204,CASH_IN,2460.86,C1000080,0.0,2460.86,M8819214,0,0,0,2026-01-08T12:36:46.671394,
TXN-00019483,204,PAYMENT,5746.18,C1000003,0.0,0.0,M9054309,0,0,0,2026-01-08T12:36:46.671432,
TXN-00019484,204,DEBIT,33562.87,C1000073,0.0,0.0,M1007285,0,0,0,2026-01-08T12:36:46.671469,
TXN-00019485,204,DEBIT,4190.0,C1000091,0.0,0.0,M3293737,0,0,0,2026-01-08T12:36:46.671507,
TXN-00019486,204,CASH_OUT,9913.3,C1000014,64311.83,54398.52,M4925112,0,0,0,2026-01-08T12:36:46.671545,
TXN-00019487,204,TRANSFER,758.82,C1000068,44527.97,43769.15,M1947555,0,0,0,2026-01-08T12:36:46.671599,
TXN-00019488,204,CASH_IN,1364.87,C1000072,0.0,1364.87,M5784011,0,0,0,2026-01-08T12:36:46.671652,
TXN-00019489,204,CASH_OUT,13398.36,C1000063,192.07,0.0,M3292664,0,0,0,2026-01-08T12:36:46.671702,
TXN-00019490,204,TRANSFER,74.16,C1000033,0.0,0.0,M2005440,0,0,0,2026-01-08T12:36:46.671751,
TXN-00019491,204,PAYMENT,4622.83,C1000006,0.0,0.0,M4890547,0,0,0,2026-01-08T12:36:46.671802,
TXN-00019492,204,PAYMENT,3395.9,C1000045,0.0,0.0,M3463453,0,0,0,2026-01-08T12:36:46.671856,
TXN-00019493,204,CASH_OUT,11293.97,C1000015,0.0,0.0,M5765754,0,0,0,2026-01-08T12:36:46.671907,
TXN-00019494,204,PAYMENT,7905.99,C1000036,1142.5,0.0,M6282362,0,0,0,2026-01-08T12:36:46.671959,
TXN-00019495,204,CASH_OUT,4267.94,C1000020,208548.08,204280.14,M8465030,0,0,0,2026-01-08T12:36:46.672011,
TXN-00019496,204,TRANSFER,16911.05,C1000019,21458.72,4547.67,M2340634,0,0,0,2026-01-08T12:36:46.672068,
TXN-00019497,204,CASH_OUT,20199.33,C1000074,0.0,0.0,M6275668,0,0,0,2026-01-08T12:36:46.672122,
TXN-00019498,204,PAYMENT,23736.85,C1000037,0.0,0.0,M4227706,0,0,0,2026-01-08T12:36:46.672175,
TXN-00019499,204,TRANSFER,3942.73,C1000026,15460.19,11517.46,M9542630,0,0,0,2026-01-08T12:36:46.672229,
TXN-00019500,204,PAYMENT,1664.67,C1000022,0.0,0.0,M1379326,0,0,0,2026-01-08T12:36:46.672285,
TXN-00019501,204,PAYMENT,19860.15,C1000035,0.0,0.0,M2485406,0,0,0,2026-01-08T12:36:46.672338,
TXN-00019502,204,TRANSFER,3186.69,C1000028,0.0,0.0,M4783235,0,0,0,2026-01-08T12:36:46.672392,
TXN-00019503,204,TRANSFER,880.21,C1000083,133747.69,132867.48,M9419621,0,0,0,2026-01-08T12:36:46.672446,
TXN-00019504,204,TRANSFER,628.8,C1000051,0.0,0.0,M2852329,0,0,0,2026-01-08T12:36:46.672501,
TXN-00019505,204,CASH_OUT,8808.53,C1000058,0.0,0.0,M2154689,0,0,0,2026-01-08T12:36:46.672556,
TXN-00019506,204,TRANSFER,49839.01,C1000053,0.0,0.0,M1074936,0,0,0,2026-01-08T12:36:46.672611,
TXN-00019507,204,CASH_OUT,894.14,C1000077,28976.35,28082.22,M3657647,0,0,0,2026-01-08T12:36:46.672664,
TXN-00019508,204,PAYMENT,4807.45,C1000010,0.0,0.0,M1592398,0,0,0,2026-01-08T12:36:46.672721,
TXN-00019509,204,PAYMENT,6767.88,C1000059,0.0,0.0,M7091266,0,0,0,2026-01-08T12:36:46.672788,
TXN-00019510,204,PAYMENT,2210.65,C1000026,11517.46,9306.81,M3705579,0,0,0,2026-01-08T12:36:46.672846,
TXN-00019511,204,CASH_OUT,4622.9,C1000010,0.0,0.0,M6053068,0,0,0,2026-01-08T12:36:46.672902,
TXN-00019512,204,TRANSFER,3469.85,C1000062,0.0,0.0,M3792485,0,0,0,2026-01-08T12:36:46.672958,
TXN-00019513,204,DEBIT,10.0,C1000040,0.0,0.0,M6257645,0,0,0,2026-01-08T12:36:46.673012,
TXN-00019514,204,TRANSFER,3104.87,C1000070,0.0,0.0,M7817532,0,0,0,2026-01-08T12:36:46.673065,
TXN-00019515,204,PAYMENT,10849.98,C1000015,0.0,0.0,M6213034,0,0,0,2026-01-08T12:36:46.673119,
TXN-00019516,204,TRANSFER,744.99,C1000057,0.0,0.0,M3737643,0,0,0,2026-01-08T12:36:46.673174,
TXN-00019517,204,PAYMENT,488.15,C1000089,62213.25,61725.1,M7851159,0,0,0,2026-01-08T12:36:46.673229,
TXN-00019518,204,CASH_OUT,55083.73,C1000064,0.0,0.0,M4110814,0,0,0,2026-01-08T12:36:46.673284,
TXN-00019519,204,PAYMENT,38592.69,C1000012,0.0,0.0,M6239963,0,0,0,2026-01-08T12:36:46.673338,
TXN-00019520,204,CASH_OUT,4758.46,C1000010,0.0,0.0,M4523809,0,0,0,2026-01-08T12:36:46.673391,
TXN-00019521,204,PAYMENT,4810.15,C1000032,0.0,0.0,M3691703,0,0,0,2026-01-08T12:36:46.673446,
TXN-00019522,204,CASH_OUT,4611.37,C1000084,0.0,0.0,M1075404,0,0,0,2026-01-08T12:36:46.673500,
TXN-00019523,204,TRANSFER,4751.91,C1000003,0.0,0.0,M7868868,0,0,0,2026-01-08T12:36:46.673553,
TXN-00019524,204,CASH_IN,7823.49,C1000098,112607.99,120431.48,M1294167,0,0,0,2026-01-08T12:36:46.673607,
TXN-00019525,204,TRANSFER,2534.71,C1000057,0.0,0.0,M2203884,0,0,0,2026-01-08T12:36:46.673663,
TXN-00019526,209,TRANSFER,592.8456162318441,C1000089,61725.1,61132.25438376815,M5719380,0,0,1,2026-01-08T12:36:46.673693,stealth
TXN-00019527,204,PAYMENT,3429.13,C1000087,0.0,0.0,M7210440,0,0,0,2026-01-08T12:36:46.673759,
TXN-00019528,204,CASH_IN,7200.48,C1000054,0.0,7200.48,M3522880,0,0,0,2026-01-08T12:36:46.673824,
TXN-00019529,204,TRANSFER,1823.18,C1000090,100725.31,98902.12,M6044795,0,0,0,2026-01-08T12:36:46.673979,
TXN-00019530,212,TRANSFER,3353.9366323767013,C1000026,9306.81,5952.873367623299,M5914899,0,0,1,2026-01-08T12:36:46.674022,stealth
TXN-00019531,204,TRANSFER,10.0,C1000082,0.0,0.0,M3886156,0,0,0,2026-01-08T12:36:46.674106,
TXN-00019532,204,PAYMENT,2174.07,C1000090,98902.12,96728.05,M3638202,0,0,0,2026-01-08T12:36:46.674168,
TXN-00019533,204,TRANSFER,4006.04,C1000062,0.0,0.0,M4568563,0,0,0,2026-01-08T12:36:46.674233,
TXN-00019534,204,PAYMENT,1600.9,C1000020,204280.14,202679.24,M9809651,0,0,0,2026-01-08T12:36:46.674312,
TXN-00019535,204,PAYMENT,6233.22,C1000014,54398.52,48165.3,M6200425,0,0,0,2026-01-08T12:36:46.674378,
TXN-00019536,204,PAYMENT,10.0,C1000078,0.0,0.0,M2939219,0,0,0,2026-01-08T12:36:46.674446,
TXN-00019537,204,CASH_OUT,9178.8,C1000033,0.0,0.0,M8542780,0,0,0,2026-01-08T12:36:46.674507,
TXN-00019538,204,CASH_OUT,376.54,C1000094,132614.33,132237.79,M3795753,0,0,0,2026-01-08T12:36:46.674569,
TXN-00019539,204,TRANSFER,18193.27,C1000035,0.0,0.0,M5305127,0,0,0,2026-01-08T12:36:46.674632,
TXN-00019540,204,CASH_OUT,3458.91,C1000006,0.0,0.0,M8207272,0,0,0,2026-01-08T12:36:46.674693,
TXN-00019541,204,TRANSFER,3008.34,C1000045,0.0,0.0,M9237324,0,0,0,2026-01-08T12:36:46.674754,
TXN-00019542,204,CASH_OUT,1124.91,C1000009,116426.75,115301.84,M1589428,0,0,0,2026-01-08T12:36:46.674812,
TXN-00019543,204,PAYMENT,6810.35,C1000088,0.0,0.0,M1370160,0,0,0,2026-01-08T12:36:46.674876,
TXN-00019544,204,TRANSFER,5397.56,C1000031,11419.69,6022.13,M2826032,0,0,0,2026-01-08T12:36:46.674934,
TXN-00019545,204,DEBIT,1742.2,C1000064,0.0,0.0,M2135531,0,0,0,2026-01-08T12:36:46.674995,
TXN-00019546,204,DEBIT,1367.88,C1000072,1364.87,0.0,M7450724,0,0,0,2026-01-08T12:36:46.675050,
TXN-00019547,204,PAYMENT,34093.6,C1000073,0.0,0.0,M3441224,0,0,0,2026-01-08T12:36:46.675110,
TXN-00019548,204,CASH_OUT,2419.93,C1000001,26545.31,24125.39,M8720522,0,0,0,2026-01-08T12:36:46.675165,
TXN-00019549,215,CASH_OUT,2583.7616962178686,C1000041,160537.84,157954.07830378212,M4993368,0,0,1,2026-01-08T12:36:46.675196,stealth
TXN-00019550,204,PAYMENT,4736.12,C1000025,0.0,0.0,M9031003,0,0,0,2026-01-08T12:36:46.675255,
TXN-00019551,204,TRANSFER,25135.04,C1000037,0.0,0.0,M7798635,0,0,0,2026-01-08T12:36:46.675308,
TXN-00019552,204,PAYMENT,1399.07,C1000089,61725.1,60326.03,M7463287,0,0,0,2026-01-08T12:36:46.675347,
TXN-00019553,204,PAYMENT,4736.09,C1000027,0.0,0.0,M1574359,0,0,0,2026-01-08T12:36:46.675386,
TXN-00019554,204,TRANSFER,7034.79,C1000011,0.0,0.0,M3281153,0,0,0,2026-01-08T12:36:46.675423,
TXN-00019555,204,PAYMENT,2659.41,C1000069,0.0,0.0,M9985090,0,0,0,2026-01-08T12:36:46.675460,
TXN-00019556,204,PAYMENT,1391.63,C1000047,0.0,0.0,M8733728,0,0,0,2026-01-08T12:36:46.675497,
TXN-00019557,204,CASH_IN,6092.92,C1000059,0.0,6092.92,M4676284,0,0,0,2026-01-08T12:36:46.675534,
TXN-00019558,203,CASH_OUT,3930.4275834773707,C1000088,0.0,-3930.4275834773707,M3542414,0,0,1,2026-01-08T12:36:46.675555,stealth
TXN-00019559,204,PAYMENT,5869.71,C1000049,0.0,0.0,M1709276,0,0,0,2026-01-08T12:36:46.675595,
TXN-00019560,204,DEBIT,6141.57,C1000046,6483.93,342.36,M5193222,0,0,0,2026-01-08T12:36:46.675633,
TXN-00019561,197,CASH_OUT,515.2401797912231,C1000048,153205.16,152689.91982020877,M1329766,0,0,1,2026-01-08T12:36:46.675656,stealth
TXN-00019562,204,PAYMENT,7528.84,C1000074,0.0,0.0,M6470003,0,0,0,2026-01-08T12:36:46.675697,
TXN-00019563,196,CASH_OUT,1298.6083260737348,C1000062,0.0,-1298.6083260737348,M5707502,0,0,1,2026-01-08T12:36:46.675725,stealth
TXN-00019564,204,DEBIT,2210.92,C1000084,0.0,0.0,M1183682,0,0,0,2026-01-08T12:36:46.675784,
TXN-00019565,204,CASH_OUT,2381.94,C1000045,0.0,0.0,M7814227,0,0,0,2026-01-08T12:36:46.675839,
TXN-00019566,204,PAYMENT,55125.05,C1000000,0.0,0.0,M3627273,0,0,0,2026-01-08T12:36:46.675894,
TXN-00019567,204,TRANSFER,4329.13,C1000065,0.0,0.0,M9468171,0,0,0,2026-01-08T12:36:46.675947,
TXN-00019568,204,PAYMENT,421.83,C1000043,0.0,0.0,M7126111,0,0,0,2026-01-08T12:36:46.676007,
TXN-00019569,204,TRANSFER,2762.51,C1000080,2460.86,0.0,M3685687,0,0,0,2026-01-08T12:36:46.676305,
TXN-00019570,204,PAYMENT,779.34,C1000057,0.0,0.0,M8864846,0,0,0,2026-01-08T12:36:46.676429,
TXN-00019571,204,CASH_OUT,4120.91,C1000062,0.0,0.0,M7507914,0,0,0,2026-01-08T12:36:46.676506,
TXN-00019572,204,PAYMENT,1612.61,C1000008,139410.81,137798.21,M8407626,0,0,0,2026-01-08T12:36:46.676646,
TXN-00019573,204,PAYMENT,1392.42,C1000030,0.0,0.0,M6224931,0,0,0,2026-01-08T12:36:46.676723,
TXN-00019574,204,CASH_OUT,3568.66,C1000087,0.0,0.0,M3926241,0,0,0,2026-01-08T12:36:46.676792,
TXN-00019575,204,PAYMENT,25592.17,C1000067,0.0,0.0,M1077246,0,0,0,2026-01-08T12:36:46.676864,
TXN-00019576,204,TRANSFER,55227.3,C1000000,0.0,0.0,M2031321,0,0,0,2026-01-08T12:36:46.676940,
TXN-00019577,204,DEBIT,64.93,C1000060,46231.7,46166.78,M5524294,0,0,0,2026-01-08T12:36:46.677015,
TXN-00019578,204,CASH_IN,794.02,C1000051,0.0,794.02,M4868737,0,0,0,2026-01-08T12:36:46.677090,
TXN-00019579,204,PAYMENT,474.2,C1000094,132237.79,131763.6,M7805644,0,0,0,2026-01-08T12:36:46.677168,
TXN-00019580,204,PAYMENT,1233.73,C1000083,132867.48,131633.75,M4404193,0,0,0,2026-01-08T12:36:46.677248,
TXN-00019581,204,TRANSFER,3183.57,C1000069,0.0,0.0,M2609613,0,0,0,2026-01-08T12:36:46.677325,
TXN-00019582,204,PAYMENT,856.29,C1000070,0.0,0.0,M6684363,0,0,0,2026-01-08T12:36:46.677399,
TXN-00019583,204,PAYMENT,2831.31,C1000078,0.0,0.0,M3456991,0,0,0,2026-01-08T12:36:46.677474,
TXN-00019584,204,TRANSFER,1456.8,C1000070,0.0,0.0,M9910768,0,0,0,2026-01-08T12:36:46.677551,
TXN-00019585,204,PAYMENT,7958.02,C1000005,0.0,0.0,M8024082,0,0,0,2026-01-08T12:36:46.677628,
TXN-00019586,204,PAYMENT,16605.93,C1000079,0.0,0.0,M4710694,0,0,0,2026-01-08T12:36:46.677706,
TXN-00019587,204,TRANSFER,18783.83,C1000035,0.0,0.0,M2749612,0,0,0,2026-01-08T12:36:46.677780,
TXN-00019588,204,PAYMENT,1047.55,C1000085,0.0,0.0,M4424456,0,0,0,2026-01-08T12:36:46.677855,
TXN-00019589,204,CASH_OUT,1651.6,C1000089,60326.03,58674.43,M2243919,0,0,0,2026-01-08T12:36:46.677930,
TXN-00019590,195,CASH_OUT,392.22553735869195,C1000063,0.0,-392.22553735869195,M6947856,0,0,1,2026-01-08T12:36:46.677973,stealth
TXN-00019591,195,TRANSFER,4017.6594510856385,C1000099,0.0,-4017.6594510856385,M4806094,0,0,1,2026-01-08T12:36:46.678017,stealth
TXN-00019592,205,TRANSFER,3844.8753075838895,C1000001,24125.39,20280.51469241611,M2675018,0,0,1,2026-01-08T12:36:46.678061,stealth
TXN-00019593,204,CASH_OUT,10.0,C1000047,0.0,0.0,M6684928,0,0,0,2026-01-08T12:36:46.678153,
TXN-00019594,204,PAYMENT,10.0,C1000081,43705.14,43695.14,M8499522,0,0,0,2026-01-08T12:36:46.678229,
TXN-00019595,204,TRANSFER,7635.54,C1000099,0.0,0.0,M4716423,0,0,0,2026-01-08T12:36:46.678308,
TXN-00019596,204,TRANSFER,1171.88,C1000020,202679.24,201507.36,M6743101,0,0,0,2026-01-08T12:36:46.678385,
TXN-00019597,204,PAYMENT,10.0,C1000029,0.0,0.0,M5443416,0,0,0,2026-01-08T12:36:46.678460,
TXN-00019598,204,TRANSFER,2863.75,C1000089,58674.43,55810.69,M9242658,0,0,0,2026-01-08T12:36:46.678536,
TXN-00019599,204,CASH_IN,10638.24,C1000054,7200.48,17838.71,M9032576,0,0,0,2026-01-08T12:36:46.678620,
TXN-00019600,204,TRANSFER,10.0,C1000018,102270.87,102260.87,M4504591,0,0,0,2026-01-08T12:36:46.678701,
TXN-00019601,198,CASH_OUT,4168.660595455859,C1000003,0.0,-4168.660595455859,M4031692,0,0,1,2026-01-08T12:36:46.678738,stealth
TXN-00019602,204,CASH_OUT,3446.19,C1000006,0.0,0.0,M9289521,0,0,0,2026-01-08T12:36:46.678812,
TXN-00019603,204,PAYMENT,10.0,C1000057,0.0,0.0,M3763968,0,0,0,2026-01-08T12:36:46.678881,
TXN-00019604,204,CASH_IN,1623.68,C1000086,41353.62,42977.3,M8665945,0,0,0,2026-01-08T12:36:46.678946,
TXN-00019605,204,PAYMENT,9770.94,C1000054,17838.71,8067.78,M8110964,0,0,0,2026-01-08T12:36:46.679010,
TXN-00019606,213,CASH_OUT,1437.668479825358,C1000037,0.0,-1437.668479825358,M9751939,0,0,1,2026-01-08T12:36:46.679045,stealth
TXN-00019607,204,PAYMENT,4386.77,C1000062,0.0,0.0,M9490999,0,0,0,2026-01-08T12:36:46.679123,
TXN-00019608,204,CASH_OUT,23.84,C1000061,181160.64,181136.79,M2739227,0,0,0,2026-01-08T12:36:46.679192,
TXN-00019609,197,CASH_OUT,2515.6640914526492,C1000054,8067.78,5552.11590854735,M2113286,0,0,1,2026-01-08T12:36:46.679228,stealth
TXN-00019610,204,PAYMENT,642.34,C1000016,69078.16,68435.81,M9095879,0,0,0,2026-01-08T12:36:46.679304,
TXN-00019611,204,TRANSFER,6682.32,C1000088,0.0,0.0,M3568196,0,0,0,2026-01-08T12:36:46.679371,
TXN-00019612,204,CASH_OUT,2190.56,C1000017,0.0,0.0,M4904342,0,0,0,2026-01-08T12:36:46.679439,
TXN-00019613,204,CASH_OUT,36015.64,C1000012,0.0,0.0,M3470921,0,0,0,2026-01-08T12:36:46.679510,
TXN-00019614,204,PAYMENT,927.96,C1000077,28082.22,27154.26,M6272807,0,0,0,2026-01-08T12:36:46.679574,
TXN-00019615,204,CASH_OUT,10.0,C1000078,0.0,0.0,M4851484,0,0,0,2026-01-08T12:36:46.679638,
TXN-00019616,204,PAYMENT,26549.1,C1000056,0.0,0.0,M9771983,0,0,0,2026-01-08T12:36:46.679716,
TXN-00019617,204,TRANSFER,10.0,C1000097,697.5,687.5,M3301010,0,0,0,2026-01-08T12:36:46.679777,
TXN-00019618,204,PAYMENT,6996.63,C1000049,0.0,0.0,M7442033,0,0,0,2026-01-08T12:36:46.679840,
TXN-00019619,204,TRANSFER,3553.89,C1000084,0.0,0.0,M5552494,0,0,0,2026-01-08T12:36:46.679900,
TXN-00019620,193,CASH_OUT,3022.8212793124917,C1000038,0.0,-3022.8212793124917,M1934759,0,0,1,2026-01-08T12:36:46.679935,stealth
TXN-00019621,204,TRANSFER,5530.63,C1000062,0.0,0.0,M7185387,0,0,0,2026-01-08T12:36:46.680003,
TXN-00019622,204,TRANSFER,12575.54,C1000042,0.0,0.0,M6056856,0,0,0,2026-01-08T12:36:46.680063,
TXN-00019623,193,CASH_OUT,4839.589605789562,C1000002,154293.24,149453.65039421042,M4445336,0,0,1,2026-01-08T12:36:46.680094,stealth
TXN-00019624,204,PAYMENT,3506.23,C1000010,0.0,0.0,M5115897,0,0,0,2026-01-08T12:36:46.680159,
TXN-00019625,204,CASH_OUT,2040.49,C1000008,137798.21,135757.72,M9456851,0,0,0,2026-01-08T12:36:46.680218,
TXN-00019626,204,PAYMENT,173080.71,C1000050,0.0,0.0,M5718577,0,0,0,2026-01-08T12:36:46.680281,
TXN-00019627,204,PAYMENT,1836.83,C1000026,9306.81,7469.98,M3163660,0,0,0,2026-01-08T12:36:46.680343,
TXN-00019628,204,PAYMENT,6446.68,C1000058,0.0,0.0,M8168991,0,0,0,2026-01-08T12:36:46.680405,
TXN-00019629,204,PAYMENT,1319.05,C1000016,68435.81,67116.77,M8427234,0,0,0,2026-01-08T12:36:46.680466,
TXN-00019630,204,TRANSFER,760.42,C1000083,131633.75,130873.33,M5322387,0,0,0,2026-01-08T12:36:46.680528,
TXN-00019631,200,CASH_OUT,428.13128212613157,C1000040,0.0,-428.13128212613157,M1141674,0,0,1,2026-01-08T12:36:46.680562,stealth
TXN-00019632,197,TRANSFER,2775.702955489063,C1000099,0.0,-2775.702955489063,M1000582,0,0,1,2026-01-08T12:36:46.680598,stealth
TXN-00019633,201,CASH_OUT,2195.889201728973,C1000023,0.0,-2195.889201728973,M5020992,0,0,1,2026-01-08T12:36:46.680633,stealth
TXN-00019634,195,TRANSFER,364.2087368036266,C1000005,0.0,-364.2087368036266,M6751285,0,0,1,2026-01-08T12:36:46.680668,stealth
TXN-00019635,204,TRANSFER,17895.45,C1000095,0.0,0.0,M8788915,0,0,0,2026-01-08T12:36:46.680758,
TXN-00019636,204,TRANSFER,3801.9,C1000091,0.0,0.0,M2165681,0,0,0,2026-01-08T12:36:46.680827,
TXN-00019637,204,PAYMENT,2103.44,C1000049,0.0,0.0,M6235822,0,0,0,2026-01-08T12:36:46.680914,
TXN-00019638,204,CASH_OUT,21455.79,C1000024,0.0,0.0,M8507050,0,0,0,2026-01-08T12:36:46.681005,
TXN-00019639,204,PAYMENT,4480.98,C1000065,0.0,0.0,M1461955,0,0,0,2026-01-08T12:36:46.681078,
TXN-00019640,204,TRANSFER,4594.59,C1000032,0.0,0.0,M6302831,0,0,0,2026-01-08T12:36:46.681146,
TXN-00019641,204,PAYMENT,1155.44,C1000085,0.0,0.0,M8799354,0,0,0,2026-01-08T12:36:46.681221,
TXN-00019642,204,PAYMENT,24527.43,C1000037,0.0,0.0,M4190191,0,0,0,2026-01-08T12:36:46.681296,
TXN-00019643,204,PAYMENT,19476.13,C1000079,0.0,0.0,M2376601,0,0,0,2026-01-08T12:36:46.681369,
TXN-00019644,204,PAYMENT,3787.82,C1000049,0.0,0.0,M7237788,0,0,0,2026-01-08T12:36:46.681442,
TXN-00019645,204,PAYMENT,1213.96,C1000066,0.0,0.0,M1795559,0,0,0,2026-01-08T12:36:46.681528,
TXN-00019646,204,TRANSFER,1038.16,C1000029,0.0,0.0,M1857876,0,0,0,2026-01-08T12:36:46.681677,
TXN-00019647,204,CASH_IN,10756.42,C1000078,0.0,10756.42,M8764368,0,0,0,2026-01-08T12:36:46.681889,
TXN-00019648,204,CASH_OUT,2209.43,C1000069,0.0,0.0,M3941340,0,0,0,2026-01-08T12:36:46.682029,
TXN-00019649,196,CASH_OUT,2660.144026255873,C1000094,131763.6,129103.45597374413,M4429119,0,0,1,2026-01-08T12:36:46.682124,stealth
TXN-00019650,204,TRANSFER,4622.11,C1000040,0.0,0.0,M2037178,0,0,0,2026-01-08T12:36:46.682353,
TXN-00019651,204,PAYMENT,37498.27,C1000012,0.0,0.0,M9204466,0,0,0,2026-01-08T12:36:46.682545,
TXN-00019652,204,PAYMENT,10.0,C1000055,126889.64,126879.64,M6968234,0,0,0,2026-01-08T12:36:46.683084,
TXN-00019653,204,TRANSFER,9539.12,C1000031,6022.13,0.0,M7637481,0,0,0,2026-01-08T12:36:46.683488,
TXN-00019654,204,PAYMENT,795.52,C1000004,166609.82,165814.3,M4211957,0,0,0,2026-01-08T12:36:46.683580,
TXN-00019655,204,PAYMENT,10.0,C1000060,46166.78,46156.78,M3758156,0,0,0,2026-01-08T12:36:46.683651,
TXN-00019656,204,TRANSFER,7220.02,C1000036,0.0,0.0,M5657338,0,0,0,2026-01-08T12:36:46.683718,
TXN-00019657,204,DEBIT,1118.96,C1000041,160537.84,159418.88,M5397341,0,0,0,2026-01-08T12:36:46.683783,
TXN-00019658,204,TRANSFER,1075.75,C1000016,67116.77,66041.02,M6907464,0,0,0,2026-01-08T12:36:46.683854,
TXN-00019659,204,TRANSFER,10.0,C1000072,0.0,0.0,M6415198,0,0,0,2026-01-08T12:36:46.684086,
TXN-00019660,204,TRANSFER,3572.64,C1000080,0.0,0.0,M4230957,0,0,0,2026-01-08T12:36:46.684143,
TXN-00019661,204,TRANSFER,17911.04,C1000093,0.0,0.0,M5721382,0,0,0,2026-01-08T12:36:46.684190,
TXN-00019662,204,PAYMENT,47349.74,C1000053,0.0,0.0,M2868961,0,0,0,2026-01-08T12:36:46.684235,
TXN-00019663,204,PAYMENT,20541.87,C1000019,4547.67,0.0,M4091630,0,0,0,2026-01-08T12:36:46.684281,
TXN-00019664,204,CASH_IN,10.0,C1000060,46156.78,46166.78,M3429018,0,0,0,2026-01-08T12:36:46.684334,
TXN-00019665,204,DEBIT,5489.5,C1000052,0.0,0.0,M7698530,0,0,0,2026-01-08T12:36:46.684398,
TXN-00019666,204,DEBIT,56261.49,C1000000,0.0,0.0,M6854269,0,0,0,2026-01-08T12:36:46.684443,
TXN-00019667,204,CASH_OUT,4755.15,C1000003,0.0,0.0,M1025102,0,0,0,2026-01-08T12:36:46.684481,
TXN-00019668,195,CASH_OUT,2836.8815212108234,C1000007,0.0,-2836.8815212108234,M1580919,0,0,1,2026-01-08T12:36:46.684505,stealth
TXN-00019669,204,PAYMENT,2306.84,C1000018,102260.87,99954.03,M8029245,0,0,0,2026-01-08T12:36:46.684548,
TXN-00019670,204,TRANSFER,23881.23,C1000037,0.0,0.0,M6046254,0,0,0,2026-01-08T12:36:46.684589,
TXN-00019671,204,TRANSFER,5841.23,C1000058,0.0,0.0,M1433244,0,0,0,2026-01-08T12:36:46.684626,
TXN-00019672,204,PAYMENT,1396.71,C1000007,0.0,0.0,M3030738,0,0,0,2026-01-08T12:36:46.684663,
TXN-00019673,204,PAYMENT,10.0,C1000048,153205.16,153195.16,M5198439,0,0,0,2026-01-08T12:36:46.684700,
TXN-00019674,213,CASH_OUT,1171.6109224192096,C1000025,0.0,-1171.6109224192096,M2404980,0,0,1,2026-01-08T12:36:46.684720,stealth
TXN-00019675,204,CASH_OUT,3576.12,C1000006,0.0,0.0,M5880812,0,0,0,2026-01-08T12:36:46.684761,
TXN-00019676,204,PAYMENT,10.0,C1000004,165814.3,165804.3,M4107996,0,0,0,2026-01-08T12:36:46.684798,
TXN-00019677,204,DEBIT,7762.44,C1000011,0.0,0.0,M1689392,0,0,0,2026-01-08T12:36:46.684836,
TXN-00019678,204,CASH_OUT,1815.69,C1000077,27154.26,25338.57,M4580637,0,0,0,2026-01-08T12:36:46.684873,
TXN-00019679,204,DEBIT,4348.11,C1000027,0.0,0.0,M4653635,0,0,0,2026-01-08T12:36:46.684911,
TXN-00019680,204,DEBIT,1457.16,C1000016,66041.02,64583.86,M7747028,0,0,0,2026-01-08T12:36:46.684948,
TXN-00019681,204,PAYMENT,1876.53,C1000045,0.0,0.0,M5993119,0,0,0,2026-01-08T12:36:46.684986,
TXN-00019682,204,CASH_OUT,24135.99,C1000037,0.0,0.0,M3474445,0,0,0,2026-01-08T12:36:46.685023,
TXN-00019683,204,CASH_OUT,9932.61,C1000092,0.0,0.0,M5149064,0,0,0,2026-01-08T12:36:46.685062,
TXN-00019684,204,PAYMENT,8603.33,C1000036,0.0,0.0,M4167061,0,0,0,2026-01-08T12:36:46.685100,
TXN-00019685,204,CASH_IN,2239.27,C1000002,154293.24,156532.51,M4949446,0,0,0,2026-01-08T12:36:46.685136,
TXN-00019686,204,CASH_OUT,8541.51,C1000039,8536.92,0.0,M3362097,0,0,0,2026-01-08T12:36:46.685175,
TXN-00019687,204,CASH_OUT,10.0,C1000060,46166.78,46156.78,M3270763,0,0,0,2026-01-08T12:36:46.685212,
TXN-00019688,204,DEBIT,6715.5,C1000011,0.0,0.0,M6683253,0,0,0,2026-01-08T12:36:46.685250,
TXN-00019689,204,TRANSFER,173396.59,C1000050,0.0,0.0,M9137678,0,0,0,2026-01-08T12:36:46.685288,
TXN-00019690,204,TRANSFER,669.94,C1000077,25338.57,24668.63,M2758036,0,0,0,2026-01-08T12:36:46.685326,
TXN-00019691,204,CASH_IN,4521.43,C1000062,0.0,4521.43,M9764317,0,0,0,2026-01-08T12:36:46.685364,
TXN-00019692,204,DEBIT,54218.42,C1000000,0.0,0.0,M4004351,0,0,0,2026-01-08T12:36:46.685403,
TXN-00019693,204,PAYMENT,4234.94,C1000091,0.0,0.0,M1848250,0,0,0,2026-01-08T12:36:46.685442,
TXN-00019694,204,CASH_OUT,173248.39,C1000050,0.0,0.0,M6614478,0,0,0,2026-01-08T12:36:46.685479,
TXN-00019695,195,CASH_OUT,4394.1575216018055,C1000063,0.0,-4394.1575216018055,M3281843,0,0,1,2026-01-08T12:36:46.685499,stealth
TXN-00019696,204,CASH_IN,173063.25,C1000050,0.0,173063.25,M8605460,0,0,0,2026-01-08T12:36:46.685539,
TXN-00019697,204,TRANSFER,3802.97,C1000027,0.0,0.0,M7484466,0,0,0,2026-01-08T12:36:46.685578,
TXN-00019698,204,TRANSFER,4096.76,C1000028,0.0,0.0,M8065462,0,0,0,2026-01-08T12:36:46.685616,
TXN-00019699,204,PAYMENT,2171.28,C1000047,0.0,0.0,M8566598,0,0,0,2026-01-08T12:36:46.685655,
TXN-00019700,204,DEBIT,7421.3,C1000042,0.0,0.0,M9339108,0,0,0,2026-01-08T12:36:46.685698,
TXN-00019701,204,TRANSFER,2030.57,C1000017,0.0,0.0,M3773116,0,0,0,2026-01-08T12:36:46.685739,
TXN-00019702,204,PAYMENT,278.47,C1000048,153195.16,152916.69,M7992329,0,0,0,2026-01-08T12:36:46.685789,
TXN-00019703,204,TRANSFER,3924.19,C1000087,0.0,0.0,M7542525,0,0,0,2026-01-08T12:36:46.685856,
TXN-00019704,204,CASH_OUT,2207.22,C1000072,0.0,0.0,M9929796,0,0,0,2026-01-08T12:36:46.685903,
TXN-00019705,204,PAYMENT,1145.98,C1000085,0.0,0.0,M7569611,0,0,0,2026-01-08T12:36:46.685942,
TXN-00019706,195,CASH_OUT,1544.0221752253174,C1000050,173063.25,171519.2278247747,M9092103,0,0,1,2026-01-08T12:36:46.685964,stealth
TXN-00019707,204,DEBIT,26500.47,C1000056,0.0,0.0,M1990359,0,0,0,2026-01-08T12:36:46.686008,
TXN-00019708,204,TRANSFER,7220.89,C1000011,0.0,0.0,M2540772,0,0,0,2026-01-08T12:36:46.686048,
TXN-00019709,204,TRANSFER,1500.21,C1000018,99954.03,98453.83,M5970452,0,0,0,2026-01-08T12:36:46.686086,
TXN-00019710,204,DEBIT,5018.15,C1000052,0.0,0.0,M5250536,0,0,0,2026-01-08T12:36:46.686135,
TXN-00019711,204,TRANSFER,24794.07,C1000037,0.0,0.0,M4680379,0,0,0,2026-01-08T12:36:46.686181,
TXN-00019712,207,TRANSFER,2585.8892440049526,C1000058,0.0,-2585.8892440049526,M6332848,0,0,1,2026-01-08T12:36:46.686202,stealth
TXN-00019713,204,PAYMENT,1924.22,C1000017,0.0,0.0,M1778994,0,0,0,2026-01-08T12:36:46.686247,
TXN-00019714,204,CASH_IN,669.94,C1000014,48165.3,48835.24,M9307904,0,0,0,2026-01-08T12:36:46.686291,
TXN-00019715,204,PAYMENT,38878.3,C1000012,0.0,0.0,M7657443,0,0,0,2026-01-08T12:36:46.686350,
TXN-00019716,204,TRANSFER,1465.24,C1000091,0.0,0.0,M5245860,0,0,0,2026-01-08T12:36:46.686392,
TXN-00019717,204,CASH_OUT,7808.56,C1000058,0.0,0.0,M2984871,0,0,0,2026-01-08T12:36:46.686431,
TXN-00019718,204,PAYMENT,18606.44,C1000074,0.0,0.0,M8129290,0,0,0,2026-01-08T12:36:46.686469,
TXN-00019719,204,TRANSFER,688.33,C1000009,115301.84,114613.51,M5105446,0,0,0,2026-01-08T12:36:46.686508,
TXN-00019720,199,CASH_OUT,947.6672509497432,C1000013,0.0,-947.6672509497432,M5605116,0,0,1,2026-01-08T12:36:46.686530,stealth
TXN-00019721,204,PAYMENT,1656.85,C1000038,0.0,0.0,M1594685,0,0,0,2026-01-08T12:36:46.686583,
TXN-00019722,204,DEBIT,243.54,C1000061,181136.79,180893.26,M6041506,0,0,0,2026-01-08T12:36:46.686640,
TXN-00019723,204,CASH_OUT,10.0,C1000060,46156.78,46146.78,M9860356,0,0,0,2026-01-08T12:36:46.686693,
TXN-00019724,204,CASH_IN,1977.25,C1000066,0.0,1977.25,M1382375,0,0,0,2026-01-08T12:36:46.686735,
TXN-00019725,204,PAYMENT,943.52,C1000055,126879.64,125936.12,M7856202,0,0,0,2026-01-08T12:36:46.686774,
TXN-00019726,204,PAYMENT,10107.02,C1000092,0.0,0.0,M8205119,0,0,0,2026-01-08T12:36:46.686814,
TXN-00019727,204,PAYMENT,2072.19,C1000017,0.0,0.0,M8272119,0,0,0,2026-01-08T12:36:46.686854,
TXN-00019728,204,CASH_IN,663.97,C1000089,55810.69,56474.66,M2190488,0,0,0,2026-01-08T12:36:46.686910,
TXN-00019729,204,PAYMENT,1746.83,C1000089,56474.66,54727.83,M2489884,0,0,0,2026-01-08T12:36:46.686954,
TXN-00019730,204,CASH_IN,287.61,C1000060,46146.78,46434.39,M4240600,0,0,0,2026-01-08T12:36:46.686992,
TXN-00019731,204,PAYMENT,10.0,C1000078,10756.42,10746.42,M8675923,0,0,0,2026-01-08T12:36:46.687036,
TXN-00019732,214,CASH_OUT,1031.2751936848363,C1000082,0.0,-1031.2751936848363,M9042137,0,0,1,2026-01-08T12:36:46.687057,stealth
TXN-00019733,204,PAYMENT,88695.79,C1000064,0.0,0.0,M4607719,0,0,0,2026-01-08T12:36:46.687099,
TXN-00019734,204,TRANSFER,2976.72,C1000002,156532.51,153555.79,M5080748,0,0,0,2026-01-08T12:36:46.687141,
TXN-00019735,205,CASH_OUT,224.98910179946287,C1000081,43695.14,43470.15089820054,M2718178,0,0,1,2026-01-08T12:36:46.687167,stealth
TXN-00019736,202,CASH_OUT,1045.2088575561745,C1000014,48835.24,47790.031142443826,M4170177,0,0,1,2026-01-08T12:36:46.687263,stealth
TXN-00019737,204,TRANSFER,19118.46,C1000024,0.0,0.0,M8160818,0,0,0,2026-01-08T12:36:46.687354,
TXN-00019738,204,TRANSFER,4312.11,C1000027,0.0,0.0,M6061019,0,0,0,2026-01-08T12:36:46.687409,
TXN-00019739,204,PAYMENT,3364.99,C1000043,0.0,0.0,M9346669,0,0,0,2026-01-08T12:36:46.687464,
TXN-00019740,204,PAYMENT,10.0,C1000068,43769.15,43759.15,M5208570,0,0,0,2026-01-08T12:36:46.687522,
TXN-00019741,204,TRANSFER,11.81,C1000060,46434.39,46422.57,M6052001,0,0,0,2026-01-08T12:36:46.687578,
TXN-00019742,204,PAYMENT,5172.53,C1000010,0.0,0.0,M5569617,0,0,0,2026-01-08T12:36:46.687619,
TXN-00019743,204,PAYMENT,4608.7,C1000027,0.0,0.0,M3490449,0,0,0,2026-01-08T12:36:46.687658,
TXN-00019744,204,CASH_OUT,2179.62,C1000017,0.0,0.0,M2848340,0,0,0,2026-01-08T12:36:46.687695,
TXN-00019745,204,TRANSFER,4590.4,C1000032,0.0,0.0,M6720815,0,0,0,2026-01-08T12:36:46.687732,
TXN-00019746,204,DEBIT,720.73,C1000083,130873.33,130152.6,M9724041,0,0,0,2026-01-08T12:36:46.687769,
TXN-00019747,204,CASH_OUT,22155.38,C1000035,0.0,0.0,M3443087,0,0,0,2026-01-08T12:36:46.687807,
TXN-00019748,204,DEBIT,4241.91,C1000025,0.0,0.0,M1802811,0,0,0,2026-01-08T12:36:46.687843,
TXN-00019749,204,TRANSFER,8445.15,C1000036,0.0,0.0,M3195771,0,0,0,2026-01-08T12:36:46.687880,
TXN-00019750,204,TRANSFER,10.0,C1000068,43759.15,43749.15,M1190376,0,0,0,2026-01-08T12:36:46.687917,
TXN-00019751,204,PAYMENT,3355.28,C1000097,687.5,0.0,M9554121,0,0,0,2026-01-08T12:36:46.687955,
TXN-00019752,204,PAYMENT,47352.81,C1000053,0.0,0.0,M7927473,0,0,0,2026-01-08T12:36:46.687992,
TXN-00019753,204,CASH_OUT,10.0,C1000048,152916.69,152906.69,M8843417,0,0,0,2026-01-08T12:36:46.688029,
TXN-00019754,204,DEBIT,1737.38,C1000069,0.0,0.0,M1441154,0,0,0,2026-01-08T12:36:46.688067,
TXN-00019755,204,PAYMENT,3333.27,C1000052,0.0,0.0,M3067221,0,0,0,2026-01-08T12:36:46.688103,
TXN-00019756,204,PAYMENT,1350.6,C1000077,24668.63,23318.03,M5513175,0,0,0,2026-01-08T12:36:46.688140,
TXN-00019757,204,DEBIT,17588.52,C1000024,0.0,0.0,M5428112,0,0,0,2026-01-08T12:36:46.688177,
TXN-00019758,204,DEBIT,7517.6,C1000099,0.0,0.0,M6840908,0,0,0,2026-01-08T12:36:46.688214,
TXN-00019759,205,CASH_OUT,4119.556802035053,C1000072,0.0,-4119.556802035053,M5323040,0,0,1,2026-01-08T12:36:46.688233,stealth
TXN-00019760,204,CASH_OUT,10.0,C1000082,0.0,0.0,M8336027,0,0,0,2026-01-08T12:36:46.688273,
TXN-00019761,204,PAYMENT,10.0,C1000047,0.0,0.0,M6838519,0,0,0,2026-01-08T12:36:46.688310,
TXN-00019762,204,DEBIT,12469.61,C1000005,0.0,0.0,M7309388,0,0,0,2026-01-08T12:36:46.688346,
TXN-00019763,204,CASH_OUT,5898.71,C1000025,0.0,0.0,M6018840,0,0,0,2026-01-08T12:36:46.688382,
TXN-00019764,204,DEBIT,10.0,C1000042,0.0,0.0,M4983989,0,0,0,2026-01-08T12:36:46.688419,
TXN-00019765,204,CASH_OUT,34258.39,C1000073,0.0,0.0,M3435198,0,0,0,2026-01-08T12:36:46.688454,
TXN-00019766,204,PAYMENT,856.13,C1000094,131763.6,130907.47,M1295920,0,0,0,2026-01-08T12:36:46.688490,
TXN-00019767,204,TRANSFER,5975.35,C1000059,6092.92,117.57,M1642122,0,0,0,2026-01-08T12:36:46.688528,
TXN-00019768,204,PAYMENT,14439.55,C1000054,8067.78,0.0,M1220559,0,0,0,2026-01-08T12:36:46.688565,
TXN-00019769,204,PAYMENT,739.71,C1000048,152906.69,152166.98,M2355391,0,0,0,2026-01-08T12:36:46.688602,
TXN-00019770,204,PAYMENT,2846.16,C1000026,7469.98,4623.82,M7077131,0,0,0,2026-01-08T12:36:46.688640,
TXN-00019771,204,TRANSFER,3062.7,C1000028,0.0,0.0,M4307325,0,0,0,2026-01-08T12:36:46.688676,
TXN-00019772,204,PAYMENT,10.0,C1000048,152166.98,152156.98,M1052594,0,0,0,2026-01-08T12:36:46.688712,
TXN-00019773,204,CASH_OUT,1917.83,C1000040,0.0,0.0,M1621404,0,0,0,2026-01-08T12:36:46.688749,
TXN-00019774,204,PAYMENT,2682.26,C1000084,0.0,0.0,M2613106,0,0,0,2026-01-08T12:36:46.688785,
TXN-00019775,204,PAYMENT,821.27,C1000071,96566.59,95745.32,M6074109,0,0,0,2026-01-08T12:36:46.688821,
TXN-00019776,204,PAYMENT,10.0,C1000021,0.0,0.0,M4037358,0,0,0,2026-01-08T12:36:46.688859,
TXN-00019777,204,CASH_OUT,1802.15,C1000090,96728.05,94925.9,M2893351,0,0,0,2026-01-08T12:36:46.688894,
TXN-00019778,200,CASH_OUT,4256.924771021035,C1000048,152156.98,147900.05522897898,M3758576,0,0,1,2026-01-08T12:36:46.688914,stealth
TXN-00019779,204,TRANSFER,6686.83,C1000058,0.0,0.0,M9914164,0,0,0,2026-01-08T12:36:46.688954,
TXN-00019780,194,CASH_OUT,3362.7961126105,C1000063,0.0,-3362.7961126105,M4732343,0,0,1,2026-01-08T12:36:46.688972,stealth
TXN-00019781,204,CASH_OUT,736.21,C1000029,0.0,0.0,M9341639,0,0,0,2026-01-08T12:36:46.689011,
TXN-00019782,204,TRANSFER,2071.76,C1000017,0.0,0.0,M4954144,0,0,0,2026-01-08T12:36:46.689048,
TXN-00019783,204,CASH_OUT,10.0,C1000064,0.0,0.0,M1400766,0,0,0,2026-01-08T12:36:46.689085,
TXN-00019784,204,TRANSFER,3095.52,C1000045,0.0,0.0,M8658515,0,0,0,2026-01-08T12:36:46.689120,
TXN-00019785,204,TRANSFER,4182.5,C1000038,0.0,0.0,M6982579,0,0,0,2026-01-08T12:36:46.689156,
TXN-00019786,204,CASH_OUT,2491.62,C1000066,1977.25,0.0,M6938711,0,0,0,2026-01-08T12:36:46.689192,
TXN-00019787,204,TRANSFER,3172.99,C1000045,0.0,0.0,M1742388,0,0,0,2026-01-08T12:36:46.689228,
TXN-00019788,204,CASH_OUT,7869.7,C1000036,0.0,0.0,M3754870,0,0,0,2026-01-08T12:36:46.689265,
TXN-00019789,204,DEBIT,21300.3,C1000019,0.0,0.0,M3300883,0,0,0,2026-01-08T12:36:46.689307,
TXN-00019790,204,DEBIT,22143.83,C1000042,0.0,0.0,M2228086,0,0,0,2026-01-08T12:36:46.689344,
TXN-00019791,204,PAYMENT,24822.53,C1000037,0.0,0.0,M1442532,0,0,0,2026-01-08T12:36:46.689380,
TXN-00019792,204,DEBIT,9113.32,C1000057,0.0,0.0,M6937082,0,0,0,2026-01-08T12:36:46.689416,
TXN-00019793,204,TRANSFER,10.0,C1000041,159418.88,159408.88,M9469732,0,0,0,2026-01-08T12:36:46.689452,
TXN-00019794,204,PAYMENT,270.99,C1000038,0.0,0.0,M3596333,0,0,0,2026-01-08T12:36:46.689489,
TXN-00019795,204,PAYMENT,529.12,C1000081,43695.14,43166.02,M9179554,0,0,0,2026-01-08T12:36:46.689525,
TXN-00019796,204,PAYMENT,10.0,C1000098,120431.48,120421.48,M5902749,0,0,0,2026-01-08T12:36:46.689562,
TXN-00019797,204,TRANSFER,10.0,C1000051,794.02,784.02,M5566073,0,0,0,2026-01-08T12:36:46.689598,
TXN-00019798,204,TRANSFER,6479.91,C1000088,0.0,0.0,M7460522,0,0,0,2026-01-08T12:36:46.689635,
TXN-00019799,204,PAYMENT,8516.13,C1000039,0.0,0.0,M6522801,0,0,0,2026-01-08T12:36:46.689671,
TXN-00019800,204,CASH_IN,3300.09,C1000084,0.0,3300.09,M5765560,0,0,0,2026-01-08T12:36:46.689707,
TXN-00019801,204,PAYMENT,326.7,C1000094,130907.47,130580.77,M6222937,0,0,0,2026-01-08T12:36:46.689744,
TXN-00019802,204,PAYMENT,4496.61,C1000065,0.0,0.0,M9056103,0,0,0,2026-01-08T12:36:46.689781,
TXN-00019803,204,PAYMENT,25629.48,C1000095,0.0,0.0,M1321627,0,0,0,2026-01-08T12:36:46.689817,
TXN-00019804,204,DEBIT,10.0,C1000057,0.0,0.0,M5435244,0,0,0,2026-01-08T12:36:46.689853,
TXN-00019805,204,PAYMENT,8689.04,C1000039,0.0,0.0,M6528543,0,0,0,2026-01-08T12:36:46.689888,
TXN-00019806,204,PAYMENT,5176.61,C1000062,4521.43,0.0,M5850184,0,0,0,2026-01-08T12:36:46.689925,
TXN-00019807,198,CASH_OUT,1396.2567761864327,C1000059,117.57,-1278.6867761864328,M1597309,0,0,1,2026-01-08T12:36:46.689945,stealth
TXN-00019808,204,PAYMENT,721.53,C1000001,24125.39,23403.85,M5160386,0,0,0,2026-01-08T12:36:46.689986,
TXN-00019809,204,PAYMENT,4257.59,C1000027,0.0,0.0,M6677246,0,0,0,2026-01-08T12:36:46.690023,
TXN-00019810,204,CASH_OUT,10.0,C1000002,153555.79,153545.79,M4205661,0,0,0,2026-01-08T12:36:46.690059,
TXN-00019811,204,CASH_OUT,8413.9,C1000014,48835.24,40421.34,M7377015,0,0,0,2026-01-08T12:36:46.690097,
TXN-00019812,204,CASH_OUT,9082.57,C1000031,0.0,0.0,M5264772,0,0,0,2026-01-08T12:36:46.690134,
TXN-00019813,204,PAYMENT,6725.8,C1000088,0.0,0.0,M2583639,0,0,0,2026-01-08T12:36:46.690170,
TXN-00019814,204,CASH_OUT,10.0,C1000064,0.0,0.0,M3204184,0,0,0,2026-01-08T12:36:46.690207,
TXN-00019815,204,PAYMENT,23333.24,C1000037,0.0,0.0,M3087961,0,0,0,2026-01-08T12:36:46.690242,
TXN-00019816,204,CASH_IN,11085.41,C1000031,0.0,11085.41,M6703633,0,0,0,2026-01-08T12:36:46.690278,
TXN-00019817,204,TRANSFER,1461.87,C1000061,180893.26,179431.38,M2364247,0,0,0,2026-01-08T12:36:46.690315,
TXN-00019818,204,CASH_OUT,2095.84,C1000061,179431.38,177335.55,M6994676,0,0,0,2026-01-08T12:36:46.690352,
TXN-00019819,204,TRANSFER,5474.39,C1000091,0.0,0.0,M9742147,0,0,0,2026-01-08T12:36:46.690389,
TXN-00019820,204,TRANSFER,1493.02,C1000001,23403.85,21910.83,M9729188,0,0,0,2026-01-08T12:36:46.690426,
TXN-00019821,204,DEBIT,10.0,C1000034,40661.08,40651.08,M6306963,0,0,0,2026-01-08T12:36:46.690463,
TXN-00019822,194,TRANSFER,4681.494918743117,C1000072,0.0,-4681.494918743117,M8270887,0,0,1,2026-01-08T12:36:46.690484,stealth
TXN-00019823,204,TRANSFER,12582.45,C1000005,0.0,0.0,M6799094,0,0,0,2026-01-08T12:36:46.690523,
TXN-00019824,204,PAYMENT,287.19,C1000098,120421.48,120134.29,M7130051,0,0,0,2026-01-08T12:36:46.690560,
TXN-00019825,204,TRANSFER,4290.0,C1000051,784.02,0.0,M9867096,0,0,0,2026-01-08T12:36:46.690597,
TXN-00019826,204,CASH_OUT,4201.05,C1000006,0.0,0.0,M2614825,0,0,0,2026-01-08T12:36:46.690634,
TXN-00019827,204,TRANSFER,7888.47,C1000058,0.0,0.0,M4545289,0,0,0,2026-01-08T12:36:46.690672,
TXN-00019828,204,PAYMENT,3096.77,C1000098,120134.29,117037.52,M9691534,0,0,0,2026-01-08T12:36:46.690708,
TXN-00019829,204,TRANSFER,9357.54,C1000013,0.0,0.0,M7558822,0,0,0,2026-01-08T12:36:46.690745,
TXN-00019830,204,PAYMENT,9197.48,C1000082,0.0,0.0,M1481499,0,0,0,2026-01-08T12:36:46.690781,
TXN-00019831,204,PAYMENT,10.0,C1000002,153545.79,153535.79,M4251122,0,0,0,2026-01-08T12:36:46.690817,
TXN-00019832,204,PAYMENT,10.0,C1000033,0.0,0.0,M6208500,0,0,0,2026-01-08T12:36:46.690854,
TXN-00019833,204,CASH_OUT,3822.89,C1000040,0.0,0.0,M2881237,0,0,0,2026-01-08T12:36:46.690890,
TXN-00019834,204,TRANSFER,10.0,C1000048,152156.98,152146.98,M7441103,0,0,0,2026-01-08T12:36:46.690926,
TXN-00019835,204,CASH_IN,6463.55,C1000054,0.0,6463.55,M3272958,0,0,0,2026-01-08T12:36:46.690963,
TXN-00019836,204,TRANSFER,8844.09,C1000039,0.0,0.0,M4795140,0,0,0,2026-01-08T12:36:46.690999,
TXN-00019837,204,TRANSFER,7210.28,C1000036,0.0,0.0,M5268046,0,0,0,2026-01-08T12:36:46.691035,
TXN-00019838,204,TRANSFER,5251.78,C1000045,0.0,0.0,M6658565,0,0,0,2026-01-08T12:36:46.691071,
TXN-00019839,204,DEBIT,796.17,C1000077,23318.03,22521.86,M7994819,0,0,0,2026-01-08T12:36:46.691107,
TXN-00019840,204,PAYMENT,439.17,C1000020,201507.36,201068.19,M7593184,0,0,0,2026-01-08T12:36:46.691144,
TXN-00019841,204,CASH_OUT,1510.13,C1000018,98453.83,96943.7,M9047598,0,0,0,2026-01-08T12:36:46.691181,
TXN-00019842,204,PAYMENT,755.34,C1000041,159408.88,158653.54,M7408358,0,0,0,2026-01-08T12:36:46.691218,
TXN-00019843,204,CASH_IN,2788.17,C1000033,0.0,2788.17,M7031188,0,0,0,2026-01-08T12:36:46.691254,
TXN-00019844,204,PAYMENT,7666.36,C1000099,0.0,0.0,M5676054,0,0,0,2026-01-08T12:36:46.691291,
TXN-00019845,204,TRANSFER,791.28,C1000094,130580.77,129789.49,M3011804,0,0,0,2026-01-08T12:36:46.691327,
TXN-00019846,204,PAYMENT,1429.84,C1000038,0.0,0.0,M9400546,0,0,0,2026-01-08T12:36:46.691364,
TXN-00019847,204,PAYMENT,8091.15,C1000099,0.0,0.0,M1663166,0,0,0,2026-01-08T12:36:46.691401,
TXN-00019848,204,CASH_OUT,1644.48,C1000041,158653.54,157009.06,M5546355,0,0,0,2026-01-08T12:36:46.691437,
TXN-00019849,204,DEBIT,9794.96,C1000074,0.0,0.0,M1474829,0,0,0,2026-01-08T12:36:46.691474,
TXN-00019850,196,CASH_OUT,875.0743808108159,C1000014,40421.34,39546.26561918918,M3579426,0,0,1,2026-01-08T12:36:46.691493,stealth
TXN-00019851,204,PAYMENT,5904.63,C1000046,342.36,0.0,M1888018,0,0,0,2026-01-08T12:36:46.691533,
TXN-00019852,204,CASH_OUT,6268.49,C1000010,0.0,0.0,M4328459,0,0,0,2026-01-08T12:36:46.691570,
TXN-00019853,204,PAYMENT,612.1,C1000083,130152.6,129540.5,M1300194,0,0,0,2026-01-08T12:36:46.691607,
TXN-00019854,204,PAYMENT,2085.2,C1000028,0.0,0.0,M5807188,0,0,0,2026-01-08T12:36:46.691644,
TXN-00019855,204,CASH_OUT,5200.31,C1000059,117.57,0.0,M1588457,0,0,0,2026-01-08T12:36:46.691681,
TXN-00019856,204,PAYMENT,2442.45,C1000030,0.0,0.0,M3490358,0,0,0,2026-01-08T12:36:46.691718,
TXN-00019857,204,CASH_OUT,8676.04,C1000039,0.0,0.0,M3631368,0,0,0,2026-01-08T12:36:46.691755,
TXN-00019858,204,CASH_OUT,20859.49,C1000024,0.0,0.0,M7364679,0,0,0,2026-01-08T12:36:46.691792,
TXN-00019859,198,TRANSFER,4869.772026124414,C1000005,0.0,-4869.772026124414,M3742094,0,0,1,2026-01-08T12:36:46.691810,stealth
TXN-00019860,204,TRANSFER,380.53,C1000068,43749.15,43368.63,M5312197,0,0,0,2026-01-08T12:36:46.691853,
TXN-00019861,193,TRANSFER,165.293546746767,C1000036,0.0,-165.293546746767,M9701171,0,0,1,2026-01-08T12:36:46.691871,stealth
TXN-00019862,204,TRANSFER,3976.22,C1000027,0.0,0.0,M2886516,0,0,0,2026-01-08T12:36:46.691913,
TXN-00019863,204,CASH_OUT,2285.26,C1000021,0.0,0.0,M2492078,0,0,0,2026-01-08T12:36:46.691950,
TXN-00019864,204,PAYMENT,4249.0,C1000065,0.0,0.0,M6499649,0,0,0,2026-01-08T12:36:46.691988,
TXN-00019865,204,DEBIT,5968.34,C1000059,0.0,0.0,M2338480,0,0,0,2026-01-08T12:36:46.692025,
TXN-00019866,207,CASH_OUT,763.9721861806045,C1000078,10746.42,9982.447813819395,M7102724,0,0,1,2026-01-08T12:36:46.692044,stealth
TXN-00019867,204,PAYMENT,1902.93,C1000029,0.0,0.0,M2340556,0,0,0,2026-01-08T12:36:46.692082,
TXN-00019868,204,DEBIT,3158.55,C1000040,0.0,0.0,M8559971,0,0,0,2026-01-08T12:36:46.692119,
TXN-00019869,204,PAYMENT,8473.55,C1000039,0.0,0.0,M1824723,0,0,0,2026-01-08T12:36:46.692156,
TXN-00019870,204,PAYMENT,5286.11,C1000049,0.0,0.0,M3093556,0,0,0,2026-01-08T12:36:46.692192,
TXN-00019871,204,TRANSFER,10349.98,C1000092,0.0,0.0,M5705230,0,0,0,2026-01-08T12:36:46.692228,
TXN-00019872,204,TRANSFER,3450.55,C1000087,0.0,0.0,M5245207,0,0,0,2026-01-08T12:36:46.692265,
TXN-00019873,204,PAYMENT,1059.32,C1000023,0.0,0.0,M3593722,0,0,0,2026-01-08T12:36:46.692302,
TXN-00019874,204,CASH_OUT,1135.31,C1000008,135757.72,134622.41,M6970259,0,0,0,2026-01-08T12:36:46.692338,
TXN-00019875,204,PAYMENT,2920.96,C1000028,0.0,0.0,M2737004,0,0,0,2026-01-08T12:36:46.692375,
TXN-00019876,204,CASH_OUT,10725.24,C1000005,0.0,0.0,M5696791,0,0,0,2026-01-08T12:36:46.692411,
TXN-00019877,204,PAYMENT,7672.32,C1000099,0.0,0.0,M5140712,0,0,0,2026-01-08T12:36:46.692449,
TXN-00019878,204,CASH_OUT,10.0,C1000075,423198.16,423188.16,M1378329,0,0,0,2026-01-08T12:36:46.692485,
TXN-00019879,204,PAYMENT,1108.21,C1000007,0.0,0.0,M3180508,0,0,0,2026-01-08T12:36:46.694279,
TXN-00019880,204,PAYMENT,20438.81,C1000035,0.0,0.0,M6256362,0,0,0,2026-01-08T12:36:46.694584,
TXN-00019881,209,TRANSFER,1009.7323700472889,C1000068,43368.63,42358.897629952706,M5900330,0,0,1,2026-01-08T12:36:46.694809,stealth
TXN-00019882,204,PAYMENT,13684.35,C1000063,0.0,0.0,M1918090,0,0,0,2026-01-08T12:36:46.695135,
TXN-00019883,204,PAYMENT,10.0,C1000002,153535.79,153525.79,M3628016,0,0,0,2026-01-08T12:36:46.695271,
TXN-00019884,204,CASH_OUT,4561.46,C1000027,0.0,0.0,M9969506,0,0,0,2026-01-08T12:36:46.695360,
TXN-00019885,204,PAYMENT,7879.32,C1000099,0.0,0.0,M9157854,0,0,0,2026-01-08T12:36:46.695443,
TXN-00019886,204,PAYMENT,8282.19,C1000039,0.0,0.0,M8927486,0,0,0,2026-01-08T12:36:46.695524,
TXN-00019887,204,PAYMENT,42872.18,C1000053,0.0,0.0,M2933028,0,0,0,2026-01-08T12:36:46.695621,
TXN-00019888,204,CASH_OUT,2003.19,C1000090,94925.9,92922.71,M7559844,0,0,0,2026-01-08T12:36:46.695701,
TXN-00019889,204,PAYMENT,21129.07,C1000024,0.0,0.0,M5643794,0,0,0,2026-01-08T12:36:46.695780,
TXN-00019890,204,PAYMENT,219.73,C1000034,40651.08,40431.34,M7059384,0,0,0,2026-01-08T12:36:46.695854,
TXN-00019891,204,PAYMENT,10.0,C1000066,0.0,0.0,M5986115,0,0,0,2026-01-08T12:36:46.695934,
TXN-00019892,204,CASH_OUT,1909.15,C1000017,0.0,0.0,M1854121,0,0,0,2026-01-08T12:36:46.696006,
TXN-00019893,197,TRANSFER,2576.233543494217,C1000089,54727.83,52151.59645650579,M6403472,0,0,1,2026-01-08T12:36:46.696047,stealth
TXN-00019894,204,TRANSFER,13617.41,C1000063,0.0,0.0,M4919467,0,0,0,2026-01-08T12:36:46.696137,
TXN-00019895,204,TRANSFER,4131.44,C1000065,0.0,0.0,M6753772,0,0,0,2026-01-08T12:36:46.696211,
TXN-00019896,204,DEBIT,1417.66,C1000004,165804.3,164386.64,M2580208,0,0,0,2026-01-08T12:36:46.696284,
TXN-00019897,204,CASH_IN,4453.06,C1000027,0.0,4453.06,M4887126,0,0,0,2026-01-08T12:36:46.696369,
TXN-00019898,204,DEBIT,25312.28,C1000037,0.0,0.0,M4860101,0,0,0,2026-01-08T12:36:46.696432,
TXN-00019899,204,CASH_OUT,10.0,C1000040,0.0,0.0,M7229327,0,0,0,2026-01-08T12:36:46.696497,
TXN-00019900,204,DEBIT,10.0,C1000066,0.0,0.0,M5041781,0,0,0,2026-01-08T12:36:46.696562,
TXN-00019901,204,PAYMENT,6266.17,C1000046,0.0,0.0,M8223152,0,0,0,2026-01-08T12:36:46.696623,
TXN-00019902,204,TRANSFER,2813.38,C1000002,153525.79,150712.4,M9975586,0,0,0,2026-01-08T12:36:46.696684,
TXN-00019903,204,TRANSFER,10.0,C1000081,43166.02,43156.02,M8966824,0,0,0,2026-01-08T12:36:46.696749,
TXN-00019904,204,CASH_OUT,1629.91,C1000097,0.0,0.0,M4676025,0,0,0,2026-01-08T12:36:46.696818,
TXN-00019905,204,PAYMENT,613.29,C1000023,0.0,0.0,M3284056,0,0,0,2026-01-08T12:36:46.696889,
TXN-00019906,204,PAYMENT,3010.79,C1000045,0.0,0.0,M3093740,0,0,0,2026-01-08T12:36:46.696950,
TXN-00019907,204,PAYMENT,2691.41,C1000070,0.0,0.0,M1256776,0,0,0,2026-01-08T12:36:46.697009,
TXN-00019908,204,TRANSFER,173311.98,C1000050,173063.25,0.0,M2233776,0,0,0,2026-01-08T12:36:46.697071,
TXN-00019909,204,PAYMENT,4041.93,C1000052,0.0,0.0,M4086662,0,0,0,2026-01-08T12:36:46.697136,
TXN-00019910,204,PAYMENT,27470.26,C1000095,0.0,0.0,M7295978,0,0,0,2026-01-08T12:36:46.697199,
TXN-00019911,204,PAYMENT,1755.41,C1000081,43156.02,41400.61,M8725987,0,0,0,2026-01-08T12:36:46.697261,
TXN-00019912,204,TRANSFER,34770.02,C1000073,0.0,0.0,M4122259,0,0,0,2026-01-08T12:36:46.697324,
TXN-00019913,204,PAYMENT,11874.73,C1000005,0.0,0.0,M3495608,0,0,0,2026-01-08T12:36:46.697386,
TXN-00019914,194,CASH_OUT,2891.7313789351947,C1000070,0.0,-2891.7313789351947,M6614255,0,0,1,2026-01-08T12:36:46.697439,stealth
TXN-00019915,204,PAYMENT,729.03,C1000075,423188.16,422459.13,M6250323,0,0,0,2026-01-08T12:36:46.697508,
TXN-00019916,204,CASH_OUT,5384.88,C1000047,0.0,0.0,M6563092,0,0,0,2026-01-08T12:36:46.697573,
TXN-00019917,204,PAYMENT,1028.23,C1000068,43368.63,42340.4,M8384225,0,0,0,2026-01-08T12:36:46.697636,
TXN-00019918,204,TRANSFER,6181.63,C1000003,0.0,0.0,M5611430,0,0,0,2026-01-08T12:36:46.697700,
TXN-00019919,204,TRANSFER,1237.06,C1000026,4623.82,3386.76,M1007867,0,0,0,2026-01-08T12:36:46.697761,
TXN-00019920,204,CASH_OUT,4130.17,C1000097,0.0,0.0,M7776030,0,0,0,2026-01-08T12:36:46.697829,
TXN-00019921,204,PAYMENT,8307.4,C1000015,0.0,0.0,M7177933,0,0,0,2026-01-08T12:36:46.697895,
TXN-00019922,204,CASH_OUT,428.41,C1000096,43038.01,42609.6,M5349121,0,0,0,2026-01-08T12:36:46.697961,
TXN-00019923,204,PAYMENT,1238.74,C1000089,54727.83,53489.09,M8058113,0,0,0,2026-01-08T12:36:46.698026,
TXN-00019924,204,CASH_IN,5078.25,C1000010,0.0,5078.25,M3748409,0,0,0,2026-01-08T12:36:46.698090,
TXN-00019925,204,CASH_OUT,4028.5,C1000058,0.0,0.0,M2820798,0,0,0,2026-01-08T12:36:46.698152,
TXN-00019926,204,PAYMENT,2364.03,C1000029,0.0,0.0,M7015972,0,0,0,2026-01-08T12:36:46.698214,
TXN-00019927,204,PAYMENT,26561.45,C1000056,0.0,0.0,M5595036,0,0,0,2026-01-08T12:36:46.698277,
TXN-00019928,204,PAYMENT,4800.08,C1000025,0.0,0.0,M4132941,0,0,0,2026-01-08T12:36:46.698338,
TXN-00019929,204,PAYMENT,1122.26,C1000066,0.0,0.0,M2866410,0,0,0,2026-01-08T12:36:46.698401,
TXN-00019930,204,TRANSFER,122.78,C1000071,95745.32,95622.54,M4807800,0,0,0,2026-01-08T12:36:46.698465,
TXN-00019931,204,CASH_OUT,4643.85,C1000065,0.0,0.0,M1668205,0,0,0,2026-01-08T12:36:46.698536,
TXN-00019932,204,TRANSFER,7700.08,C1000091,0.0,0.0,M2083542,0,0,0,2026-01-08T12:36:46.698598,
TXN-00019933,205,TRANSFER,1420.5378084019949,C1000019,0.0,-1420.5378084019949,M7658164,0,0,1,2026-01-08T12:36:46.698634,stealth
TXN-00019934,204,CASH_OUT,12999.66,C1000054,6463.55,0.0,M8568191,0,0,0,2026-01-08T12:36:46.698710,
TXN-00019935,204,PAYMENT,1095.19,C1000077,22521.86,21426.67,M2642043,0,0,0,2026-01-08T12:36:46.698776,
TXN-00019936,204,CASH_OUT,1341.68,C1000066,0.0,0.0,M8721527,0,0,0,2026-01-08T12:36:46.698841,
TXN-00019937,204,PAYMENT,3547.85,C1000087,0.0,0.0,M2499554,0,0,0,2026-01-08T12:36:46.698912,
TXN-00019938,204,TRANSFER,18325.21,C1000076,0.0,0.0,M7716441,0,0,0,2026-01-08T12:36:46.698978,
TXN-00019939,204,DEBIT,5208.18,C1000003,0.0,0.0,M9226881,0,0,0,2026-01-08T12:36:46.699042,
TXN-00019940,204,PAYMENT,1436.4,C1000001,21910.83,20474.43,M1854753,0,0,0,2026-01-08T12:36:46.699107,
TXN-00019941,204,PAYMENT,977.87,C1000066,0.0,0.0,M2528568,0,0,0,2026-01-08T12:36:46.699173,
TXN-00019942,204,PAYMENT,1336.11,C1000049,0.0,0.0,M4803576,0,0,0,2026-01-08T12:36:46.699236,
TXN-00019943,204,CASH_OUT,22222.75,C1000024,0.0,0.0,M9057424,0,0,0,2026-01-08T12:36:46.699301,
TXN-00019944,204,CASH_OUT,10.0,C1000002,150712.4,150702.4,M8652915,0,0,0,2026-01-08T12:36:46.699366,
TXN-00019945,204,TRANSFER,10743.23,C1000031,11085.41,342.18,M9926167,0,0,0,2026-01-08T12:36:46.699431,
TXN-00019946,204,TRANSFER,23670.01,C1000024,0.0,0.0,M8431189,0,0,0,2026-01-08T12:36:46.699498,
TXN-00019947,204,PAYMENT,10.0,C1000014,40421.34,40411.34,M2476080,0,0,0,2026-01-08T12:36:46.699566,
TXN-00019948,204,CASH_OUT,1831.05,C1000038,0.0,0.0,M8051388,0,0,0,2026-01-08T12:36:46.699636,
TXN-00019949,196,TRANSFER,4206.574026645354,C1000013,0.0,-4206.574026645354,M8128790,0,0,1,2026-01-08T12:36:46.699673,stealth
TXN-00019950,204,DEBIT,172721.76,C1000050,0.0,0.0,M6277171,0,0,0,2026-01-08T12:36:46.699745,
TXN-00019951,212,TRANSFER,267.0026823471419,C1000096,42609.6,42342.59731765286,M4404234,0,0,1,2026-01-08T12:36:46.699781,stealth
TXN-00019952,204,PAYMENT,10.0,C1000047,0.0,0.0,M2160886,0,0,0,2026-01-08T12:36:46.699857,
TXN-00019953,204,CASH_OUT,25761.15,C1000067,0.0,0.0,M4388885,0,0,0,2026-01-08T12:36:46.699926,
TXN-00019954,204,DEBIT,1914.96,C1000002,150702.4,148787.44,M3425972,0,0,0,2026-01-08T12:36:46.699991,
TXN-00019955,204,PAYMENT,1707.49,C1000069,0.0,0.0,M2206355,0,0,0,2026-01-08T12:36:46.700059,
TXN-00019956,204,CASH_OUT,25486.7,C1000095,0.0,0.0,M7581757,0,0,0,2026-01-08T12:36:46.700125,
TXN-00019957,204,PAYMENT,4604.38,C1000027,4453.06,0.0,M1277860,0,0,0,2026-01-08T12:36:46.700189,
TXN-00019958,204,PAYMENT,1465.59,C1000006,0.0,0.0,M1219375,0,0,0,2026-01-08T12:36:46.700253,
TXN-00019959,204,DEBIT,6487.89,C1000088,0.0,0.0,M3937488,0,0,0,2026-01-08T12:36:46.700316,
TXN-00019960,204,CASH_OUT,6452.31,C1000051,0.0,0.0,M2359484,0,0,0,2026-01-08T12:36:46.700383,
TXN-00019961,204,CASH_OUT,4597.47,C1000065,0.0,0.0,M7214779,0,0,0,2026-01-08T12:36:46.700448,
TXN-00019962,204,TRANSFER,5308.49,C1000010,5078.25,0.0,M1395860,0,0,0,2026-01-08T12:36:46.700510,
TXN-00019963,204,PAYMENT,19031.01,C1000019,0.0,0.0,M5798580,0,0,0,2026-01-08T12:36:46.700577,
TXN-00019964,204,PAYMENT,2141.1,C1000069,0.0,0.0,M7804819,0,0,0,2026-01-08T12:36:46.700641,
TXN-00019965,204,PAYMENT,13449.26,C1000063,0.0,0.0,M9022657,0,0,0,2026-01-08T12:36:46.700708,
TXN-00019966,194,TRANSFER,440.3624213341877,C1000088,0.0,-440.3624213341877,M4407117,0,0,1,2026-01-08T12:36:46.700744,stealth
TXN-00019967,204,CASH_IN,46674.65,C1000053,0.0,46674.65,M6611239,0,0,0,2026-01-08T12:36:46.700815,
TXN-00019968,204,TRANSFER,17486.98,C1000024,0.0,0.0,M9608845,0,0,0,2026-01-08T12:36:46.700884,
TXN-00019969,204,CASH_OUT,1838.8,C1000086,42977.3,41138.5,M1875707,0,0,0,2026-01-08T12:36:46.700946,
TXN-00019970,204,TRANSFER,858.71,C1000002,148787.44,147928.73,M9318296,0,0,0,2026-01-08T12:36:46.701013,
TXN-00019971,204,PAYMENT,33840.65,C1000073,0.0,0.0,M7294236,0,0,0,2026-01-08T12:36:46.701080,
TXN-00019972,204,DEBIT,13848.35,C1000063,0.0,0.0,M5105305,0,0,0,2026-01-08T12:36:46.701160,
TXN-00019973,204,PAYMENT,10.0,C1000055,125936.12,125926.12,M9352605,0,0,0,2026-01-08T12:36:46.701252,
TXN-00019974,204,CASH_OUT,17836.21,C1000076,0.0,0.0,M4051240,0,0,0,2026-01-08T12:36:46.701325,
TXN-00019975,204,PAYMENT,33733.03,C1000073,0.0,0.0,M6811237,0,0,0,2026-01-08T12:36:46.701390,
TXN-00019976,204,TRANSFER,808.32,C1000001,20474.43,19666.11,M5574105,0,0,0,2026-01-08T12:36:46.701455,
TXN-00019977,204,TRANSFER,2457.6,C1000028,0.0,0.0,M3247293,0,0,0,2026-01-08T12:36:46.701527,
TXN-00019978,204,PAYMENT,6041.02,C1000052,0.0,0.0,M8819568,0,0,0,2026-01-08T12:36:46.701595,
TXN-00019979,204,DEBIT,10.0,C1000014,40411.34,40401.34,M6346687,0,0,0,2026-01-08T12:36:46.701663,
TXN-00019980,204,DEBIT,2105.83,C1000077,21426.67,19320.84,M9212860,0,0,0,2026-01-08T12:36:46.701732,
TXN-00019981,204,TRANSFER,36478.3,C1000012,0.0,0.0,M9407390,0,0,0,2026-01-08T12:36:46.701801,
TXN-00019982,204,DEBIT,10.0,C1000040,0.0,0.0,M3470876,0,0,0,2026-01-08T12:36:46.701888,
TXN-00019983,204,TRANSFER,37469.97,C1000012,0.0,0.0,M1164219,0,0,0,2026-01-08T12:36:46.701952,
TXN-00019984,204,PAYMENT,987.4,C1000075,422459.13,421471.73,M3982593,0,0,0,2026-01-08T12:36:46.702014,
TXN-00019985,204,TRANSFER,4021.61,C1000010,0.0,0.0,M7382987,0,0,0,2026-01-08T12:36:46.702079,
TXN-00019986,204,CASH_OUT,24086.74,C1000037,0.0,0.0,M9421962,0,0,0,2026-01-08T12:36:46.702139,
TXN-00019987,204,TRANSFER,84.75,C1000066,0.0,0.0,M7560480,0,0,0,2026-01-08T12:36:46.702199,
TXN-00019988,204,TRANSFER,10.0,C1000075,421471.73,421461.73,M6893322,0,0,0,2026-01-08T12:36:46.702260,
TXN-00019989,211,CASH_OUT,3643.5123913633083,C1000031,342.18,-3301.3323913633085,M8555006,0,0,1,2026-01-08T12:36:46.702291,stealth
TXN-00019990,204,PAYMENT,6911.27,C1000013,0.0,0.0,M8912435,0,0,0,2026-01-08T12:36:46.702358,
TXN-00019991,204,PAYMENT,4455.22,C1000096,42609.6,38154.38,M4179429,0,0,0,2026-01-08T12:36:46.702421,
TXN-00019992,204,CASH_OUT,4990.09,C1000032,0.0,0.0,M7667918,0,0,0,2026-01-08T12:36:46.702486,
TXN-00019993,204,TRANSFER,24169.56,C1000037,0.0,0.0,M8950850,0,0,0,2026-01-08T12:36:46.702553,
TXN-00019994,204,PAYMENT,2775.61,C1000085,0.0,0.0,M7464509,0,0,0,2026-01-08T12:36:46.702602,
TXN-00019995,204,CASH_OUT,4551.674117407161,C1000030,0.0,-4551.674117407161,M7543861,0,0,1,2026-01-08T12:36:46.702625,stealth
TXN-00019996,204,PAYMENT,23486.85,C1000024,0.0,0.0,M3872382,0,0,0,2026-01-08T12:36:46.702668,
TXN-00019997,204,CASH_IN,3224.08,C1000026,3386.76,6610.84,M6630283,0,0,0,2026-01-08T12:36:46.702707,
TXN-00019998,204,CASH_OUT,5873.05,C1000047,0.0,0.0,M5533279,0,0,0,2026-01-08T12:36:46.702805,
TXN-00019999,193,TRANSFER,4623.640626770256,C1000078,10746.42,6122.779373229744,M5648728,0,0,1,2026-01-08T12:36:46.702861,stealth
